node,stability,mode_cluster
allan,0.5225,6
mclachlin,0.5225,6
jameson,0.5225,6
groot,0.5225,6
fate,0.46,0
squat,0.46,0
elsevi,0.5225,6
kretser,0.5225,6
saunder,0.5225,6
incl,0.4575,0
lipids,0.4575,0
roaccutane,0.295,1
sunlight,0.295,1
bitch,0.33,0
tit,0.33,0
beginner,0.2075,6
explainer,0.21,6
cue,0.44,0
mirror,0.4275,0
cycling,0.3175,3
resurface,0.32,3
advantageous,0.37,4
prematurely,0.37,4
cypinate,0.325,3
simply:-,0.3225,3
dignify,0.2175,1
ethically,0.225,1
circle,0.365,1
procreate,0.3625,1
strange,0.365,1
fertilizer,0.4475,0
shutdown,0.4475,0
leaching,0.4475,0
entitled,0.405,1
taker,0.405,1
grossly,0.4475,0
immunity,0.4475,0
pesticide,0.4475,0
chasing,0.4475,0
d’etre,0.4025,1
junior,0.4025,1
witness,0.4025,1
niche,0.4025,1
raison,0.4025,1
earth,0.405,1
skill,0.405,1
disappointing,0.3025,2
mimics,0.3,2
eureka,0.4025,1
fullness,0.31,2
assumption,0.405,1
miracle,0.405,1
strapline,0.4075,1
spectacular,0.405,1
additive,0.2625,2
improperly,0.2625,2
conception,0.36,0
unreasonable,0.3425,1
constraint,0.365,0
feasible,0.365,0
unachievable,0.365,0
manager,0.2875,2
pcm,0.29,2
aas,0.4475,0
haematochromatosis,0.4475,0
comb,0.405,1
mane,0.405,1
intracranial,0.4475,0
chitchat,0.405,1
bubble,0.33,3
syringe,0.33,3
angle,0.33,3
destruction,0.4475,0
bump,0.405,1
blvd,0.1725,0
positas,0.1725,0
las,0.1725,0
stanfordhealthcare.org,0.25,1
technical,0.2525,1
hostile,0.2475,4
personality,0.2475,4
jean,0.365,5
m.b.a,0.365,5
calcification,0.2425,4
hopkin,0.2425,4
exemestane,0.34,0
lazy,0.345,0
experiment,0.375,5
organize,0.375,5
interactive,0.265,5
invaluable,0.26,5
aetiology,0.4475,0
panhypopituitarism,0.4475,0
psychiatric,0.36,5
recruit,0.3575,5
disruptor,0.3575,5
allowance,0.57,7
rda,0.57,7
cmd,0.37,5
timothy,0.37,5
abbott,0.345,5
solvay,0.345,5
laboratories,0.345,5
proc,0.4825,6
pubmed.ncbi.nlm.nih.gov/27313122/.,0.48,6
dubious,0.255,0
nearby,0.365,0
ag030644,0.3725,5
u01,0.3725,5
diego,0.3725,5
minnesota,0.3725,5
genotypically,0.4475,0
phenotypically,0.4475,0
puget,0.3725,5
alabama,0.3725,5
birmingham,0.3725,5
feinberg,0.3725,5
brigham,0.3725,5
bilateral,0.4475,0
albert,0.3725,5
einstein,0.3725,5
caveat,0.3475,1
inherently,0.3975,1
disseminate,0.4125,1
handout,0.4125,1
comforting,0.3825,1
globe,0.3775,4
c.p.t,0.37,5
r.d,0.37,5
trainer,0.3675,5
blye,0.3975,1
elyse,0.3975,1
arthur,0.3575,3
patrick,0.3575,3
walsh,0.3575,3
alive,0.335,4
ritual,0.335,4
gathering,0.335,4
demotivate,0.6625,7
retired,0.6775,7
plate,0.6775,7
starch,0.6775,7
serving,0.6775,7
fulfill,0.3775,0
oomph,0.3775,0
dream,0.375,0
boyle,0.2425,3
lyon,0.245,3
reframe,0.59,7
tradeoff,0.58,7
1improvement,0.3775,4
2improved,0.3775,4
3improved,0.3775,4
4improved,0.3725,4
5increased,0.3725,4
authentically,0.3175,4
undermine,0.32,4
6increase,0.3725,4
sleuthing,0.32,4
dietician,0.3275,5
tandem,0.33,5
companion,0.32,4
thickness,0.3725,4
7improve,0.3725,4
8improve,0.3725,4
construct,0.405,1
sufficiency,0.4075,1
9increase,0.3625,4
excite,0.3325,1
joyful,0.3375,1
passionate,0.2775,1
j.a,0.255,3
mendonça,0.255,3
frustrated,0.4025,1
nagging,0.4,1
e2348692,0.255,3
pp.e2348692,0.255,3
almeida,0.255,3
ferreira,0.255,3
aboriginal,0.275,5
strait,0.275,5
islander,0.275,5
psychosis,0.48,7
schizophrenia,0.48,7
bulimia,0.48,7
khan,0.5225,6
lucia,0.5225,6
m.a,0.5225,6
preston,0.5225,6
s.e,0.5225,6
torre,0.275,5
socialize,0.3225,1
undiagnosed,0.3175,1
g.r,0.5225,6
bachelor,0.37,5
sheffield,0.37,5
fulfil,0.375,5
o’leary,0.5225,6
socialization,0.405,1
untrue,0.405,1
scholarship,0.375,5
elizabethtown,0.375,5
t.g,0.5225,6
travison,0.5225,6
accusation,0.4,1
steer,0.4,1
hon,0.375,5
dps,0.375,5
bsc,0.375,5
p.1512268,0.5225,6
frsa,0.375,5
mbcs,0.375,5
minstlm,0.375,5
mrsb,0.375,5
biotech,0.375,5
insensitive,0.45,0
insensitivity,0.45,0
40s-60s,0.365,4
60s-80s,0.365,4
imagen,0.375,5
drain,0.405,1
wrecked,0.405,1
organisation,0.275,5
accho,0.275,5
sectional,0.5225,6
treating,0.3775,4
wasting,0.3775,4
grubhub,0.405,1
helping,0.3525,5
netflix,0.405,1
cui,0.36,4
zhang,0.36,4
shen,0.36,4
gao,0.36,4
13a,0.3775,5
parkview,0.3775,5
toledo,0.2275,0
undergrad,0.2625,0
accredit,0.2625,0
ukas,0.2625,0
loyola,0.215,4
kadali,0.145,5
lalitha,0.145,5
chew,0.33,3
pouch,0.33,3
startedtestosterone,0.2625,0
reconstruction,0.225,4
haven,0.37,5
stanton.honig@yale.edu,0.37,5
orchard,0.37,5
cornerstone,0.6775,7
tweak,0.6775,7
stew,0.6775,7
juice,0.6775,7
auaer,0.23,9
ucf,0.23,9
seared,0.6775,7
embark,0.3425,3
gently,0.345,3
software,0.23,9
upload,0.23,9
bake,0.6775,7
precipitously,0.405,1
uniformly,0.405,1
infrastructure,0.23,9
garage,0.405,1
popup,0.405,1
blossom,0.405,1
counterproductive,0.6675,7
sabotage,0.665,7
compatible,0.6775,7
cook,0.6775,7
allergic,0.555,7
taste,0.555,7
licensable,0.43,6
promotional,0.285,3
kindly,0.33,3
omit,0.33,3
sacrifice,0.555,7
keith,0.455,6
kprice@auanet.org,0.4575,6
validity,0.465,6
eurycoma,0.455,7
longifolia,0.455,7
namesake,0.4525,7
caffeine,0.6725,7
pilz,0.6725,7
cup,0.6725,7
eurycomanone,0.455,7
ius,0.6725,7
allude,0.4525,7
asia,0.6375,7
originating,0.6375,7
confederacion,0.145,5
unabridged,0.145,5
americana,0.145,5
urologia,0.145,5
par,0.6575,7
superfood,0.6575,7
india,0.6575,7
ayurveda,0.6575,7
cau,0.145,5
algorithm,0.145,5
delicious,0.655,7
inversely,0.655,7
kurtz,0.515,6
landon,0.515,6
bruce,0.515,6
redmon,0.515,6
kelly,0.515,6
chiles,0.515,6
aphrodisiac,0.6775,7
symbol,0.6775,7
diameter,0.3375,4
millimeter,0.3375,4
cartoon,0.55,7
popeye,0.5475,7
character,0.55,7
gout,0.675,7
purine,0.675,7
sterilize,0.675,7
mercury,0.675,7
deborah,0.515,6
lightner,0.515,6
martin,0.515,6
miner,0.515,6
hassan,0.515,6
automated,0.4475,0
interplay,0.4475,0
preservative,0.675,7
dea,0.41,2
inspection,0.3975,2
murad,0.515,6
hello,0.405,1
microphone,0.405,1
presumably,0.6775,7
yolk,0.6775,7
predate,0.335,3
uneasy,0.3375,3
monosaturate,0.6575,7
virgin,0.66,7
moroccan,0.6775,7
elizabeth,0.515,6
heartburn,0.405,1
omeprazole,0.405,1
platz,0.515,6
scd,0.515,6
mph,0.515,6
surprisingly,0.405,1
marc,0.405,1
unc,0.405,1
lakshmi,0.515,6
bioactive,0.2675,0
load,0.2675,0
ramanathan,0.515,6
gimmicky,0.405,1
untested,0.405,1
staple,0.6575,7
sustainably,0.5225,7
boast,0.6575,7
lewis,0.515,6
executive,0.515,6
pressed,0.405,1
flank,0.365,4
vomiting,0.365,4
bimix,0.33,3
quadmix,0.33,3
hum,0.405,1
disintegrate,0.33,3
sauna,0.4625,0
tub,0.4625,0
whirlpool,0.4625,0
troche,0.3325,3
myers,0.29,4
writer,0.29,4
umiami,0.29,4
wyatt,0.29,4
nandrolone,0.33,3
stanozolol,0.33,3
oxandrolone,0.33,3
creativity,0.405,1
probe,0.405,1
goodrx,0.405,1
singlecare,0.405,1
backfire,0.395,1
candle,0.395,1
beer,0.38,7
laden,0.38,7
insult,0.3775,7
mid-20,0.38,7
johnson,0.365,5
respectful,0.365,5
devote,0.355,3
establishment,0.3625,3
dane,0.365,5
golf,0.3,3
grass,0.2975,3
hyperestrogenemia,0.325,2
recurrence,0.325,2
mucosal,0.33,3
mucous,0.33,3
broadcast,0.1775,0
pkg,0.1725,0
categorization,0.3525,0
conceptually,0.3525,0
adequacy,0.3375,3
categorizes,0.34,3
hse,0.33,3
ireland,0.33,3
homologous,0.45,0
lutenize,0.45,0
generalizable,0.3425,3
andr.12770,0.52,6
doi:10.1111,0.52,6
eaa,0.52,6
jc.2018,0.52,6
diem,0.2775,3
doi:10.3949,0.2775,3
ccjm.91a.23064,0.2775,3
doi:10.1056,0.2775,3
nejmoa2215025,0.2775,3
shumaker,0.2775,3
exclusively,0.325,4
formally,0.325,4
excipient,0.33,3
permeator,0.33,3
anosmia,0.4475,0
blindness,0.4475,0
masturbation,0.2325,5
receipt,0.2375,5
al.4,0.35,3
millar,0.35,3
speculation,0.235,5
feldman,0.3775,0
mid-,0.3775,0
late-30s,0.3775,0
nad,0.3825,0
slang,0.3675,0
finer,0.45,0
shorten,0.45,0
"+1,150%)—likely",0.235,5
terms—“secret,0.235,5
nexus,0.235,5
webinar,0.4,1
youtube,0.4,1
gso,0.33,3
shallower,0.33,3
kudo,0.405,1
pat,0.405,1
briefly,0.3525,4
capability,0.35,4
corticotropin,0.38,0
testosterone.9,0.38,0
plug,0.405,1
suspend,0.33,3
coefficient,0.3525,2
plague,0.3525,2
precision.10,0.3525,2
bathe,0.33,3
fortesta,0.33,3
soak,0.33,3
vogelxo,0.33,3
revitalize,0.1875,5
unverified,0.225,5
speculative,0.2275,5
jatenzo,0.33,3
tlando,0.33,3
lymph,0.33,3
graft,0.3325,3
grafting,0.3325,3
bless,0.405,1
overwhelmed,0.405,1
fda‐registered,0.1675,5
lengthen,0.3325,3
induration,0.375,0
palpable,0.375,0
stitch,0.3325,3
bent,0.3325,3
plication,0.3325,3
evenly,0.3275,5
uptick,0.32,5
harmonization,0.3475,3
pathologist,0.3475,3
appalachia,0.3275,5
sera,0.3475,3
chromatography,0.33,2
spectrometry,0.33,2
oklahoma,0.3275,5
idaho,0.3275,5
arkansa,0.3275,5
wyoming,0.3275,5
deformity,0.32,3
hourglass,0.32,3
curve,0.32,3
collagen,0.32,3
fasting,0.32,4
forecast,0.3675,1
arizona,0.2925,5
tennessee,0.2925,5
degeneration,0.4,7
hasten,0.3975,7
constrictive,0.33,3
cumbersome,0.33,3
altered,0.375,4
neglect,0.375,4
stature,0.375,4
accomplishment,0.3275,4
election,0.2875,5
presidential,0.2875,5
contradict,0.3375,3
pool,0.3375,3
d.c,0.2875,5
island,0.2875,5
distinction,0.445,0
similarity,0.445,0
rhode,0.2875,5
delaware,0.2875,5
backseat,0.405,1
jog,0.405,1
empire,0.405,1
war,0.405,1
toyota,0.405,1
camry,0.405,1
intertwine,0.25,5
leaning,0.25,5
talent,0.405,1
jointed,0.405,1
reignite,0.2475,5
customizable,0.26,3
application.228,0.33,3
enhancer,0.33,3
solubility,0.33,3
capogrosso,0.38,5
prof,0.38,5
sponsoring,0.52,6
yialamas,0.52,6
occlusive,0.33,3
washing,0.3325,3
fold.415,0.33,3
men,0.2975,3
survivorship,0.2925,3
therapies.417,0.33,3
dysmorphophobia,0.285,3
hypoactive,0.235,0
cervix,0.4125,8
sti,0.4125,8
transgender,0.415,8
phimosis,0.415,8
culturally,0.385,4
resonate,0.385,4
stimulant,0.415,8
t.h,0.38,5
otc,0.415,8
hours.424,0.3925,2
minutes.425,0.3775,2
ethnicity,0.345,3
household,0.345,3
income,0.345,3
rural,0.27,2
suburban,0.27,2
mirroring,0.3625,2
predefine,0.4025,1
symptomology,0.4,1
aneurysm,0.455,0
aortic,0.455,0
smack,0.405,1
yearlong,0.405,1
dab,0.405,1
desai,0.365,5
sethi,0.365,5
uhealth,0.365,5
bioequivalence,0.3225,3
values.428,0.3225,3
brca,0.3925,0
con’t,0.415,8
recording,0.405,1
noteworthy,0.3275,3
rhythm.181,0.3275,3
beef,0.6775,7
poultry,0.6775,7
skinless,0.6775,7
berry,0.6775,7
carrot,0.6775,7
broccoli,0.6775,7
maria,0.5225,6
navy,0.6775,7
lentil,0.6775,7
behavioural,0.275,4
cbt,0.275,4
hpv,0.405,8
monkeypox,0.405,8
chickpeas,0.6775,7
hays,0.3425,5
taylor,0.3425,5
oat,0.6775,7
pneumococcal,0.405,8
shingle,0.405,8
minn,0.3425,5
wheat,0.6775,7
influenza,0.405,8
tetanus,0.405,8
glucagon,0.44,0
peptide-1,0.44,0
cereal,0.6775,7
phytoestrogen,0.6775,7
wine,0.6775,7
robyn,0.15,5
zercher,0.15,5
fnp,0.15,5
pasta,0.6775,7
snack,0.6775,7
prep,0.285,8
prohylaxis,0.285,8
baton,0.3575,5
ext,0.3575,5
rouge,0.3575,5
slidell,0.3575,5
covington,0.3575,5
tammany,0.3575,5
parish,0.3575,5
northshore,0.3575,5
kenner,0.3575,5
shiny,0.4025,1
wipe,0.4025,1
alvin,0.5225,6
baptist,0.3575,5
hwy,0.3575,5
jefferson,0.3575,5
(aspen,0.33,3
phenylpropionate,0.33,3
isocaproate,0.33,3
(bayer,0.33,3
brother,0.405,1
tall,0.405,1
avanafil,0.3325,3
stendra,0.3325,3
preexposure,0.285,8
professionally,0.235,1
unlimited,0.235,1
https://www.hormone.org/diseases-and-conditions/low-testosteronetestosterone-associate,0.3975,6
https://www.hormone.org/your-health-and-hormones/glands-and-hormones-a-to-z/hormones/testosteronelow,0.3975,6
patients.181,0.33,3
vesicle,0.33,3
pain.431,0.33,3
https://www.ncbi.nlm.nih.gov/pmc/articles/pmc6266690/,0.3725,6
adhesive,0.33,3
muco,0.33,3
incisor,0.33,3
daily.432,0.33,3
integrate,0.345,5
specialties,0.345,5
gulf,0.355,5
nonprofit,0.355,5
alan,0.3675,5
edith,0.3675,5
wolff,0.3675,5
chlamydia,0.405,8
gonorrhea,0.405,8
syphilis,0.405,8
hike,0.405,1
park,0.405,1
hop,0.405,1
italy,0.405,1
purgatorio,0.405,1
purgatory,0.405,1
restaurant,0.405,1
1gm,0.33,3
4ml,0.33,3
florence,0.405,1
dysmorphia/”bigorexia,0.405,8
hydration,0.33,3
levels.433,0.33,3
dysmorphic,0.405,8
felson,0.15,5
sabrina,0.15,5
audience,0.405,1
caverject,0.33,3
edex,0.33,3
phentolamine,0.33,3
oraverse,0.33,3
authentic,0.405,1
neapolitan,0.405,1
pizza,0.405,1
canine,0.33,3
hydrate,0.33,3
diving,0.405,1
underwater,0.405,1
photography,0.405,1
piggyback,0.405,1
semi,0.405,1
apart.432,0.33,3
downhill,0.405,1
hodis,0.5225,6
ski,0.405,1
racing,0.405,1
palpitation,0.3775,4
running,0.3775,4
restlessness,0.3775,4
nasopharyngitis,0.33,3
rhinorrhea,0.33,3
epistaxis,0.33,3
men.436,0.33,3
browser,0.4075,1
html5,0.4075,1
app,0.4075,1
bolt,0.3175,1
newly,0.2925,0
hyperestrogenism,0.4175,2
partially,0.4125,2
nada,0.405,1
zip,0.405,1
telling,0.405,1
qualitatively,0.365,4
quantitatively,0.3675,4
realistically,0.405,1
vague,0.405,1
concert,0.4,0
masse,0.435,0
fluoride,0.6675,7
laryngologist,0.655,7
storm,0.3875,0
subside,0.385,0
mini,0.38,1
fly,0.39,1
sheep,0.385,1
biomedical,0.3825,1
states).440,0.34,2
undenaconate,0.3625,2
discrimination,0.385,0
dnv,0.385,0
webmaster,0.3425,1
pediatrician,0.27,0
shrug,0.27,0
individualization,0.33,2
loading,0.33,2
goserelin,0.4475,0
triptorelin,0.4475,0
biosynthesis,0.4475,0
leuprolide,0.4475,0
metoclopramide,0.4475,0
psychoactive,0.4475,0
lake,0.31,1
strengthening,0.6775,7
unprocessed,0.6775,7
benzyl,0.335,2
microemboli,0.335,2
benzoate,0.335,2
component.438,0.335,2
boxed,0.335,2
mitigation,0.35,2
scheduling,0.25,1
multisystem,0.4475,0
prad,0.4475,0
cough,0.3275,2
duration.443,0.3275,2
conservatively,0.3275,2
hayes,0.5225,6
https://thescoperadio.com,0.405,1
https://www.facebook.com/whocaresmenshealth,0.405,1
https://whocaresmenshealth.com,0.405,1
patches.182,0.33,3
reformulate,0.33,3
crystalline,0.33,3
hypoplasia,0.4475,0
underdevelopment,0.4475,0
evan,0.37,5
hadley,0.37,5
atlanta,0.3675,0
profilesexplore,0.37,0
gupta,0.5225,6
hackett,0.5225,6
https://www.ncbi.nlm.nih.gov/books/nbk549843/,0.5225,6
hearnshaw,0.22,3
pp.238,0.225,3
ltd,0.5225,6
channel,0.33,3
ecchymose,0.3325,3
headline,0.5225,6
s.l,0.5225,6
huo,0.21,10
scialli,0.21,10
a.r,0.21,10
mcgarvey,0.21,10
hill,0.21,10
tügertimur,0.21,10
hogenmiller,0.21,10
hirsch,0.21,10
a.i,0.21,10
fugh,0.21,10
berman,0.21,10
pp.42,0.5225,6
gurney,0.5225,6
enantate,0.33,3
inflate,0.33,3
rod,0.33,3
semirigid,0.33,3
glenn,0.5225,6
virormone,0.33,3
(nordic,0.33,3
bendable,0.33,3
plos,0.2025,10
p.e0162480,0.2,10
superficial,0.33,3
skin.449,0.33,3
merit,0.405,1
recheck,0.405,1
guasti,0.5225,6
parede,0.5225,6
juan,0.5225,6
aquino,0.5225,6
fernández,0.5225,6
pp.557,0.5225,6
ventura,0.5225,6
verboon,0.5225,6
dewitte,0.5225,6
jacobs,0.5225,6
thewissen,0.5225,6
coagulant,0.3725,2
hematoma,0.37,2
lankveld,0.5225,6
shalender,0.5225,6
https://www.ncbi.nlm.nih.gov/pmc/articles/pmc1476110/,0.5225,6
polycthemia,0.3725,2
neuroimage,0.525,6
rajfer,0.525,6
pp.855,0.525,6
magnetic,0.525,6
moserthroughout,0.1975,5
sara,0.1975,5
resonance,0.525,6
p=0.03).220,0.36,3
burnod,0.525,6
issac,0.525,6
paradi,0.525,6
bittoun,0.525,6
fare,0.1975,5
glutron,0.525,6
pélégrini,0.525,6
moura,0.525,6
stoléru,0.525,6
"(ferring),gel",0.33,3
mg/5,0.33,3
jcem,0.5225,6
discrete,0.2775,2
packaging,0.275,2
https://www.ncbi.nlm.nih.gov/books/nbk513278/,0.525,6
butterfly,0.4475,0
gabrielson,0.4475,0
"events,363",0.3425,3
"risk,233",0.3425,3
risk.373,0.3425,3
"analysis,372",0.3425,3
testogel,0.33,3
"(besin),gel",0.33,3
durland,0.4575,6
zito,0.4675,6
panchatsharam,0.45,6
pp.349,0.4475,6
eric,0.375,0
laborde,0.375,0
conferencing,0.385,1
overstate,0.395,1
irreversible,0.365,0
underutilise,0.3475,0
abhinav,0.2375,5
prevail,0.235,5
vol,0.45,6
handbook,0.335,5
tostran,0.33,3
"(prostrakan),gel",0.33,3
circulating,0.335,2
hospitalization,0.3375,2
fruzzetti,0.3225,4
p.100426,0.3275,4
hazlett,0.3275,4
kadono,0.525,6
mizokami,0.525,6
namiki,0.525,6
prod,0.4475,0
trh,0.4475,0
nohara,0.525,6
izumi,0.525,6
hospitalize,0.35,5
remained,0.35,5
iijima,0.525,6
kawaguchi,0.525,6
shigehara,0.525,6
barne,0.2375,5
jewish,0.2375,5
kato,0.525,6
https://www.ncbi.nlm.nih.gov/books/nbk534827/,0.525,6
er.2017,0.5125,6
lesson,0.5125,6
https://www.urologyhealth.org/urologic-conditions/low-testosterone,0.5125,6
caban,0.525,6
factory,0.3925,1
worker,0.3925,1
p.98,0.525,6
dhindsa,0.37,5
sicker,0.37,5
autonomy,0.335,2
prescriber,0.35,2
breehl,0.525,6
pathophysiology,0.5225,6
population‐base,0.4675,6
pp.317,0.51,6
chung,0.51,6
multidose,0.33,3
dispenser,0.33,3
dennerstein,0.375,4
maggi,0.375,4
maturita,0.375,4
pp.46,0.375,4
haye,0.375,4
doi:10.1016,0.425,6
j.urology.2016.12.066,0.425,6
synder,0.425,6
calculated,0.3425,3
p=0.02,0.34,3
erratum,0.34,3
fertile,0.3025,3
withdrawal,0.325,2
rastrelli,0.375,4
dataset,0.34,3
gilbert,0.515,6
scrotal,0.33,3
askmayoexpert,0.515,6
extraneous,0.3025,3
wax,0.3025,3
hashimoto,0.4475,0
thyroiditis,0.4475,0
finkle,0.34,3
truven,0.3425,3
"n=55,593",0.3425,3
albeit,0.325,4
prn,0.33,4
summarise,0.33,4
flagging,0.325,4
convincing,0.405,1
huh,0.405,1
disappointed,0.345,1
unwaveringly,0.345,1
inordinate,0.2525,4
unconscious,0.2975,4
abbreviate,0.3425,3
striking,0.3425,3
religion,0.255,4
stereotype,0.2525,4
affirm,0.405,1
girlfriend,0.405,1
massively,0.255,4
endothelial,0.3425,3
chafing,0.405,1
marathon,0.405,1
aroused,0.3325,0
habituation,0.3225,0
stabilizer,0.3425,3
cardioprotectant,0.3425,3
mate,0.2825,0
insignificant.366,0.3425,3
"n=1,773",0.3425,3
"n=1,261",0.3425,3
biorepository,0.3725,5
ict,0.3725,5
or=1.54,0.3425,3
copulate,0.385,4
novo,0.3875,4
renewal,0.385,4
tremor,0.3775,4
warm,0.3775,4
stratification,0.345,3
n=13,0.3425,3
animal,0.385,4
or=0.89,0.34,3
.in,0.39,4
homogenous,0.3425,3
or=2.06,0.3425,3
favor,0.3425,3
unpublished,0.3425,3
edwards,0.4125,0
hudson,0.4125,0
garbage,0.405,1
hardly,0.405,1
"muraleedharan,233",0.345,3
shore,0.345,3
baillargeon373,0.345,3
"deaths/1,000",0.3425,2
p<0.0001,0.34,2
muraleedharan,0.3425,3
stratify,0.3425,3
n=581,0.3425,3
intricacy,0.305,4
supraspinal,0.3025,4
n=343,0.3425,3
n=238,0.3425,3
hr=2.02,0.3525,2
p<0.01,0.345,2
compounded,0.33,3
tds,0.33,3
somatosensory,0.3025,4
unbelievably,0.3025,4
baillargeon,0.3425,3
concede,0.335,3
hr=0.84,0.3425,3
medicare,0.3425,3
beneficiary,0.3425,3
descent,0.4625,0
vocal,0.46,0
confounder,0.3425,2
naïve,0.3425,2
concurrent,0.3425,2
creamy,0.33,3
refrigerate,0.33,3
nighter,0.405,1
understate,0.405,1
friday,0.405,1
bayer,0.36,5
marius,0.36,5
https://www.ncbi.nlm.nih.gov/pubmed/25384570,0.525,6
invest,0.525,6
hypoallergenic,0.33,3
moisture,0.33,3
italian,0.525,6
proposal,0.34,3
provisional,0.34,3
scentless,0.33,3
empt,0.34,3
absorbent,0.3275,3
moisturize,0.3275,3
disperse,0.33,3
emulsion,0.33,3
aorta,0.3925,0
atherosclerotic,0.3975,0
variant,0.3825,0
https://www.ncbi.nlm.nih.gov/pubmed/25523084,0.525,6
https://www.ncbi.nlm.nih.gov/pubmed/31496147,0.525,6
pharmacotherapy,0.525,6
mens,0.525,6
bandage,0.33,3
gauze,0.33,3
finish,0.33,3
2838ur,0.355,1
https://www.ncbi.nlm.nih.gov/pubmed/23482592,0.525,6
2021;15(5):e234,0.34,3
http://dx.doi.org/10.5489/cuaj.7252,0.34,3
dislike,0.33,3
peel,0.33,3
assoc,0.34,3
https://www.ncbi.nlm.nih.gov/pubmed/15638872,0.5075,6
oxf,0.5075,6
revert,0.51,6
leaf,0.36,5
proctor,0.36,5
locations13,0.3675,5
locationswe,0.365,5
sawgrass,0.3675,5
https://www.ncbi.nlm.nih.gov/pubmed/18270261,0.52,6
nonbound,0.5175,6
b.a,0.52,6
mohr,0.52,6
differentially,0.36,0
https://www.ncbi.nlm.nih.gov/pubmed/30862651,0.4375,0
registry,0.4325,0
urotronic,0.36,5
nobel,0.255,5
synthesize,0.1975,5
bettoocchi,0.3675,3
pp.3,0.365,3
yassin,0.365,3
carvalho,0.3675,3
eau;2025,0.365,3
enhancement,0.35,3
reluctance,0.36,3
scheme,0.3675,3
condition.3,0.39,3
brockport,0.37,5
canandaigua,0.37,5
clara,0.37,5
barton,0.37,5
finger,0.33,3
spoon,0.33,3
noyes,0.37,5
cmaj.5,0.365,3
perpetual,0.375,3
dansville,0.37,5
east,0.37,5
geneseo,0.37,5
comorbidity,0.365,6
mmas,0.345,6
bioactivity,0.45,0
blockade,0.45,0
pointe,0.37,5
chris,0.375,1
inch,0.39,1
disinfect,0.33,3
elbow,0.33,3
mid-30s,0.3775,3
virulence,0.3525,3
biochemistry,0.33,3
interprovincial,0.3425,3
seneca,0.37,5
wellsville,0.37,5
hornell,0.37,5
aurora,0.385,5
finite,0.385,5
lattimore,0.37,5
anschutz,0.385,5
colorado,0.385,5
g-100,0.37,5
emeritus,0.38,5
magazine,0.405,1
schwarzenegger,0.405,1
highland,0.37,5
equate,0.3625,1
pop,0.335,1
foreign,0.4475,0
particle,0.4475,0
ethan,0.36,5
filter,0.3225,5
ambulatory,0.37,5
launch,0.3125,1
accumulate,0.455,0
vlcfa,0.455,0
md2,0.36,5
mohit,0.36,5
md3,0.36,5
md1,0.36,5
md4,0.36,5
jay,0.36,5
yonah,0.36,5
elmwood,0.37,5
md5,0.36,5
flawed,0.3275,1
methodologically,0.3275,1
grantmyre,0.36,5
md6,0.36,5
premal,0.36,5
profoundly,0.2825,0
trivialise,0.28,0
phlebotomist,0.33,3
md7,0.36,5
richard,0.36,5
bebb,0.36,5
md8,0.36,5
fitzpatrick,0.36,5
md9,0.36,5
jeffrey,0.36,5
campbell,0.36,5
serge,0.36,5
abraham,0.36,5
md10,0.36,5
astella,0.36,5
msacl.org,0.36,5
md11,0.36,5
md12,0.36,5
sciex,0.36,5
dictionary,0.365,4
oxford,0.365,4
dian,0.36,5
synergistically,0.365,4
180pmol,0.3525,3
issm,0.35,3
evidence).10,0.34,3
framework,0.3375,3
working,0.3375,3
content.5,0.37,3
summative,0.37,3
silva,0.5225,6
specialised,0.5225,6
n.l,0.5225,6
papanikolaou,0.5225,6
metuchen,0.36,5
grossmann,0.5225,6
antonio,0.5225,6
aplastic,0.4475,0
myelodysplastic,0.4475,0
quinton,0.5225,6
b.d,0.5225,6
pathogenesis,0.5225,6
clarus,0.36,5
modulate,0.3775,4
neurochemical,0.3775,4
visuospatial,0.3775,4
lancet,0.5225,6
underscore,0.35,3
undiagnose,0.3525,3
tasked,0.355,3
update.11,0.355,3
pp.761,0.5225,6
spaziani,0.5225,6
carlomagno,0.5225,6
tarantino,0.5225,6
angelini,0.5225,6
vincenzi,0.5225,6
gianfrilli,0.5225,6
collate,0.3625,3
submission,0.3625,3
theme,0.3625,3
propose,0.3625,3
finalize,0.36,3
karkowsky,0.36,5
labs,0.36,5
felix,0.36,5
bovine,0.245,5
equine,0.245,3
mouse,0.255,5
rabbit,0.2575,5
anderson,0.5225,6
p.1184530,0.5225,6
r.a,0.5225,6
llahana,0.5225,6
barth,0.5225,6
j.h,0.5225,6
mackenzie,0.5225,6
wilke,0.5225,6
sooriakumaran,0.5225,6
investor,0.36,5
mhb,0.36,5
tomlinson,0.5225,6
gonadatrophin,0.41,0
substandard,0.32,0
barber,0.5175,6
pp.200,0.5175,6
t.m,0.5175,6
kyrou,0.5175,6
kaltsas,0.5175,6
insist,0.385,0
tab,0.3875,0
randeva,0.5175,6
grossman,0.5175,6
a.b,0.5175,6
h.s,0.5175,6
weickert,0.5175,6
m.o,0.5175,6
nebraska,0.375,5
physic,0.3725,5
lincoln,0.375,5
crystallography,0.31,9
inspect,0.31,9
unbelievable,0.31,9
p.8217,0.5175,6
pairing,0.31,9
crystal,0.31,9
beiza,0.305,3
kristen,0.305,3
achievable,0.2825,1
energize,0.2575,1
awful,0.405,1
ride,0.405,1
crude,0.3475,3
years.13,0.35,3
unrealistic,0.2825,1
bombard,0.31,9
diffract,0.31,9
cypre,0.3725,5
kathi,0.3725,5
indian,0.5125,6
shivakumar,0.5125,6
nagaraju,0.5125,6
microscope,0.31,9
defied,0.31,9
pp.180,0.5175,6
affinity,0.3275,1
bordal,0.4125,5
popularly,0.4075,5
pp.1151,0.5075,6
saalu,0.5075,6
l.c,0.5075,6
osinubi,0.5075,6
a.a,0.5075,6
fable,0.5075,6
lagos,0.5075,6
@anaveciana,0.275,5
twitter,0.275,5
competition,0.3425,0
anavecianasuarez.com,0.275,5
palm,0.275,5
herald,0.275,5
production.17,0.4575,0
testable,0.455,0
elegant,0.2225,9
intricate,0.2225,9
renowned,0.275,5
suarez,0.275,5
ana,0.275,5
veciana,0.275,5
bullough,0.395,1
byron,0.395,1
misinformation,0.21,7
vegetarian,0.2025,7
/memory,0.3775,4
cognitive/,0.3775,4
physical/,0.3775,4
eager,0.3525,4
kill,0.35,4
gasoline,0.245,1
pour,0.24,1
bug,0.36,0
smartwatch,0.36,0
reminder,0.36,0
presbyterian,0.34,5
shadyside,0.34,5
e236,0.4375,0
tosterone,0.4375,0
axillary,0.4375,0
breakthrough,0.335,5
groundbreake,0.335,5
carswell,0.395,1
hormonal/,0.4475,0
intrinsic,0.4475,0
karolina,0.3725,5
majorek,0.3725,5
katarzyna,0.3725,5
handing,0.3725,5
przemyslaw,0.3725,5
porebski,0.3725,5
sandya,0.3725,5
beeram,0.3725,5
kyungah,0.3725,5
suh,0.3725,5
ashley,0.3725,5
mindy,0.395,1
insurer,0.37,5
renowne,0.37,5
maryland,0.365,5
headquarter,0.37,5
woolfork,0.3725,5
davisfor,0.2975,6
josh,0.2975,6
reputation,0.2975,6
ivan,0.3725,5
changer,0.275,1
refute,0.3025,2
discontinuing,0.3475,2
months).5,0.3525,2
diminution,0.455,0
"pulsatility.18,19",0.455,0
shabalin,0.3725,5
bettie,0.3975,1
lauren,0.395,1
coralville,0.3425,5
i-80,0.3425,5
forth,0.405,1
northwest,0.155,1
pacific,0.155,1
premier,0.155,1
destination,0.155,1
meno,0.405,1
dribble,0.4625,0
emptying,0.4625,0
trim,0.3775,4
waistline,0.3775,4
bam,0.405,1
football,0.405,1
wham,0.405,1
retrospectively,0.405,1
ocean,0.4075,1
punching,0.4075,1
hocking,0.4075,1
bedtime,0.3125,0
sedative,0.3125,0
gm117325,0.3725,5
r01,0.3725,5
gm117080,0.3725,5
gm118619,0.3725,5
outnumber,0.3675,1
vastly,0.37,1
iatrogenic,0.4475,0
kallman,0.4475,0
hhsn272201200026c,0.3725,5
nos,0.3725,5
hhsn272201700060c,0.3725,5
gasp,0.3875,0
snort,0.3875,0
louder,0.3875,0
saliva,0.275,2
spit,0.275,2
aud,0.4475,0
females,0.4475,0
shady,0.415,7
tactic,0.415,7
catheterization,0.2625,3
unblock,0.265,3
playlist,0.405,1
song,0.405,1
duca,0.5225,6
https://my.clevelandclinic.org/health/diagnostics/24215-testosterone-test,0.5225,6
condorelli,0.5225,6
calogero,0.525,6
vignera,0.5225,6
hardness,0.2975,3
inventory,0.2975,3
"score.13,20",0.2975,3
intimidate,0.35,1
movement,0.3375,1
brisk,0.355,1
jcm8050732,0.525,6
fade,0.28,3
roller,0.2875,3
coaster,0.2875,3
standardized,0.3325,2
"td.6,9,25",0.3325,2
academic/,0.3325,2
bath,0.3,4
breathwork,0.3,4
mindfulness,0.3,4
treadmill,0.355,1
abdoman,0.33,3
timer,0.33,3
basson,0.5225,6
wierman,0.5225,6
reappraisal,0.5225,6
arlt,0.5225,6
pubmed.ncbi.nlm.nih.gov/25279570/.,0.52,6
pmc6571549,0.525,6
https://www.ncbi.nlm.nih.gov/pmc/articles/pmc6571549/,0.525,6
ferrucci,0.525,6
maggio,0.525,6
bandinelli,0.525,6
lauretani,0.525,6
acclimate,0.4425,0
transient,0.4425,0
chemaitilly,0.5225,6
garibaldi,0.5225,6
pubmed.ncbi.nlm.nih.gov/29562364/.,0.5225,6
https://www.cdc.gov/labstandards/hs_standardization.html,0.34,3
spectrometry.26,0.3325,3
ble,0.525,6
valenti,0.525,6
ershler,0.525,6
homa,0.3575,5
warren,0.3575,5
calibration,0.34,3
testosterone.27,0.34,3
guralnik,0.525,6
longo,0.525,6
j.beem.2010.11.004,0.525,6
pmc3073592,0.525,6
auxiliary,0.345,3
system(s,0.345,3
illustrative,0.34,3
apr23.doi,0.525,6
jun,0.525,6
pmc4168024,0.525,6
nihmsid,0.525,6
nihms627664,0.525,6
prasanth,0.525,6
surampudi,0.525,6
"md,1",0.525,6
dependant,0.3025,2
"td.5,6",0.3475,3
donohoue,0.5225,6
hypofunction,0.5225,6
1.publishe,0.525,6
bolus,0.3075,0
shoot,0.3075,0
impactful,0.3425,3
structural/,0.3425,3
lambert,0.5225,6
swj,0.5225,6
milman,0.5225,6
bartke,0.5225,6
men5,0.3425,3
relie,0.3425,3
aleksic,0.5225,6
maximizing,0.32,3
tmt,0.32,3
pract,0.525,6
"md,2",0.525,6
andre,0.525,6
wittert,0.525,6
araujo,0.525,6
pmc4650468,0.525,6
gladly,0.275,4
toll,0.285,4
asap,0.2875,4
havoc,0.285,4
wreak,0.285,4
potentwavetm,0.36,4
shottm,0.36,4
arch,0.525,6
intern,0.525,6
archinte.166.13.1380,0.525,6
crisp,0.6775,7
instant,0.6775,7
pmc2645631,0.525,6
682x.143317,0.525,6
potentshottm,0.36,4
wavetm,0.36,4
pshot,0.36,4
reuptake,0.435,0
ssris,0.435,0
ejaculatory,0.435,0
lacking,0.435,0
https://www.ncbi.nlm.nih.gov/pmc/articles/pmc2645631/,0.525,6
androl,0.525,6
spearhead,0.3775,4
wood,0.3775,4
compliment,0.425,0
e238,0.445,0
"conditions.5,7",0.4225,0
coward,0.525,6
collateral,0.4475,0
scarring,0.4475,0
addiction,0.4475,0
buff,0.3075,4
steep,0.3075,4
carson,0.525,6
feb;9(2):249,0.5175,6
laksham,0.5175,6
ronde,0.515,6
culley,0.525,6
versa,0.235,4
vice,0.235,4
https://medlineplus.gov/ency/patientinstructions/000722.htm,0.36,5
https://www.upmc.com/health-library/article?hwid=abo6506&locale=en-us,0.36,5
jame,0.525,6
mcbride,0.525,6
blemish,0.32,4
dull,0.32,4
wrinkle,0.32,4
months.77,0.375,4
upwards,0.375,4
burlington,0.49,6
https://www.endocrine.org/patient-engagement/endocrine-library/hormones-and-endocrine-function/reproductive-hormones,0.49,6
corporation,0.49,6
america(r,0.49,6
holding,0.49,6
pmc4074000,0.525,6
negativity,0.2225,3
positivity,0.2225,3
ajpregu.00360.2012,0.525,6
r958,0.525,6
christina,0.525,6
https://www.labcorp.com/tests/004226/testosterone-total,0.49,6
r951,0.525,6
comp,0.525,6
nurture,0.2225,3
icd9,0.2975,2
justify,0.2975,2
cpt,0.2975,2
necessity,0.2975,2
regul,0.525,6
integr,0.525,6
c1995,0.4775,6
tgrp,0.4775,6
interpretive,0.48,6
juncos,0.525,6
physiol,0.525,6
mds,0.39,0
pas,0.3875,0
reckelhoff,0.525,6
and/,0.3425,3
rationalize,0.3425,3
"treatment.7,27,31",0.3425,3
calculation,0.3425,3
luis,0.525,6
"md‡†,3",0.525,6
jane,0.525,6
ruisheng,0.525,6
jeuveau,0.315,4
microneedle,0.315,4
carbon,0.46,0
dioxide,0.46,0
liu,0.525,6
maranon,0.525,6
therapie,0.3375,4
treatments.regenerative,0.33,4
rodrigo,0.525,6
https://www.mayomedicallaboratories.com/test-catalog/clinical+and+interpretive/8508,0.48,6
chandrashekar,0.525,6
addressing,0.315,7
coaching,0.3075,7
ruiz,0.525,6
kiran,0.525,6
leadership,0.3025,4
transparent,0.2775,2
engine,0.405,1
tank,0.405,1
gas,0.405,1
junk,0.6775,7
refine,0.6775,7
kinetic,0.3625,3
therapy.75,0.365,3
actuator,0.33,3
tans,0.33,3
quarter,0.405,1
screened,0.405,1
predisposed,0.4525,0
sensitise,0.4525,0
lopez,0.525,6
prolotherapie,0.31,4
prolozone,0.3125,4
arnaldo,0.525,6
may;43(2):185,0.525,6
e239,0.305,2
withnosymptom,0.355,3
andrea,0.525,6
soljancic,0.525,6
accordance,0.34,3
recommendation).75,0.35,3
12nmol,0.27,3
stringent,0.345,2
https://www.auanet.org/guidelines-and-quality/guidelines/testosterone-deficiency-guideline,0.48,6
linthicum,0.4775,6
testing.com,0.48,6
onecare,0.48,6
j.ucl.2016.01.004,0.525,6
antibiotic,0.41,0
azelaic,0.41,0
reperfusion,0.525,6
ischemia,0.525,6
pmc3081396,0.525,6
skincare,0.325,0
soap,0.325,0
ether,0.325,0
benefit.6,0.3575,2
concurrently,0.355,2
lauryl,0.325,0
sle,0.325,0
https://www.testing.com/tests/testosterone/,0.45,6
womenshealth.gov,0.44,6
j.yhbeh.2011.01.009,0.525,6
crown,0.46,0
widen,0.46,0
shaped,0.46,0
forehead,0.46,0
nicotine,0.33,3
trickle,0.33,3
daunt,0.36,0
firsthand,0.365,0
rodriguez,0.525,6
wisdom,0.525,6
letrozole,0.445,0
testolactone,0.445,0
crank,0.3525,1
mentor,0.335,1
karlye,0.525,6
prince,0.525,6
apprehensive,0.3375,3
audible,0.3375,3
beast,0.405,1
gascon,0.405,1
perpetuate,0.4625,7
pornography,0.4625,7
rethink,0.4625,7
viewing,0.4625,7
mushroom,0.4625,7
engelman,0.525,6
tyler,0.525,6
ontreatment,0.33,2
testosteroneto,0.3275,2
"potential.37,38",0.43,2
coneeny,0.525,6
shannon,0.525,6
manliness,0.33,4
technically,0.33,4
kettle,0.325,3
painless,0.33,3
conceiving,0.265,0
monitored,0.32,1
subfertility,0.3875,0
daviau,0.525,6
meagan,0.525,6
dehydrate,0.405,1
incessantly,0.405,1
brush,0.2925,3
blanket,0.49,0
overtreat,0.49,0
vomit,0.405,1
lester,0.2725,5
sue,0.2725,5
julie,0.27,5
spritzer,0.525,6
drip,0.405,1
combined,0.2325,4
proudly,0.2325,4
professionalism,0.2325,4
superior,0.24,4
concerningly,0.34,3
levels.41,0.34,3
indeterminant,0.34,3
pmc4154787,0.525,6
neonatal,0.4275,0
neuropsychiatric,0.4375,0
gestational,0.4375,0
integrated,0.25,4
med.0000000000000086,0.525,6
obe,0.525,6
diabetes.wang,0.5225,6
jackson,0.5225,6
deadline,0.2875,1
newlywed,0.4075,1
eld,0.3525,5
stanford,0.3525,5
potency,0.255,4
purity,0.245,4
curr,0.525,6
carolina,0.37,5
clock,0.3675,5
eje-11,0.525,6
pmc3188848,0.525,6
abdulmage,0.525,6
nov;165(5):675,0.525,6
gooren,0.525,6
saad,0.525,6
zafalon,0.525,6
facs,0.3525,5
marshall,0.3525,5
pmc4744737,0.525,6
startedsource,0.525,6
oby.21092,0.525,6
downregulation,0.4525,0
unsustainable,0.4525,0
historical,0.3375,3
teaching,0.3375,3
biology,0.3375,3
spring,0.525,6
fella,0.37,4
frisky,0.37,4
hypersensitivity,0.3425,2
include:5,0.3425,2
yang,0.3025,4
yin,0.3025,4
prudent,0.335,3
reset,0.4575,0
rewarding,0.4575,0
bicker,0.405,1
kiss,0.405,1
wink,0.405,1
alert,0.405,1
spoiler,0.405,1
mojo,0.405,1
christopher,0.1775,0
runz,0.1775,0
ong,0.525,6
ken,0.525,6
therapy.5,0.335,3
nehra,0.5225,6
g.diabetes,0.5225,6
yoav,0.525,6
ben‐shlomo,0.525,6
kuh,0.525,6
bodybuilde,0.37,1
nonmedical,0.36,1
localize,0.345,2
mortality.56,0.345,2
cumbria,0.3675,5
violence,0.3675,5
charity,0.3675,5
workington,0.3675,5
muniz,0.525,6
diana,0.525,6
fecal,0.4425,8
guaiac,0.4425,8
occult,0.4425,8
immunochemical,0.4425,8
necessitate,0.3775,2
skew,0.3775,2
graciela,0.525,6
dopaminergic,0.4375,0
serotonergic,0.42,0
rebecca,0.525,6
hardy,0.525,6
gfobt,0.4425,8
adams,0.525,6
stool,0.4425,8
sdna,0.4425,8
targeted,0.4425,8
judith,0.525,6
placebo.29,0.35,3
rtcs,0.35,3
lashen,0.525,6
imagine,0.4,0
seesaw,0.4,0
excitatory,0.4,0
cloud,0.2975,2
pharmacology,0.305,2
volume.61,0.35,3
keevil,0.525,6
hany,0.525,6
colonoscopy,0.4425,8
colonography,0.4425,8
void,0.3575,3
genius,0.385,1
cash,0.405,1
obscene,0.405,1
brian,0.525,6
sigmoidoscopy,0.4425,8
fsig,0.4425,8
dc10,0.5225,6
facility,0.405,1
bann,0.525,6
bust,0.405,1
edition,0.405,1
detrusor,0.34,2
"function.59,60,62,63",0.34,2
pleasant,0.4525,0
unintended,0.4525,0
a1c,0.355,3
deceased,0.345,3
amygdala,0.3225,4
aversion,0.3225,4
mortality.67,0.37,3
bradley,0.295,5
whack,0.245,5
fuzz,0.4175,0
tuft,0.375,0
frontal,0.4525,0
striatum,0.4525,0
thalamus,0.4525,0
hippocampus,0.4525,0
cerebellum,0.4525,0
critter,0.405,1
microbiome,0.405,1
charming,0.375,0
e241,0.3425,3
sig-,0.3425,3
"death.70,71",0.3425,3
methodological,0.3425,3
nificant,0.3425,3
gastroenterologist,0.4425,8
digest,0.3025,4
evolutionarily,0.3025,4
jul;34(7):1669,0.5225,6
dirty,0.405,1
steroidal,0.405,1
"events.72,73",0.34,3
garner,0.34,3
sardine,0.675,7
loosely,0.38,0
pleasanton,0.1725,0
propensity,0.3725,2
weighting,0.375,2
latanoprost,0.4575,0
prostaglandin,0.4575,0
ste,0.1725,0
behav,0.525,6
horm,0.525,6
rationale,0.3725,4
ray,0.31,9
misunderstand,0.445,0
pfs,0.4625,0
ncic,0.3675,5
position,0.33,3
eisenberg,0.3525,5
landing,0.37,5
reimbursement,0.2975,2
iodine,0.4475,0
jar,0.325,3
plunger,0.33,3
agonist,0.4425,0
gram,0.6775,7
https://www.endocrine.org/patient-engagement/endocrine-library/hypogonadism,0.4975,6
jan,0.49,6
cancerous,0.3075,0
polyp,0.2575,1
dead,0.405,1
rechecke,0.405,1
sachet,0.33,3
dehydration,0.315,1
versabase,0.33,3
gip,0.395,0
glp-1,0.435,0
proceed,0.35,1
residency,0.275,0
extrusion,0.33,3
regulated,0.4475,0
eyebrow,0.35,0
dear,0.405,1
midwest,0.405,1
duplication,0.37,5
inc,0.37,5
helped,0.43,0
shgb,0.3275,0
pomegranate,0.6775,7
snoring,0.3875,0
activation,0.44,0
wildly,0.41,0
bipolar,0.41,7
uptake,0.33,3
miami,0.275,5
nitric,0.2475,0
oxide,0.2475,0
second,0.33,3
journalist,0.275,5
associated,0.32,0
livery,0.33,3
calgary,0.375,5
dalhousie,0.375,5
halifax,0.375,5
winnipeg,0.375,5
pfizer,0.36,5
comorbid,0.3425,3
reassessment,0.4475,0
manitoba,0.375,5
curvature,0.3325,3
disclosure,0.3375,2
remuneration,0.335,3
clever,0.185,0
tinker,0.355,1
prediman,0.31,5
shah,0.31,5
khurram,0.2225,4
methodist,0.2175,4
exceptionally,0.3025,3
doi:10.1210,0.52,6
project,0.2825,5
reuse,0.32,3
sleeping,0.3875,1
fragile,0.305,0
pertinent,0.405,0
inadvertent,0.33,3
transmission,0.33,3
chemically,0.4475,0
placenta,0.4525,0
inactivity,0.39,0
subtler,0.2975,1
strategy.420,0.33,3
substitution,0.525,6
manuscript,0.525,6
complementary,0.2675,4
rheumatic,0.2875,4
axiron,0.33,3
custom,0.33,3
grapple,0.225,4
indicative,0.2775,0
frontier,0.5225,6
frailty,0.345,4
rat,0.5225,6
ice,0.3,4
precede,0.2675,2
salonia,0.365,3
aleksandr,0.27,5
belakovskiy,0.2475,5
resident,0.2275,3
freely,0.3125,1
stat,0.2,1
split,0.2875,1
manageable,0.335,0
gelatinous,0.33,3
microporous,0.33,3
encounter,0.3775,4
mar,0.525,6
december,0.51,6
mba,0.365,5
uab,0.3625,5
messaging,0.29,4
productivity,0.295,4
principal,0.3725,5
membrane,0.33,3
ehrmann,0.455,6
legro,0.4525,6
wei,0.455,6
constricted,0.3425,4
weakened,0.3825,4
https://www.ncbi.nlm.nih.gov/pubmed/28434676,0.5225,6
pencina,0.5225,6
k.m,0.5225,6
adjudicate,0.34,3
definite,0.34,3
abbreviation,0.36,3
disclaimer,0.345,1
cosmetic,0.2375,4
mixture,0.33,3
coarse,0.445,0
sideburn,0.45,0
lincoff,0.5225,6
clog,0.325,0
isidori,0.525,6
moisturizing,0.33,3
experimental,0.2325,1
investigational,0.3275,5
versatile,0.67,7
https://www.clinicalkey.com,0.52,6
bar,0.405,1
stretch,0.3325,3
lip,0.33,3
raymond,0.145,5
turley,0.145,5
jayasena,0.5225,6
c.n,0.5225,6
emboli,0.29,2
numerical,0.285,2
moustache,0.4475,0
discreetly,0.32,3
systemic,0.3275,3
variably,0.33,3
dairy,0.6775,7
equipment,0.3725,2
revolutionary,0.2275,5
confidential,0.25,2
ship,0.3475,3
bleeding,0.33,3
hidden,0.445,1
eaif,0.405,1
terrible,0.405,1
hydro,0.33,3
solubilize,0.33,3
peripheral,0.2325,2
utilisation,0.375,4
habitus,0.375,4
pore,0.245,6
france,0.5225,6
basaria,0.525,6
announce,0.355,3
box,0.3575,3
actuality,0.4425,0
polygenic,0.445,0
pharmacother,0.525,6
eugonadal,0.3525,3
testosterone.5,0.3625,3
overnight,0.38,4
recalibrate,0.245,4
buckle,0.33,3
agency,0.345,3
drugmaker,0.3525,3
sleeve,0.305,3
teenager,0.4475,0
independently,0.3575,3
liability,0.31,5
11division,0.375,5
mcgill,0.375,5
ontario,0.375,5
london,0.375,5
montreal,0.375,5
concentrated,0.3275,5
predominately,0.375,4
dressing,0.29,3
collaboratively,0.4275,2
exciting,0.4175,2
10division,0.375,5
redness,0.33,3
dilate,0.2825,4
12department,0.375,5
pile,0.4075,1
weekend,0.405,1
matrix,0.33,3
landmark,0.29,5
osteopenia,0.455,0
aga,0.46,0
androgenetic,0.46,0
equally,0.34,3
uncertainty,0.3375,3
breastfeed,0.445,0
adjunct,0.4475,0
recombinant,0.4475,0
deter,0.2825,2
lived,0.275,2
minhas,0.5225,6
soften,0.3275,3
bot,0.23,9
chapter,0.23,0
blah,0.405,1
bunch,0.405,1
misdiagnosis,0.35,2
unnecessary,0.325,2
f.c,0.5225,6
endorsement,0.37,5
jam,0.35,4
musculature,0.3975,0
diarrhea,0.4475,0
grave,0.4475,0
coolidge,0.5225,6
melish,0.4475,0
coffee,0.2375,3
celebrity,0.195,2
noncancerous,0.4575,0
repeatedly,0.4575,0
indulge,0.3875,7
lateral,0.33,3
wall,0.3775,4
responsive,0.365,5
appetite,0.3775,4
california,0.37,5
northwestern,0.3725,5
emily,0.5225,6
"life.5,12",0.3575,3
widespread,0.3525,3
harbor,0.3725,5
ryan,0.36,5
walloping,0.405,1
interchangeably,0.275,2
signify,0.2775,3
heating,0.4475,0
thermostat,0.4475,0
hypothalmus,0.4475,0
boiler,0.4475,0
comply,0.435,2
ungrade,0.47,2
adherence,0.335,3
"recommendation).5,6",0.3525,3
saint,0.37,5
epub,0.525,6
dementia,0.41,4
immensely,0.38,4
evoke,0.32,0
loud,0.385,0
speech,0.34,4
survivor,0.3625,5
subsequently,0.3025,3
normalisation,0.2,4
resume,0.2325,4
translational,0.3725,5
geriatric,0.37,5
pittsburgh,0.3725,5
deduplication,0.3375,3
title,0.415,8
50s+,0.455,0
distribute,0.3275,5
alarming,0.3125,0
smoker,0.3675,0
hage,0.3725,5
colorful,0.6775,7
eggs,0.6775,7
seafood,0.6775,7
elderly,0.31,5
700s,0.405,1
roof,0.405,1
drug.430,0.33,3
expose,0.33,3
glass,0.6775,7
childbirth,0.2275,4
otolaryngology,0.2425,4
discount,0.405,1
anxious,0.3775,4
pastry,0.6775,7
sweeten,0.6775,7
outlandish,0.3425,0
stake,0.2675,0
enlarging,0.4575,0
descend,0.4475,0
risky,0.235,4
declaration,0.38,2
hazard,0.2775,4
focused,0.405,1
vibrator,0.405,1
heartbeat,0.3775,4
fried,0.6775,7
meat,0.6775,7
handle,0.3775,0
precision,0.3325,2
integrity,0.375,0
eugster,0.52,6
haddad,0.52,6
jul,0.525,6
neural,0.3025,4
sympathetic,0.3025,4
virility,0.46,7
multicenter,0.3725,2
sigh,0.3375,3
gainswave,0.3525,4
yep,0.405,1
wladek,0.37,5
clevelandclinic.org/loveyourheartpodcast,0.4075,1
heart@ccf.org,0.4125,1
exclusive,0.3775,4
unsettling,0.3775,4
balding,0.445,0
recede,0.445,0
hairline,0.445,0
degroot,0.52,6
derive,0.3375,3
priori,0.3525,3
certification,0.235,2
graduate,0.3475,5
grip,0.345,3
hypercholesterolemia,0.2925,2
pleased,0.23,2
observed,0.395,2
hygiene,0.415,8
predictor,0.3425,3
cardiometabolic,0.34,3
tracker,0.405,1
d.c.—has,0.2175,3
regional,0.2925,5
marked,0.205,4
aka,0.395,1
paralimbic,0.4225,0
interestingly,0.275,5
deactivation,0.33,3
enforce,0.37,3
reflective,0.3525,3
inferiority,0.38,2
silicone,0.33,3
offering,0.395,1
privately,0.3825,0
mediterranean,0.6725,7
plant,0.6725,7
salmon,0.6775,7
manly,0.405,1
commencing,0.4075,2
formal,0.4075,2
pen,0.33,3
scientifically,0.405,1
scanning,0.44,0
leverage,0.37,3
representative,0.3675,3
furthermore,0.3575,2
societal,0.255,4
melatonin,0.2825,0
nightly,0.3,0
campus,0.3725,5
usa,0.3725,5
msc,0.5025,6
material,0.3475,3
pooled,0.3425,3
hand-,0.3325,3
hollow,0.3325,3
inflatable,0.33,3
prosthetic,0.33,3
award,0.375,5
mountain,0.3275,5
openly,0.405,1
visibly,0.405,1
bend,0.3325,3
elder,0.295,0
hematology,0.295,0
hospice,0.295,0
prominent,0.3275,1
truth,0.255,7
discontinuation,0.3525,3
daniel,0.36,5
deny,0.275,2
lee,0.36,5
depo,0.33,3
xyosted,0.33,3
straighten,0.3325,3
upward,0.3325,3
intra,0.37,2
operator,0.37,2
foundational,0.295,4
passive,0.2825,4
ambiguous,0.45,0
underdeveloped,0.4475,0
carbohydrate,0.6775,7
smoother,0.405,1
mbchb,0.37,5
transformative,0.215,5
trusted,0.2025,5
microprocessor,0.4475,0
patel,0.36,5
holmes,0.36,5
appraisal,0.52,6
rigorous,0.51,6
rigorously,0.345,3
nestle,0.36,5
advisory,0.36,5
contaminate,0.4025,1
strike,0.405,1
endure,0.3275,3
shorter,0.335,2
monograph,0.33,3
delatestryl,0.33,3
andriol,0.33,3
cavity,0.33,3
puttylike,0.33,3
hypothyroid,0.295,2
concierge,0.295,2
chip,0.6775,7
anesthetic,0.3375,4
sensation,0.35,0
biochemically,0.4525,0
confuse,0.435,0
stigma,0.4025,1
justin,0.27,0
saya,0.245,0
nicole,0.39,4
predominant,0.2475,4
continually,0.2175,4
binge,0.665,7
grapeseed,0.33,3
behavioral,0.2825,5
instruct,0.315,4
apology,0.405,1
incorrectly,0.405,1
krakowsky,0.36,5
aldosterone,0.46,0
addison,0.4475,0
identical,0.37,2
hypoparathyroidism,0.4475,0
synthesise,0.4475,0
gynecological,0.2925,0
botox,0.3175,4
jeauveau,0.3175,4
microneedling,0.32,4
depotestosterone,0.33,3
onboarde,0.3375,2
secure,0.21,3
horny,0.3975,1
tinkering,0.39,1
crazy,0.405,1
disappear,0.3975,1
parathyroid,0.4475,0
downstream,0.42,0
gaba,0.3175,0
blunting,0.3725,4
pause,0.3875,0
cac,0.3225,3
guesswork,0.3225,3
preparations.441,0.355,2
fundamentally,0.415,0
comparative,0.365,2
ecdysterone,0.5625,7
nitrate,0.335,7
kryptonite,0.405,1
superman,0.405,1
medicated,0.33,3
muse,0.33,3
sermorelin,0.19,5
gather,0.3325,3
incentive,0.445,0
tough,0.405,1
downplay,0.445,0
english,0.36,5
coloplast,0.36,5
differentiation,0.44,0
dismiss,0.315,4
dutasteride,0.42,0
mesotherapy,0.3425,0
observation,0.38,1
elasticity,0.3725,4
summarize,0.3375,2
"therapy.28,29",0.3825,4
biliary,0.2975,0
pancreatic,0.2975,0
thrombosis,0.2925,2
cautiously,0.3025,2
fire,0.33,3
flammable,0.33,3
hobby,0.405,1
impart,0.3325,2
inherent,0.335,2
confusion,0.3375,2
generalize,0.3425,3
vote,0.2875,5
virginia,0.32,5
snowie,0.355,3
unsure,0.32,4
healing,0.32,4
resilient,0.3075,4
better,0.405,1
copay,0.405,1
creation,0.3775,3
solicit,0.375,3
metropolitan,0.365,5
deodorant,0.33,3
dispense,0.33,3
opening,0.33,3
twist,0.33,3
geography,0.34,3
ball,0.33,3
fad,0.405,1
lifetime,0.3925,1
philosophy,0.405,1
retrospect,0.405,1
podcaster,0.3575,4
dial,0.33,3
topi,0.33,3
interdisciplinary,0.3675,5
overtax,0.37,5
longstanding,0.2275,2
theory,0.51,6
credential,0.355,2
robotic,0.3,4
vinci,0.3025,4
pharmacological,0.525,6
imitate,0.4575,0
voter,0.26,5
motion,0.3525,0
motivate,0.36,4
oregon,0.22,4
portland,0.295,4
4636(4men,0.3625,5
leafy,0.6775,7
dynamic,0.315,2
marketplace,0.33,2
unfavorable,0.275,4
surgeon,0.2925,1
criteria.411,0.3475,3
medlineplus,0.36,5
jealous,0.405,1
whatnot,0.405,1
indirectly,0.4575,0
utilization,0.4575,0
merely,0.2225,4
neighbor,0.405,1
obligate,0.405,1
biologic,0.5125,6
equip,0.2575,3
epo,0.455,0
erythropoietin,0.455,0
sculpt,0.365,4
simultaneously,0.36,4
pivotal,0.3775,4
reserve,0.445,4
lifting,0.3575,1
sizeable,0.305,2
predictability,0.2625,0
motional,0.405,1
weird,0.405,1
contraindicate,0.4475,0
inhibition,0.4475,0
lifeblood,0.45,0
miserable,0.3925,1
reliance,0.3775,4
multitude,0.3025,0
evolution,0.235,5
clue,0.1775,3
ramification,0.2375,0
louisiana,0.2925,5
rip,0.405,1
alexandria,0.225,5
brown,0.6775,7
exhaustion,0.2725,4
asymptomatic,0.3525,3
2023a,0.3475,4
nov,0.345,0
gumline,0.33,3
deleterious,0.3525,3
resultant,0.3525,3
intermittent,0.3675,4
panic,0.455,0
street,0.37,5
premise,0.405,1
transformation,0.36,1
periodically,0.375,3
clevelandclinic.org/cardiacconsultpodcast,0.4075,1
chicken,0.6775,7
coverage,0.3125,0
tolerability,0.405,2
trace,0.33,3
unwashe,0.33,3
prize,0.3275,3
exertion,0.3725,4
faced,0.365,4
brilliant,0.405,1
panacea,0.405,1
lengthy,0.355,2
restrictive,0.3525,2
smsna,0.36,5
press,0.355,3
syrinx,0.33,3
defer,0.275,2
gps,0.3025,2
enjoyable,0.34,4
vibrant,0.3425,4
thick,0.35,4
extract,0.33,3
methodologist,0.3375,3
rubber,0.33,3
preventable,0.39,1
sight,0.3975,1
unintentional,0.395,1
proprietary,0.33,3
straight,0.4025,1
creatinine,0.3475,0
gamma,0.3475,0
bilirubin,0.3475,0
glutamyltransferase,0.3475,0
nocturia,0.46,0
urinate,0.4625,0
climacteric,0.21,10
pp.15,0.21,10
thoughtful,0.29,0
elastic,0.33,3
slip,0.2775,1
alkaline,0.3475,0
description,0.395,1
glomerular,0.3475,0
river,0.3575,5
filtration,0.3475,0
amp,0.33,3
brito,0.5225,6
healthdirect,0.37,0
victoria,0.3275,0
fixate,0.3225,2
mucosa,0.33,3
summer,0.405,1
famous,0.6575,7
angina,0.4575,0
blocker,0.46,0
believer,0.35,3
ethos,0.39,1
appreciative,0.405,1
prader,0.4475,0
willi,0.4475,0
pine,0.205,6
insertion.446,0.32,3
flexible,0.4425,8
disclose,0.405,1
aspartate,0.3475,0
urgency,0.4625,0
firmness,0.3375,3
urethral,0.33,3
balk,0.405,1
institutional,0.365,2
therapeutic.446,0.3825,2
northeast,0.405,1
alanine,0.3475,0
aminotransferase,0.3475,0
phosphatase,0.3475,0
bibliography/,0.3525,3
bedroom,0.635,7
feed,0.4475,0
deaf,0.4075,1
theoretically,0.3525,2
ecchymosis,0.3025,2
francisco,0.37,5
virtually,0.3575,5
bmis,0.2725,4
relation,0.2725,4
interaction,0.3625,4
español,0.145,5
bank,0.3575,5
resilience,0.3,4
pubme,0.52,6
campaign,0.3675,5
array,0.405,4
enhanced,0.3775,4
geme,0.5225,6
moderation,0.6725,7
sexuality,0.5225,6
annually,0.4425,8
metal,0.2675,2
interrelationship,0.265,4
unrelated,0.2625,3
calendar,0.2575,7
medial,0.35,0
lady,0.405,1
copper,0.6775,7
throttle,0.6775,7
chloride,0.3475,0
genitourinary,0.395,0
throat,0.395,0
manmade,0.4575,0
frederick,0.5225,6
cow,0.405,1
concertation,0.41,7
motility,0.2425,7
remind,0.4,1
vendor,0.3125,2
converting,0.465,0
nipple,0.465,0
kliegman,0.5225,6
hate,0.37,1
intuitively,0.405,1
consequently,0.455,0
subfertile,0.445,0
equilibrium,0.3325,3
oncology,0.2225,4
transplantation,0.2225,4
pruritus,0.33,3
strictly,0.37,5
cluster,0.3425,4
phrase,0.34,4
a&e,0.3025,0
hub,0.38,0
blum,0.5225,6
customer,0.34,2
overwhelmingly,0.3375,3
random,0.345,2
satisfied,0.345,2
zitti,0.395,1
winter,0.205,0
dense,0.6725,7
proportional,0.675,7
city,0.3175,5
dl.436,0.355,3
specify,0.3575,3
anaphylactic,0.355,2
anaphylaxis,0.3325,2
iodothyronine,0.3475,0
sarcopenia,0.3775,4
deposit,0.25,4
lightheadedness,0.2875,4
apigenin,0.6625,7
quercetin,0.4775,7
flavonoid,0.4775,7
hopeful,0.4025,1
tonsil,0.425,0
offset,0.405,1
toxic,0.4475,0
horizon,0.3925,1
surprise,0.385,0
suppository,0.33,3
alprostadil,0.33,3
worldwide,0.6575,7
metros,0.295,4
ashwagandha,0.6775,7
suck,0.3875,1
mill,0.4025,1
subpar,0.39,1
tri,0.3475,0
fish,0.6775,7
bacterial,0.4475,0
viral,0.4475,0
asmh,0.415,8
tongue,0.33,3
rage,0.39,0
beginning,0.285,7
cuff,0.2925,2
photo,0.38,1
chat,0.34,3
pricing,0.3425,3
pan,0.6775,7
sale,0.41,7
guilt,0.3775,4
hopelessness,0.3775,4
afterthought,0.3875,1
busy,0.4025,1
noninvasive,0.305,3
clarify,0.33,5
segue,0.405,1
conventional,0.38,4
underestimate,0.38,4
swap,0.6775,7
settle,0.3475,0
engineer,0.37,1
microsurgery,0.32,0
newsroom,0.385,0
transparency,0.38,0
map,0.385,0
capable,0.405,1
jack,0.405,1
honestly,0.405,1
objectively,0.405,1
myotonic,0.4475,0
dystrophy,0.4475,0
flag,0.39,1
belief,0.295,3
mistaken,0.265,4
abstract,0.305,6
rekindling,0.3825,4
canary,0.3525,4
coal,0.3525,4
collection,0.3025,4
sick,0.35,6
falsely,0.4,1
unavoidable,0.375,1
nourish,0.295,4
cultivate,0.295,4
maximal,0.33,3
men.438,0.32,2
proxy,0.3525,2
coughing,0.3175,2
assistive,0.33,3
sharpen,0.3775,4
specificity,0.295,3
bundle,0.3425,2
starter,0.345,2
aversa,0.525,6
ban,0.355,2
remote,0.335,2
remotely,0.3325,2
cyp3a4,0.46,0
confidently,0.2475,4
hesitation,0.2425,4
personalised,0.34,2
premium,0.3775,2
determinant,0.405,8
"described.446,447",0.32,3
rita,0.15,5
24emory,0.375,0
emory,0.37,0
kaminetsky,0.3325,2
months.447,0.35,2
sather,0.15,5
finder,0.38,0
karyotype,0.4475,0
calculator,0.315,4
overestimate,0.3175,4
flip,0.26,7
fortify,0.255,7
extensively,0.2025,0
peer,0.2825,6
partly,0.325,4
dan,0.3025,6
minutes.438,0.32,2
displacement,0.33,3
editor,0.3675,5
dissolve,0.33,3
adhere,0.33,3
al.446,0.3325,2
flatten,0.3775,4
cad,0.2725,4
death.64,0.3375,3
dyslipidemia,0.2775,0
adjusted).446,0.3175,3
altitude,0.27,1
effects:-,0.445,0
polycythaemia,0.38,0
registered,0.3725,4
exert,0.41,0
gerontology,0.37,5
surrounding,0.335,4
foretell,0.3525,4
nicolas,0.3575,4
adenomas,0.4475,0
craniopharyngioma,0.4475,0
girl,0.4525,0
menstruate,0.4575,0
hoop,0.3125,2
jump,0.335,0
joseph,0.365,5
interrelated,0.3725,4
lifesave,0.365,4
https://www.uptodate.com/contents/search,0.43,6
ache,0.375,4
stiffness,0.375,4
constipation,0.375,4
perseverance,0.33,3
1688%—a,0.3675,1
fold,0.3575,1
hypothalamicpituitary,0.4475,0
levels.6,0.3275,2
dinner,0.6775,7
discharge,0.45,0
milky,0.4475,0
metered,0.33,3
impairment,0.34,0
leproult,0.3725,5
rachel,0.3725,5
generous,0.275,5
wane,0.2775,3
angiography,0.3425,3
tag,0.2775,4
michelle,0.29,4
rapport,0.405,1
asynchronous,0.4025,1
diwan,0.24,5
linger,0.24,3
intelligence,0.23,9
"changes.5,16",0.3775,4
commences.2,0.34,3
"deficient,2",0.34,3
kovler,0.345,5
laugh,0.4025,1
christian,0.515,6
tea,0.6775,7
deserve,0.3125,5
crack,0.405,1
burns,0.305,5
terminally,0.3075,5
beach,0.275,5
generative,0.23,9
anomaly,0.2875,5
craniofacial,0.2875,5
mateusz,0.37,5
angry,0.245,0
outburst,0.2125,4
constitutional,0.4475,0
skeletal,0.4625,0
gary,0.41,5
ashkenazi,0.285,2
jews,0.285,2
immunology,0.3075,5
bulge,0.355,1
adipose,0.45,0
"tissue.44,45",0.45,0
transmittable,0.4625,0
uti,0.4625,0
misunderstood,0.3125,2
seldom,0.3125,3
budget,0.33,3
dryness,0.45,0
vaginal,0.45,0
outlook,0.39,0
prognosis,0.445,0
levothyroxine,0.4425,0
underactive,0.445,0
extremity,0.4525,0
temporarily,0.455,0
stone,0.35,4
blair,0.3425,5
oyetewa,0.3425,5
unexpected,0.305,9
systematically,0.3325,3
radiology,0.2275,4
compromise,0.3225,0
deprive,0.3225,0
sponge,0.315,1
sublingual,0.36,4
bloat,0.3925,0
script,0.35,1
kumar,0.4475,0
nursing,0.4475,0
holahan,0.37,5
tolerable,0.5925,7
embolism,0.46,0
lodge,0.46,0
uchicago,0.235,5
legume,0.6775,7
distressing,0.405,1
indoor,0.405,1
fatiguability,0.3275,4
randomization,0.3575,3
classify,0.4,0
"lh).5,6,12",0.4125,0
efficient,0.33,3
tremendously,0.34,3
pelvis,0.225,4
cited,0.3725,5
subclinical,0.4475,0
fellow,0.37,5
rhythmical,0.3025,3
gomez,0.375,4
satisfy,0.235,1
century,0.405,1
fountain,0.405,1
fenugreek,0.64,7
donor,0.3325,3
jury,0.4075,0
elixir,0.405,1
scopus,0.3475,3
vocabulary,0.3475,3
teenage,0.4525,0
dearborn,0.3025,5
detroit,0.3025,5
gastroenterology,0.285,5
"steroids.42,43",0.415,2
paternal,0.385,0
organic,0.385,0
prohibit,0.2275,9
dermatologist,0.3425,5
prophylactic,0.27,2
uncompromised,0.195,4
abundant,0.6075,7
cocoa,0.6775,7
czub,0.3725,5
venkataramany,0.3725,5
dish,0.6775,7
swallow,0.33,3
trail,0.33,3
learning,0.465,6
lure,0.405,1
triiodothyronine,0.4475,0
inexpensive,0.405,1
perth,0.3725,5
infographic,0.385,1
november,0.3875,1
hypo,0.4475,0
oversee,0.3475,3
legally,0.345,3
breakup,0.36,1
rough,0.345,4
study.29,0.3425,3
bail,0.405,1
hassle,0.405,1
freedom,0.335,3
prohibitively,0.32,3
nationwide,0.2625,0
vitaility,0.235,5
attitude,0.29,4
20s-30s,0.2225,1
hormones,0.265,4
physiologically,0.2975,1
reintroduction,0.3,2
ethnic,0.355,3
geographic,0.35,3
speculate,0.3625,5
susceptible,0.4625,0
prostatectomy,0.28,2
radical,0.2725,0
detach,0.33,3
swimming,0.33,3
akhil,0.245,3
employ,0.3375,5
eater,0.395,1
intuitive,0.365,1
vanity,0.405,1
nocturnal,0.305,4
endorphin,0.3475,0
genitalia,0.525,0
totally,0.405,1
antifungal,0.4425,0
thyrotropin,0.4475,0
inbody,0.34,2
ophthalmology,0.37,5
employee,0.4025,4
barat,0.365,5
thrilled,0.2875,5
emasculating,0.405,1
contributor,0.275,5
benchmark,0.3425,2
scanner,0.34,2
deteriorate,0.41,4
tour,0.3825,1
breakfast,0.6775,7
holy,0.405,1
undergraduate,0.365,5
unveil,0.365,5
data,0.445,0
ebb,0.4425,0
match,0.3325,3
nosebleed,0.33,3
bennett,0.3375,5
booming,0.405,1
rush,0.35,1
vigen,0.3425,3
inexperienced,0.325,3
infrequently,0.3275,3
zit,0.33,3
sears,0.405,1
singpiel,0.405,1
floor,0.37,5
tongkat,0.4725,7
september,0.3925,1
hepatitis,0.4,8
pome,0.335,2
doc,0.405,1
cheek,0.33,3
spouse,0.405,1
hopefully,0.395,1
olive,0.6775,7
committee,0.35,3
pgc,0.2875,3
organization,0.52,6
pack,0.33,3
nurse,0.3825,0
cochrane,0.3475,3
kilogram,0.405,1
siri,0.405,1
vasectomy,0.235,0
indexed,0.3475,3
ovid,0.3475,3
facebook,0.405,1
icon,0.405,1
republican,0.2875,5
acid,0.415,0
relaxed,0.285,0
ucla,0.3725,5
acerus,0.36,5
crash,0.405,1
artificial,0.23,9
intranasal,0.33,3
robertson,0.5175,6
adolescent,0.2975,5
narrow,0.3175,0
progression,0.3675,2
county,0.3425,0
pcv,0.375,2
embryo,0.27,1
garcia,0.2075,1
south,0.37,5
bound,0.36,0
magnesium,0.6775,7
kian,0.2725,5
usc,0.285,5
biotin,0.365,1
sulphate,0.3525,1
chocolate,0.6775,7
paladin,0.36,5
stimulus,0.525,6
salad,0.6775,7
bruising,0.33,3
lightheaded,0.33,3
surprised,0.405,1
nation,0.32,5
ncbi.nlm.nih.gov,0.525,6
avocado,0.6775,7
disruption,0.4475,0
flavor,0.6775,7
sauté,0.6775,7
officially,0.34,3
dessert,0.6775,7
jones,0.405,5
shop,0.405,1
town,0.405,1
neutral,0.3425,3
pmc,0.525,6
digestion,0.4625,0
temperature,0.4625,0
infiltrative,0.4475,0
keck,0.31,5
mary,0.3575,5
stevens,0.3625,4
force,0.265,1
mulhall,0.4975,6
trost,0.505,6
reviewer,0.15,5
fear,0.405,1
problematic,0.295,2
outpatient,0.3325,5
monocyte,0.325,0
neutrophil,0.325,0
lymphocyte,0.325,0
allicin,0.25,7
semaglutide,0.3925,0
tirzepatide,0.3825,0
student,0.365,5
property,0.2775,0
basophil,0.325,0
striant,0.33,3
eosinophil,0.325,0
explanation,0.32,4
healthful,0.2875,4
complain,0.3875,0
notion,0.235,5
covid,0.4025,8
vaccine,0.3975,8
surveillance,0.3375,3
perimenopause,0.385,0
neck,0.4475,0
mobility,0.335,0
unaddresse,0.465,0
york,0.3425,5
selenium,0.6775,7
display,0.1975,4
trt.â,0.275,4
assistance,0.365,0
inquiry,0.3,3
rice,0.6775,7
bread,0.6775,7
peter,0.52,6
joke,0.4025,1
cloudy,0.3475,4
law,0.405,1
march,0.5225,6
clotting,0.455,0
thicken,0.465,0
confirmation,0.3375,3
counterintuitive,0.2875,0
traish,0.5225,6
statin,0.275,8
aspirin,0.305,8
ankle,0.465,0
fortunately,0.2925,2
zitzmann,0.5225,6
profound,0.3775,2
continuously,0.3325,3
messy,0.33,3
15nmol,0.3,2
legitimate,0.375,0
sustanon,0.33,3
auchus,0.5225,6
ronald,0.5225,6
metabolite,0.435,0
equivocal,0.3425,2
kopp,0.5225,6
rosen,0.5225,6
dialysis,0.33,3
lay,0.405,1
promptly,0.32,4
lunch,0.6775,7
metab,0.525,6
confound,0.3475,2
goldfine,0.5225,6
art,0.37,5
august,0.525,6
october,0.525,6
opin,0.525,6
damaging,0.34,4
eur,0.525,6
nut,0.6775,7
output,0.4425,0
unsatisfactory,0.4425,0
hydroxylase,0.4475,0
partial,0.4475,0
availability,0.365,3
outpace,0.2075,0
window,0.315,3
agreement,0.3625,2
edge,0.335,2
suitability,0.3125,3
bidirectional,0.4475,0
mechanistically,0.45,0
aromatization,0.4525,0
worthwhile,0.3,4
consent,0.2575,2
bean,0.6775,7
automatically,0.3525,1
unlock,0.295,4
intact,0.2675,1
permanently,0.2725,1
lipoderm,0.33,3
fig,0.4475,0
pulsatile,0.4475,0
familiar,0.4,1
urination,0.465,0
contrary,0.225,7
isolate,0.4475,0
merkle,0.4475,0
disciplinary,0.3675,5
urmc,0.365,5
span,0.525,6
dental,0.2575,4
supraphysiological,0.455,0
wire,0.3075,1
impaired,0.4475,0
infer,0.445,0
ed).52,0.3475,3
phosphodiesterase,0.31,3
voiding,0.3025,4
resolution,0.4225,6
altogether,0.1725,4
complimentary,0.39,2
frame,0.245,3
preferred,0.3225,3
wonderful,0.27,5
manifestation,0.355,3
dna,0.4425,8
excessively,0.2875,1
bespoke,0.3225,2
control=,0.295,2
textbook,0.5225,6
confusing,0.31,4
mellitus,0.4525,0
threaten,0.3175,3
nebido,0.33,3
boil,0.24,7
blockage,0.28,3
viscosity,0.33,3
thromboembolic,0.2825,0
upset,0.4625,0
glycemic,0.35,3
azoospermia,0.4575,0
venesection,0.3525,1
interpreter,0.385,0
valet,0.385,0
membership,0.325,4
global,0.3125,0
quizby,0.37,0
copyright,0.37,5
vial,0.33,3
cushe,0.4475,0
hyperprolactinemia,0.4475,0
overload,0.4475,0
priority,0.3025,4
cortex,0.4525,0
sep,0.5125,6
testament,0.385,2
commission,0.38,2
founder,0.375,2
hypopituitarism,0.4475,0
sport,0.3,1
breadcrumb,0.3825,0
mychart,0.3775,0
variance,0.35,3
expand,0.3725,0
asian,0.525,6
pace,0.405,1
polypharmacy,0.3775,0
awkward,0.39,1
classmate,0.48,0
ferritin,0.3475,0
assure,0.29,2
lover,0.375,1
notable,0.3375,2
orchitis,0.4475,0
customise,0.32,2
utilise,0.355,0
diverse,0.3425,3
trade,0.3225,3
fibrous,0.325,0
60s,0.3625,3
idiopathic,0.33,3
med,0.51,6
blue,0.3775,4
sad,0.3775,4
halting,0.2925,1
anorchia,0.4475,0
navigation,0.385,0
retina,0.445,0
avenue,0.37,5
gutter,0.4025,1
inspire,0.27,5
traction,0.3375,3
carb,0.6775,7
devastating,0.375,4
cocaine,0.4475,0
impairs,0.4475,0
reporting,0.34,3
mindset,0.29,4
bupki,0.405,1
brannigan,0.5075,6
amend,0.4025,1
cry,0.405,1
movie,0.405,1
upside,0.3675,4
parasympathetic,0.305,4
memorial,0.37,5
quiet,0.4075,1
silent,0.3875,0
inter,0.37,2
kyzatrex,0.33,3
conaway,0.38,5
springfield,0.38,5
brenda,0.38,5
bodybuilder,0.45,0
breathe,0.41,0
intermittently,0.41,0
oxidative,0.47,7
salivary,0.5375,7
alternatively,0.3175,2
omega-3,0.255,3
sized,0.295,2
dugdale,0.38,5
likewise,0.4025,2
flight,0.3025,4
homeostasis,0.3175,3
epic,0.405,1
favorite,0.405,1
https://my.clevelandclinic.org/health/articles/24101-testosterone,0.4875,6
inhibitory,0.46,0
apparently,0.405,1
bullet,0.405,1
favorable,0.35,3
suspicion,0.445,0
inaccurate,0.365,2
medicate,0.275,3
portion,0.6775,7
teach,0.4,1
cellular,0.5225,6
cascade,0.4525,0
expected,0.4575,0
situate,0.4375,0
indirect,0.265,4
interconnect,0.37,4
sodium,0.32,0
unmask,0.4425,0
apnoea,0.43,0
wary,0.6775,7
erroremail,0.24,0
errorinclude,0.24,0
preview,0.24,0
existing,0.34,3
irrespective,0.3125,3
undeconate,0.33,3
frog,0.4025,1
athletic,0.655,7
san,0.37,5
holiday,0.3425,1
jordan,0.405,1
nutritionist,0.405,1
tuberculosis,0.385,8
clan,0.405,1
imply,0.405,1
varied,0.35,3
debunk,0.3425,1
erythema,0.33,3
elect,0.3175,3
committed,0.2375,5
innovate,0.2875,5
dampen,0.41,0
loose,0.46,0
faculty,0.3375,1
meeting,0.2325,3
outer,0.33,3
emotionally,0.3675,0
alex,0.405,1
incomplete,0.4625,0
labcorp,0.49,6
honoraria,0.36,5
sickle,0.4475,0
thalassemia,0.4475,0
symptomatically,0.3375,3
chart,0.3875,1
native,0.405,1
groin,0.4475,0
hernia,0.4475,0
denote,0.325,0
required,0.325,0
crystallised,0.6675,7
needless,0.33,3
shallow,0.33,3
arterial,0.3725,4
penetrate,0.33,3
pharmacist,0.33,3
massachusetts,0.3975,6
drag,0.405,1
merschel,0.2925,4
michael,0.3575,5
absorbable,0.33,3
depot,0.33,3
excerpt,0.39,2
preferably,0.315,2
axilla,0.33,3
protective,0.525,6
modifiable,0.3875,1
miniaturization,0.46,0
visible,0.4625,0
genetically,0.45,0
differential,0.35,3
subjective,0.345,3
"td5,7",0.3125,3
regenerate,0.28,4
explanatory,0.4425,0
cease,0.445,0
hump,0.405,1
parallel,0.405,1
raloxifene,0.41,0
prediabete,0.295,2
comorbiditie,0.325,2
concomitant,0.2775,2
changeable,0.3375,4
overcome,0.2825,2
orally,0.3325,3
palatable,0.33,3
correspond,0.34,4
academy,0.52,6
odd,0.3425,3
measured,0.32,3
inquire,0.355,4
productsprp,0.31,4
promising,0.31,4
dramatically,0.3425,3
inconsistence,0.35,3
testosterone.you,0.46,0
afternoon,0.28,3
don’t,0.4075,1
silence,0.4,1
emphasize,0.205,3
clothing,0.33,3
"men.29,32",0.3425,3
doi:10.7326,0.52,6
m19,0.52,6
allegiance,0.385,3
exacerbate,0.345,0
sebaceous,0.3275,0
accomplish,0.405,1
halfway,0.405,1
expertly,0.3375,3
startedpatient,0.3375,3
collaborate,0.5175,7
contributing,0.29,4
dot,0.2525,1
coach,0.365,0
fiber,0.6775,7
androstenedione,0.4475,0
dheas,0.4475,0
debilitate,0.38,4
evolutionary,0.3725,4
penetration,0.33,3
abbvie,0.36,5
clitoris,0.4575,0
consultant,0.36,5
prick,0.33,3
throb,0.33,3
annal,0.52,6
fraction,0.33,3
unused,0.33,3
histiocytosis,0.4475,0
brief,0.3375,3
physique,0.3725,4
communicate,0.3575,1
identification,0.3225,2
improvement.297,0.345,3
yield,0.345,3
beneath,0.2775,2
political,0.2475,5
iief,0.36,3
meaningful,0.2925,3
pillar,0.28,4
multidisciplinary,0.31,3
quest,0.3825,2
pint,0.325,3
remarkable,0.31,5
north,0.37,5
gonadotrophin,0.4475,0
letter,0.295,2
zone,0.3875,1
understandably,0.4575,0
endo,0.36,5
mislead,0.405,1
overlook,0.3775,4
elimination,0.4125,0
mode,0.3025,4
acceptable,0.405,1
regime,0.3025,3
transitory,0.3125,3
privacy,0.38,0
individualised,0.33,3
identifiable,0.4075,1
nodule,0.4475,0
m.s,0.5225,6
literally,0.405,1
troublesome,0.4625,0
anorexia,0.4475,0
sperate,0.32,2
orchiectomy,0.4475,0
contemporary,0.3525,3
spirit,0.4025,3
unavailable,0.32,3
sterile,0.385,1
triale,0.4,1
biomarker,0.3,2
genotype,0.245,2
vacuum,0.33,3
exclusion,0.3325,3
questionnairetestosterone,0.335,2
skewed,0.4425,7
geriatricians,0.3675,3
psychiatrist,0.3375,3
casual,0.4,1
code,0.2975,2
mask,0.33,0
emas,0.315,3
lcms,0.33,2
relaxing,0.355,3
tampa,0.355,3
spatial,0.525,6
verbal,0.32,4
analyte,0.3425,3
constitute,0.315,5
resemble,0.375,4
classification,0.3625,3
comprise,0.365,3
discouraged,0.285,3
unregulated,0.2425,3
urethra,0.3375,3
trick,0.425,1
misleading,0.3575,0
unhelpful,0.3525,0
multifactorial,0.2625,4
raisin,0.405,1
jointly,0.34,2
proportionally,0.3575,3
sciences,0.405,1
rrr,0.3425,3
chen,0.43,0
demographic,0.365,3
offspre,0.32,3
norm,0.2525,4
keyword,0.3475,3
intervene,0.365,1
reinforce,0.4275,4
seamless,0.3625,3
intratesticular,0.4525,0
contentment,0.325,4
opiate,0.4475,0
painkiller,0.4475,0
toxicity,0.33,3
anaemia,0.4575,0
citation,0.35,3
confused,0.405,1
secret,0.385,7
accidental,0.415,8
counselling,0.415,8
goodbye,0.19,1
psychologist,0.18,1
mhc,0.33,7
miller,0.4075,1
sydell,0.405,1
antagonist,0.4475,0
shave,0.405,1
wolf,0.4075,1
anterior,0.4475,0
prolactinoma,0.4475,0
pin,0.4025,1
reputable,0.355,2
naturopathic,0.405,1
medline,0.35,3
stream,0.31,9
nervosa,0.4475,0
powerful,0.31,9
urine,0.285,3
boom,0.405,1
jolt,0.3225,1
hopkins,0.365,4
obgyn,0.405,1
tuning,0.33,3
fatal,0.3425,3
mindful,0.2925,4
potent,0.29,0
corticosteroid,0.33,0
prednisolone,0.2975,2
"levels.5,6,12",0.34,3
ucsf,0.32,5
pronounced,0.335,0
energetic,0.3225,1
lustful,0.3175,1
component,0.46,7
incompletely,0.2525,1
overlap,0.275,4
arash,0.205,2
nayeri,0.2125,2
efficiency,0.27,4
prompt,0.4375,0
generalizability,0.34,3
weakening,0.3775,4
burnett,0.375,3
heighten,0.325,2
varying,0.3425,2
viable,0.355,3
stabilization,0.305,4
lining,0.33,3
endeavor,0.215,7
meantime,0.27,2
psychology,0.3325,5
buffer,0.455,0
glycoprotein,0.46,0
misdiagnose,0.35,3
explicitly,0.3325,3
magnitude,0.3425,3
certainty,0.3425,3
nomenclature,0.3425,3
spark,0.2775,3
stagnant,0.3425,3
lisa,0.365,5
arthritis,0.255,4
lesser,0.465,0
achievement,0.345,1
tertile,0.3475,3
means,0.29,4
sexy,0.3325,0
insufficiency,0.4475,0
turner,0.4475,0
decreased,0.3575,2
bell,0.41,0
kick,0.405,1
malnutrition,0.4475,0
mobile,0.36,0
serotonin,0.435,0
facsm,0.3425,5
ph.d,0.345,5
securely,0.3775,0
darn,0.405,1
massive,0.4525,0
thromboembolism,0.325,2
raw,0.4225,3
affiliation,0.2175,3
grumpy,0.3775,4
enjoyment,0.3775,4
moderately,0.3725,3
walking,0.3775,4
short-,0.33,3
trans,0.33,3
drinking,0.2975,0
substantially,0.355,0
acuity,0.3775,4
functioning,0.3725,4
michigan,0.355,5
cultural,0.2925,4
"potential.5,6,33,35,36",0.33,3
pdf,0.145,5
rochester,0.37,5
grant,0.36,5
cohort,0.355,3
prospective,0.34,3
spinach,0.6775,7
language,0.2225,9
arousal,0.39,4
domain,0.3775,4
inverse,0.365,2
west,0.355,5
discovery,0.2825,5
speaker,0.36,5
orgasm,0.385,4
ais,0.4425,0
urea,0.3475,0
poisoning,0.405,1
curious,0.405,1
survival,0.2375,4
successfully,0.2975,4
excrete,0.445,0
c2025,0.4925,6
https://my.clevelandclinic.org/health/diseases/24897-low-testosterone-in-woman,0.4925,6
hct,0.36,3
sensible,0.345,2
pregnancy,0.2225,4
quantitative,0.335,3
nissen,0.5225,6
officer,0.39,1
constant,0.37,1
ill,0.2675,5
intubation,0.3025,1
a.d.a.m,0.3675,5
gap,0.5225,6
management.4,0.3775,3
buildup,0.235,4
wash,0.33,3
snore,0.4575,0
trucker,0.405,1
chair,0.36,5
peptide,0.34,0
container,0.33,3
car,0.405,1
vein,0.33,3
ali,0.4,6
cotton,0.33,3
timely,0.345,4
trajectory,0.3675,4
fatigued,0.405,1
plastic,0.2225,0
party,0.2125,9
expectancy,0.2925,1
causation,0.35,3
hmg,0.4,1
substitute,0.29,3
disturb,0.3775,4
beware,0.4075,1
buyer,0.4075,1
client,0.3025,4
smooth,0.33,3
asempa,0.3425,5
tremendous,0.31,9
urol,0.5225,6
subcutaneously,0.33,3
band,0.3325,3
approval,0.33,3
compete,0.36,5
heat,0.6725,7
entirely,0.395,1
youthful,0.2575,1
readily,0.455,7
suicide,0.4025,1
emphasis,0.3275,4
influencer,0.3675,4
class,0.36,1
spread,0.33,3
tamoxifen,0.445,0
melme,0.5225,6
impression,0.405,1
layperson,0.405,1
selection,0.3075,3
hirsutism,0.455,0
williams,0.5225,6
throw,0.405,1
deem,0.4125,2
terrifying,0.405,1
vulnerable,0.405,1
funding,0.305,3
donation,0.42,2
fellowship,0.2275,4
exception,0.34,2
oppose,0.405,1
bariatric,0.4425,0
skull,0.4375,0
heterogeneity,0.34,3
generate,0.34,3
columbia,0.375,5
conservative,0.2875,4
musi,0.395,1
suite,0.37,5
rank,0.295,5
priapism,0.2525,3
embase,0.3475,3
prolong,0.3275,4
worsening,0.375,4
considerable,0.35,3
jama,0.2175,3
randomized,0.2575,3
mail,0.405,1
living,0.38,3
fibrillation,0.3025,2
peyronie,0.3325,3
waste,0.3225,1
duke,0.3325,3
dictate,0.395,1
doubt,0.39,1
androderm,0.33,3
edit,0.525,6
tailored,0.31,3
vancouver,0.375,5
spironolactone,0.4525,0
vast,0.405,1
ranges.13,0.34,3
spine,0.2275,4
respiratory,0.2275,4
comparable,0.36,0
mace,0.3425,3
formulate,0.325,3
fetus,0.4525,0
relevance,0.34,3
statistical,0.3425,3
maker,0.3425,3
preliminary,0.35,3
maturation,0.4475,0
actively,0.215,4
doorstep,0.305,3
undert,0.245,0
valuable,0.4975,7
heal,0.3075,4
mrcgp,0.27,5
hairy,0.4025,0
minimally,0.3325,3
calibrate,0.3175,2
willing,0.405,1
dip.fipt,0.2725,5
apr,0.525,6
supportive,0.3325,2
morgentaler,0.36,5
qol,0.3625,3
meaning,0.3175,3
standalone,0.405,1
realistic,0.3875,1
simplification,0.25,3
triple,0.34,3
q&a,0.3625,3
introduction,0.365,3
amalgamation,0.3425,3
significance,0.335,3
star,0.385,1
statistically,0.345,3
corona,0.5275,6
european,0.52,6
government,0.4375,2
reclaim,0.3175,5
"infertility.33,34",0.2375,2
survey,0.36,3
billboard,0.405,1
taper,0.3425,2
tapering,0.2725,3
phd,0.3425,5
responsibility,0.385,0
https://www.womenshealth.gov/a-z-topics/polycystic-ovary-syndrome,0.385,6
generation,0.3125,4
ton,0.4225,1
blunt,0.4575,0
model,0.23,9
globally,0.38,2
specialise,0.3775,2
carter,0.3625,0
precise,0.4625,0
pregnancy.34,0.4475,0
carrier,0.36,5
vardenafil,0.3325,3
staff,0.395,1
friendly,0.23,2
indication.1,0.3525,3
vision,0.3275,0
chromosomal,0.4475,0
similarly,0.4475,0
spectrum,0.2625,5
atrial,0.31,2
chain,0.4525,0
timed,0.33,3
plethora,0.41,1
seriously,0.4075,1
modern,0.325,0
wellbee,0.3775,4
activate,0.3225,3
submit,0.3825,1
manif,0.34,3
houston,0.3725,5
preventive,0.285,5
reversal,0.3475,0
immunoassay,0.345,3
hitter,0.405,1
sweet,0.405,1
lie,0.3675,4
inclusion,0.34,3
nelson,0.52,6
topically,0.33,3
ducharme,0.345,4
accordingly,0.3675,0
brings,0.2825,0
distinct,0.335,3
chicago,0.3525,5
broderick,0.3775,4
gregory,0.28,0
breath,0.365,4
breakout,0.1525,8
perceive,0.3025,4
somewhat,0.3275,4
shortness,0.365,4
"n=37,565",0.3375,3
indication,0.34,3
january,0.35,3
largely,0.3175,4
labeling,0.34,3
venous,0.3125,2
androgens,0.45,0
ground,0.31,5
react,0.36,0
foetus,0.4375,0
undescended,0.4475,0
aesthetic,0.32,4
undesirable,0.32,4
boston,0.36,5
ultimate,0.355,5
courtesy,0.145,5
advisable,0.1875,1
automatic,0.375,4
independence,0.375,4
masculinize,0.46,0
accredited,0.355,3
internationally,0.335,5
coordinate,0.3625,5
gmt+0000,0.3625,5
checkup,0.3825,0
delphi,0.36,3
principle,0.3275,3
cuban,0.3925,1
sarcoidosis,0.4475,0
query,0.2725,3
relax,0.2925,0
byproduct,0.3725,4
suboptimal,0.2525,2
absent,0.4475,0
haemochromatosis,0.4475,0
qaseem,0.425,6
oct,0.3625,5
affiliate,0.405,1
institution,0.405,1
thereafter.438,0.3325,3
studies.438,0.33,3
kit,0.315,2
bet,0.405,1
dripping,0.355,4
smell,0.4475,0
expansion,0.3525,4
internist,0.405,1
perfectly,0.405,1
quantify,0.345,3
airflow,0.2525,0
continuous,0.29,0
hang,0.405,1
machine,0.225,9
cpap,0.3025,0
liter,0.35,3
nanomole,0.35,3
nowadays,0.405,1
strengthen,0.375,4
behaviour,0.3125,0
affordable,0.5175,7
landscape,0.33,3
e235,0.38,3
peace,0.3775,1
stressor,0.335,4
divide,0.2725,2
maturity,0.3075,7
adopt,0.3725,7
seed,0.6775,7
sharpness,0.36,4
thrive,0.3725,1
tension,0.3325,3
australia,0.375,5
steve,0.3825,1
regiman,0.3875,7
orthopaedic,0.2225,4
traumatic,0.4475,0
steven,0.385,1
induce,0.3075,0
midsection,0.455,0
cope,0.2625,1
occurrence,0.305,2
registration,0.3925,2
amazing,0.405,1
capacity,0.3775,4
eligibility,0.36,3
affected,0.4025,2
fulfilling,0.3975,2
pubmed,0.3475,3
respect,0.3425,3
unusually,0.345,3
clarification,0.36,3
express,0.3975,1
innovative,0.3675,5
solid,0.3225,4
entry,0.3125,0
randomly,0.24,3
african,0.345,3
americans,0.3525,3
pubertal,0.265,0
buzzsprout,0.4075,1
spotify,0.4075,1
addict,0.4075,1
barely,0.4525,0
limb,0.4575,0
pcp,0.405,1
embrace,0.4425,0
feat,0.2775,1
partnership,0.315,3
yale,0.3725,5
happiness,0.375,4
nutshell,0.33,1
bullock,0.365,5
sustain,0.33,3
resubmit,0.2175,0
dhaliwal,0.5225,6
publishing,0.52,6
nuance,0.405,1
parse,0.405,1
ring,0.33,3
delicate,0.335,3
silver,0.5175,6
cautious,0.3775,2
perelman,0.3825,6
terrific,0.4075,1
float,0.3875,1
cialis,0.3325,3
anticonvulsant,0.4475,0
prednisone,0.4475,0
room,0.405,1
helps,0.3775,4
virus,0.4475,0
undescende,0.4475,0
package,0.2925,2
refined,0.6775,7
thyroxine,0.3775,0
multimedia,0.36,3
cardioprotective,0.32,0
erect,0.4425,0
hesitant,0.405,1
estimated,0.3075,2
unnoticed,0.3475,2
extend,0.335,0
pressing,0.3475,0
intensive,0.28,1
awkwardness,0.405,1
shame,0.405,1
itching,0.33,3
supra,0.3275,3
highest,0.3025,2
individually,0.405,2
shy,0.4,1
basket,0.405,1
sandeep,0.3825,5
morbidity,0.1825,2
propecia,0.4625,0
appendix,0.35,3
exhibit,0.3575,4
prostatespecific,0.395,0
psychiatry,0.3525,5
disability,0.3425,3
discretionary,0.3425,3
incontinence,0.465,0
resection,0.465,0
alcoholism,0.4475,0
hemodialysis,0.4475,0
reasonably,0.3525,3
questionable,0.3575,7
legal,0.395,7
choy,0.4625,0
jeremy,0.4525,0
deepen,0.4575,0
shampoo,0.4625,0
textual,0.3175,1
transcription,0.32,1
cirrhosis,0.4475,0
interview,0.41,1
sadness,0.3775,4
levitra,0.3325,3
foam,0.4625,0
actuation,0.33,3
transmit,0.435,0
await,0.2625,2
cryptorchidism,0.4475,0
acoustic,0.2575,4
item,0.4125,8
shade,0.4,8
shall,0.405,1
optimally,0.27,4
delve,0.405,1
tidbit,0.405,1
revise,0.34,3
300s,0.405,1
discretion,0.405,1
regionally,0.335,3
downward,0.38,4
redundant,0.4475,0
faqs,0.375,1
quizget,0.3275,4
quiztestosterone,0.35,4
reflection,0.3,0
hardening,0.2425,4
narrowing,0.29,4
vigorously,0.305,0
render,0.3625,5
engaging,0.4075,1
immersive,0.4075,1
lump,0.455,0
unevaluated,0.4525,0
makeup,0.4475,0
placement,0.3275,3
antioxidant,0.475,7
sub,0.365,2
gauge,0.33,0
simplify,0.3275,2
sertoli,0.4475,0
airway,0.3425,0
proven,0.405,1
immunodeficiency,0.4475,0
accommodate,0.3625,2
operate,0.37,5
overwhelming,0.3775,4
characterize,0.3775,4
illustrate,0.385,1
individualize,0.3575,2
bioidentical,0.2625,4
edema,0.4625,0
noonan,0.4475,0
xxy,0.4475,0
contract,0.3575,5
dl.427,0.33,3
stem,0.3875,0
pennsylvania,0.37,5
recall,0.4475,0
verify,0.315,3
florida,0.2725,3
exacerbation,0.465,0
irritable,0.3775,4
customization,0.3575,3
flat,0.3375,3
admit,0.3625,5
gone,0.265,1
normalized,0.34,3
consciousness,0.3775,4
luckily,0.33,3
equivalent,0.3325,0
reproduce,0.295,4
phenomenon,0.3725,4
severely,0.3925,1
subscription,0.265,0
anger,0.3725,4
bill,0.3775,0
baumgarten,0.36,5
developmental,0.4475,0
chronology,0.3125,4
arise,0.345,3
distance,0.3775,4
arrive,0.3375,2
labwork,0.4375,2
borderline,0.4075,1
www.fda.gov/drugs/drug-safety-and-availability/fda-drug-safety-communication-fda-cautions-about-using-testosterone-products-low-testosterone-due,0.285,3
creams,0.3325,3
surgically,0.28,0
hereditary,0.435,0
myriad,0.4225,0
fantasy,0.355,4
drastic,0.3975,1
universally,0.4325,0
inconclusive,0.3225,3
fuel,0.295,4
marco,0.37,4
pahor,0.2625,4
triglyceride,0.4475,0
garlic,0.6775,7
lipoprotein,0.43,0
copy,0.285,1
fever,0.4475,0
eve,0.36,5
titration,0.3325,2
johns,0.35,4
mutation,0.4475,0
permit,0.3225,3
neurological,0.2275,4
cauter,0.3625,5
nonetheless,0.3425,3
manufacturer,0.34,3
intention,0.405,1
medicine.net,0.375,5
rehab,0.3475,7
restrict,0.3125,3
"levels.46,47",0.3225,0
overactive,0.465,0
die,0.3175,1
ventilator,0.285,2
wife,0.405,1
anonymity,0.405,1
ttrial,0.3725,5
illicit,0.4475,0
meikle,0.4475,0
instigator,0.3175,0
sinus,0.2475,5
directive,0.345,3
net,0.3575,2
tube,0.33,3
imaging,0.215,5
mris,0.42,0
scope,0.405,1
feb,0.5,6
visual,0.5225,6
inspiration,0.405,1
browse,0.21,2
established,0.3875,2
bed,0.405,1
producer,0.405,1
road,0.37,5
bladder,0.4625,0
gent,0.4075,1
mid,0.355,3
"recommendation).5,39",0.355,3
peterson,0.3725,3
herbal,0.28,2
remedy,0.345,1
madsen,0.405,1
image,0.4475,0
poke,0.33,3
meal,0.5975,7
hdl,0.4575,0
policy,0.385,0
dopamine,0.425,0
egg,0.6775,7
oyster,0.6775,7
nice,0.405,1
green,0.6775,7
khera,0.36,5
van,0.5075,6
database,0.3425,3
milk,0.4475,0
patience,0.24,4
reconfirm,0.62,7
circadian,0.3225,3
commercially,0.33,3
accuracy,0.3375,3
money,0.405,1
uncommon,0.37,4
starting,0.325,3
contraceptive,0.35,0
scar,0.3325,3
cunningham,0.5225,6
basically,0.405,1
authorship,0.365,3
fund,0.3175,3
qualitative,0.3625,0
intimate,0.33,3
distress,0.4625,0
bias,0.3425,3
asthma,0.2975,5
flu,0.3575,5
louis,0.37,5
synthesis,0.445,0
methotrexate,0.4575,0
perception,0.3275,1
earn,0.2375,4
hunt,0.21,4
masculinity,0.3725,4
interact,0.4325,1
ultrasound,0.405,1
elevation,0.26,0
accessible,0.3375,3
controversial,0.335,3
fair,0.355,2
bleed,0.31,3
empower,0.28,4
strict,0.375,2
accident,0.34,3
golden,0.3975,1
bhasin,0.5225,6
radial,0.405,1
monthly,0.3275,3
cutter,0.3375,3
cookie,0.3375,3
alarm,0.2975,7
wave,0.405,1
david,0.3775,5
takeaway,0.6775,7
historically,0.26,0
samplaski,0.3625,1
usual,0.4475,0
optimisation,0.2475,2
push,0.405,1
molecular,0.51,6
compassionate,0.3525,5
modest,0.3775,4
harmful,0.26,1
cold,0.3325,3
sweaty,0.3675,4
"levels.48,49",0.33,0
investigator,0.3625,5
abrupt,0.26,0
aggressive,0.4525,0
restriction,0.2225,0
waiting,0.3825,0
robert,0.5175,6
telehealth,0.2225,0
infertile,0.4525,0
yoga,0.295,4
cooney,0.5225,6
cecil,0.5225,6
game,0.3975,1
career,0.375,5
magnify,0.3425,3
meditation,0.3275,0
goldman,0.5225,6
emotion,0.3475,1
subset,0.405,1
electrolyte,0.3475,0
culture,0.405,1
newborn,0.2925,0
cerebrovascular,0.34,3
exhaust,0.405,1
infectious,0.245,4
cheap,0.405,1
intramuscularly,0.33,3
black,0.6775,7
hydrated,0.3275,2
fairly,0.41,1
microdosing,0.33,3
dig,0.405,1
multivitamin,0.2725,3
prasad,0.3175,3
implantable,0.33,3
long-,0.33,3
infant,0.4475,0
chief,0.23,5
nannan,0.3675,5
prioritise,0.3475,2
regulatory,0.39,2
compliance,0.42,2
align,0.3625,2
subjectively,0.3825,2
erythropoiesis,0.4575,0
mimicking,0.3175,3
arnold,0.365,5
obvious,0.355,4
normalise,0.37,4
frustrating,0.405,1
attest,0.405,1
nausea,0.3575,4
correlate,0.2675,3
promise,0.405,1
double,0.3575,2
participate,0.36,5
illegal,0.145,5
substantial,0.2775,1
pearlman,0.29,4
seattle,0.3225,0
midlife,0.2725,1
misunderstanding,0.3075,0
reliability,0.34,3
cutoff,0.3425,3
piece,0.265,2
puzzle,0.265,2
inevitable,0.335,4
senior,0.26,5
controversy,0.5,6
conformance,0.265,2
text,0.405,1
bald,0.4575,0
blog,0.3725,5
judgment,0.3425,3
thomas,0.395,1
divorce,0.34,1
ohio,0.4025,1
pharmacodynamic,0.33,3
likelihood,0.2425,4
scenario,0.3725,2
extrapolate,0.34,3
sonogram,0.4475,0
reader,0.3325,3
salt,0.3975,1
visitor,0.385,0
air,0.335,3
inadequacy,0.3775,4
streamlined,0.3325,3
temple,0.4525,0
howard,0.5225,6
hallmark,0.405,1
interrupt,0.4,0
colon,0.44,8
roughly,0.3275,3
clin,0.525,6
bajic,0.405,1
style,0.64,7
tact,0.335,1
accelerate,0.335,4
tricky,0.405,1
lotion,0.33,3
removal,0.385,0
mandate,0.3525,3
ignore,0.33,4
beauty,0.405,1
cinematography,0.39,1
citrate,0.44,0
beat,0.47,0
healthbeat,0.4625,0
anastrozole,0.445,0
skilled,0.3675,0
knowledgeable,0.265,2
ford,0.2975,5
hurt,0.4075,1
sterilization,0.4075,1
moment,0.405,1
followup,0.3275,3
fundamental,0.4275,6
proportion,0.3375,3
three-,0.33,3
cdc,0.33,2
website.11,0.34,3
structural,0.375,4
microdose,0.345,3
texture,0.33,3
etiology,0.3575,2
prolactinoma.6,0.315,2
preventative,0.64,7
950ng,0.35,2
rounded,0.315,5
pull,0.405,1
counterpart,0.325,3
hba1c,0.45,0
kim,0.405,1
manufacture,0.33,3
collectively,0.3525,3
pick,0.655,7
conserve,0.3575,2
median,0.3475,3
facilitate,0.305,2
adjunctive,0.34,3
adolescence,0.45,0
crucially,0.3275,3
normalization,0.3375,3
tightly,0.4175,0
implantation,0.3875,2
rollercoaster,0.41,0
bruise,0.33,3
soreness,0.33,3
fantastic,0.405,1
beautiful,0.4025,1
color,0.4125,8
adenoma,0.4475,0
bioavailability,0.4475,0
inevitably,0.35,4
thankfully,0.43,0
dietry,0.33,2
tackle,0.3675,5
translate,0.1375,9
constantly,0.4025,1
integral,0.285,0
enthusiasm,0.3775,4
matsumoto,0.5225,6
suddenly,0.405,1
determination,0.3425,0
eventually,0.4225,1
men.65,0.2975,4
suggestive,0.3075,4
apathy,0.3775,4
flexibility,0.3475,3
maximize,0.335,3
olympic,0.35,1
sweat,0.37,4
hypotension,0.4475,0
uncontrolle,0.4475,0
clickable,0.2375,5
stamp,0.2875,3
pandemic,0.2325,5
radiotherapy,0.435,0
flashy,0.3925,1
diminish,0.3775,4
lobido,0.3775,4
tale,0.405,1
catabolic,0.4025,0
commensurate,0.38,1
worsens,0.3575,4
miraculous,0.4025,1
breakage,0.33,3
climb,0.335,3
jim,0.405,1
viagra,0.3325,3
graph,0.41,8
congestion,0.33,3
feeble,0.37,4
brittle,0.3725,4
generic,0.33,3
applicable,0.41,8
montori,0.5225,6
poorly,0.4425,0
remains,0.3525,3
wear,0.405,1
inflammatory,0.4475,0
download,0.4075,1
suppresse,0.4475,0
agents.437,0.33,3
processing,0.525,6
hotale,0.4075,1
calm,0.395,0
apple,0.4075,1
td.5,0.33,3
undertake,0.335,3
"td.76,77",0.2525,4
iowa,0.3425,5
bodily,0.4225,0
doesnâ€tmt,0.3675,0
dl.181,0.33,3
weigh,0.355,1
sebum,0.46,0
excellent,0.245,3
firm,0.33,3
acknowledge,0.2225,3
known,0.37,4
ailment,0.2225,3
column,0.395,2
mess,0.4125,7
malaria,0.3375,0
knock,0.405,1
overuse,0.3925,0
armpit,0.3675,0
reap,0.4025,1
tune,0.4025,1
frank,0.405,1
firmly,0.3325,3
epidemiology,0.3775,3
propel,0.2975,5
torso,0.33,3
optimistic,0.2075,3
bottle,0.255,2
recommendation).5,0.3675,0
usable,0.4325,0
youth,0.3575,0
thoracic,0.4,1
ketoconazole,0.4625,0
incision,0.33,3
suppose,0.3825,1
mentally,0.3025,1
emergency,0.405,1
differ,0.4425,0
perspective,0.54,6
eds,0.5225,6
school,0.3725,5
community,0.355,5
flare,0.465,0
oily,0.465,0
gmc,0.2925,3
represent,0.35,3
doi,0.525,6
argument,0.405,1
genital,0.4525,0
endocrinol,0.525,6
default,0.33,3
friend,0.405,1
petar,0.405,1
virtual,0.3275,0
ancillary,0.335,3
convenience,0.2725,2
mistake,0.43,0
info,0.255,5
ear,0.4325,0
publication,0.355,3
detection,0.435,0
toxin,0.45,0
unusual,0.4525,0
chemistry,0.3675,5
parent,0.385,1
analogy,0.405,1
nail,0.405,1
mother,0.4425,0
battery,0.33,3
bothersome,0.405,1
aggression,0.2775,0
intercourse,0.4025,4
covid-19,0.2675,5
shrivel,0.4475,0
afterward,0.33,3
sting,0.33,3
mix,0.3975,1
objective,0.34,3
snyder,0.5225,6
smart,0.405,1
pmid,0.525,6
jorgez,0.3525,5
misconception,0.31,1
explosion,0.2825,2
athlete,0.4425,0
compensate,0.22,0
gabrielsen,0.3825,4
foot,0.4125,1
retain,0.4575,0
blend,0.3225,3
path,0.3775,4
glad,0.405,1
killer,0.405,1
prolonged,0.365,2
unfamiliar,0.3425,3
dietitian,0.35,7
plummet,0.4525,0
status,0.2275,1
specialty,0.35,5
workout,0.2375,7
arrange,0.34,2
counteract,0.375,4
upmc,0.3675,5
price,0.295,2
business,0.405,1
centre,0.2175,5
deprivation,0.37,0
tooth,0.33,3
television,0.405,1
timeline,0.255,3
aside,0.45,0
e240,0.34,2
dizziness,0.365,4
wang,0.5225,6
agent,0.33,3
official,0.345,2
characterise,0.4475,0
score,0.3475,3
region,0.325,3
dependent,0.3525,3
soft,0.6775,7
passion,0.3575,4
race,0.365,4
context,0.3425,3
motivated,0.3975,1
phase,0.3075,2
colleague,0.36,3
unstable,0.2425,1
saturate,0.675,7
hyperthyroidism,0.4475,0
standardization,0.3275,3
collaboration,0.3725,5
reassure,0.405,1
reassurance,0.405,1
unhealthy,0.43,0
osa,0.2825,0
wow,0.405,1
anesthetize,0.33,3
layer,0.33,3
myhealth,0.3575,0
womb,0.4525,0
muddle,0.3775,4
thinking,0.3725,4
positively,0.3125,4
strenuous,0.3775,4
task,0.295,9
satisfactory,0.365,4
representation,0.255,3
lut,0.3525,2
metabolise,0.45,0
accurately,0.335,3
false,0.44,0
house,0.405,1
retrograde,0.4125,0
dive,0.405,1
dermatology,0.36,5
alter,0.34,3
pretend,0.405,1
rehabilitation,0.37,5
connotation,0.405,1
listener,0.405,1
incredibly,0.405,1
marijuana,0.4475,0
reading,0.38,2
arrhythmia,0.34,3
implication,0.365,3
conversion,0.4625,0
building,0.37,5
drill,0.405,1
tumour,0.4475,0
june,0.525,6
stressful,0.3775,4
workup,0.375,0
advertise,0.405,1
finance,0.31,2
resort,0.33,2
longevity,0.325,4
progressive,0.35,4
gluteal,0.33,3
renal,0.4475,0
electrode,0.35,0
record,0.3375,2
hello@thescoperadio.com,0.405,1
listening,0.405,1
occasionally,0.6775,7
silently,0.2025,7
assume,0.405,1
whocaresmenshealth.com,0.405,1
oversight,0.3175,2
length,0.3225,2
countless,0.25,3
spiral,0.375,4
minoxidil,0.4625,0
steadily,0.33,3
combat,0.23,4
monotherapy,0.4125,0
subsequent,0.3375,3
"testosterone.54,55",0.335,3
stability,0.25,2
fun,0.405,1
lessen,0.4625,0
locate,0.29,1
awesome,0.405,1
lymphatic,0.33,3
strain,0.3275,3
magic,0.405,1
personally,0.32,1
collective,0.35,2
tadalafil,0.3325,3
prone,0.465,0
licensed,0.3225,0
discontinue,0.3325,2
readjust,0.2425,0
illegitimate,0.3625,3
metastatic,0.285,2
"old.6,14,15",0.3625,3
danger,0.2925,8
giant,0.405,1
fight,0.3025,4
surface,0.33,3
erythrocytosis,0.465,0
practical,0.355,3
itâ€tms,0.2875,1
unsubscribe,0.38,0
bulk,0.375,4
sleepiness,0.3775,4
shower,0.33,3
nerve,0.45,0
neuropathy,0.46,0
discover,0.29,4
unmatched,0.3075,0
eligible,0.3525,3
stabilize,0.375,2
thescoperadio.com,0.405,1
america,0.2525,1
sticky,0.33,3
viscous,0.26,3
conversely,0.4275,0
page,0.365,0
glucose,0.445,0
exceed,0.4225,0
counselor,0.2325,4
neurotransmitter,0.4175,0
catalyst,0.2025,1
maximum,0.305,3
irritate,0.33,3
concentrating,0.3775,4
impossible,0.3,4
oligospermia,0.4475,0
accompany,0.34,4
slowing,0.3775,4
excision,0.375,0
gynaecomastia,0.3275,0
ped,0.38,0
usage,0.3525,2
tolerance,0.2275,4
daytime,0.3775,4
deeply,0.3775,0
artificially,0.3775,4
depress,0.3775,4
plasma,0.315,4
vte,0.3375,3
weaken,0.4175,0
hepcidin,0.455,0
negate,0.1875,4
structured,0.3325,2
broadly,0.345,5
burning,0.2175,1
discipline,0.36,5
pose,0.3425,1
urinating,0.4625,0
western,0.375,5
invigor,0.1925,5
glucocorticoid,0.4475,0
capture,0.3125,9
sulfate,0.365,0
rogers,0.3,0
checklist,0.415,8
foremost,0.405,1
advocate,0.405,1
heck,0.405,1
fuzzy,0.3775,4
financing,0.3075,2
craft,0.2425,4
pinpoint,0.3425,1
conform,0.2975,2
uterus,0.4525,0
pp.2021,0.2975,3
death,0.3425,3
billing,0.385,0
cqc,0.38,2
confident,0.2975,0
expense,0.315,1
glut,0.4525,0
straightforward,0.315,0
prescription(s,0.3525,2
route,0.33,3
permanent,0.445,0
excited,0.405,1
extreme,0.4475,0
eau,0.3525,3
aerobic,0.29,4
aromatisation,0.4575,0
attain,0.445,0
ldl,0.3125,2
sun,0.36,5
drawback,0.33,3
blind,0.3425,3
honeymoon,0.405,1
navigate,0.3125,2
tolerate,0.33,3
possibly,0.405,1
strained,0.33,4
lately,0.405,1
origin,0.4625,0
predominantly,0.4275,0
gentleman,0.405,1
telephone,0.3325,2
embarrassing,0.405,1
normalize,0.3075,2
equation,0.3325,3
metabolize,0.33,3
enable,0.275,2
aid,0.3225,4
impulsive,0.2925,0
classic,0.38,4
impotence,0.3825,0
shock,0.31,2
discourage,0.3175,1
asleep,0.3575,4
copd,0.4475,0
coincide,0.3375,3
slim,0.405,1
critically,0.2775,5
fee,0.325,3
derail,0.29,2
toronto,0.375,5
explicit,0.33,3
instability,0.465,0
constellation,0.2925,0
observational,0.34,3
laziness,0.375,4
moodiness,0.375,4
predictive,0.375,0
skillful,0.21,5
touliatos,0.3025,6
curiosity,0.3575,2
george,0.3025,6
mumps,0.4475,0
threat,0.465,0
rear,0.405,1
gym,0.4025,1
inactive,0.2775,0
exclude,0.3425,3
participant,0.3725,4
lutenise,0.4475,0
e242,0.3525,2
smoothly,0.3775,1
unbound,0.425,0
anticipate,0.33,3
regeneration,0.3975,0
coordinator,0.2425,2
painful,0.335,3
mike,0.3,6
isolated,0.4475,0
music,0.3225,1
detrimental,0.5675,0
dispel,0.385,0
thrombophilia,0.425,0
uncontrolled,0.3875,0
scale,0.3425,3
oestrodiol,0.405,0
titrate,0.4125,2
save,0.245,0
speed,0.3875,4
https://www.ncbi.nlm.nih.gov/pubmed/37589949,0.525,6
deterioration,0.3775,4
converter,0.375,1
retry,0.3775,1
specimen,0.35,3
40y,0.415,8
60y,0.415,8
45y,0.415,8
69y,0.415,8
20y,0.415,8
50y,0.415,8
80y,0.415,8
18y,0.415,8
androgel,0.33,3
testim,0.33,3
35y,0.415,8
65y,0.415,8
oil,0.29,3
ejaculation,0.36,4
father,0.335,5
watch,0.405,1
sensitive,0.3225,1
hpta,0.4075,0
industry,0.38,1
communication,0.37,0
network,0.2975,6
gene,0.4475,0
head,0.4475,0
burden,0.32,2
gnrh,0.4475,0
persistently,0.34,3
assay,0.3375,3
pediatric,0.5225,6
childhood,0.315,8
bssm,0.34,2
grain,0.6775,7
acute,0.5125,6
worried,0.405,1
assign,0.3575,3
defect,0.4475,0
license,0.2875,3
allergy,0.3425,5
widely,0.3625,3
retrospective,0.3425,3
rating,0.345,3
cross,0.2675,6
blame,0.405,1
regenerative,0.315,4
series,0.36,3
validated,0.3425,3
oftentime,0.405,1
minimal,0.3325,3
cua,0.38,3
incorrect,0.355,0
hesitate,0.3,5
button,0.365,3
mitigate,0.3875,0
clevelandclinic.org/menshealth,0.4025,1
join,0.3025,1
pocket,0.405,1
restful,0.4,1
environmental,0.4475,0
advantage,0.4025,1
financial,0.375,0
conflict,0.345,3
henry,0.2975,5
cedars,0.3125,5
numerous,0.38,4
warn,0.3325,3
restorative,0.21,4
announcement,0.35,3
awareness,0.305,3
charge,0.3075,2
underarm,0.3225,3
coronary,0.315,3
catch,0.4475,7
fill,0.395,1
pleasure,0.405,1
adapt,0.33,3
surge,0.2125,4
tiny,0.33,3
factorial,0.27,1
multi,0.4375,8
colorectal,0.4025,1
hip,0.33,3
abdominal,0.425,0
initiation,0.345,3
exact,0.4125,1
pass,0.18,2
flush,0.3775,4
discomfort,0.2875,3
b12,0.275,7
popularity,0.3475,3
observe,0.35,2
groups.435,0.3325,2
physiologic,0.32,2
folate,0.4,0
leader,0.345,5
restart,0.3275,1
comparison,0.3525,2
calculate,0.35,3
kocsis,0.3,6
referral,0.3475,0
solve,0.405,1
universal,0.365,5
correlation,0.225,3
distinguished,0.2975,4
rarely,0.26,0
treatment.2,0.345,3
trimix,0.335,3
pee,0.465,0
stimulation,0.465,0
trough,0.3525,2
pde5,0.295,3
conference,0.375,1
presentation,0.3625,5
sildenafil,0.3325,3
grober,0.36,5
anymore,0.405,1
broad,0.3625,4
optimization,0.3075,4
rely,0.3125,1
rcts).181,0.33,3
guest,0.405,1
urgent,0.385,0
variability,0.35,3
platelet,0.315,4
direction,0.41,1
drastically,0.405,1
luck,0.285,2
door,0.3175,2
crisis,0.4075,1
atherosclerosis,0.205,4
modality,0.33,3
trustworthy,0.4,1
truly,0.405,1
sorry,0.375,1
substance,0.325,6
session,0.2,1
transport,0.41,0
implement,0.365,5
secretion,0.455,0
emerge,0.36,3
nutritional,0.4475,0
forwards,0.4475,2
loop,0.4475,0
inbox,0.2575,6
regard,0.405,1
lift,0.38,1
satisfaction,0.3175,4
tertiary,0.2225,2
phone,0.21,2
contraindication,0.35,2
conveniently,0.34,3
portal,0.35,3
reproduction,0.46,0
fetal,0.4475,0
intellectual,0.445,0
trust,0.275,0
commencement,0.3425,3
therapy6,0.345,3
scalp,0.4625,0
evolve,0.27,3
conjunction,0.3175,4
herb,0.6575,7
interpret,0.34,3
restoration,0.2175,4
sole,0.27,2
urologic,0.3675,5
excuse,0.405,1
perfect,0.405,1
pound,0.405,1
varie,0.3425,2
regardless,0.225,4
gonad,0.4475,0
td5,0.34,3
erythrocyte,0.46,0
neutralize,0.3825,0
anaerobic,0.27,1
enquire,0.2075,3
core,0.405,1
thirumavalavan,0.2975,5
discrepant,0.3425,3
stabilise,0.3325,3
anecdotal,0.28,3
hgh,0.425,0
efficacy.40,0.345,2
pubescent,0.4625,0
education,0.29,3
rock,0.355,4
breaker,0.405,1
uncertain,0.35,3
sheet,0.2425,1
incident,0.3225,2
feature,0.365,5
parking,0.405,1
cushing,0.4475,0
ovarian,0.4475,0
interval,0.3625,2
endogenous,0.445,0
joint,0.35,4
tsh,0.4475,0
editorial,0.3625,5
hypertrophy,0.46,0
tract,0.4625,0
fasted,0.3475,0
buccal,0.33,3
technique,0.3,3
chap,0.5225,6
ochsner,0.3375,5
narcotic,0.4475,0
utilize,0.39,2
enrol,0.345,3
sore,0.33,3
precocious,0.455,0
elsevier,0.5225,6
central,0.5225,6
philadelphia,0.5225,6
a.m.,0.5225,6
ageing,0.45,0
knowledge,0.425,3
tender,0.345,4
outweigh,0.3075,2
nervous,0.3025,4
complaint,0.35,4
ideally,0.3275,2
background,0.4,1
diurnal,0.4275,0
replicate,0.39,0
hypogonadotropic,0.465,6
mechanism,0.5175,6
heavy,0.28,2
masculine,0.32,0
wish,0.3275,0
equal,0.67,7
normalising,0.38,4
tone,0.315,1
occasion,0.3625,2
recur,0.405,0
definitively,0.34,3
timing,0.33,3
biopsy,0.3225,0
root,0.3775,0
distinguish,0.285,5
consensus,0.3575,3
serm,0.445,0
post,0.195,5
veteran,0.2475,4
reflect,0.2025,5
organise,0.3325,2
dre,0.325,1
wrap,0.405,1
final,0.525,6
nuanced,0.405,1
cardiologist,0.2625,5
predict,0.3,2
pregnant,0.455,0
pmol,0.345,3
limitation,0.34,3
supervise,0.35,3
cognition,0.3775,4
ovulation,0.4475,0
setting,0.335,3
sharp,0.285,4
robust,0.3,4
making,0.22,0
spur,0.4475,0
bother,0.405,1
donate,0.34,3
unpleasant,0.32,4
sit,0.405,1
apart,0.31,3
suffering,0.3225,1
reductase,0.4625,0
reversible,0.33,3
cuaj,0.3075,2
extensive,0.3775,2
light,0.1825,9
cardiology,0.37,5
local,0.4075,2
guess,0.405,1
rapid,0.3825,4
manifest,0.385,0
harvard,0.3725,5
diligence,0.335,2
rash,0.33,3
outline,0.3825,0
valid,0.4825,6
spot,0.4425,0
unchecked,0.4475,0
butts,0.4075,1
transcript,0.4075,1
urge,0.3325,1
surprising,0.335,0
dehydroepiandrosterone,0.4475,0
mri,0.4475,0
testopel,0.33,3
inadvertently,0.445,0
parameter,0.3775,2
vigor,0.3275,4
director,0.37,5
statistic,0.345,3
possibility,0.33,3
version,0.1675,1
cardio,0.2275,1
pulmonary,0.4475,0
store,0.26,2
vicious,0.36,4
personalized,0.2375,0
scientist,0.4,1
causal,0.3375,3
manner,0.3225,3
asanad,0.285,1
synthetic,0.4475,0
england,0.325,3
disfunction,0.365,4
visceral,0.375,4
infect,0.355,3
|ꚛꚛoo,0.3425,3
extremely,0.575,7
menstrual,0.4525,0
e237,0.4475,0
sustainable,0.2925,2
rapidly,0.3375,3
quizdefy,0.3175,3
mortality,0.3375,2
commence,0.3325,2
alpha,0.4625,0
special,0.33,3
nature,0.3425,3
demand,0.345,1
minimum,0.3325,3
transition,0.3925,0
predisposition,0.4475,0
prp,0.2675,4
maintenance,0.2525,2
traverse,0.35,2
micro,0.3675,0
error,0.34,3
assured,0.32,2
dramatic,0.4325,0
plunge,0.43,0
crystalize,0.325,3
recover,0.38,4
unresolved,0.4475,0
pursue,0.38,1
culprit,0.46,0
having,0.46,0
anecdotally,0.4,1
multimorbidity,0.3625,3
dollar,0.405,1
limited,0.345,2
personalise,0.33,2
prevalent,0.3625,3
uss,0.3325,2
shift,0.26,7
bypass,0.33,3
notably,0.255,3
polycystic,0.4475,0
relaxation,0.3425,0
embarrassment,0.3475,1
childbearing,0.405,1
wise,0.405,1
emasculate,0.315,1
therapyis,0.33,3
exploration,0.3375,3
purchase,0.3025,2
highly,0.235,8
isnâ€tmt,0.4475,0
compounding,0.33,3
advertisementadvertisement,0.3625,5
overproduction,0.4625,0
repair,0.3925,0
mature,0.4525,0
absence,0.3575,0
financially,0.4,1
systematic,0.3475,3
april,0.525,6
proliferate,0.4,1
input,0.34,3
left,0.345,3
conceive,0.455,0
manopause,0.29,5
circulation,0.2575,7
unknown,0.345,3
plaque,0.2975,2
embarrassed,0.4125,1
pathophysiological,0.445,0
anything-,0.37,4
whichever,0.325,3
section,0.39,8
importantly,0.33,2
anti,0.2425,4
interrupted,0.4575,0
rub,0.33,3
cag,0.285,2
excellence,0.2875,5
teen,0.3975,1
ordering,0.3175,3
obstruction,0.4475,0
boob,0.3275,0
hrt,0.3,3
precaution,0.3325,2
essence,0.375,4
instruction,0.33,3
following,0.38,0
tease,0.405,1
adversely,0.3825,4
yearly,0.365,2
pointer,0.4525,0
user,0.4225,2
cbc,0.4625,0
illuminate,0.3425,0
hint,0.35,1
sustained,0.33,3
pastuszak,0.405,1
prevention,0.35,8
unbiased,0.26,3
pump,0.33,3
rct,0.3425,3
finasteride,0.4625,0
pattern,0.46,0
ingredient,0.675,7
dhea,0.4225,0
insert,0.33,3
pinch,0.33,3
weekly,0.33,3
folk,0.405,1
milestone,0.415,8
minimise,0.4625,0
swerdloff,0.5225,6
barrier,0.33,3
ahead,0.405,1
esteem,0.3775,4
hpg,0.4475,0
persistent,0.3725,4
warning,0.3375,3
immune,0.4475,0
circumference,0.3425,3
incidence,0.3375,3
advance,0.345,3
functional,0.5225,6
interesting,0.405,1
element,0.3125,1
modulator,0.445,0
sexually,0.4425,0
player,0.405,1
breathing,0.42,0
dark,0.6775,7
video,0.2975,0
fitness,0.325,4
uva,0.3725,5
travel,0.4225,0
fruit,0.6775,7
rhythm,0.3275,3
natesto,0.33,3
metronome,0.405,1
february,0.3225,3
apparent,0.305,2
requirement,0.3325,3
pharmaceutical,0.35,3
suppression,0.4475,0
classical,0.4475,0
radio,0.405,1
broken,0.375,4
swell,0.4625,0
institutes,0.3725,5
mark,0.525,6
switch,0.35,2
onion,0.6775,7
gold,0.345,2
reality,0.405,1
related,0.3525,3
appearance,0.31,4
disturbance,0.3775,4
forgetfulness,0.3775,4
introduce,0.31,3
mump,0.4475,0
shortage,0.4325,0
supplemental,0.3275,3
underproducing,0.3475,2
expensive,0.395,1
buttock,0.33,3
shape,0.3075,9
insertion,0.33,3
luteinizing,0.4475,0
impair,0.365,4
adaptation,0.355,3
backbone,0.4125,0
clean,0.33,3
formula,0.33,3
stamina,0.3775,4
hiit,0.405,7
opposite,0.215,5
abdomen,0.3175,3
consistency,0.3325,3
assist,0.3225,2
nih,0.3325,3
wake,0.345,1
independent,0.2925,4
phlebotomy,0.3575,3
marketing,0.405,1
july,0.28,3
reveal,0.3425,3
everyday,0.3775,4
medlineplus.gov,0.3725,5
www.fda.gov/drugs/drugsafety/ucm436259.htm,0.33,3
correction,0.3475,3
cah,0.4475,0
antidepressant,0.41,0
severity,0.34,3
escalation,0.3575,3
discontinuation.418,0.33,3
buy,0.285,1
bloodwork,0.445,2
stock,0.345,5
vs.,0.4525,0
country,0.405,1
endeavour,0.3925,0
sluggish,0.405,1
molecule,0.4525,0
rbc,0.385,0
diabetic,0.365,0
interpretation,0.365,2
to-1,0.45,0
advancement,0.3725,0
extraction,0.44,0
dedicated,0.385,0
thinning,0.305,0
gum,0.33,3
thereof,0.45,0
selective,0.4475,0
treatable,0.4075,0
mcdonald,0.31,1
prostatitis,0.4475,0
venothrombolic,0.3425,3
chromosome,0.4475,0
shot,0.33,3
power,0.3625,3
holistic,0.3625,0
evident,0.305,0
kid,0.405,1
dosing.221,0.3775,2
anybody,0.405,1
sell,0.4075,1
zinc,0.6775,7
overtrain,0.2675,4
rebuild,0.28,4
skip,0.365,3
lethargy,0.3775,4
shadow,0.3775,4
relevant,0.345,3
vessel,0.24,4
predictable,0.33,3
progesterone,0.45,0
menu,0.39,0
increased,0.305,4
leydig,0.4475,0
autoimmune,0.4475,0
strongly,0.2875,5
extent,0.305,2
basic,0.51,6
wearer,0.33,3
underproduction,0.3775,4
intend,0.3075,0
sleeplessness,0.33,4
library,0.3625,5
unsafe,0.465,0
intent,0.41,1
biochemical,0.3475,3
testimonial,0.4025,1
profit,0.385,0
theirs,0.435,0
alteration,0.3375,3
gear,0.405,1
driver,0.315,4
roosevelt,0.315,1
mixed,0.3425,2
haemoglobin,0.455,0
rich,0.3625,7
protect,0.415,7
renew,0.3225,4
aids,0.4475,0
abnormality,0.4475,0
myth,0.4025,1
normally,0.4525,0
consideration,0.3475,2
sufficient,0.25,2
variation,0.375,2
boy,0.445,0
stall,0.305,2
episode,0.405,1
albumin,0.33,0
detailed,0.3375,3
liquid,0.33,3
detect,0.325,1
informed,0.4,0
cvd,0.3225,3
minor,0.3725,5
investigate,0.355,3
unexplained,0.3175,4
southwestern,0.3,3
trend,0.355,3
snapshot,0.4,0
solely,0.19,4
calorie,0.3975,1
belly,0.355,0
randomize,0.3425,3
unwanted,0.4425,0
inner,0.33,3
announcer,0.4175,1
shockwave,0.345,1
mouth,0.33,3
nonoral,0.35,3
unattached,0.3425,1
presence,0.3425,3
improved,0.3575,4
pmcid,0.525,6
opt,0.35,0
eliminate,0.6625,7
intimacy,0.2975,4
sterility,0.405,1
chest,0.3975,0
caring,0.3375,4
birth,0.4475,0
educational,0.365,5
baby,0.4425,0
pathway,0.2925,4
strive,0.255,3
attribute,0.28,0
endorse,0.52,6
guarantee,0.3525,1
henryford.com,0.29,5
costly,0.2925,2
original,0.3525,1
andrology,0.515,6
cumulative,0.3775,2
gentle,0.24,1
complexity,0.285,2
routinely,0.3425,2
vigilant,0.4175,0
gender,0.34,1
unaware,0.2775,3
preservation,0.4475,0
recreational,0.45,0
smoke,0.4475,0
immediate,0.24,4
lifelong,0.3725,5
gonadal,0.4475,0
rarity,0.405,1
stand,0.395,1
trait,0.37,4
appreciate,0.4275,0
amplify,0.3875,0
type-2,0.46,0
utero,0.445,0
respectively,0.3625,2
redistribution,0.3775,4
escape,0.41,1
sufficiently,0.345,3
hypertension,0.4175,0
monday,0.345,3
everybody,0.405,1
rebalance,0.2975,1
pregnenolone,0.45,0
burn,0.3125,0
evening,0.3275,1
grin,0.26,1
concept,0.5075,6
fluid,0.465,0
overdiagnosing,0.3125,2
uncomfortable,0.2775,3
insufficient,0.345,3
thin,0.3,0
masterson,0.16,5
sum,0.3675,4
tiredness,0.3775,4
spray,0.33,3
scan,0.3525,0
heavily,0.285,7
host,0.405,1
leave,0.3175,1
previously,0.35,3
pathology,0.375,5
dip,0.455,0
resource,0.26,5
inherit,0.4475,0
digestive,0.35,0
circumstance,0.4325,2
unblinde,0.3425,3
forever,0.3175,1
greatly,0.35,0
depersonalisation,0.3775,4
leg,0.4625,0
irregularity,0.4475,0
secrete,0.4475,0
conclusion,0.355,3
swelling,0.465,0
shut,0.41,1
tip,0.35,7
overproduce,0.4475,0
imperative,0.34,3
delayed,0.4475,0
injure,0.4475,0
chalk,0.3775,4
reduced,0.3775,4
disruptive,0.375,4
ejaculate,0.325,0
collect,0.315,3
effort,0.3875,3
traditionally,0.465,0
supervision,0.3725,3
penile,0.3325,3
suit,0.3525,3
juxtapose,0.405,1
inefficient,0.3775,4
nostril,0.33,3
subtle,0.365,4
newsletter,0.2,5
n=395,0.35,3
endurance,0.3775,4
tobacco,0.3475,8
negotiable,0.355,3
vattikuti,0.3075,5
nhs,0.3475,2
canada,0.375,5
marrow,0.4475,0
nerd,0.375,1
hyperlipidemia,0.4875,0
qualify,0.3125,2
confirmatory,0.3525,2
trunk,0.4625,0
lifespan,0.3375,4
subscribe,0.4075,1
dread,0.3225,2
examination,0.3525,2
pcos,0.4475,0
nmol,0.3525,3
cholesterol,0.4575,0
lundy,0.405,1
category,0.3025,6
pharmacokinetic,0.33,3
honest,0.405,1
menopausal,0.395,0
water,0.4375,0
hit,0.405,1
organ,0.4525,0
commercial,0.3225,3
complex,0.1925,2
alongside,0.4575,0
waist,0.345,3
upper,0.33,3
confidence,0.385,4
mayo,0.465,6
alternative,0.33,3
annual,0.2575,2
endpoint,0.3425,3
actual,0.405,1
entire,0.265,3
weakness,0.375,4
wait,0.405,1
job,0.405,1
prescribing,0.335,2
cardiac,0.34,3
foundation,0.4525,6
modify,0.28,5
noticeable,0.3775,4
deepening,0.455,0
tenderness,0.465,0
james,0.37,5
eckel,0.3575,3
field,0.3175,3
eating,0.6625,7
medium,0.2125,5
google,0.3475,3
vegetable,0.6775,7
block,0.4625,0
clomiphene,0.445,0
hemochromatosis,0.4475,0
oxygen,0.39,0
reward,0.21,4
nonspecific,0.41,0
consumer,0.43,1
attempt,0.22,1
regimen,0.3,0
effectiveness,0.3525,3
washington,0.37,5
harm,0.445,0
initially,0.35,0
fatty,0.23,0
variable,0.325,2
pre,0.355,3
relatively,0.3275,3
optional,0.3175,1
particular,0.3375,3
entity,0.4075,1
testes,0.4475,0
view,0.3725,0
importance,0.36,3
replace,0.335,3
consist,0.3275,3
complicated,0.3875,1
unfavourable,0.4625,0
concerned,0.405,1
definitive,0.3425,3
capsule,0.33,3
attend,0.35,3
world,0.3475,5
attach,0.3325,3
calcium,0.3275,7
personalize,0.19,5
thoughtfully,0.4425,2
intensity,0.3725,4
scrotum,0.25,1
touch,0.33,3
definitely,0.405,1
white,0.6775,7
slight,0.33,3
prevalence,0.3425,3
enlarged,0.465,0
challenging,0.3475,3
nasir,0.3525,3
luteinise,0.4475,0
preparations.421,0.3125,3
spend,0.405,1
ed)will,0.3375,0
unlikely,0.4625,0
instance,0.3775,0
getting,0.405,1
spermatogenesis,0.25,2
assessment,0.34,3
willingness,0.37,0
tie,0.375,4
exacerbated,0.3025,3
device,0.33,3
rebalancing,0.3375,3
vascular,0.4,1
hospital,0.375,5
website,0.39,1
happy,0.405,1
division,0.375,5
compound,0.33,3
transfer,0.33,3
location,0.27,3
hypothyroidism,0.4475,0
action,0.2825,4
set,0.3675,1
discussion,0.3425,0
national,0.3725,5
dosing,0.33,3
irregular,0.4525,0
intense,0.395,1
surround,0.36,3
canadian,0.3875,3
forward,0.375,0
hypergonadotropic,0.4475,0
safety.30,0.3575,2
flood,0.455,0
sedentary,0.3625,4
dedicate,0.255,5
depressive,0.3775,4
utah,0.39,1
educate,0.3575,0
fashion,0.3525,3
sort,0.405,1
recognise,0.37,2
obviously,0.405,1
walk,0.38,1
quiz,0.33,4
invasive,0.33,3
definition,0.3575,3
commitment,0.3275,2
prostatic,0.4525,0
stick,0.33,3
i.e.,0.375,3
click,0.36,0
expectation,0.245,1
course,0.3975,1
amory,0.405,1
decent,0.405,1
specialized,0.36,0
height,0.34,0
contrast,0.3975,0
butt,0.4025,1
documentation,0.36,2
abnormally,0.4475,0
accept,0.27,0
states,0.285,5
temporary,0.465,0
adam,0.3075,3
comment,0.415,8
immediately,0.335,2
comfort,0.3275,3
startedinjectable,0.3325,3
diminished,0.4225,0
increasingly,0.4175,1
cmp,0.46,0
propionate,0.33,3
conclude,0.35,3
audio,0.375,1
reaction,0.33,3
slightly,0.335,3
baylor,0.37,5
british,0.3725,5
discreet,0.33,3
absolute,0.3375,3
mimic,0.435,0
afraid,0.405,1
environment,0.2375,3
primarily,0.4625,0
unable,0.4625,0
inhibit,0.4625,0
accidentally,0.33,3
transference,0.33,3
menstruation,0.46,0
cause(s,0.27,2
public,0.345,3
handpicke,0.2275,0
sinai,0.37,5
counseling,0.3825,8
relative,0.3475,3
podcast,0.4075,1
overlapping,0.3475,3
complicate,0.2725,1
disrupt,0.445,0
bph,0.38,0
misuse,0.4475,0
million,0.3525,0
therapist,0.3925,1
methodology,0.3425,3
behavior,0.255,4
dress,0.33,3
anawalt,0.5225,6
enanthate,0.33,3
boron,0.6775,7
clarity,0.2925,4
certify,0.305,5
board,0.3575,5
unequivocally,0.365,3
vascularity,0.33,3
future,0.2625,1
accumulation,0.365,0
orthopedic,0.3775,4
face,0.405,1
funk,0.405,1
causative,0.34,0
unclear,0.3375,3
nonsmoker,0.3725,4
overeating,0.355,0
resemblance,0.37,1
vigorous,0.2275,7
discrepancy,0.335,3
bioavailable,0.3425,1
slew,0.405,1
metabolization,0.33,3
percentile,0.34,3
dilemma,0.3375,3
roman,0.405,1
dl).437,0.3225,3
periodic,0.36,2
correctly,0.415,1
infrequent,0.3525,3
couple,0.405,1
document,0.3375,3
science,0.395,5
college,0.375,5
admission,0.34,3
nanogram,0.3525,3
meta,0.3425,3
androgenic,0.4525,0
hinder,0.4575,0
resistance,0.4625,0
receptor,0.45,0
implant,0.33,3
thank,0.405,1
memory,0.3775,4
platform,0.4075,1
scientific,0.36,5
shoulder,0.33,3
clearly,0.3925,1
headache,0.36,4
downside,0.405,1
recovery,0.3175,3
stuff,0.405,1
overview,0.2675,5
situation,0.405,1
dietary,0.6775,7
brand,0.33,3
useful,0.3275,3
united,0.305,5
write,0.32,0
resolve,0.4175,0
haematocrit,0.4575,0
hope,0.4225,1
acquire,0.4475,0
nose,0.33,3
oxytocin,0.33,3
enjoy,0.4075,1
threshold,0.34,3
physically,0.3375,4
social,0.2375,4
indicator,0.3375,4
fine,0.405,1
cite,0.49,6
wrong,0.405,1
warrant,0.3725,3
intervention,0.385,2
appropriately,0.35,2
frequent,0.33,3
market,0.2825,1
rectal,0.3075,1
message,0.405,1
majority,0.405,1
beard,0.4475,0
lung,0.4525,0
assistant,0.3725,5
atrophy,0.4625,0
update,0.3075,3
structure,0.2325,3
technology,0.2275,9
exposure,0.4475,0
negatively,0.4325,0
consumption,0.4,0
summary,0.3325,3
opportunity,0.405,1
realize,0.405,1
depth,0.2925,2
distribution,0.3775,4
volume,0.355,2
preclude,0.3075,2
bph.59,0.3425,3
date,0.3175,3
regain,0.35,4
obtain,0.3725,2
dihydrotestosterone,0.46,0
clumping,0.33,3
nope,0.4075,1
news,0.3625,5
send,0.3675,0
cortisol,0.46,0
transdermal,0.33,3
chorionic,0.445,0
never,0.405,1
messenger,0.4625,0
aveed,0.33,3
smoking,0.4075,0
deciliter,0.3525,3
exactly,0.405,1
booster,0.405,1
ester,0.33,3
advertising,0.3825,0
hiv,0.4475,0
impersonation,0.405,1
internet,0.475,6
imbalance,0.46,0
society,0.5225,6
table,0.3425,3
serve,0.3,3
initiate,0.22,5
precursor,0.45,0
claim,0.235,5
interfere,0.4575,0
consume,0.6775,7
chance,0.29,7
maturing,0.425,0
pubic,0.44,0
connect,0.245,4
examine,0.3475,3
clinically,0.345,3
muscular,0.3525,4
away,0.31,3
index,0.3175,3
subcutaneous,0.33,3
preparation,0.33,3
finally,0.405,1
incorporate,0.395,7
qualified,0.305,2
intake,0.6775,7
semen,0.4475,0
reliable,0.3525,3
loh,0.3675,3
diagnostic,0.3325,3
aware,0.29,3
train,0.3725,1
counsel,0.3375,3
reevaluate,0.405,1
sudden,0.43,0
replenish,0.305,4
mission,0.35,5
cessation,0.3975,8
conditional,0.345,3
muthigi,0.34,2
invite,0.3425,5
unit,0.28,0
originally,0.39,1
demonstrate,0.37,2
ideal,0.33,3
dabaja,0.2825,5
inadequate,0.4475,0
inconsistent,0.355,2
analyze,0.3375,3
inflammation,0.4475,0
healthier,0.405,1
osterberg,0.3,4
unlike,0.4325,0
pure,0.3975,0
spurt,0.46,0
reteste,0.2975,4
strategic,0.3125,2
densitometry,0.4125,0
commit,0.3825,0
delay,0.4475,0
barometer,0.3225,4
huge,0.405,1
prepare,0.33,3
account,0.3525,2
aged,0.385,6
analog,0.435,0
persist,0.44,0
headspace,0.405,1
injection).445,0.33,3
enlist,0.4475,0
pronounce,0.375,4
disproportionally,0.4025,1
select,0.3575,2
aua,0.3375,3
member,0.335,5
archive,0.25,5
count,0.4625,0
search,0.27,3
average,0.3025,2
signal,0.4475,0
endocrinology,0.52,6
conversation,0.405,1
dht,0.4625,0
interlink,0.46,0
simple,0.4125,0
pharmacy,0.33,3
run,0.405,1
partner,0.3875,0
attache,0.4125,0
drink,0.6775,7
association,0.3575,3
struggle,0.405,1
vitamin,0.6775,7
practitioner,0.385,2
super,0.405,1
wonder,0.405,1
international,0.5025,6
track,0.2,9
attention,0.205,9
inside,0.33,3
ago,0.405,1
essentially,0.405,1
plenty,0.405,1
academic,0.2275,0
lowering,0.4025,1
comfortable,0.405,1
gut,0.4025,1
word,0.405,1
certainly,0.405,1
recently,0.28,3
consistently,0.2275,2
contested,0.32,2
retention,0.465,0
journal,0.515,6
adiposity,0.375,4
break,0.4625,0
inappropriately,0.27,0
ultimately,0.365,1
infarction,0.34,3
myocardial,0.34,3
innovation,0.34,3
abuse,0.4475,0
noon,0.4625,0
separate,0.31,2
nutrient,0.62,7
spike,0.33,3
frequently,0.235,1
supply,0.33,3
fracture,0.375,4
adjustment.28,0.415,2
modification,0.42,2
mainly,0.4525,0
transform,0.3575,1
popular,0.3975,1
|ꚛꚛꚛo,0.3525,2
skimp,0.395,4
factual,0.3125,0
guide,0.305,2
careful,0.3275,3
psa,0.3425,2
validate,0.33,2
preexist,0.335,2
breakdown,0.24,2
enroll,0.285,1
counter,0.405,1
brag,0.3975,1
cleveland,0.405,1
institute,0.37,5
artery,0.25,4
finding,0.36,3
needle,0.33,3
insulin,0.4625,0
initial,0.3875,2
iron,0.4475,0
success,0.3725,0
eye,0.3675,0
insight,0.35,3
regulation,0.3775,4
thousand,0.3725,0
mount,0.42,0
dad,0.405,1
reasonable,0.36,1
okay,0.405,1
premature,0.445,0
successful,0.3325,0
company,0.3775,0
circulate,0.435,0
chemical,0.43,0
suitable,0.33,3
welcome,0.4075,1
state,0.215,5
relieve,0.31,4
m.d,0.37,5
register,0.3525,3
absolutely,0.405,1
trauma,0.4475,0
hypothalamic,0.4475,0
failure,0.4475,0
training,0.23,7
hyperplasia,0.45,0
cover,0.295,2
thigh,0.33,3
subject,0.3225,2
etc,0.4075,0
antigen,0.3625,0
alopecia,0.46,0
ail,0.405,1
axis,0.4475,0
deal,0.405,1
confirmed,0.35,2
minimize,0.325,1
standpoint,0.4025,1
quit,0.32,0
impetus,0.345,3
cent,0.435,0
differently,0.335,2
inhibitor,0.45,0
regret,0.3275,1
disadvantage,0.3325,3
shrinkage,0.405,1
thoroughly,0.3225,3
large,0.3425,3
override,0.4525,0
thirty,0.4525,0
inability,0.3775,4
https://themenshealthclinic.co.uk/microdosing-trt-the-future-of-testosterone-replacement-therapy/,0.5125,6
considerably,0.34,3
troy,0.405,1
percent,0.2375,3
email,0.3775,0
space,0.405,1
absorption,0.33,3
nasal,0.33,3
opinion,0.3975,1
undecanoate,0.33,3
encompass,0.3525,2
department,0.375,5
digital,0.3725,1
trip,0.2975,0
relief,0.34,3
ratio,0.2875,1
duration,0.345,2
percentage,0.3875,2
mention,0.405,1
estimate,0.3425,3
advanced,0.365,5
marker,0.3575,4
single,0.405,1
telemedicine,0.325,3
caution,0.415,2
challenge,0.3275,3
experienced,0.33,2
near,0.395,0
suspect,0.4,0
progress,0.3525,2
basis,0.3825,2
easily,0.33,3
line,0.405,1
highlight,0.3325,3
advice,0.2975,0
unfortunately,0.3325,1
ascertain,0.3375,3
versus,0.3,0
biological,0.2925,4
slide,0.405,1
thickening,0.3675,2
lessened,0.3775,4
physiological,0.35,0
globulin,0.41,0
past,0.37,1
service,0.245,5
night,0.395,1
population,0.3425,3
home,0.3175,0
damage,0.4475,0
malfunction,0.445,0
endocrine,0.52,6
kidney,0.4425,0
surgical,0.4425,0
depressed,0.3775,4
flow,0.2675,7
dangerous,0.4,1
recommended5,0.355,2
tom,0.405,1
opioid,0.4475,0
whilst,0.4475,0
secondly,0.4025,1
specifically,0.3375,3
purpose,0.33,3
baldness,0.46,0
somebody,0.405,1
prefer,0.33,3
journey,0.32,2
target,0.37,2
fog,0.3775,4
multiple,0.3275,3
dry,0.33,3
listen,0.4075,1
rise,0.3775,0
prescribed,0.33,3
minus,0.38,0
specialize,0.3,5
gynecomastia,0.4625,0
cut,0.3325,3
disagree,0.365,1
frustration,0.405,1
reliever,0.38,0
hematocrit,0.4875,2
tumor,0.4475,0
define,0.34,3
abnormal,0.445,0
steroid,0.4475,0
infection,0.4475,0
hey,0.405,1
bmi,0.335,3
consequence,0.37,4
u.s,0.33,5
lipid,0.45,0
slowly,0.33,3
physiology,0.5225,6
vital,0.37,4
traditional,0.34,3
criterion,0.3425,3
professor,0.3725,5
worth,0.405,1
idea,0.405,1
clot,0.465,0
benign,0.455,0
previous,0.355,3
bear,0.4475,0
screen,0.4825,6
repeat,0.3925,2
hear,0.405,1
connection,0.4625,0
anabolic,0.4575,0
preference,0.365,3
plus,0.29,2
wet,0.33,3
tool,0.3625,3
enzyme,0.46,0
critical,0.3275,4
figure,0.4,1
visit,0.39,1
shelf,0.2275,3
fully,0.3175,0
and/or,0.375,4
acne,0.465,0
program,0.3025,3
family,0.4075,1
measurement,0.3525,3
urinary,0.4625,0
lean,0.3225,4
steele,0.405,1
interviewer,0.405,1
penis,0.3325,3
medically,0.2275,5
cure,0.405,1
reverse,0.3775,4
thought,0.38,1
advise,0.4275,2
insomnia,0.3775,4
john,0.405,1
steady,0.33,3
share,0.285,5
completely,0.405,1
alertness,0.3825,4
far,0.405,1
wide,0.335,2
engage,0.2625,4
prioritize,0.5725,7
obese,0.465,0
pet,0.33,3
spontaneous,0.3775,4
proactive,0.3425,0
swollen,0.3825,0
tailor,0.34,3
stage,0.45,0
investigation,0.3475,3
preserve,0.46,0
content,0.22,0
adequate,0.4575,0
adulthood,0.4525,0
agree,0.4175,1
ameliorate,0.43,2
quickly,0.33,3
injectable,0.33,3
mitch,0.405,1
remove,0.33,3
request,0.3425,3
untreated,0.4575,0
polycythemia,0.41,2
value,0.395,2
|ꚛooo,0.345,2
applied,0.33,3
concluding,0.3175,4
cost,0.2825,2
state.434,0.3775,2
design,0.3575,2
err,0.405,1
let,0.405,1
insurance,0.32,0
decision,0.38,0
genetic,0.4475,0
female,0.4575,0
hold,0.3325,3
placebo,0.3425,3
properly,0.45,0
safely,0.3225,3
outside,0.2925,1
frequency,0.3325,3
congenital,0.4475,0
sensitivity,0.4625,0
e.g.,0.3575,3
feedback,0.4475,0
igf-1,0.4625,0
book,0.2525,2
supplementation,0.28,2
habit,0.45,7
enter,0.3975,1
tablet,0.33,3
typical,0.4325,0
urological,0.345,3
deficient,0.34,3
elevate,0.4625,0
effectively,0.35,2
pro,0.33,3
scripps.org,0.28,0
suppress,0.4575,0
lethargic,0.405,1
henceforth,0.3375,3
rebound,0.405,1
ease,0.25,0
excessive,0.4475,0
kallmann,0.4475,0
questionnaire,0.345,3
panel,0.35,3
screening,0.375,8
clear,0.38,1
procedure,0.33,3
half,0.3425,1
sample,0.345,2
therapeutic,0.3275,2
area,0.33,3
motivation,0.3775,4
nutrition,0.57,7
detail,0.2975,0
instead,0.3775,7
fit,0.2825,2
recognize,0.3375,3
label,0.3725,2
open,0.405,1
deep,0.465,0
adrenal,0.4475,0
klinefelter,0.4475,0
rest,0.29,4
irritation,0.33,3
gradual,0.355,0
mild,0.265,0
love,0.405,1
worry,0.405,1
proper,0.41,2
additionally,0.4075,0
shrink,0.4625,0
analyse,0.4375,0
describe,0.3175,3
return,0.33,3
external,0.19,3
expertise,0.2375,2
devise,0.31,4
debate,0.405,1
recognition,0.2625,3
con,0.33,3
site,0.33,3
fluctuate,0.3375,2
monitoring,0.4525,2
continue,0.385,2
link,0.4425,0
hot,0.375,4
follicle,0.4475,0
arm,0.33,3
paper,0.3125,5
internal,0.355,5
approximately,0.35,2
cypionate,0.33,3
pretty,0.405,1
prove,0.4025,1
closely,0.2875,0
pay,0.405,1
enlarge,0.3225,4
overtraine,0.4475,0
additional,0.335,3
miss,0.4075,1
cycle,0.495,0
rule,0.3225,1
picture,0.405,1
stickler,0.405,1
peak,0.34,2
choice,0.3075,2
fall,0.3375,8
dwindle,0.33,1
prior,0.435,2
scott,0.405,1
tissue,0.46,0
estradiol,0.4525,0
laboratory,0.335,3
build,0.38,4
contain,0.5175,7
evaluation,0.3275,3
clomid,0.405,1
extra,0.44,0
hand,0.33,3
customize,0.345,3
author,0.335,5
symptomatic,0.345,3
trigger,0.46,0
complication,0.4625,0
intramuscular,0.33,3
mineral,0.375,4
interested,0.2375,3
inform,0.365,3
formation,0.465,0
carefully,0.3925,2
underlie,0.4625,0
builder,0.3325,0
feeling,0.3775,4
influence,0.3225,4
yes,0.405,1
optimise,0.3375,0
rotate,0.33,3
self,0.3375,3
vitality,0.38,4
learn,0.3825,1
bind,0.4075,0
quantity,0.2175,7
prolactin,0.4475,0
easy,0.275,0
rate,0.35,3
period,0.4125,0
surgery,0.355,5
estrogen,0.4525,0
explore,0.38,0
illness,0.4475,0
understanding,0.325,2
characteristic,0.4525,0
remain,0.34,3
exist,0.34,2
convenient,0.37,3
application,0.33,3
hotaling,0.405,1
ovulate,0.4075,1
combination,0.3275,4
office,0.27,5
soon,0.405,1
hemoglobin,0.3375,3
small,0.33,3
hormones-,0.4475,0
regularly,0.29,2
physicians,0.355,3
averse,0.33,3
guy,0.405,1
notice,0.3925,1
similar,0.3125,2
usually,0.33,3
anemia,0.375,4
hour,0.33,3
individualized,0.345,3
hypogonadal,0.3375,3
private,0.335,2
excess,0.46,0
major,0.3375,3
obstructive,0.4475,0
degree,0.385,2
wellbeing,0.3675,4
reduction,0.3675,4
aim,0.2375,0
overweight,0.465,0
story,0.405,1
consistent,0.35,3
efficacy,0.365,2
close,0.2625,2
alleviate,0.3775,4
nearly,0.3425,3
rare,0.4475,0
adverse,0.3575,3
attributable,0.33,4
human,0.435,0
researcher,0.3125,3
cream,0.33,3
attack,0.33,2
severe,0.3425,1
little,0.405,1
fsh,0.4475,0
moderate,0.345,3
shbg,0.41,0
university,0.375,5
hcg,0.41,0
stable,0.33,3
baseline,0.365,2
limit,0.245,7
strategy,0.4,2
remember,0.3825,1
endocrinologist,0.2225,3
bolster,0.335,3
fail,0.3525,2
gradually,0.3925,0
guidance,0.325,2
beneficial,0.375,1
crucial,0.2925,2
underlying,0.445,0
draw,0.405,2
overdraw,0.4875,2
twice,0.33,3
consultation,0.335,3
troubling,0.3325,4
delivery,0.33,3
main,0.285,0
essential,0.445,0
prevent,0.465,0
allow,0.33,3
release,0.4175,0
yeah,0.405,1
oestrogen,0.4575,0
bring,0.405,1
publish,0.525,6
metabolism,0.3925,5
convert,0.4575,0
hard,0.405,1
enclomiphene,0.3275,3
aromatase,0.4575,0
decade,0.32,3
quick,0.405,1
advertisement,0.4475,0
manufactured,0.3825,0
believe,0.4,1
food,0.6775,7
fluctuation,0.3225,3
non,0.3325,3
group,0.3475,3
person,0.405,1
pellet,0.33,3
reference,0.3575,3
place,0.33,3
desire,0.3775,4
product,0.33,3
mind,0.405,1
thorough,0.355,2
big,0.405,1
enlargement,0.465,0
aspect,0.3875,4
sound,0.405,1
true,0.405,1
undergo,0.425,0
accurate,0.34,2
discriminatory,0.3525,2
compare,0.3625,2
orthinne,0.445,0
management,0.5,6
short,0.33,3
interest,0.235,3
tend,0.405,1
adjustment,0.325,3
personal,0.38,0
list,0.2425,3
currently,0.33,3
consult,0.375,0
candidate,0.3475,2
alcohol,0.445,0
alkylated,0.3425,3
clinician,0.3275,3
real,0.405,1
helpful,0.4225,1
fix,0.405,1
ready,0.3725,0
report,0.3575,3
urology,0.3725,5
solution,0.3425,3
oestradiol,0.4625,0
literature,0.3425,3
profile,0.32,2
despite,0.345,3
conduct,0.3425,3
matter,0.405,1
bit,0.405,1
speak,0.3825,1
concentrate,0.3775,4
composition,0.3775,4
routine,0.295,2
administer,0.33,3
access,0.4275,6
supplement,0.315,1
diet,0.6725,7
turn,0.405,1
establish,0.335,3
weak,0.3325,3
emotional,0.3775,4
anxiety,0.3775,4
tired,0.405,1
explain,0.3625,0
trouble,0.3775,4
congestive,0.42,0
encourage,0.395,1
source,0.6,7
fda,0.41,2
adjust,0.3875,2
number,0.3875,1
energised,0.3775,4
end,0.405,1
happen,0.3825,1
difficulty,0.3775,4
difference,0.405,1
reason,0.405,1
balanced,0.37,7
act,0.33,3
standard,0.335,2
middle,0.405,1
recent,0.3575,3
chemotherapy,0.4475,0
response,0.2575,2
carry,0.3225,3
direct,0.325,3
flash,0.375,4
choose,0.345,3
grade,0.34,3
identify,0.3325,3
disorder,0.4475,0
datum,0.3375,3
child,0.4125,0
refer,0.28,3
grow,0.405,0
androgen,0.4175,0
metabolic,0.4575,0
irritability,0.3775,4
pain,0.33,3
probably,0.405,1
exam,0.3925,0
respond,0.41,2
active,0.4025,0
addition,0.375,4
negative,0.455,0
difficult,0.405,1
serum,0.3425,3
bloodstream,0.33,3
optimize,0.355,3
absorbed,0.3375,3
young,0.3,1
utlized,0.4175,0
patch,0.33,3
thyroid,0.4475,0
order,0.305,2
practice,0.51,6
liver,0.4475,0
topical,0.33,3
significantly,0.39,0
andropause,0.36,4
unique,0.3675,3
meet,0.43,2
voice,0.4525,0
formulation,0.33,3
point,0.4,1
correct,0.4025,0
sugar,0.665,7
center,0.3725,5
dose,0.33,3
hypothalamus,0.4475,0
daily,0.33,3
performance,0.3775,4
address,0.2775,3
american,0.3575,3
expect,0.3175,1
ongoing,0.4275,2
later,0.445,0
worsen,0.465,0
wellness,0.245,4
uncover,0.38,0
determine,0.335,3
ensure,0.4075,2
prepared,0.405,1
history,0.34,2
necessarily,0.405,1
sense,0.275,1
complete,0.35,3
simply,0.2675,7
inject,0.33,3
promote,0.25,7
radiation,0.4475,0
positive,0.305,4
luteinize,0.4475,0
stimulating,0.4475,0
osteoporosis,0.34,0
postmenopausal,0.375,4
growth,0.4625,0
answer,0.405,1
eat,0.6775,7
poor,0.3775,4
present,0.355,3
cognitive,0.3775,4
commonly,0.385,0
outcome,0.3375,3
combine,0.32,3
swing,0.3775,4
dosage,0.33,3
approve,0.33,3
schedule,0.335,3
strong,0.3525,3
facial,0.3425,0
secondary,0.4475,0
signs.(moderate,0.34,3
play,0.365,4
gonadotropin,0.4475,0
comprehensive,0.4175,2
oral,0.33,3
contribute,0.465,0
topic,0.395,1
variety,0.3925,1
concentration,0.285,2
morning,0.395,2
size,0.46,0
improvement,0.315,3
lab,0.2375,0
slow,0.3225,3
chronic,0.4475,0
elevated,0.4625,0
directly,0.33,3
red,0.465,0
evaluate,0.3375,3
approach,0.3025,2
achieve,0.34,3
administration,0.33,3
fast,0.33,3
particularly,0.305,7
decide,0.405,1
live,0.405,1
absorb,0.33,3
responsible,0.4625,0
onset,0.5225,6
bad,0.4075,1
guideline,0.3725,3
minute,0.33,3
puberty,0.45,0
relationship,0.28,1
exogenous,0.4475,0
assess,0.35,2
scot,0.405,1
actually,0.405,1
regular,0.325,2
strength,0.3775,4
mental,0.275,1
monitor,0.4675,2
week,0.33,3
enhance,0.2975,4
potentially,0.395,2
reach,0.2625,1
event,0.3425,3
stop,0.4275,1
sure,0.405,1
want,0.405,1
fertility,0.4575,0
prescription,0.3475,3
appointment,0.2325,2
defy,0.3275,3
appear,0.3125,0
pressure,0.4225,0
syndrome,0.4475,0
placebo.53,0.3425,2
sperm,0.4575,0
apnea,0.4475,0
begin,0.3575,0
psychological,0.3775,4
safe,0.3175,2
possible,0.3525,2
online,0.5225,6
apply,0.33,3
analysis,0.3425,3
stimulate,0.4475,0
ovary,0.4475,0
system,0.305,4
lose,0.4025,1
clinical,0.3775,3
cell,0.46,0
skin,0.33,3
read,0.34,0
recommend,0.465,2
drop,0.38,0
available,0.52,6
ability,0.3775,4
protein,0.6775,7
add,0.64,7
protocol,0.35,3
testing,0.335,2
physician,0.3725,0
hamper,0.4475,0
development,0.4525,0
new,0.3525,5
goal,0.355,3
control,0.3475,3
likely,0.3675,1
receive,0.2725,5
case,0.2725,2
healthcare,0.27,0
necessary,0.31,2
article,0.255,3
create,0.325,3
generally,0.3275,0
today,0.405,1
density,0.375,4
ask,0.405,1
adult,0.5225,6
reproductive,0.43,0
stroke,0.33,3
team,0.34,5
support,0.3625,5
halt,0.3375,3
occur,0.455,0
testicular,0.4475,0
type,0.4475,0
plan,0.345,3
evidence,0.3525,3
brain,0.4475,0
confirm,0.4,2
information,0.3775,0
infertility,0.4625,0
able,0.405,1
accord,0.3425,3
method,0.33,3
month,0.325,3
cardiovascular,0.34,3
urologist,0.41,1
review,0.37,6
deliver,0.33,3
maybe,0.405,1
stay,0.41,1
obesity,0.4475,0
progressively,0.44,0
erection,0.3875,4
drug,0.33,1
diabetes,0.4475,0
smith,0.405,1
activity,0.3775,4
regulate,0.4475,0
appropriate,0.33,2
seek,0.42,1
recommendation,0.3375,3
checker,0.4025,0
fat,0.3775,4
try,0.405,1
kind,0.405,1
trial,0.3425,3
develop,0.46,0
current,0.33,2
safety,0.2575,2
medicine,0.37,5
understand,0.4,1
injury,0.4475,0
especially,0.4625,0
lower,0.4575,0
note,0.41,2
boost,0.385,7
perform,0.415,2
optimal,0.33,3
gain,0.3775,4
specific,0.34,3
late,0.355,6
form,0.33,3
prescribe,0.3525,3
suffer,0.38,4
statement,0.3425,3
without,0.38,3
day,0.33,3
involve,0.3275,2
professional,0.3525,0
indicate,0.3425,2
impact,0.3075,0
pill,0.33,3
shrunken,0.4625,0
gland,0.4475,0
exercise,0.285,4
typically,0.33,3
raise,0.4625,0
focus,0.375,4
fact,0.405,1
intricately,0.3725,4
free,0.34,1
cancer,0.405,0
maintain,0.3675,4
step,0.3075,4
discuss,0.345,0
year,0.3275,2
expert,0.325,6
base,0.3675,2
sleep,0.3975,0
require,0.315,2
general,0.2575,3
restore,0.365,4
stress,0.345,0
breast,0.465,0
potential,0.3575,1
early,0.345,4
concern,0.29,2
different,0.4025,1
example,0.2525,8
come,0.405,1
offer,0.3525,3
specialist,0.3325,5
depend,0.33,3
talk,0.405,1
injection,0.33,3
quality,0.34,4
menopause,0.33,4
key,0.2975,4
depression,0.3775,4
woman,0.4425,0
weight,0.355,4
diagnosis,0.345,3
gel,0.33,3
research,0.365,5
hair,0.455,0
pituitary,0.4475,0
people,0.405,1
testis,0.4475,0
consider,0.345,2
diabete,0.3825,0
overall,0.3825,4
testicle,0.4475,0
significant,0.355,3
sign,0.35,4
question,0.3975,1
prostate,0.3475,1
suggest,0.3425,2
measure,0.35,3
vary,0.3475,3
check,0.4025,1
aging,0.4125,4
right,0.405,1
avoid,0.33,3
follow,0.345,2
decline,0.3575,4
feel,0.405,1
look,0.405,1
tell,0.405,1
work,0.405,1
associate,0.43,0
lot,0.405,1
lack,0.3775,4
way,0.405,1
common,0.44,0
manage,0.3,2
individual,0.4625,2
benefit,0.2875,2
provide,0.3625,2
think,0.405,1
role,0.38,0
hormonal,0.4575,0
term,0.3525,3
clinic,0.38,0
disease,0.4475,0
effective,0.335,3
old,0.335,1
function,0.3775,0
factor,0.4225,0
haul,0.38,1
know,0.405,1
great,0.405,1
balance,0.3125,2
primary,0.4475,0
loss,0.375,4
total,0.3425,3
naturally,0.4625,0
mean,0.405,1
medication,0.33,3
physical,0.3775,4
sex,0.37,0
contact,0.3225,3
lead,0.465,0
issue,0.5,0
natural,0.4575,0
storage,0.3325,0
libido,0.3775,4
study,0.35,3
thing,0.405,1
care,0.235,0
sexual,0.3775,4
mass,0.375,4
treat,0.3475,3
deficiency,0.3575,3
bone,0.375,4
healthy,0.665,7
reduce,0.3775,4
time,0.405,1
muscle,0.3775,4
heart,0.26,4
process,0.2225,2
range,0.3725,2
produce,0.4475,0
affect,0.4625,0
decrease,0.375,4
certain,0.4475,0
diagnose,0.34,3
fatigue,0.3775,4
energy,0.3775,4
option,0.37,3
improve,0.38,4
effect,0.33,3
mood,0.3775,4
find,0.3975,1
provider,0.32,3
start,0.405,1
normal,0.2775,1
long,0.33,3
good,0.405,1
use,0.2625,1
life,0.335,1
problem,0.4525,0
hypogonadism,0.515,6
erectile,0.3775,4
relate,0.3675,3
risk,0.335,3
experience,0.38,4
dysfunction,0.3775,4
production,0.45,0
body,0.3525,0
doctor,0.375,0
test,0.3475,2
lifestyle,0.2725,4
change,0.335,0
age,0.2975,3
therapy,0.3425,3
like,0.405,1
increase,0.4025,0
medical,0.3675,5
result,0.3475,3
male,0.4975,6
high,0.45,0
help,0.405,1
condition,0.4475,0
replacement,0.26,6
need,0.3825,0
patient,0.4875,2
important,0.405,1
drive,0.3775,4
symptom,0.3775,4
health,0.3575,5
blood,0.465,0
hormone,0.4475,0
include,0.4025,0
cause,0.4475,0
trt,0.345,3
not,0.405,1
treatment,0.4475,2
man,0.31,2
level,0.4325,0
low,0.3775,4
testosterone,0.3675,3
