node,stability_so_far
allan,0.55
mclachlin,0.55
jameson,0.55
groot,0.55
fate,0.45
squat,0.495
elsevi,0.55
kretser,0.55
saunder,0.55
incl,0.445
lipids,0.445
roaccutane,0.305
sunlight,0.305
bitch,0.335
tit,0.335
beginner,0.225
explainer,0.22
cue,0.43
mirror,0.415
cycling,0.315
resurface,0.315
advantageous,0.405
prematurely,0.405
cypinate,0.335
simply:-,0.335
dignify,0.24
ethically,0.24
circle,0.325
procreate,0.325
strange,0.325
fertilizer,0.435
shutdown,0.435
leaching,0.435
entitled,0.43
taker,0.43
grossly,0.435
immunity,0.435
pesticide,0.435
chasing,0.435
d’etre,0.43
junior,0.43
witness,0.43
niche,0.43
raison,0.43
earth,0.43
skill,0.43
disappointing,0.295
mimics,0.295
eureka,0.43
fullness,0.315
assumption,0.43
miracle,0.43
strapline,0.43
spectacular,0.43
additive,0.25
improperly,0.25
conception,0.345
unreasonable,0.36
constraint,0.345
feasible,0.345
unachievable,0.345
manager,0.285
pcm,0.285
aas,0.435
haematochromatosis,0.435
comb,0.43
mane,0.43
intracranial,0.435
chitchat,0.43
bubble,0.335
syringe,0.335
angle,0.335
destruction,0.435
bump,0.43
blvd,0.18
positas,0.18
las,0.18
stanfordhealthcare.org,0.21
technical,0.21
hostile,0.27
personality,0.27
jean,0.4
m.b.a,0.4
calcification,0.255
hopkin,0.255
exemestane,0.34
lazy,0.34
experiment,0.395
organize,0.395
interactive,0.295
invaluable,0.285
aetiology,0.435
panhypopituitarism,0.435
psychiatric,0.375
recruit,0.37
disruptor,0.37
allowance,0.575
rda,0.575
cmd,0.4
timothy,0.4
abbott,0.385
solvay,0.385
laboratories,0.385
proc,0.515
pubmed.ncbi.nlm.nih.gov/27313122/.,0.51
dubious,0.31
nearby,0.415
ag030644,0.405
u01,0.405
diego,0.405
minnesota,0.405
genotypically,0.435
phenotypically,0.435
puget,0.405
alabama,0.405
birmingham,0.405
feinberg,0.405
brigham,0.405
bilateral,0.435
albert,0.405
einstein,0.405
caveat,0.36
inherently,0.415
disseminate,0.43
handout,0.43
comforting,0.35
globe,0.41
c.p.t,0.405
r.d,0.405
trainer,0.405
blye,0.425
elyse,0.425
arthur,0.36
patrick,0.36
walsh,0.36
alive,0.375
ritual,0.375
gathering,0.375
demotivate,0.7
retired,0.705
plate,0.705
starch,0.705
serving,0.705
fulfill,0.435
oomph,0.435
dream,0.43
boyle,0.25
lyon,0.25
reframe,0.59
tradeoff,0.575
1improvement,0.41
2improved,0.41
3improved,0.41
4improved,0.4
5increased,0.4
authentically,0.325
undermine,0.33
6increase,0.4
sleuthing,0.33
dietician,0.36
tandem,0.36
companion,0.33
thickness,0.4
7improve,0.4
8improve,0.4
construct,0.425
sufficiency,0.425
9increase,0.385
excite,0.345
joyful,0.34
passionate,0.27
j.a,0.24
mendonça,0.24
frustrated,0.43
nagging,0.42
e2348692,0.24
pp.e2348692,0.24
almeida,0.24
ferreira,0.24
aboriginal,0.29
strait,0.29
islander,0.29
psychosis,0.51
schizophrenia,0.51
bulimia,0.51
khan,0.55
lucia,0.55
m.a,0.55
preston,0.55
s.e,0.55
torre,0.29
socialize,0.275
undiagnosed,0.27
g.r,0.55
bachelor,0.4
sheffield,0.4
fulfil,0.405
o’leary,0.55
socialization,0.425
untrue,0.43
scholarship,0.405
elizabethtown,0.405
t.g,0.55
travison,0.55
accusation,0.43
steer,0.43
hon,0.405
dps,0.405
bsc,0.405
p.1512268,0.55
frsa,0.405
mbcs,0.405
minstlm,0.405
mrsb,0.405
biotech,0.405
insensitive,0.435
insensitivity,0.435
40s-60s,0.39
60s-80s,0.39
imagen,0.405
drain,0.43
wrecked,0.43
organisation,0.29
accho,0.29
sectional,0.55
treating,0.41
wasting,0.41
grubhub,0.43
helping,0.38
netflix,0.43
cui,0.365
zhang,0.365
shen,0.365
gao,0.365
13a,0.41
parkview,0.41
toledo,0.27
undergrad,0.305
accredit,0.255
ukas,0.255
loyola,0.2
kadali,0.16
lalitha,0.16
chew,0.335
pouch,0.335
startedtestosterone,0.255
reconstruction,0.205
haven,0.4
stanton.honig@yale.edu,0.4
orchard,0.4
cornerstone,0.705
tweak,0.705
stew,0.705
juice,0.705
auaer,0.22
ucf,0.22
seared,0.705
embark,0.34
gently,0.345
software,0.22
upload,0.22
bake,0.705
precipitously,0.43
uniformly,0.43
infrastructure,0.22
garage,0.43
popup,0.43
blossom,0.43
counterproductive,0.695
sabotage,0.69
compatible,0.705
cook,0.705
allergic,0.59
taste,0.59
licensable,0.45
promotional,0.28
kindly,0.335
omit,0.335
sacrifice,0.59
keith,0.47
kprice@auanet.org,0.475
validity,0.485
eurycoma,0.46
longifolia,0.46
namesake,0.46
caffeine,0.695
pilz,0.695
cup,0.695
eurycomanone,0.46
ius,0.695
allude,0.495
asia,0.655
originating,0.655
confederacion,0.165
unabridged,0.165
americana,0.165
urologia,0.165
par,0.685
superfood,0.685
india,0.685
ayurveda,0.685
cau,0.165
algorithm,0.165
delicious,0.685
inversely,0.685
kurtz,0.545
landon,0.545
bruce,0.545
redmon,0.545
kelly,0.545
chiles,0.545
aphrodisiac,0.705
symbol,0.705
diameter,0.385
millimeter,0.385
cartoon,0.575
popeye,0.57
character,0.575
gout,0.705
purine,0.705
sterilize,0.705
mercury,0.705
deborah,0.545
lightner,0.545
martin,0.545
miner,0.545
hassan,0.545
automated,0.435
interplay,0.435
preservative,0.705
dea,0.425
inspection,0.41
murad,0.545
hello,0.43
microphone,0.43
presumably,0.705
yolk,0.705
predate,0.33
uneasy,0.33
monosaturate,0.675
virgin,0.68
moroccan,0.705
elizabeth,0.545
heartburn,0.43
omeprazole,0.43
platz,0.545
scd,0.545
mph,0.545
surprisingly,0.43
marc,0.43
unc,0.43
lakshmi,0.545
bioactive,0.25
load,0.25
ramanathan,0.545
gimmicky,0.43
untested,0.43
staple,0.685
sustainably,0.555
boast,0.685
lewis,0.545
executive,0.545
pressed,0.43
flank,0.39
vomiting,0.39
bimix,0.335
quadmix,0.335
hum,0.43
disintegrate,0.335
sauna,0.45
tub,0.45
whirlpool,0.45
troche,0.335
myers,0.29
writer,0.29
umiami,0.29
wyatt,0.29
nandrolone,0.335
stanozolol,0.335
oxandrolone,0.335
creativity,0.43
probe,0.43
goodrx,0.43
singlecare,0.43
backfire,0.4
candle,0.405
beer,0.395
laden,0.395
insult,0.395
mid-20,0.395
johnson,0.39
respectful,0.39
devote,0.335
establishment,0.34
dane,0.39
golf,0.305
grass,0.3
hyperestrogenemia,0.33
recurrence,0.33
mucosal,0.335
mucous,0.335
broadcast,0.195
pkg,0.19
categorization,0.35
conceptually,0.35
adequacy,0.335
categorizes,0.335
hse,0.335
ireland,0.335
homologous,0.435
lutenize,0.435
generalizable,0.335
andr.12770,0.55
doi:10.1111,0.55
eaa,0.55
jc.2018,0.55
diem,0.265
doi:10.3949,0.265
ccjm.91a.23064,0.265
doi:10.1056,0.265
nejmoa2215025,0.265
shumaker,0.265
exclusively,0.32
formally,0.32
excipient,0.335
permeator,0.335
anosmia,0.435
blindness,0.435
masturbation,0.24
receipt,0.25
al.4,0.345
millar,0.345
speculation,0.25
feldman,0.36
mid-,0.365
late-30s,0.365
nad,0.365
slang,0.355
finer,0.445
shorten,0.445
"+1,150%)—likely",0.25
terms—“secret,0.25
nexus,0.25
webinar,0.43
youtube,0.43
gso,0.335
shallower,0.335
kudo,0.43
pat,0.43
briefly,0.39
capability,0.39
corticotropin,0.37
testosterone.9,0.37
plug,0.43
suspend,0.335
coefficient,0.35
plague,0.35
precision.10,0.35
bathe,0.335
fortesta,0.335
soak,0.335
vogelxo,0.335
revitalize,0.205
unverified,0.245
speculative,0.25
jatenzo,0.335
tlando,0.335
lymph,0.335
graft,0.335
grafting,0.335
bless,0.43
overwhelmed,0.43
fda‐registered,0.195
lengthen,0.335
induration,0.355
palpable,0.355
stitch,0.335
bent,0.335
plication,0.335
evenly,0.365
uptick,0.36
harmonization,0.36
pathologist,0.36
appalachia,0.365
sera,0.36
chromatography,0.335
spectrometry,0.335
oklahoma,0.365
idaho,0.365
arkansa,0.365
wyoming,0.365
deformity,0.305
hourglass,0.305
curve,0.305
collagen,0.305
fasting,0.345
forecast,0.32
arizona,0.325
tennessee,0.325
degeneration,0.42
hasten,0.42
constrictive,0.335
cumbersome,0.335
altered,0.405
neglect,0.405
stature,0.405
accomplishment,0.37
election,0.31
presidential,0.31
contradict,0.335
pool,0.335
d.c,0.31
island,0.31
distinction,0.43
similarity,0.43
rhode,0.31
delaware,0.31
backseat,0.425
jog,0.43
empire,0.43
war,0.43
toyota,0.43
camry,0.43
intertwine,0.28
leaning,0.28
talent,0.43
jointed,0.43
reignite,0.28
customizable,0.275
application.228,0.335
enhancer,0.335
solubility,0.335
capogrosso,0.41
prof,0.41
sponsoring,0.55
yialamas,0.55
occlusive,0.335
washing,0.335
fold.415,0.335
men,0.305
survivorship,0.295
therapies.417,0.335
dysmorphophobia,0.29
hypoactive,0.225
cervix,0.395
sti,0.395
transgender,0.395
phimosis,0.395
culturally,0.415
resonate,0.415
stimulant,0.395
t.h,0.41
otc,0.395
hours.424,0.415
minutes.425,0.39
ethnicity,0.345
household,0.345
income,0.345
rural,0.27
suburban,0.275
mirroring,0.365
predefine,0.42
symptomology,0.43
aneurysm,0.45
aortic,0.45
smack,0.43
yearlong,0.43
dab,0.43
desai,0.395
sethi,0.395
uhealth,0.395
bioequivalence,0.325
values.428,0.325
brca,0.385
con’t,0.395
recording,0.43
noteworthy,0.34
rhythm.181,0.34
beef,0.705
poultry,0.705
skinless,0.705
berry,0.705
carrot,0.705
broccoli,0.705
maria,0.55
navy,0.705
lentil,0.705
behavioural,0.315
cbt,0.315
hpv,0.39
monkeypox,0.39
chickpeas,0.705
hays,0.385
taylor,0.385
oat,0.705
pneumococcal,0.39
shingle,0.39
minn,0.385
wheat,0.705
influenza,0.39
tetanus,0.39
glucagon,0.435
peptide-1,0.435
cereal,0.705
phytoestrogen,0.705
wine,0.705
robyn,0.165
zercher,0.165
fnp,0.165
pasta,0.705
snack,0.705
prep,0.265
prohylaxis,0.265
baton,0.385
ext,0.385
rouge,0.385
slidell,0.385
covington,0.385
tammany,0.385
parish,0.385
northshore,0.385
kenner,0.385
shiny,0.425
wipe,0.425
alvin,0.55
baptist,0.385
hwy,0.385
jefferson,0.385
(aspen,0.335
phenylpropionate,0.335
isocaproate,0.335
(bayer,0.335
brother,0.43
tall,0.43
avanafil,0.34
stendra,0.34
preexposure,0.265
professionally,0.245
unlimited,0.245
https://www.hormone.org/diseases-and-conditions/low-testosteronetestosterone-associate,0.405
https://www.hormone.org/your-health-and-hormones/glands-and-hormones-a-to-z/hormones/testosteronelow,0.41
patients.181,0.335
vesicle,0.335
pain.431,0.335
https://www.ncbi.nlm.nih.gov/pmc/articles/pmc6266690/,0.375
adhesive,0.335
muco,0.335
incisor,0.335
daily.432,0.335
integrate,0.38
specialties,0.38
gulf,0.39
nonprofit,0.39
alan,0.395
edith,0.395
wolff,0.395
chlamydia,0.395
gonorrhea,0.395
syphilis,0.395
hike,0.43
park,0.43
hop,0.43
italy,0.43
purgatorio,0.43
purgatory,0.43
restaurant,0.43
1gm,0.335
4ml,0.335
florence,0.43
dysmorphia/”bigorexia,0.395
hydration,0.335
levels.433,0.335
dysmorphic,0.395
felson,0.165
sabrina,0.165
audience,0.43
caverject,0.335
edex,0.335
phentolamine,0.335
oraverse,0.335
authentic,0.43
neapolitan,0.43
pizza,0.43
canine,0.335
hydrate,0.335
diving,0.43
underwater,0.43
photography,0.43
piggyback,0.43
semi,0.43
apart.432,0.335
downhill,0.43
hodis,0.55
ski,0.43
racing,0.43
palpitation,0.41
running,0.41
restlessness,0.41
nasopharyngitis,0.335
rhinorrhea,0.335
epistaxis,0.335
men.436,0.335
browser,0.435
html5,0.435
app,0.435
bolt,0.325
newly,0.32
hyperestrogenism,0.425
partially,0.42
nada,0.43
zip,0.43
telling,0.43
qualitatively,0.405
quantitatively,0.41
realistically,0.43
vague,0.43
concert,0.42
masse,0.415
fluoride,0.685
laryngologist,0.665
storm,0.415
subside,0.41
mini,0.4
fly,0.415
sheep,0.41
biomedical,0.41
states).440,0.34
undenaconate,0.365
discrimination,0.43
dnv,0.43
webmaster,0.35
pediatrician,0.26
shrug,0.26
individualization,0.325
loading,0.325
goserelin,0.435
triptorelin,0.435
biosynthesis,0.435
leuprolide,0.435
metoclopramide,0.435
psychoactive,0.435
lake,0.305
strengthening,0.705
unprocessed,0.705
benzyl,0.345
microemboli,0.345
benzoate,0.345
component.438,0.345
boxed,0.345
mitigation,0.355
scheduling,0.22
multisystem,0.435
prad,0.435
cough,0.325
duration.443,0.325
conservatively,0.325
hayes,0.55
https://thescoperadio.com,0.43
https://www.facebook.com/whocaresmenshealth,0.43
https://whocaresmenshealth.com,0.43
patches.182,0.335
reformulate,0.335
crystalline,0.335
hypoplasia,0.435
underdevelopment,0.435
evan,0.4
hadley,0.4
atlanta,0.41
profilesexplore,0.415
gupta,0.555
hackett,0.555
https://www.ncbi.nlm.nih.gov/books/nbk549843/,0.555
hearnshaw,0.21
pp.238,0.21
ltd,0.555
channel,0.335
ecchymose,0.335
headline,0.555
s.l,0.555
huo,0.23
scialli,0.23
a.r,0.23
mcgarvey,0.23
hill,0.23
tügertimur,0.23
hogenmiller,0.23
hirsch,0.23
a.i,0.23
fugh,0.23
berman,0.23
pp.42,0.555
gurney,0.555
enantate,0.335
inflate,0.335
rod,0.335
semirigid,0.335
glenn,0.55
virormone,0.335
(nordic,0.335
bendable,0.335
plos,0.23
p.e0162480,0.22
superficial,0.335
skin.449,0.335
merit,0.43
recheck,0.43
guasti,0.555
parede,0.555
juan,0.55
aquino,0.555
fernández,0.555
pp.557,0.555
ventura,0.555
verboon,0.555
dewitte,0.555
jacobs,0.555
thewissen,0.555
coagulant,0.385
hematoma,0.375
lankveld,0.555
shalender,0.55
https://www.ncbi.nlm.nih.gov/pmc/articles/pmc1476110/,0.555
polycthemia,0.38
neuroimage,0.555
rajfer,0.555
pp.855,0.555
magnetic,0.555
moserthroughout,0.215
sara,0.215
resonance,0.555
p=0.03).220,0.35
burnod,0.555
issac,0.555
paradi,0.555
bittoun,0.555
fare,0.21
glutron,0.555
pélégrini,0.555
moura,0.555
stoléru,0.555
"(ferring),gel",0.335
mg/5,0.335
jcem,0.55
discrete,0.29
packaging,0.29
https://www.ncbi.nlm.nih.gov/books/nbk513278/,0.555
butterfly,0.435
gabrielson,0.435
"events,363",0.335
"risk,233",0.335
risk.373,0.335
"analysis,372",0.335
testogel,0.335
"(besin),gel",0.335
durland,0.475
zito,0.48
panchatsharam,0.465
pp.349,0.465
eric,0.42
laborde,0.42
conferencing,0.43
overstate,0.43
irreversible,0.36
underutilise,0.34
abhinav,0.275
prevail,0.27
vol,0.465
handbook,0.31
tostran,0.335
"(prostrakan),gel",0.335
circulating,0.34
hospitalization,0.35
fruzzetti,0.34
p.100426,0.35
hazlett,0.35
kadono,0.555
mizokami,0.555
namiki,0.555
prod,0.435
trh,0.435
nohara,0.555
izumi,0.555
hospitalize,0.385
remained,0.385
iijima,0.555
kawaguchi,0.555
shigehara,0.555
barne,0.265
jewish,0.265
kato,0.555
https://www.ncbi.nlm.nih.gov/books/nbk534827/,0.555
er.2017,0.55
lesson,0.55
https://www.urologyhealth.org/urologic-conditions/low-testosterone,0.55
caban,0.555
factory,0.445
worker,0.445
p.98,0.555
dhindsa,0.405
sicker,0.405
autonomy,0.335
prescriber,0.355
breehl,0.555
pathophysiology,0.555
population‐base,0.495
pp.317,0.55
chung,0.55
multidose,0.335
dispenser,0.335
dennerstein,0.4
maggi,0.4
maturita,0.4
pp.46,0.4
haye,0.4
doi:10.1016,0.455
j.urology.2016.12.066,0.455
synder,0.455
calculated,0.335
p=0.02,0.335
erratum,0.335
fertile,0.31
withdrawal,0.335
rastrelli,0.4
dataset,0.335
gilbert,0.545
scrotal,0.335
askmayoexpert,0.545
extraneous,0.32
wax,0.315
hashimoto,0.435
thyroiditis,0.435
finkle,0.335
truven,0.335
"n=55,593",0.335
albeit,0.35
prn,0.355
summarise,0.36
flagging,0.35
convincing,0.43
huh,0.43
disappointed,0.33
unwaveringly,0.335
inordinate,0.295
unconscious,0.33
abbreviate,0.335
striking,0.335
religion,0.305
stereotype,0.305
affirm,0.43
girlfriend,0.43
massively,0.305
endothelial,0.335
chafing,0.43
marathon,0.43
aroused,0.3
habituation,0.295
stabilizer,0.335
cardioprotectant,0.335
mate,0.28
insignificant.366,0.335
"n=1,773",0.335
"n=1,261",0.335
biorepository,0.405
ict,0.405
or=1.54,0.335
copulate,0.41
novo,0.42
renewal,0.41
tremor,0.41
warm,0.41
stratification,0.34
n=13,0.34
animal,0.41
or=0.89,0.335
.in,0.42
homogenous,0.335
or=2.06,0.335
favor,0.335
unpublished,0.335
edwards,0.39
hudson,0.39
garbage,0.43
hardly,0.43
"muraleedharan,233",0.335
shore,0.335
baillargeon373,0.335
"deaths/1,000",0.35
p<0.0001,0.345
muraleedharan,0.335
stratify,0.335
n=581,0.335
intricacy,0.345
supraspinal,0.34
n=343,0.335
n=238,0.33
hr=2.02,0.37
p<0.01,0.37
compounded,0.335
tds,0.335
somatosensory,0.34
unbelievably,0.34
baillargeon,0.335
concede,0.335
hr=0.84,0.335
medicare,0.335
beneficiary,0.335
descent,0.45
vocal,0.45
confounder,0.36
naïve,0.36
concurrent,0.36
creamy,0.335
refrigerate,0.335
nighter,0.43
understate,0.43
friday,0.43
bayer,0.39
marius,0.39
https://www.ncbi.nlm.nih.gov/pubmed/25384570,0.56
invest,0.56
hypoallergenic,0.335
moisture,0.335
italian,0.56
proposal,0.335
provisional,0.335
scentless,0.335
empt,0.34
absorbent,0.33
moisturize,0.33
disperse,0.335
emulsion,0.335
aorta,0.385
atherosclerotic,0.385
variant,0.375
https://www.ncbi.nlm.nih.gov/pubmed/25523084,0.555
https://www.ncbi.nlm.nih.gov/pubmed/31496147,0.555
pharmacotherapy,0.555
mens,0.555
bandage,0.335
gauze,0.335
finish,0.335
2838ur,0.355
https://www.ncbi.nlm.nih.gov/pubmed/23482592,0.555
2021;15(5):e234,0.34
http://dx.doi.org/10.5489/cuaj.7252,0.34
dislike,0.335
peel,0.335
assoc,0.34
https://www.ncbi.nlm.nih.gov/pubmed/15638872,0.53
oxf,0.53
revert,0.535
leaf,0.39
proctor,0.39
locations13,0.4
locationswe,0.4
sawgrass,0.4
https://www.ncbi.nlm.nih.gov/pubmed/18270261,0.55
nonbound,0.55
b.a,0.55
mohr,0.55
differentially,0.33
https://www.ncbi.nlm.nih.gov/pubmed/30862651,0.425
registry,0.425
urotronic,0.39
nobel,0.28
synthesize,0.21
bettoocchi,0.36
pp.3,0.355
yassin,0.355
carvalho,0.36
eau;2025,0.355
enhancement,0.34
reluctance,0.35
scheme,0.36
condition.3,0.385
brockport,0.4
canandaigua,0.4
clara,0.4
barton,0.4
finger,0.335
spoon,0.335
noyes,0.4
cmaj.5,0.375
perpetual,0.395
dansville,0.4
east,0.4
geneseo,0.4
comorbidity,0.385
mmas,0.355
bioactivity,0.435
blockade,0.435
pointe,0.4
chris,0.4
inch,0.42
disinfect,0.335
elbow,0.335
mid-30s,0.37
virulence,0.335
biochemistry,0.315
interprovincial,0.34
seneca,0.4
wellsville,0.4
hornell,0.4
aurora,0.41
finite,0.41
lattimore,0.4
anschutz,0.41
colorado,0.41
g-100,0.4
emeritus,0.405
magazine,0.43
schwarzenegger,0.43
highland,0.4
equate,0.35
pop,0.34
foreign,0.435
particle,0.435
ethan,0.39
filter,0.345
ambulatory,0.4
launch,0.335
accumulate,0.445
vlcfa,0.445
md2,0.39
mohit,0.39
md3,0.39
md1,0.39
md4,0.39
jay,0.39
yonah,0.39
elmwood,0.4
md5,0.39
flawed,0.325
methodologically,0.33
grantmyre,0.39
md6,0.39
premal,0.39
profoundly,0.275
trivialise,0.27
phlebotomist,0.335
md7,0.39
richard,0.39
bebb,0.39
md8,0.39
fitzpatrick,0.39
md9,0.39
jeffrey,0.39
campbell,0.39
serge,0.39
abraham,0.39
md10,0.39
astella,0.39
msacl.org,0.39
md11,0.39
md12,0.39
sciex,0.39
dictionary,0.395
oxford,0.395
dian,0.39
synergistically,0.395
180pmol,0.36
issm,0.35
evidence).10,0.335
framework,0.335
working,0.335
content.5,0.355
summative,0.36
silva,0.55
specialised,0.55
n.l,0.55
papanikolaou,0.55
metuchen,0.39
grossmann,0.55
antonio,0.55
aplastic,0.435
myelodysplastic,0.435
quinton,0.55
b.d,0.55
pathogenesis,0.55
clarus,0.39
modulate,0.41
neurochemical,0.41
visuospatial,0.41
lancet,0.55
underscore,0.345
undiagnose,0.35
tasked,0.35
update.11,0.35
pp.761,0.55
spaziani,0.55
carlomagno,0.55
tarantino,0.55
angelini,0.55
vincenzi,0.55
gianfrilli,0.55
collate,0.36
submission,0.36
theme,0.36
propose,0.36
finalize,0.355
karkowsky,0.39
labs,0.39
felix,0.39
bovine,0.265
equine,0.245
mouse,0.28
rabbit,0.28
anderson,0.55
p.1184530,0.55
r.a,0.55
llahana,0.55
barth,0.55
j.h,0.55
mackenzie,0.55
wilke,0.55
sooriakumaran,0.55
investor,0.39
mhb,0.39
tomlinson,0.55
gonadatrophin,0.4
substandard,0.305
barber,0.545
pp.200,0.545
t.m,0.545
kyrou,0.545
kaltsas,0.545
insist,0.42
tab,0.43
randeva,0.545
grossman,0.545
a.b,0.545
h.s,0.545
weickert,0.545
m.o,0.545
nebraska,0.415
physic,0.41
lincoln,0.415
crystallography,0.3
inspect,0.3
unbelievable,0.3
p.8217,0.545
pairing,0.3
crystal,0.3
beiza,0.33
kristen,0.33
achievable,0.25
energize,0.285
awful,0.43
ride,0.43
crude,0.345
years.13,0.345
unrealistic,0.255
bombard,0.3
diffract,0.3
cypre,0.405
kathi,0.405
indian,0.545
shivakumar,0.545
nagaraju,0.545
microscope,0.3
defied,0.3
pp.180,0.545
affinity,0.34
bordal,0.425
popularly,0.415
pp.1151,0.545
saalu,0.545
l.c,0.545
osinubi,0.545
a.a,0.545
fable,0.545
lagos,0.545
@anaveciana,0.31
twitter,0.31
competition,0.35
anavecianasuarez.com,0.31
palm,0.31
herald,0.31
production.17,0.445
testable,0.445
elegant,0.215
intricate,0.215
renowned,0.31
suarez,0.31
ana,0.31
veciana,0.31
bullough,0.42
byron,0.42
misinformation,0.205
vegetarian,0.2
/memory,0.41
cognitive/,0.41
physical/,0.41
eager,0.375
kill,0.37
gasoline,0.24
pour,0.235
bug,0.32
smartwatch,0.32
reminder,0.32
presbyterian,0.37
shadyside,0.37
e236,0.425
tosterone,0.425
axillary,0.425
breakthrough,0.36
groundbreake,0.36
carswell,0.42
hormonal/,0.435
intrinsic,0.435
karolina,0.405
majorek,0.405
katarzyna,0.405
handing,0.405
przemyslaw,0.405
porebski,0.405
sandya,0.405
beeram,0.405
kyungah,0.405
suh,0.405
ashley,0.405
mindy,0.42
insurer,0.4
renowne,0.4
maryland,0.395
headquarter,0.4
woolfork,0.405
davisfor,0.295
josh,0.295
reputation,0.295
ivan,0.405
changer,0.26
refute,0.295
discontinuing,0.35
months).5,0.355
diminution,0.445
"pulsatility.18,19",0.445
shabalin,0.405
bettie,0.42
lauren,0.42
coralville,0.37
i-80,0.37
forth,0.42
northwest,0.145
pacific,0.145
premier,0.145
destination,0.145
meno,0.425
dribble,0.455
emptying,0.455
trim,0.41
waistline,0.41
bam,0.43
football,0.43
wham,0.43
retrospectively,0.43
ocean,0.425
punching,0.425
hocking,0.425
bedtime,0.29
sedative,0.29
gm117325,0.405
r01,0.405
gm117080,0.405
gm118619,0.405
outnumber,0.415
vastly,0.41
iatrogenic,0.435
kallman,0.435
hhsn272201200026c,0.405
nos,0.405
hhsn272201700060c,0.405
gasp,0.38
snort,0.38
louder,0.38
saliva,0.275
spit,0.275
aud,0.435
females,0.435
shady,0.435
tactic,0.435
catheterization,0.29
unblock,0.285
playlist,0.43
song,0.43
duca,0.555
https://my.clevelandclinic.org/health/diagnostics/24215-testosterone-test,0.555
condorelli,0.555
calogero,0.555
vignera,0.555
hardness,0.295
inventory,0.295
"score.13,20",0.295
intimidate,0.36
movement,0.29
brisk,0.385
jcm8050732,0.555
fade,0.285
roller,0.29
coaster,0.29
standardized,0.34
"td.6,9,25",0.34
academic/,0.34
bath,0.34
breathwork,0.34
mindfulness,0.34
treadmill,0.39
abdoman,0.335
timer,0.335
basson,0.55
wierman,0.55
reappraisal,0.55
arlt,0.55
pubmed.ncbi.nlm.nih.gov/25279570/.,0.55
pmc6571549,0.555
https://www.ncbi.nlm.nih.gov/pmc/articles/pmc6571549/,0.555
ferrucci,0.555
maggio,0.555
bandinelli,0.555
lauretani,0.555
acclimate,0.43
transient,0.43
chemaitilly,0.55
garibaldi,0.55
pubmed.ncbi.nlm.nih.gov/29562364/.,0.55
https://www.cdc.gov/labstandards/hs_standardization.html,0.34
spectrometry.26,0.335
ble,0.555
valenti,0.555
ershler,0.555
homa,0.395
warren,0.395
calibration,0.34
testosterone.27,0.34
guralnik,0.555
longo,0.555
j.beem.2010.11.004,0.555
pmc3073592,0.555
auxiliary,0.365
system(s,0.365
illustrative,0.355
apr23.doi,0.555
jun,0.555
pmc4168024,0.555
nihmsid,0.555
nihms627664,0.555
prasanth,0.555
surampudi,0.555
"md,1",0.555
dependant,0.295
"td.5,6",0.35
donohoue,0.55
hypofunction,0.55
1.publishe,0.555
bolus,0.345
shoot,0.345
impactful,0.34
structural/,0.34
lambert,0.55
swj,0.55
milman,0.55
bartke,0.55
men5,0.335
relie,0.335
aleksic,0.55
maximizing,0.285
tmt,0.285
pract,0.555
"md,2",0.555
andre,0.555
wittert,0.555
araujo,0.555
pmc4650468,0.555
gladly,0.275
toll,0.28
asap,0.28
havoc,0.28
wreak,0.28
potentwavetm,0.37
shottm,0.37
arch,0.555
intern,0.555
archinte.166.13.1380,0.555
crisp,0.705
instant,0.705
pmc2645631,0.555
682x.143317,0.555
potentshottm,0.37
wavetm,0.37
pshot,0.37
reuptake,0.41
ssris,0.41
ejaculatory,0.41
lacking,0.41
https://www.ncbi.nlm.nih.gov/pmc/articles/pmc2645631/,0.555
androl,0.555
spearhead,0.41
wood,0.41
compliment,0.425
e238,0.435
"conditions.5,7",0.425
coward,0.555
collateral,0.435
scarring,0.435
addiction,0.435
buff,0.35
steep,0.35
carson,0.555
feb;9(2):249,0.55
laksham,0.55
ronde,0.545
culley,0.555
versa,0.26
vice,0.26
https://medlineplus.gov/ency/patientinstructions/000722.htm,0.39
https://www.upmc.com/health-library/article?hwid=abo6506&locale=en-us,0.39
jame,0.555
mcbride,0.555
blemish,0.345
dull,0.345
wrinkle,0.345
months.77,0.405
upwards,0.405
burlington,0.515
https://www.endocrine.org/patient-engagement/endocrine-library/hormones-and-endocrine-function/reproductive-hormones,0.515
corporation,0.515
america(r,0.515
holding,0.515
pmc4074000,0.555
negativity,0.235
positivity,0.235
ajpregu.00360.2012,0.555
r958,0.555
christina,0.555
https://www.labcorp.com/tests/004226/testosterone-total,0.515
r951,0.555
comp,0.555
nurture,0.235
icd9,0.305
justify,0.305
cpt,0.305
necessity,0.305
regul,0.555
integr,0.555
c1995,0.5
tgrp,0.5
interpretive,0.5
juncos,0.555
physiol,0.555
mds,0.42
pas,0.415
reckelhoff,0.555
and/,0.34
rationalize,0.34
"treatment.7,27,31",0.34
calculation,0.34
luis,0.555
"md‡†,3",0.555
jane,0.555
ruisheng,0.555
jeuveau,0.345
microneedle,0.345
carbon,0.45
dioxide,0.45
liu,0.555
maranon,0.555
therapie,0.38
treatments.regenerative,0.36
rodrigo,0.555
https://www.mayomedicallaboratories.com/test-catalog/clinical+and+interpretive/8508,0.5
chandrashekar,0.555
addressing,0.33
coaching,0.315
ruiz,0.555
kiran,0.555
leadership,0.345
transparent,0.305
engine,0.43
tank,0.43
gas,0.43
junk,0.705
refine,0.705
kinetic,0.35
therapy.75,0.355
actuator,0.335
tans,0.335
quarter,0.43
screened,0.43
predisposed,0.44
sensitise,0.44
lopez,0.555
prolotherapie,0.34
prolozone,0.345
arnaldo,0.555
may;43(2):185,0.555
e239,0.31
withnosymptom,0.335
andrea,0.555
soljancic,0.555
accordance,0.34
recommendation).75,0.335
12nmol,0.27
stringent,0.345
https://www.auanet.org/guidelines-and-quality/guidelines/testosterone-deficiency-guideline,0.51
linthicum,0.505
testing.com,0.51
onecare,0.51
j.ucl.2016.01.004,0.555
antibiotic,0.38
azelaic,0.38
reperfusion,0.555
ischemia,0.555
pmc3081396,0.555
skincare,0.32
soap,0.32
ether,0.32
benefit.6,0.375
concurrently,0.37
lauryl,0.32
sle,0.32
https://www.testing.com/tests/testosterone/,0.47
womenshealth.gov,0.455
j.yhbeh.2011.01.009,0.555
crown,0.45
widen,0.45
shaped,0.45
forehead,0.45
nicotine,0.335
trickle,0.335
daunt,0.4
firsthand,0.405
rodriguez,0.555
wisdom,0.555
letrozole,0.435
testolactone,0.435
crank,0.355
mentor,0.335
karlye,0.555
prince,0.555
apprehensive,0.34
audible,0.34
beast,0.43
gascon,0.43
perpetuate,0.475
pornography,0.475
rethink,0.475
viewing,0.475
mushroom,0.475
engelman,0.555
tyler,0.555
ontreatment,0.32
testosteroneto,0.32
"potential.37,38",0.395
coneeny,0.555
shannon,0.555
manliness,0.37
technically,0.37
kettle,0.325
painless,0.335
conceiving,0.255
monitored,0.31
subfertility,0.375
daviau,0.555
meagan,0.555
dehydrate,0.43
incessantly,0.43
brush,0.285
blanket,0.56
overtreat,0.555
vomit,0.43
lester,0.3
sue,0.3
julie,0.295
spritzer,0.555
drip,0.43
combined,0.24
proudly,0.235
professionalism,0.235
superior,0.23
concerningly,0.35
levels.41,0.35
indeterminant,0.35
pmc4154787,0.555
neonatal,0.4
neuropsychiatric,0.42
gestational,0.42
integrated,0.24
med.0000000000000086,0.555
obe,0.555
diabetes.wang,0.55
jackson,0.55
deadline,0.29
newlywed,0.38
eld,0.38
stanford,0.38
potency,0.27
purity,0.265
curr,0.555
carolina,0.4
clock,0.4
eje-11,0.555
pmc3188848,0.555
abdulmage,0.555
nov;165(5):675,0.555
gooren,0.555
saad,0.555
zafalon,0.555
facs,0.375
marshall,0.375
pmc4744737,0.555
startedsource,0.555
oby.21092,0.555
downregulation,0.43
unsustainable,0.43
historical,0.335
teaching,0.335
biology,0.335
spring,0.555
fella,0.405
frisky,0.405
hypersensitivity,0.335
include:5,0.33
yang,0.34
yin,0.34
prudent,0.335
reset,0.44
rewarding,0.44
bicker,0.425
kiss,0.425
wink,0.425
alert,0.43
spoiler,0.43
mojo,0.43
christopher,0.175
runz,0.175
ong,0.555
ken,0.555
therapy.5,0.335
nehra,0.55
g.diabetes,0.55
yoav,0.555
ben‐shlomo,0.555
kuh,0.555
bodybuilde,0.36
nonmedical,0.35
localize,0.335
mortality.56,0.335
cumbria,0.4
violence,0.4
charity,0.4
workington,0.4
muniz,0.555
diana,0.555
fecal,0.43
guaiac,0.43
occult,0.43
immunochemical,0.43
necessitate,0.37
skew,0.365
graciela,0.555
dopaminergic,0.415
serotonergic,0.4
rebecca,0.555
hardy,0.555
gfobt,0.43
adams,0.555
stool,0.43
sdna,0.43
targeted,0.43
judith,0.555
placebo.29,0.34
rtcs,0.34
lashen,0.555
imagine,0.375
seesaw,0.375
excitatory,0.375
cloud,0.3
pharmacology,0.295
volume.61,0.34
keevil,0.555
hany,0.555
colonoscopy,0.43
colonography,0.43
void,0.355
genius,0.365
cash,0.43
obscene,0.43
brian,0.555
sigmoidoscopy,0.43
fsig,0.43
dc10,0.55
facility,0.43
bann,0.555
bust,0.43
edition,0.43
detrusor,0.345
"function.59,60,62,63",0.345
pleasant,0.44
unintended,0.44
a1c,0.335
deceased,0.325
amygdala,0.34
aversion,0.34
mortality.67,0.36
bradley,0.32
whack,0.25
fuzz,0.42
tuft,0.385
frontal,0.445
striatum,0.445
thalamus,0.445
hippocampus,0.445
cerebellum,0.445
critter,0.43
microbiome,0.43
charming,0.385
e241,0.335
sig-,0.335
"death.70,71",0.335
methodological,0.335
nificant,0.335
gastroenterologist,0.43
digest,0.345
evolutionarily,0.345
jul;34(7):1669,0.55
dirty,0.43
steroidal,0.43
"events.72,73",0.335
garner,0.335
sardine,0.705
loosely,0.37
pleasanton,0.18
propensity,0.38
weighting,0.385
latanoprost,0.45
prostaglandin,0.45
ste,0.18
behav,0.555
horm,0.555
rationale,0.41
ray,0.3
misunderstand,0.435
pfs,0.465
ncic,0.4
position,0.335
eisenberg,0.38
landing,0.4
reimbursement,0.305
iodine,0.435
jar,0.335
plunger,0.335
agonist,0.435
gram,0.705
https://www.endocrine.org/patient-engagement/endocrine-library/hypogonadism,0.53
jan,0.515
cancerous,0.305
polyp,0.25
dead,0.43
rechecke,0.43
sachet,0.335
dehydration,0.305
versabase,0.335
gip,0.375
glp-1,0.425
proceed,0.39
residency,0.32
extrusion,0.335
regulated,0.435
eyebrow,0.355
dear,0.43
midwest,0.43
duplication,0.4
inc,0.4
helped,0.425
shgb,0.32
pomegranate,0.705
snoring,0.38
activation,0.43
wildly,0.395
bipolar,0.425
uptake,0.335
miami,0.31
nitric,0.24
oxide,0.24
second,0.335
journalist,0.31
associated,0.32
livery,0.33
calgary,0.41
dalhousie,0.41
halifax,0.41
winnipeg,0.41
pfizer,0.39
comorbid,0.34
reassessment,0.435
manitoba,0.41
curvature,0.335
disclosure,0.34
remuneration,0.335
clever,0.195
tinker,0.35
prediman,0.335
shah,0.335
khurram,0.26
methodist,0.26
exceptionally,0.3
doi:10.1210,0.55
project,0.31
reuse,0.33
sleeping,0.4
fragile,0.31
pertinent,0.41
inadvertent,0.335
transmission,0.335
chemically,0.435
placenta,0.44
inactivity,0.355
subtler,0.33
strategy.420,0.335
substitution,0.555
manuscript,0.555
complementary,0.285
rheumatic,0.32
axiron,0.335
custom,0.335
grapple,0.225
indicative,0.275
frontier,0.55
frailty,0.355
rat,0.55
ice,0.34
precede,0.28
salonia,0.36
aleksandr,0.29
belakovskiy,0.27
resident,0.26
freely,0.315
stat,0.195
split,0.3
manageable,0.36
gelatinous,0.335
microporous,0.335
encounter,0.41
mar,0.555
december,0.535
mba,0.395
uab,0.39
messaging,0.33
productivity,0.335
principal,0.4
membrane,0.335
ehrmann,0.485
legro,0.485
wei,0.485
constricted,0.365
weakened,0.41
https://www.ncbi.nlm.nih.gov/pubmed/28434676,0.55
pencina,0.55
k.m,0.55
adjudicate,0.33
definite,0.33
abbreviation,0.355
disclaimer,0.365
cosmetic,0.25
mixture,0.335
coarse,0.44
sideburn,0.44
lincoff,0.55
clog,0.32
isidori,0.555
moisturizing,0.335
experimental,0.245
investigational,0.355
versatile,0.695
https://www.clinicalkey.com,0.55
bar,0.43
stretch,0.335
lip,0.335
raymond,0.16
turley,0.16
jayasena,0.55
c.n,0.55
emboli,0.31
numerical,0.3
moustache,0.44
discreetly,0.335
systemic,0.325
variably,0.335
dairy,0.705
equipment,0.37
revolutionary,0.265
confidential,0.275
ship,0.365
bleeding,0.335
hidden,0.42
eaif,0.43
terrible,0.43
hydro,0.335
solubilize,0.335
peripheral,0.245
utilisation,0.405
habitus,0.405
pore,0.255
france,0.55
basaria,0.555
announce,0.34
box,0.345
actuality,0.425
polygenic,0.425
pharmacother,0.555
eugonadal,0.355
testosterone.5,0.36
overnight,0.41
recalibrate,0.28
buckle,0.335
agency,0.335
drugmaker,0.335
sleeve,0.32
teenager,0.435
independently,0.35
liability,0.335
11division,0.41
mcgill,0.41
ontario,0.41
london,0.41
montreal,0.41
concentrated,0.365
predominately,0.405
dressing,0.29
collaboratively,0.435
exciting,0.41
10division,0.41
redness,0.335
dilate,0.31
12department,0.41
pile,0.42
weekend,0.425
matrix,0.335
landmark,0.315
osteopenia,0.45
aga,0.45
androgenetic,0.45
equally,0.34
uncertainty,0.335
breastfeed,0.43
adjunct,0.435
recombinant,0.435
deter,0.275
lived,0.275
minhas,0.55
soften,0.33
bot,0.22
chapter,0.235
blah,0.43
bunch,0.43
misdiagnosis,0.36
unnecessary,0.34
f.c,0.55
endorsement,0.4
jam,0.4
musculature,0.38
diarrhea,0.435
grave,0.435
coolidge,0.555
melish,0.435
coffee,0.245
celebrity,0.205
noncancerous,0.45
repeatedly,0.45
indulge,0.4
lateral,0.335
wall,0.405
responsive,0.39
appetite,0.41
california,0.4
northwestern,0.405
emily,0.555
"life.5,12",0.34
widespread,0.34
harbor,0.405
ryan,0.39
walloping,0.43
interchangeably,0.265
signify,0.265
heating,0.435
thermostat,0.435
hypothalmus,0.435
boiler,0.435
comply,0.45
ungrade,0.47
adherence,0.335
"recommendation).5,6",0.35
saint,0.405
epub,0.555
dementia,0.43
immensely,0.36
evoke,0.365
loud,0.375
speech,0.36
survivor,0.395
subsequently,0.3
normalisation,0.2
resume,0.24
translational,0.405
geriatric,0.4
pittsburgh,0.405
deduplication,0.33
title,0.395
50s+,0.44
distribute,0.365
alarming,0.325
smoker,0.39
hage,0.405
colorful,0.705
eggs,0.705
seafood,0.705
elderly,0.32
700s,0.43
roof,0.43
drug.430,0.335
expose,0.335
glass,0.705
childbirth,0.21
otolaryngology,0.235
discount,0.43
anxious,0.41
pastry,0.705
sweeten,0.705
outlandish,0.375
stake,0.315
enlarging,0.45
descend,0.435
risky,0.27
declaration,0.39
hazard,0.29
focused,0.43
vibrator,0.43
heartbeat,0.41
fried,0.705
meat,0.705
handle,0.43
precision,0.33
integrity,0.425
eugster,0.55
haddad,0.55
jul,0.555
neural,0.34
sympathetic,0.345
virility,0.47
multicenter,0.4
sigh,0.335
gainswave,0.365
yep,0.43
wladek,0.405
clevelandclinic.org/loveyourheartpodcast,0.435
heart@ccf.org,0.435
exclusive,0.41
unsettling,0.41
balding,0.43
recede,0.43
hairline,0.43
degroot,0.55
derive,0.335
priori,0.345
certification,0.25
graduate,0.38
grip,0.345
hypercholesterolemia,0.3
pleased,0.255
observed,0.42
hygiene,0.395
predictor,0.345
cardiometabolic,0.34
tracker,0.43
d.c.—has,0.225
regional,0.325
marked,0.195
aka,0.38
paralimbic,0.41
interestingly,0.3
deactivation,0.335
enforce,0.38
reflective,0.355
inferiority,0.38
silicone,0.335
offering,0.43
privately,0.43
mediterranean,0.695
plant,0.695
salmon,0.705
manly,0.425
commencing,0.42
formal,0.425
pen,0.335
scientifically,0.43
scanning,0.425
leverage,0.385
representative,0.375
furthermore,0.37
societal,0.305
melatonin,0.285
nightly,0.29
campus,0.375
usa,0.4
msc,0.53
material,0.36
pooled,0.35
hand-,0.335
hollow,0.335
inflatable,0.335
prosthetic,0.335
award,0.405
mountain,0.365
openly,0.43
visibly,0.43
bend,0.335
elder,0.285
hematology,0.285
hospice,0.285
prominent,0.325
truth,0.285
discontinuation,0.34
daniel,0.39
deny,0.295
lee,0.39
depo,0.335
xyosted,0.335
straighten,0.335
upward,0.335
intra,0.37
operator,0.37
foundational,0.34
passive,0.315
ambiguous,0.435
underdeveloped,0.435
carbohydrate,0.705
smoother,0.43
mbchb,0.4
transformative,0.245
trusted,0.23
microprocessor,0.435
patel,0.39
holmes,0.39
appraisal,0.55
rigorous,0.55
rigorously,0.34
nestle,0.39
advisory,0.39
contaminate,0.43
strike,0.43
endure,0.33
shorter,0.325
monograph,0.335
delatestryl,0.335
andriol,0.335
cavity,0.335
puttylike,0.335
hypothyroid,0.305
concierge,0.3
chip,0.705
anesthetic,0.365
sensation,0.34
biochemically,0.44
confuse,0.415
stigma,0.395
justin,0.295
saya,0.275
nicole,0.375
predominant,0.255
continually,0.235
binge,0.695
grapeseed,0.335
behavioral,0.28
instruct,0.32
apology,0.43
incorrectly,0.43
krakowsky,0.39
aldosterone,0.445
addison,0.435
identical,0.37
hypoparathyroidism,0.435
synthesise,0.435
gynecological,0.285
botox,0.345
jeauveau,0.345
microneedling,0.345
depotestosterone,0.335
onboarde,0.34
secure,0.24
horny,0.435
tinkering,0.405
crazy,0.43
disappear,0.39
parathyroid,0.435
downstream,0.41
gaba,0.285
blunting,0.405
pause,0.38
cac,0.325
guesswork,0.325
preparations.441,0.335
fundamentally,0.4
comparative,0.375
ecdysterone,0.575
nitrate,0.375
kryptonite,0.43
superman,0.425
medicated,0.335
muse,0.335
sermorelin,0.215
gather,0.335
incentive,0.435
tough,0.43
downplay,0.495
english,0.39
coloplast,0.39
differentiation,0.43
dismiss,0.34
dutasteride,0.43
mesotherapy,0.35
observation,0.42
elasticity,0.4
summarize,0.345
"therapy.28,29",0.415
biliary,0.29
pancreatic,0.29
thrombosis,0.315
cautiously,0.32
fire,0.335
flammable,0.335
hobby,0.43
impart,0.34
inherent,0.34
confusion,0.345
generalize,0.335
vote,0.31
virginia,0.35
snowie,0.35
unsure,0.34
healing,0.33
resilient,0.345
better,0.43
copay,0.43
creation,0.39
solicit,0.39
metropolitan,0.4
deodorant,0.335
dispense,0.335
opening,0.335
twist,0.335
geography,0.335
ball,0.34
fad,0.42
lifetime,0.385
philosophy,0.43
retrospect,0.43
podcaster,0.405
dial,0.335
topi,0.335
interdisciplinary,0.405
overtax,0.4
longstanding,0.23
theory,0.545
credential,0.355
robotic,0.285
vinci,0.29
pharmacological,0.555
imitate,0.445
voter,0.295
motion,0.34
motivate,0.41
oregon,0.225
portland,0.325
4636(4men,0.39
leafy,0.705
dynamic,0.325
marketplace,0.345
unfavorable,0.265
surgeon,0.33
criteria.411,0.345
medlineplus,0.39
jealous,0.43
whatnot,0.43
indirectly,0.45
utilization,0.45
merely,0.215
neighbor,0.43
obligate,0.43
biologic,0.535
equip,0.275
epo,0.45
erythropoietin,0.45
sculpt,0.395
simultaneously,0.39
pivotal,0.415
reserve,0.455
lifting,0.325
sizeable,0.3
predictability,0.24
motional,0.43
weird,0.43
contraindicate,0.435
inhibition,0.435
lifeblood,0.44
miserable,0.41
reliance,0.41
multitude,0.325
evolution,0.25
clue,0.19
ramification,0.28
louisiana,0.325
rip,0.43
alexandria,0.25
brown,0.705
exhaustion,0.345
asymptomatic,0.33
2023a,0.375
nov,0.345
gumline,0.335
deleterious,0.345
resultant,0.33
intermittent,0.39
panic,0.445
street,0.4
premise,0.43
transformation,0.355
periodically,0.395
clevelandclinic.org/cardiacconsultpodcast,0.435
chicken,0.705
coverage,0.345
tolerability,0.39
trace,0.335
unwashe,0.335
prize,0.345
exertion,0.39
faced,0.39
brilliant,0.43
panacea,0.43
lengthy,0.355
restrictive,0.35
smsna,0.39
press,0.38
syrinx,0.335
defer,0.275
gps,0.295
enjoyable,0.39
vibrant,0.39
thick,0.39
extract,0.33
methodologist,0.335
rubber,0.335
preventable,0.39
sight,0.415
unintentional,0.415
proprietary,0.335
straight,0.43
creatinine,0.345
gamma,0.345
bilirubin,0.345
glutamyltransferase,0.345
nocturia,0.455
urinate,0.455
climacteric,0.23
pp.15,0.23
thoughtful,0.29
elastic,0.335
slip,0.29
alkaline,0.345
description,0.42
glomerular,0.345
river,0.385
filtration,0.345
amp,0.335
brito,0.55
healthdirect,0.415
victoria,0.375
fixate,0.355
mucosa,0.335
summer,0.43
famous,0.685
angina,0.445
blocker,0.45
believer,0.355
ethos,0.415
appreciative,0.43
prader,0.435
willi,0.435
pine,0.2
insertion.446,0.325
flexible,0.43
disclose,0.43
aspartate,0.345
urgency,0.455
firmness,0.34
urethral,0.335
balk,0.43
institutional,0.36
therapeutic.446,0.38
northeast,0.43
alanine,0.345
aminotransferase,0.345
phosphatase,0.345
bibliography/,0.355
bedroom,0.66
feed,0.435
deaf,0.425
theoretically,0.355
ecchymosis,0.315
francisco,0.4
virtually,0.385
bmis,0.315
relation,0.32
interaction,0.4
español,0.165
bank,0.385
resilience,0.34
pubme,0.545
campaign,0.4
array,0.425
enhanced,0.41
geme,0.55
moderation,0.695
sexuality,0.555
annually,0.43
metal,0.24
interrelationship,0.29
unrelated,0.26
calendar,0.24
medial,0.39
lady,0.43
copper,0.705
throttle,0.705
chloride,0.345
genitourinary,0.375
throat,0.38
manmade,0.445
frederick,0.55
cow,0.43
concertation,0.44
motility,0.26
remind,0.43
vendor,0.325
converting,0.455
nipple,0.455
kliegman,0.55
hate,0.425
intuitively,0.43
consequently,0.445
subfertile,0.43
equilibrium,0.335
oncology,0.2
transplantation,0.2
pruritus,0.335
strictly,0.4
cluster,0.36
phrase,0.355
a&e,0.33
hub,0.43
blum,0.55
customer,0.35
overwhelmingly,0.345
random,0.36
satisfied,0.36
zitti,0.42
winter,0.215
dense,0.695
proportional,0.7
city,0.355
dl.436,0.35
specify,0.355
anaphylactic,0.37
anaphylaxis,0.33
iodothyronine,0.345
sarcopenia,0.41
deposit,0.27
lightheadedness,0.29
apigenin,0.69
quercetin,0.47
flavonoid,0.47
hopeful,0.43
tonsil,0.41
offset,0.43
toxic,0.43
horizon,0.415
surprise,0.43
suppository,0.335
alprostadil,0.335
worldwide,0.685
metros,0.315
ashwagandha,0.705
suck,0.415
mill,0.43
subpar,0.44
tri,0.345
fish,0.705
bacterial,0.435
viral,0.435
asmh,0.395
tongue,0.335
rage,0.41
beginning,0.26
cuff,0.31
photo,0.42
chat,0.345
pricing,0.345
pan,0.705
sale,0.43
guilt,0.41
hopelessness,0.41
afterthought,0.395
busy,0.405
noninvasive,0.32
clarify,0.365
segue,0.43
conventional,0.415
underestimate,0.415
swap,0.705
settle,0.405
engineer,0.415
microsurgery,0.375
newsroom,0.43
transparency,0.425
map,0.43
capable,0.43
jack,0.43
honestly,0.43
objectively,0.43
myotonic,0.435
dystrophy,0.435
flag,0.41
belief,0.255
mistaken,0.325
abstract,0.33
rekindling,0.415
canary,0.385
coal,0.385
collection,0.28
sick,0.34
falsely,0.425
unavoidable,0.36
nourish,0.335
cultivate,0.34
maximal,0.335
men.438,0.31
proxy,0.385
coughing,0.31
assistive,0.335
sharpen,0.41
specificity,0.3
bundle,0.345
starter,0.345
aversa,0.555
ban,0.355
remote,0.33
remotely,0.33
cyp3a4,0.45
confidently,0.265
hesitation,0.265
personalised,0.345
premium,0.395
determinant,0.395
"described.446,447",0.325
rita,0.165
24emory,0.425
emory,0.415
kaminetsky,0.32
months.447,0.345
sather,0.165
finder,0.375
karyotype,0.435
calculator,0.345
overestimate,0.345
flip,0.255
fortify,0.26
extensively,0.215
peer,0.295
partly,0.345
dan,0.315
minutes.438,0.31
displacement,0.335
editor,0.405
dissolve,0.335
adhere,0.335
al.446,0.32
flatten,0.41
cad,0.29
death.64,0.335
dyslipidemia,0.29
adjusted).446,0.335
altitude,0.28
effects:-,0.445
polycythaemia,0.375
registered,0.41
exert,0.385
gerontology,0.405
surrounding,0.365
foretell,0.385
nicolas,0.34
adenomas,0.435
craniopharyngioma,0.435
girl,0.44
menstruate,0.445
hoop,0.295
jump,0.345
joseph,0.4
interrelated,0.41
lifesave,0.41
https://www.uptodate.com/contents/search,0.46
ache,0.405
stiffness,0.405
constipation,0.405
perseverance,0.335
1688%—a,0.41
fold,0.4
hypothalamicpituitary,0.435
levels.6,0.34
dinner,0.705
discharge,0.44
milky,0.435
metered,0.335
impairment,0.355
leproult,0.39
rachel,0.39
generous,0.325
wane,0.295
angiography,0.335
tag,0.28
michelle,0.29
rapport,0.43
asynchronous,0.435
diwan,0.275
linger,0.25
intelligence,0.22
"changes.5,16",0.41
commences.2,0.34
"deficient,2",0.34
kovler,0.375
laugh,0.425
christian,0.545
tea,0.705
deserve,0.325
crack,0.43
burns,0.35
terminally,0.345
beach,0.31
generative,0.22
anomaly,0.32
craniofacial,0.315
mateusz,0.4
angry,0.265
outburst,0.25
constitutional,0.435
skeletal,0.455
gary,0.405
ashkenazi,0.28
jews,0.28
immunology,0.35
bulge,0.345
adipose,0.44
"tissue.44,45",0.44
transmittable,0.45
uti,0.45
misunderstood,0.315
seldom,0.32
budget,0.33
dryness,0.44
vaginal,0.44
outlook,0.43
prognosis,0.425
levothyroxine,0.425
underactive,0.43
extremity,0.435
temporarily,0.435
stone,0.365
blair,0.375
oyetewa,0.375
unexpected,0.3
systematically,0.33
radiology,0.21
compromise,0.32
deprive,0.31
sponge,0.345
sublingual,0.37
bloat,0.4
script,0.325
kumar,0.435
nursing,0.435
holahan,0.4
tolerable,0.61
embolism,0.455
lodge,0.455
uchicago,0.23
legume,0.705
distressing,0.43
indoor,0.43
fatiguability,0.355
randomization,0.35
classify,0.4
"lh).5,6,12",0.405
efficient,0.335
tremendously,0.34
pelvis,0.205
cited,0.405
subclinical,0.435
fellow,0.39
rhythmical,0.295
gomez,0.41
satisfy,0.235
century,0.43
fountain,0.43
fenugreek,0.67
donor,0.33
jury,0.4
elixir,0.43
scopus,0.345
vocabulary,0.345
teenage,0.44
dearborn,0.32
detroit,0.32
gastroenterology,0.325
"steroids.42,43",0.41
paternal,0.345
organic,0.385
prohibit,0.22
dermatologist,0.375
prophylactic,0.31
uncompromised,0.19
abundant,0.625
cocoa,0.705
czub,0.405
venkataramany,0.405
dish,0.705
swallow,0.335
trail,0.335
learning,0.495
lure,0.43
triiodothyronine,0.435
inexpensive,0.43
perth,0.405
infographic,0.415
november,0.415
hypo,0.435
oversee,0.365
legally,0.36
breakup,0.36
rough,0.385
study.29,0.335
bail,0.43
hassle,0.43
freedom,0.355
prohibitively,0.335
nationwide,0.26
vitaility,0.255
attitude,0.335
20s-30s,0.235
hormones,0.27
physiologically,0.31
reintroduction,0.29
ethnic,0.345
geographic,0.345
speculate,0.395
susceptible,0.455
prostatectomy,0.295
radical,0.265
detach,0.335
swimming,0.335
akhil,0.255
employ,0.365
eater,0.4
intuitive,0.355
vanity,0.43
nocturnal,0.33
endorphin,0.35
genitalia,0.575
totally,0.43
antifungal,0.44
thyrotropin,0.435
inbody,0.34
ophthalmology,0.405
employee,0.425
barat,0.4
thrilled,0.32
emasculating,0.43
contributor,0.31
benchmark,0.345
scanner,0.34
deteriorate,0.44
tour,0.415
breakfast,0.705
holy,0.43
undergraduate,0.4
unveil,0.4
data,0.435
ebb,0.435
match,0.335
nosebleed,0.335
bennett,0.365
booming,0.43
rush,0.36
vigen,0.335
inexperienced,0.34
infrequently,0.34
zit,0.325
sears,0.43
singpiel,0.43
floor,0.4
tongkat,0.49
september,0.42
hepatitis,0.39
pome,0.34
doc,0.43
cheek,0.335
spouse,0.43
hopefully,0.43
olive,0.705
committee,0.35
pgc,0.305
organization,0.55
pack,0.335
nurse,0.425
cochrane,0.345
kilogram,0.43
siri,0.43
vasectomy,0.285
indexed,0.345
ovid,0.345
facebook,0.43
icon,0.43
republican,0.31
acid,0.39
relaxed,0.28
ucla,0.405
acerus,0.39
crash,0.43
artificial,0.22
intranasal,0.335
robertson,0.55
adolescent,0.325
narrow,0.33
progression,0.36
county,0.385
pcv,0.39
embryo,0.26
garcia,0.225
south,0.4
bound,0.37
magnesium,0.705
kian,0.3
usc,0.315
biotin,0.385
sulphate,0.38
chocolate,0.705
paladin,0.39
stimulus,0.555
salad,0.705
bruising,0.335
lightheaded,0.335
surprised,0.43
nation,0.34
ncbi.nlm.nih.gov,0.555
avocado,0.705
disruption,0.44
flavor,0.705
sauté,0.705
officially,0.335
dessert,0.705
jones,0.42
shop,0.43
town,0.43
neutral,0.335
pmc,0.555
digestion,0.455
temperature,0.45
infiltrative,0.435
keck,0.345
mary,0.4
stevens,0.38
force,0.315
mulhall,0.525
trost,0.535
reviewer,0.165
fear,0.43
problematic,0.3
outpatient,0.36
monocyte,0.34
neutrophil,0.34
lymphocyte,0.34
allicin,0.255
semaglutide,0.375
tirzepatide,0.37
student,0.4
property,0.255
basophil,0.34
striant,0.335
eosinophil,0.34
explanation,0.325
healthful,0.315
complain,0.425
notion,0.27
covid,0.39
vaccine,0.385
surveillance,0.335
perimenopause,0.365
neck,0.435
mobility,0.34
unaddresse,0.455
york,0.375
selenium,0.705
display,0.235
trt.â,0.33
assistance,0.41
inquiry,0.315
rice,0.705
bread,0.705
peter,0.55
joke,0.425
cloudy,0.38
law,0.43
march,0.55
clotting,0.455
thicken,0.455
confirmation,0.335
counterintuitive,0.29
traish,0.55
statin,0.26
aspirin,0.27
ankle,0.455
fortunately,0.295
zitzmann,0.55
profound,0.37
continuously,0.335
messy,0.335
15nmol,0.33
legitimate,0.345
sustanon,0.335
auchus,0.55
ronald,0.55
metabolite,0.41
equivocal,0.345
kopp,0.55
rosen,0.55
dialysis,0.335
lay,0.43
promptly,0.35
lunch,0.705
metab,0.555
confound,0.36
goldfine,0.55
art,0.4
august,0.555
october,0.555
opin,0.555
damaging,0.35
eur,0.555
nut,0.705
output,0.435
unsatisfactory,0.44
hydroxylase,0.435
partial,0.435
availability,0.38
outpace,0.23
window,0.32
agreement,0.365
edge,0.345
suitability,0.325
bidirectional,0.44
mechanistically,0.44
aromatization,0.44
worthwhile,0.345
consent,0.245
bean,0.705
automatically,0.32
unlock,0.32
intact,0.29
permanently,0.275
lipoderm,0.335
fig,0.435
pulsatile,0.435
familiar,0.43
urination,0.455
contrary,0.23
isolate,0.435
merkle,0.435
disciplinary,0.395
urmc,0.395
span,0.555
dental,0.25
supraphysiological,0.445
wire,0.295
impaired,0.435
infer,0.435
ed).52,0.345
phosphodiesterase,0.31
voiding,0.33
resolution,0.45
altogether,0.17
complimentary,0.395
frame,0.255
preferred,0.33
wonderful,0.305
manifestation,0.345
dna,0.43
excessively,0.295
bespoke,0.345
control=,0.3
textbook,0.55
confusing,0.255
mellitus,0.44
threaten,0.32
nebido,0.335
boil,0.24
blockage,0.29
viscosity,0.335
thromboembolic,0.295
upset,0.455
glycemic,0.33
azoospermia,0.445
venesection,0.365
interpreter,0.43
valet,0.43
membership,0.355
global,0.355
quizby,0.415
copyright,0.4
vial,0.335
cushe,0.435
hyperprolactinemia,0.435
overload,0.435
priority,0.345
cortex,0.445
sep,0.55
testament,0.37
commission,0.365
founder,0.37
hypopituitarism,0.435
sport,0.28
breadcrumb,0.43
mychart,0.425
variance,0.365
expand,0.425
asian,0.555
pace,0.43
polypharmacy,0.375
awkward,0.435
classmate,0.495
ferritin,0.345
assure,0.305
lover,0.385
notable,0.325
orchitis,0.435
customise,0.33
utilise,0.31
diverse,0.345
trade,0.335
fibrous,0.315
60s,0.355
idiopathic,0.315
med,0.55
blue,0.41
sad,0.41
halting,0.265
anorchia,0.435
navigation,0.43
retina,0.43
avenue,0.4
gutter,0.415
inspire,0.285
traction,0.34
carb,0.705
devastating,0.41
cocaine,0.435
impairs,0.435
reporting,0.335
mindset,0.335
bupki,0.43
brannigan,0.545
amend,0.405
cry,0.43
movie,0.43
upside,0.395
parasympathetic,0.345
memorial,0.4
quiet,0.425
silent,0.38
inter,0.37
kyzatrex,0.335
conaway,0.4
springfield,0.4
brenda,0.4
bodybuilder,0.435
breathe,0.405
intermittently,0.405
oxidative,0.46
salivary,0.575
alternatively,0.32
omega-3,0.27
sized,0.315
dugdale,0.4
likewise,0.41
flight,0.345
homeostasis,0.33
epic,0.43
favorite,0.43
https://my.clevelandclinic.org/health/articles/24101-testosterone,0.515
inhibitory,0.445
apparently,0.43
bullet,0.43
favorable,0.35
suspicion,0.435
inaccurate,0.365
medicate,0.255
portion,0.705
teach,0.43
cellular,0.555
cascade,0.44
expected,0.445
situate,0.43
indirect,0.285
interconnect,0.405
sodium,0.32
unmask,0.43
apnoea,0.415
wary,0.705
erroremail,0.26
errorinclude,0.26
preview,0.26
existing,0.335
irrespective,0.31
undeconate,0.335
frog,0.415
athletic,0.68
san,0.4
holiday,0.345
jordan,0.43
nutritionist,0.425
tuberculosis,0.38
clan,0.43
imply,0.43
varied,0.345
debunk,0.38
erythema,0.335
elect,0.32
committed,0.25
innovate,0.315
dampen,0.39
loose,0.455
faculty,0.33
meeting,0.24
outer,0.335
emotionally,0.34
alex,0.42
incomplete,0.455
labcorp,0.515
honoraria,0.39
sickle,0.435
thalassemia,0.435
symptomatically,0.335
chart,0.435
native,0.43
groin,0.435
hernia,0.435
denote,0.35
required,0.35
crystallised,0.69
needless,0.335
shallow,0.335
arterial,0.4
penetrate,0.335
pharmacist,0.335
massachusetts,0.41
drag,0.43
merschel,0.315
michael,0.385
absorbable,0.335
depot,0.335
excerpt,0.37
preferably,0.305
axilla,0.335
protective,0.555
modifiable,0.405
miniaturization,0.45
visible,0.45
genetically,0.435
differential,0.34
subjective,0.335
"td5,7",0.3
regenerate,0.3
explanatory,0.435
cease,0.43
hump,0.43
parallel,0.43
raloxifene,0.385
prediabete,0.3
comorbiditie,0.325
concomitant,0.31
changeable,0.385
overcome,0.265
orally,0.335
palatable,0.335
correspond,0.365
academy,0.55
odd,0.34
measured,0.325
inquire,0.38
productsprp,0.335
promising,0.33
dramatically,0.335
inconsistence,0.34
testosterone.you,0.45
afternoon,0.295
don’t,0.415
silence,0.39
emphasize,0.215
clothing,0.335
"men.29,32",0.345
doi:10.7326,0.55
m19,0.55
allegiance,0.38
exacerbate,0.35
sebaceous,0.325
accomplish,0.395
halfway,0.4
expertly,0.34
startedpatient,0.34
collaborate,0.525
contributing,0.285
dot,0.225
coach,0.39
fiber,0.705
androstenedione,0.435
dheas,0.435
debilitate,0.41
evolutionary,0.41
penetration,0.335
abbvie,0.39
clitoris,0.445
consultant,0.39
prick,0.335
throb,0.335
annal,0.55
fraction,0.335
unused,0.335
histiocytosis,0.435
brief,0.335
physique,0.41
communicate,0.365
identification,0.34
improvement.297,0.335
yield,0.34
beneath,0.29
political,0.275
iief,0.35
meaningful,0.295
pillar,0.32
multidisciplinary,0.305
quest,0.405
pint,0.325
remarkable,0.34
north,0.4
gonadotrophin,0.435
letter,0.305
zone,0.425
understandably,0.435
endo,0.39
mislead,0.43
overlook,0.41
elimination,0.4
mode,0.345
acceptable,0.43
regime,0.305
transitory,0.32
privacy,0.425
individualised,0.355
identifiable,0.41
nodule,0.435
m.s,0.55
literally,0.43
troublesome,0.455
anorexia,0.435
sperate,0.285
orchiectomy,0.435
contemporary,0.345
spirit,0.405
unavailable,0.33
sterile,0.435
triale,0.43
biomarker,0.345
genotype,0.295
vacuum,0.335
exclusion,0.335
questionnairetestosterone,0.34
skewed,0.45
geriatricians,0.355
psychiatrist,0.33
casual,0.385
code,0.31
mask,0.32
emas,0.325
lcms,0.335
relaxing,0.355
tampa,0.36
spatial,0.555
verbal,0.34
analyte,0.335
constitute,0.325
resemble,0.405
classification,0.35
comprise,0.35
discouraged,0.275
unregulated,0.22
urethra,0.335
trick,0.4
misleading,0.325
unhelpful,0.315
multifactorial,0.305
raisin,0.43
jointly,0.33
proportionally,0.36
sciences,0.43
rrr,0.335
chen,0.42
demographic,0.37
offspre,0.325
norm,0.3
keyword,0.345
intervene,0.405
reinforce,0.455
seamless,0.36
intratesticular,0.445
contentment,0.355
opiate,0.435
painkiller,0.435
toxicity,0.335
anaemia,0.445
citation,0.345
confused,0.43
secret,0.415
accidental,0.395
counselling,0.395
goodbye,0.17
psychologist,0.155
mhc,0.34
miller,0.435
sydell,0.435
antagonist,0.435
shave,0.415
wolf,0.42
anterior,0.435
prolactinoma,0.435
pin,0.415
reputable,0.375
naturopathic,0.43
medline,0.345
stream,0.3
nervosa,0.435
powerful,0.3
urine,0.31
boom,0.425
jolt,0.315
hopkins,0.405
obgyn,0.43
tuning,0.33
fatal,0.335
mindful,0.335
potent,0.29
corticosteroid,0.34
prednisolone,0.335
"levels.5,6,12",0.345
ucsf,0.34
pronounced,0.335
energetic,0.28
lustful,0.275
component,0.47
incompletely,0.265
overlap,0.3
arash,0.245
nayeri,0.255
efficiency,0.265
prompt,0.435
generalizability,0.335
weakening,0.41
burnett,0.375
heighten,0.325
varying,0.34
viable,0.355
stabilization,0.33
lining,0.335
endeavor,0.235
meantime,0.28
psychology,0.355
buffer,0.445
glycoprotein,0.45
misdiagnose,0.345
explicitly,0.335
magnitude,0.335
certainty,0.335
nomenclature,0.335
spark,0.31
stagnant,0.38
lisa,0.39
arthritis,0.265
lesser,0.455
achievement,0.365
tertile,0.34
means,0.33
sexy,0.325
insufficiency,0.435
turner,0.435
decreased,0.37
bell,0.465
kick,0.425
malnutrition,0.435
mobile,0.4
serotonin,0.41
facsm,0.385
ph.d,0.375
securely,0.43
darn,0.43
massive,0.44
thromboembolism,0.33
raw,0.445
affiliation,0.225
grumpy,0.41
enjoyment,0.41
moderately,0.355
walking,0.41
short-,0.335
trans,0.335
drinking,0.295
substantially,0.335
acuity,0.41
functioning,0.405
michigan,0.39
cultural,0.315
"potential.5,6,33,35,36",0.335
pdf,0.165
rochester,0.4
grant,0.39
cohort,0.355
prospective,0.335
spinach,0.705
language,0.21
arousal,0.425
domain,0.41
inverse,0.38
west,0.38
discovery,0.335
speaker,0.39
orgasm,0.41
ais,0.43
urea,0.345
poisoning,0.43
curious,0.43
survival,0.265
successfully,0.335
excrete,0.435
c2025,0.52
https://my.clevelandclinic.org/health/diseases/24897-low-testosterone-in-woman,0.52
hct,0.345
sensible,0.345
pregnancy,0.2
quantitative,0.335
nissen,0.55
officer,0.43
constant,0.375
ill,0.31
intubation,0.285
a.d.a.m,0.4
gap,0.555
management.4,0.385
buildup,0.245
wash,0.335
snore,0.47
trucker,0.43
chair,0.395
peptide,0.32
container,0.335
car,0.43
vein,0.335
ali,0.415
cotton,0.335
timely,0.385
trajectory,0.415
fatigued,0.43
plastic,0.21
party,0.2
expectancy,0.28
causation,0.345
hmg,0.43
substitute,0.29
disturb,0.41
beware,0.435
buyer,0.435
client,0.31
smooth,0.335
asempa,0.375
tremendous,0.3
urol,0.55
subcutaneously,0.335
band,0.335
approval,0.335
compete,0.39
heat,0.705
entirely,0.415
youthful,0.27
readily,0.47
suicide,0.425
emphasis,0.335
influencer,0.395
class,0.4
spread,0.335
tamoxifen,0.435
melme,0.55
impression,0.43
layperson,0.43
selection,0.32
hirsutism,0.44
williams,0.55
throw,0.43
deem,0.44
terrifying,0.43
vulnerable,0.43
funding,0.3
donation,0.43
fellowship,0.215
exception,0.36
oppose,0.43
bariatric,0.435
skull,0.43
heterogeneity,0.335
generate,0.335
columbia,0.41
conservative,0.285
musi,0.385
suite,0.4
rank,0.33
priapism,0.245
embase,0.345
prolong,0.34
worsening,0.41
considerable,0.35
jama,0.23
randomized,0.235
mail,0.425
living,0.395
fibrillation,0.315
peyronie,0.335
waste,0.315
duke,0.34
dictate,0.41
doubt,0.35
androderm,0.335
edit,0.555
tailored,0.325
vancouver,0.41
spironolactone,0.435
vast,0.43
ranges.13,0.335
spine,0.21
respiratory,0.21
comparable,0.335
mace,0.335
formulate,0.335
fetus,0.44
relevance,0.335
statistical,0.335
maker,0.335
preliminary,0.34
maturation,0.435
actively,0.24
doorstep,0.325
undert,0.26
valuable,0.495
heal,0.36
mrcgp,0.295
hairy,0.375
minimally,0.345
calibrate,0.315
willing,0.43
dip.fipt,0.295
apr,0.555
supportive,0.35
morgentaler,0.39
qol,0.35
meaning,0.33
standalone,0.43
realistic,0.39
simplification,0.245
triple,0.335
q&a,0.365
introduction,0.37
amalgamation,0.335
significance,0.335
star,0.43
statistically,0.335
corona,0.56
european,0.55
government,0.46
reclaim,0.35
"infertility.33,34",0.24
survey,0.36
billboard,0.43
taper,0.38
tapering,0.285
phd,0.345
responsibility,0.43
https://www.womenshealth.gov/a-z-topics/polycystic-ovary-syndrome,0.435
generation,0.325
ton,0.405
blunt,0.45
model,0.22
globally,0.37
specialise,0.365
carter,0.37
precise,0.45
pregnancy.34,0.44
carrier,0.39
vardenafil,0.34
staff,0.425
friendly,0.255
indication.1,0.355
vision,0.33
chromosomal,0.435
similarly,0.445
spectrum,0.285
atrial,0.32
chain,0.445
timed,0.335
plethora,0.43
seriously,0.43
modern,0.305
wellbee,0.41
activate,0.325
submit,0.435
manif,0.335
houston,0.41
preventive,0.31
reversal,0.415
immunoassay,0.34
hitter,0.43
sweet,0.43
lie,0.395
inclusion,0.335
nelson,0.55
topically,0.335
ducharme,0.35
accordingly,0.37
brings,0.28
distinct,0.335
chicago,0.365
broderick,0.41
gregory,0.305
breath,0.39
breakout,0.155
perceive,0.345
somewhat,0.355
shortness,0.39
"n=37,565",0.335
indication,0.335
january,0.345
largely,0.355
labeling,0.335
venous,0.325
androgens,0.435
ground,0.325
react,0.375
foetus,0.42
undescended,0.435
aesthetic,0.345
undesirable,0.345
boston,0.39
ultimate,0.395
courtesy,0.165
advisable,0.21
automatic,0.405
independence,0.415
masculinize,0.45
accredited,0.37
internationally,0.36
coordinate,0.39
gmt+0000,0.39
checkup,0.43
delphi,0.355
principle,0.335
cuban,0.415
sarcoidosis,0.435
query,0.29
relax,0.245
byproduct,0.4
suboptimal,0.28
absent,0.435
haemochromatosis,0.435
qaseem,0.46
oct,0.39
affiliate,0.43
institution,0.43
thereafter.438,0.34
studies.438,0.335
kit,0.325
bet,0.43
dripping,0.405
smell,0.435
expansion,0.37
internist,0.43
perfectly,0.43
quantify,0.335
airflow,0.235
continuous,0.265
hang,0.43
machine,0.215
cpap,0.28
liter,0.345
nanomole,0.345
nowadays,0.43
strengthen,0.405
behaviour,0.325
affordable,0.505
landscape,0.335
e235,0.38
peace,0.405
stressor,0.375
divide,0.265
maturity,0.315
adopt,0.38
seed,0.705
sharpness,0.4
thrive,0.4
tension,0.335
australia,0.405
steve,0.435
regiman,0.41
orthopaedic,0.2
traumatic,0.435
steven,0.415
induce,0.285
midsection,0.445
cope,0.27
occurrence,0.31
registration,0.405
amazing,0.43
capacity,0.41
eligibility,0.355
affected,0.395
fulfilling,0.38
pubmed,0.345
respect,0.335
unusually,0.345
clarification,0.355
express,0.425
innovative,0.395
solid,0.345
entry,0.33
randomly,0.225
african,0.34
americans,0.35
pubertal,0.265
buzzsprout,0.435
spotify,0.435
addict,0.435
barely,0.44
limb,0.445
pcp,0.43
embrace,0.445
feat,0.295
partnership,0.33
yale,0.405
happiness,0.41
nutshell,0.355
bullock,0.39
sustain,0.335
resubmit,0.255
dhaliwal,0.555
publishing,0.555
nuance,0.43
parse,0.43
ring,0.335
delicate,0.35
silver,0.545
cautious,0.38
perelman,0.39
terrific,0.405
float,0.38
cialis,0.34
anticonvulsant,0.435
prednisone,0.435
room,0.43
helps,0.41
virus,0.435
undescende,0.435
package,0.28
refined,0.705
thyroxine,0.37
multimedia,0.365
cardioprotective,0.325
erect,0.43
hesitant,0.43
estimated,0.32
unnoticed,0.35
extend,0.345
pressing,0.365
intensive,0.295
awkwardness,0.43
shame,0.43
itching,0.335
supra,0.335
highest,0.315
individually,0.44
shy,0.43
basket,0.43
sandeep,0.405
morbidity,0.2
propecia,0.455
appendix,0.345
exhibit,0.39
prostatespecific,0.385
psychiatry,0.385
disability,0.34
discretionary,0.33
incontinence,0.45
resection,0.45
alcoholism,0.435
hemodialysis,0.435
reasonably,0.355
questionable,0.38
legal,0.42
choy,0.455
jeremy,0.445
deepen,0.445
shampoo,0.455
textual,0.345
transcription,0.345
cirrhosis,0.435
interview,0.435
sadness,0.41
levitra,0.34
foam,0.455
actuation,0.335
transmit,0.415
await,0.245
cryptorchidism,0.435
acoustic,0.275
item,0.39
shade,0.37
shall,0.43
optimally,0.31
delve,0.43
tidbit,0.43
revise,0.33
300s,0.43
discretion,0.43
regionally,0.34
downward,0.425
redundant,0.435
faqs,0.42
quizget,0.34
quiztestosterone,0.395
reflection,0.36
hardening,0.26
narrowing,0.31
vigorously,0.32
render,0.39
engaging,0.435
immersive,0.435
lump,0.45
unevaluated,0.45
makeup,0.435
placement,0.34
antioxidant,0.465
sub,0.365
gauge,0.365
simplify,0.33
sertoli,0.435
airway,0.335
proven,0.43
immunodeficiency,0.435
accommodate,0.365
operate,0.4
overwhelming,0.41
characterize,0.41
illustrate,0.405
individualize,0.37
bioidentical,0.285
edema,0.455
noonan,0.435
xxy,0.435
contract,0.385
dl.427,0.335
stem,0.33
pennsylvania,0.405
recall,0.435
verify,0.31
florida,0.285
exacerbation,0.455
irritable,0.41
customization,0.365
flat,0.34
admit,0.4
gone,0.25
normalized,0.345
consciousness,0.41
luckily,0.32
equivalent,0.33
reproduce,0.315
phenomenon,0.39
severely,0.4
subscription,0.275
anger,0.405
bill,0.425
baumgarten,0.385
developmental,0.435
chronology,0.31
arise,0.325
distance,0.41
arrive,0.325
labwork,0.455
borderline,0.395
www.fda.gov/drugs/drug-safety-and-availability/fda-drug-safety-communication-fda-cautions-about-using-testosterone-products-low-testosterone-due,0.29
creams,0.34
surgically,0.28
hereditary,0.425
myriad,0.42
fantasy,0.395
drastic,0.415
universally,0.41
inconclusive,0.325
fuel,0.335
marco,0.385
pahor,0.27
triglyceride,0.435
garlic,0.705
lipoprotein,0.43
copy,0.285
fever,0.435
eve,0.38
titration,0.335
johns,0.385
mutation,0.435
permit,0.335
neurological,0.2
cauter,0.375
nonetheless,0.335
manufacturer,0.33
intention,0.43
medicine.net,0.405
rehab,0.365
restrict,0.3
"levels.46,47",0.35
overactive,0.455
die,0.305
ventilator,0.295
wife,0.43
anonymity,0.43
ttrial,0.405
illicit,0.435
meikle,0.435
instigator,0.33
sinus,0.275
directive,0.355
net,0.35
tube,0.335
imaging,0.22
mris,0.41
scope,0.435
feb,0.54
visual,0.555
inspiration,0.43
browse,0.245
established,0.405
bed,0.43
producer,0.43
road,0.4
bladder,0.455
gent,0.435
mid,0.345
"recommendation).5,39",0.35
peterson,0.385
herbal,0.3
remedy,0.33
madsen,0.43
image,0.435
poke,0.335
meal,0.635
hdl,0.445
policy,0.43
dopamine,0.41
egg,0.705
oyster,0.705
nice,0.43
green,0.705
khera,0.39
van,0.54
database,0.34
milk,0.435
patience,0.285
reconfirm,0.635
circadian,0.33
commercially,0.335
accuracy,0.34
money,0.43
uncommon,0.395
starting,0.335
contraceptive,0.325
scar,0.335
cunningham,0.55
basically,0.425
authorship,0.36
fund,0.32
qualitative,0.31
intimate,0.335
distress,0.45
bias,0.335
asthma,0.335
flu,0.385
louis,0.4
synthesis,0.44
methotrexate,0.445
perception,0.28
earn,0.265
hunt,0.245
masculinity,0.41
interact,0.43
ultrasound,0.43
elevation,0.305
accessible,0.355
controversial,0.335
fair,0.365
bleed,0.3
empower,0.315
strict,0.41
accident,0.33
golden,0.43
bhasin,0.55
radial,0.43
monthly,0.33
cutter,0.34
cookie,0.34
alarm,0.275
wave,0.43
david,0.385
takeaway,0.705
historically,0.235
samplaski,0.41
usual,0.435
optimisation,0.26
push,0.43
molecular,0.545
compassionate,0.385
modest,0.41
harmful,0.265
cold,0.335
sweaty,0.405
"levels.48,49",0.335
investigator,0.395
abrupt,0.245
aggressive,0.43
restriction,0.215
waiting,0.43
robert,0.55
telehealth,0.255
infertile,0.44
yoga,0.335
cooney,0.55
cecil,0.55
game,0.425
career,0.405
magnify,0.34
meditation,0.32
goldman,0.55
emotion,0.32
subset,0.43
electrolyte,0.345
culture,0.43
newborn,0.27
cerebrovascular,0.33
exhaust,0.43
infectious,0.215
cheap,0.43
intramuscularly,0.335
black,0.705
hydrated,0.335
fairly,0.42
microdosing,0.34
dig,0.43
multivitamin,0.275
prasad,0.33
implantable,0.335
long-,0.335
infant,0.435
chief,0.26
nannan,0.4
prioritise,0.36
regulatory,0.41
compliance,0.445
align,0.39
subjectively,0.39
erythropoiesis,0.45
mimicking,0.335
arnold,0.39
obvious,0.385
normalise,0.41
frustrating,0.43
attest,0.43
nausea,0.375
correlate,0.265
promise,0.43
double,0.37
participate,0.39
illegal,0.16
substantial,0.255
pearlman,0.29
seattle,0.38
midlife,0.255
misunderstanding,0.29
reliability,0.335
cutoff,0.335
piece,0.26
puzzle,0.26
inevitable,0.38
senior,0.3
controversy,0.535
conformance,0.26
text,0.43
bald,0.445
blog,0.4
judgment,0.34
thomas,0.385
divorce,0.335
ohio,0.43
pharmacodynamic,0.335
likelihood,0.255
scenario,0.365
extrapolate,0.335
sonogram,0.435
reader,0.335
salt,0.43
visitor,0.43
air,0.34
inadequacy,0.41
streamlined,0.34
temple,0.44
howard,0.55
hallmark,0.43
interrupt,0.395
colon,0.43
roughly,0.33
clin,0.555
bajic,0.43
style,0.67
tact,0.33
accelerate,0.37
tricky,0.43
lotion,0.335
removal,0.37
mandate,0.35
ignore,0.36
beauty,0.43
cinematography,0.395
citrate,0.43
beat,0.505
healthbeat,0.5
anastrozole,0.435
skilled,0.4
knowledgeable,0.285
ford,0.315
hurt,0.43
sterilization,0.43
moment,0.43
followup,0.305
fundamental,0.465
proportion,0.335
three-,0.335
cdc,0.335
website.11,0.345
structural,0.405
microdose,0.355
texture,0.335
etiology,0.355
prolactinoma.6,0.285
preventative,0.665
950ng,0.34
rounded,0.35
pull,0.43
counterpart,0.325
hba1c,0.435
kim,0.43
manufacture,0.335
collectively,0.36
pick,0.68
conserve,0.37
median,0.35
facilitate,0.285
adjunctive,0.335
adolescence,0.44
crucially,0.31
normalization,0.315
tightly,0.4
implantation,0.39
rollercoaster,0.41
bruise,0.335
soreness,0.335
fantastic,0.43
beautiful,0.43
color,0.39
adenoma,0.435
bioavailability,0.435
inevitably,0.395
thankfully,0.485
dietry,0.345
tackle,0.4
translate,0.165
constantly,0.425
integral,0.275
enthusiasm,0.41
matsumoto,0.55
suddenly,0.43
determination,0.345
eventually,0.4
men.65,0.315
suggestive,0.32
apathy,0.41
flexibility,0.345
maximize,0.34
olympic,0.38
sweat,0.405
hypotension,0.435
uncontrolle,0.435
clickable,0.265
stamp,0.285
pandemic,0.265
radiotherapy,0.43
flashy,0.43
diminish,0.41
lobido,0.41
tale,0.43
catabolic,0.38
commensurate,0.345
worsens,0.39
miraculous,0.425
breakage,0.335
climb,0.34
jim,0.435
viagra,0.34
graph,0.385
congestion,0.335
feeble,0.395
brittle,0.4
generic,0.335
applicable,0.385
montori,0.55
poorly,0.425
remains,0.355
wear,0.42
inflammatory,0.435
download,0.435
suppresse,0.435
agents.437,0.335
processing,0.555
hotale,0.435
calm,0.375
apple,0.435
td.5,0.325
undertake,0.33
"td.76,77",0.275
iowa,0.37
bodily,0.415
doesnâ€tmt,0.36
dl.181,0.335
weigh,0.39
sebum,0.45
excellent,0.275
firm,0.335
acknowledge,0.24
known,0.405
ailment,0.255
column,0.385
mess,0.4
malaria,0.33
knock,0.43
overuse,0.405
armpit,0.375
reap,0.425
tune,0.425
frank,0.43
firmly,0.34
epidemiology,0.38
propel,0.325
torso,0.335
optimistic,0.22
bottle,0.285
recommendation).5,0.365
usable,0.425
youth,0.405
thoracic,0.435
ketoconazole,0.455
incision,0.335
suppose,0.35
mentally,0.255
emergency,0.43
differ,0.43
perspective,0.57
eds,0.55
school,0.405
community,0.39
flare,0.455
oily,0.455
gmc,0.29
represent,0.35
doi,0.555
argument,0.425
genital,0.44
endocrinol,0.555
default,0.34
friend,0.43
petar,0.43
virtual,0.39
ancillary,0.345
convenience,0.245
mistake,0.475
info,0.275
ear,0.445
publication,0.345
detection,0.42
toxin,0.44
unusual,0.44
chemistry,0.4
parent,0.375
analogy,0.43
nail,0.43
mother,0.42
battery,0.335
bothersome,0.425
aggression,0.295
intercourse,0.445
covid-19,0.295
shrivel,0.435
afterward,0.335
sting,0.335
mix,0.425
objective,0.34
snyder,0.55
smart,0.43
pmid,0.555
jorgez,0.385
misconception,0.295
explosion,0.29
athlete,0.43
compensate,0.225
gabrielsen,0.39
foot,0.4
retain,0.45
blend,0.33
path,0.42
glad,0.43
killer,0.43
prolonged,0.355
unfamiliar,0.345
dietitian,0.35
plummet,0.44
status,0.22
specialty,0.385
workout,0.26
arrange,0.335
counteract,0.405
upmc,0.395
price,0.29
business,0.43
centre,0.235
deprivation,0.38
tooth,0.335
television,0.43
timeline,0.265
aside,0.445
e240,0.35
dizziness,0.39
wang,0.55
agent,0.335
official,0.35
characterise,0.435
score,0.34
region,0.345
dependent,0.35
soft,0.705
passion,0.4
race,0.415
context,0.345
motivated,0.425
phase,0.31
colleague,0.37
unstable,0.27
saturate,0.7
hyperthyroidism,0.435
standardization,0.335
collaboration,0.405
reassure,0.43
reassurance,0.43
unhealthy,0.425
osa,0.28
wow,0.43
anesthetize,0.335
layer,0.335
myhealth,0.395
womb,0.44
muddle,0.41
thinking,0.41
positively,0.335
strenuous,0.41
task,0.275
satisfactory,0.4
representation,0.255
lut,0.345
metabolise,0.44
accurately,0.335
false,0.42
house,0.43
retrograde,0.4
dive,0.43
dermatology,0.405
alter,0.335
pretend,0.43
rehabilitation,0.395
connotation,0.43
listener,0.43
incredibly,0.43
marijuana,0.435
reading,0.375
arrhythmia,0.335
implication,0.37
conversion,0.455
building,0.4
drill,0.43
tumour,0.435
june,0.555
stressful,0.41
workup,0.375
advertise,0.43
finance,0.305
resort,0.33
longevity,0.365
progressive,0.385
gluteal,0.335
renal,0.435
electrode,0.315
record,0.33
hello@thescoperadio.com,0.43
listening,0.43
occasionally,0.705
silently,0.245
assume,0.43
whocaresmenshealth.com,0.43
oversight,0.32
length,0.32
countless,0.255
spiral,0.415
minoxidil,0.455
steadily,0.335
combat,0.245
monotherapy,0.405
subsequent,0.33
"testosterone.54,55",0.34
stability,0.24
fun,0.43
lessen,0.45
locate,0.315
awesome,0.43
lymphatic,0.335
strain,0.34
magic,0.43
personally,0.335
collective,0.345
tadalafil,0.34
prone,0.455
licensed,0.305
discontinue,0.33
readjust,0.245
illegitimate,0.365
metastatic,0.295
"old.6,14,15",0.35
danger,0.27
giant,0.43
fight,0.345
surface,0.335
erythrocytosis,0.455
practical,0.345
itâ€tms,0.275
unsubscribe,0.43
bulk,0.405
sleepiness,0.41
shower,0.335
nerve,0.44
neuropathy,0.445
discover,0.285
unmatched,0.325
eligible,0.35
stabilize,0.385
thescoperadio.com,0.43
america,0.265
sticky,0.335
viscous,0.265
conversely,0.43
page,0.395
glucose,0.43
exceed,0.405
counselor,0.255
neurotransmitter,0.39
catalyst,0.225
maximum,0.315
irritate,0.335
concentrating,0.41
impossible,0.34
oligospermia,0.435
accompany,0.365
slowing,0.41
excision,0.355
gynaecomastia,0.365
ped,0.375
usage,0.37
tolerance,0.23
daytime,0.41
deeply,0.425
artificially,0.41
depress,0.41
plasma,0.345
vte,0.335
weaken,0.415
hepcidin,0.445
negate,0.195
structured,0.345
broadly,0.37
burning,0.23
discipline,0.4
pose,0.36
urinating,0.455
western,0.41
invigor,0.21
glucocorticoid,0.435
capture,0.305
sulfate,0.37
rogers,0.305
checklist,0.395
foremost,0.435
advocate,0.43
heck,0.43
fuzzy,0.41
financing,0.305
craft,0.275
pinpoint,0.355
conform,0.315
uterus,0.44
pp.2021,0.3
death,0.335
billing,0.43
cqc,0.365
confident,0.305
expense,0.325
glut,0.445
straightforward,0.325
prescription(s,0.34
route,0.335
permanent,0.435
excited,0.43
extreme,0.435
eau,0.35
aerobic,0.32
aromatisation,0.445
attain,0.435
ldl,0.335
sun,0.385
drawback,0.335
blind,0.34
honeymoon,0.43
navigate,0.325
tolerate,0.335
possibly,0.43
strained,0.375
lately,0.43
origin,0.455
predominantly,0.415
gentleman,0.43
telephone,0.33
embarrassing,0.43
normalize,0.325
equation,0.34
metabolize,0.335
enable,0.285
aid,0.355
impulsive,0.265
classic,0.41
impotence,0.355
shock,0.345
discourage,0.315
asleep,0.395
copd,0.435
coincide,0.34
slim,0.43
critically,0.325
fee,0.325
derail,0.285
toronto,0.41
explicit,0.335
instability,0.455
constellation,0.3
observational,0.335
laziness,0.405
moodiness,0.405
predictive,0.365
skillful,0.225
touliatos,0.315
curiosity,0.365
george,0.315
mumps,0.435
threat,0.455
rear,0.43
gym,0.43
inactive,0.255
exclude,0.335
participant,0.405
lutenise,0.435
e242,0.345
smoothly,0.42
unbound,0.42
anticipate,0.335
regeneration,0.39
coordinator,0.27
painful,0.335
mike,0.31
isolated,0.435
music,0.345
detrimental,0.56
dispel,0.43
thrombophilia,0.41
uncontrolled,0.375
scale,0.335
oestrodiol,0.39
titrate,0.415
save,0.235
speed,0.42
https://www.ncbi.nlm.nih.gov/pubmed/37589949,0.555
deterioration,0.41
converter,0.37
retry,0.375
specimen,0.345
40y,0.395
60y,0.395
45y,0.395
69y,0.395
20y,0.395
50y,0.395
80y,0.395
18y,0.395
androgel,0.335
testim,0.335
35y,0.395
65y,0.395
oil,0.31
ejaculation,0.375
father,0.355
watch,0.43
sensitive,0.33
hpta,0.39
industry,0.425
communication,0.42
network,0.31
gene,0.435
head,0.435
burden,0.3
gnrh,0.435
persistently,0.345
assay,0.34
pediatric,0.55
childhood,0.29
bssm,0.34
grain,0.705
acute,0.545
worried,0.43
assign,0.34
defect,0.435
license,0.285
allergy,0.375
widely,0.36
retrospective,0.335
rating,0.34
cross,0.27
blame,0.43
regenerative,0.36
series,0.35
validated,0.335
oftentime,0.43
minimal,0.34
cua,0.385
incorrect,0.365
hesitate,0.33
button,0.365
mitigate,0.38
clevelandclinic.org/menshealth,0.43
join,0.255
pocket,0.43
restful,0.395
environmental,0.435
advantage,0.435
financial,0.42
conflict,0.335
henry,0.315
cedars,0.335
numerous,0.415
warn,0.325
restorative,0.245
announcement,0.355
awareness,0.325
charge,0.305
underarm,0.325
coronary,0.325
catch,0.47
fill,0.405
pleasure,0.43
adapt,0.335
surge,0.255
tiny,0.335
factorial,0.3
multi,0.425
colorectal,0.43
hip,0.335
abdominal,0.425
initiation,0.34
exact,0.435
pass,0.195
flush,0.41
discomfort,0.305
b12,0.285
popularity,0.345
observe,0.345
groups.435,0.315
physiologic,0.315
folate,0.405
leader,0.375
restart,0.32
comparison,0.365
calculate,0.345
kocsis,0.31
referral,0.36
solve,0.43
universal,0.39
correlation,0.22
distinguished,0.335
rarely,0.26
treatment.2,0.34
trimix,0.34
pee,0.455
stimulation,0.455
trough,0.34
pde5,0.29
conference,0.385
presentation,0.39
sildenafil,0.34
grober,0.39
anymore,0.43
broad,0.41
optimization,0.315
rely,0.275
rcts).181,0.335
guest,0.43
urgent,0.43
variability,0.355
platelet,0.345
direction,0.43
drastically,0.43
luck,0.285
door,0.325
crisis,0.4
atherosclerosis,0.225
modality,0.335
trustworthy,0.43
truly,0.43
sorry,0.41
substance,0.32
session,0.18
transport,0.395
implement,0.395
secretion,0.445
emerge,0.38
nutritional,0.435
forwards,0.45
loop,0.435
inbox,0.26
regard,0.425
lift,0.405
satisfaction,0.33
tertiary,0.245
phone,0.24
contraindication,0.33
conveniently,0.355
portal,0.36
reproduction,0.455
fetal,0.43
intellectual,0.43
trust,0.295
commencement,0.335
therapy6,0.34
scalp,0.455
evolve,0.275
conjunction,0.34
herb,0.685
interpret,0.335
restoration,0.225
sole,0.285
urologic,0.395
excuse,0.43
perfect,0.43
pound,0.43
varie,0.34
regardless,0.27
gonad,0.435
td5,0.335
erythrocyte,0.445
neutralize,0.37
anaerobic,0.265
enquire,0.225
core,0.43
thirumavalavan,0.33
discrepant,0.335
stabilise,0.335
anecdotal,0.285
hgh,0.41
efficacy.40,0.325
pubescent,0.45
education,0.3
rock,0.405
breaker,0.43
uncertain,0.35
sheet,0.255
incident,0.335
feature,0.39
parking,0.43
cushing,0.435
ovarian,0.435
interval,0.365
endogenous,0.435
joint,0.4
tsh,0.435
editorial,0.39
hypertrophy,0.45
tract,0.45
fasted,0.35
buccal,0.335
technique,0.29
chap,0.55
ochsner,0.365
narcotic,0.435
utilize,0.395
enrol,0.34
sore,0.335
precocious,0.44
elsevier,0.55
central,0.55
philadelphia,0.55
a.m.,0.55
ageing,0.43
knowledge,0.435
tender,0.38
outweigh,0.29
nervous,0.345
complaint,0.4
ideally,0.33
background,0.425
diurnal,0.405
replicate,0.365
hypogonadotropic,0.49
mechanism,0.545
heavy,0.265
masculine,0.345
wish,0.325
equal,0.705
normalising,0.415
tone,0.33
occasion,0.345
recur,0.4
definitively,0.335
timing,0.335
biopsy,0.325
root,0.425
distinguish,0.305
consensus,0.355
serm,0.435
post,0.22
veteran,0.235
reflect,0.215
organise,0.33
dre,0.34
wrap,0.43
final,0.555
nuanced,0.43
cardiologist,0.305
predict,0.33
pregnant,0.44
pmol,0.34
limitation,0.335
supervise,0.345
cognition,0.41
ovulation,0.43
setting,0.345
sharp,0.34
robust,0.325
making,0.195
spur,0.435
bother,0.43
donate,0.34
unpleasant,0.345
sit,0.43
apart,0.315
suffering,0.34
reductase,0.455
reversible,0.33
cuaj,0.305
extensive,0.365
light,0.185
cardiology,0.405
local,0.405
guess,0.43
rapid,0.41
manifest,0.385
harvard,0.405
diligence,0.34
rash,0.335
outline,0.435
valid,0.53
spot,0.43
unchecked,0.435
butts,0.435
transcript,0.435
urge,0.33
surprising,0.36
dehydroepiandrosterone,0.435
mri,0.435
testopel,0.335
inadvertently,0.435
parameter,0.365
vigor,0.355
director,0.405
statistic,0.345
possibility,0.335
version,0.18
cardio,0.195
pulmonary,0.435
store,0.245
vicious,0.41
personalized,0.26
scientist,0.435
causal,0.34
manner,0.315
asanad,0.265
synthetic,0.435
england,0.32
disfunction,0.395
visceral,0.405
infect,0.34
|ꚛꚛoo,0.335
extremely,0.575
menstrual,0.44
e237,0.435
sustainable,0.3
rapidly,0.34
quizdefy,0.32
mortality,0.33
commence,0.34
alpha,0.455
special,0.335
nature,0.34
demand,0.375
minimum,0.34
transition,0.38
predisposition,0.435
prp,0.29
maintenance,0.25
traverse,0.35
micro,0.385
error,0.34
assured,0.315
dramatic,0.415
plunge,0.41
crystalize,0.33
recover,0.41
unresolved,0.435
pursue,0.405
culprit,0.45
having,0.45
anecdotally,0.425
multimorbidity,0.365
dollar,0.43
limited,0.35
personalise,0.335
prevalent,0.355
uss,0.35
shift,0.245
bypass,0.335
notably,0.295
polycystic,0.435
relaxation,0.34
embarrassment,0.35
childbearing,0.43
wise,0.43
emasculate,0.325
therapyis,0.335
exploration,0.33
purchase,0.29
highly,0.25
isnâ€tmt,0.435
compounding,0.335
advertisementadvertisement,0.39
overproduction,0.455
repair,0.385
mature,0.44
absence,0.355
financially,0.43
systematic,0.35
april,0.555
proliferate,0.43
input,0.335
left,0.34
conceive,0.445
manopause,0.295
circulation,0.245
unknown,0.34
plaque,0.315
embarrassed,0.43
pathophysiological,0.43
anything-,0.41
whichever,0.335
section,0.36
importantly,0.33
anti,0.265
interrupted,0.445
rub,0.335
cag,0.28
excellence,0.29
teen,0.42
ordering,0.345
obstruction,0.435
boob,0.35
hrt,0.315
precaution,0.325
essence,0.405
instruction,0.335
following,0.425
tease,0.43
adversely,0.415
yearly,0.375
pointer,0.44
user,0.455
cbc,0.45
illuminate,0.34
hint,0.31
sustained,0.335
pastuszak,0.43
prevention,0.34
unbiased,0.265
pump,0.335
rct,0.335
finasteride,0.455
pattern,0.45
ingredient,0.7
dhea,0.405
insert,0.335
pinch,0.335
weekly,0.335
folk,0.43
milestone,0.395
minimise,0.45
swerdloff,0.55
barrier,0.335
ahead,0.43
esteem,0.41
hpg,0.435
persistent,0.405
warning,0.33
immune,0.435
circumference,0.32
incidence,0.335
advance,0.355
functional,0.55
interesting,0.43
element,0.34
modulator,0.435
sexually,0.425
player,0.43
breathing,0.42
dark,0.705
video,0.325
fitness,0.365
uva,0.405
travel,0.41
fruit,0.705
rhythm,0.33
natesto,0.335
metronome,0.43
february,0.315
apparent,0.3
requirement,0.34
pharmaceutical,0.345
suppression,0.435
classical,0.435
radio,0.43
broken,0.405
swell,0.45
institutes,0.405
mark,0.555
switch,0.345
onion,0.705
gold,0.335
reality,0.43
related,0.34
appearance,0.335
disturbance,0.41
forgetfulness,0.41
introduce,0.325
mump,0.435
shortage,0.415
supplemental,0.32
underproducing,0.345
expensive,0.425
buttock,0.335
shape,0.295
insertion,0.335
luteinizing,0.435
impair,0.395
adaptation,0.35
backbone,0.465
clean,0.335
formula,0.335
stamina,0.41
hiit,0.42
opposite,0.225
abdomen,0.32
consistency,0.335
assist,0.335
nih,0.335
wake,0.32
independent,0.32
phlebotomy,0.355
marketing,0.43
july,0.26
reveal,0.335
everyday,0.41
medlineplus.gov,0.395
www.fda.gov/drugs/drugsafety/ucm436259.htm,0.33
correction,0.345
cah,0.435
antidepressant,0.385
severity,0.35
escalation,0.35
discontinuation.418,0.335
buy,0.315
bloodwork,0.455
stock,0.38
vs.,0.44
country,0.43
endeavour,0.4
sluggish,0.43
molecule,0.445
rbc,0.365
diabetic,0.37
interpretation,0.37
to-1,0.44
advancement,0.425
extraction,0.42
dedicated,0.425
thinning,0.31
gum,0.335
thereof,0.435
selective,0.435
treatable,0.41
mcdonald,0.3
prostatitis,0.435
venothrombolic,0.335
chromosome,0.435
shot,0.335
power,0.35
holistic,0.395
evident,0.285
kid,0.43
dosing.221,0.395
anybody,0.43
sell,0.43
zinc,0.705
overtrain,0.3
rebuild,0.315
skip,0.385
lethargy,0.41
shadow,0.41
relevant,0.34
vessel,0.26
predictable,0.335
progesterone,0.435
menu,0.44
increased,0.35
leydig,0.435
autoimmune,0.435
strongly,0.31
extent,0.295
basic,0.55
wearer,0.335
underproduction,0.41
intend,0.345
sleeplessness,0.36
library,0.385
unsafe,0.455
intent,0.45
biochemical,0.34
testimonial,0.43
profit,0.435
theirs,0.41
alteration,0.34
gear,0.43
driver,0.31
roosevelt,0.3
mixed,0.345
haemoglobin,0.435
rich,0.365
protect,0.415
renew,0.32
aids,0.435
abnormality,0.435
myth,0.43
normally,0.44
consideration,0.35
sufficient,0.265
variation,0.37
boy,0.43
stall,0.285
episode,0.43
albumin,0.34
detailed,0.335
liquid,0.335
detect,0.345
informed,0.405
cvd,0.325
minor,0.405
investigate,0.355
unexplained,0.33
southwestern,0.32
trend,0.365
snapshot,0.395
solely,0.215
calorie,0.425
belly,0.36
randomize,0.335
unwanted,0.43
inner,0.335
announcer,0.435
shockwave,0.38
mouth,0.335
nonoral,0.355
unattached,0.36
presence,0.335
improved,0.4
pmcid,0.555
opt,0.395
eliminate,0.705
intimacy,0.295
sterility,0.43
chest,0.39
caring,0.365
birth,0.435
educational,0.4
baby,0.425
pathway,0.34
strive,0.28
attribute,0.275
endorse,0.55
guarantee,0.38
henryford.com,0.305
costly,0.3
original,0.36
andrology,0.545
cumulative,0.39
gentle,0.255
complexity,0.28
routinely,0.335
vigilant,0.4
gender,0.295
unaware,0.295
preservation,0.435
recreational,0.435
smoke,0.435
immediate,0.25
lifelong,0.405
gonadal,0.435
rarity,0.43
stand,0.39
trait,0.405
appreciate,0.47
amplify,0.38
type-2,0.445
utero,0.43
respectively,0.365
redistribution,0.41
escape,0.435
sufficiently,0.34
hypertension,0.41
monday,0.34
everybody,0.43
rebalance,0.34
pregnenolone,0.44
burn,0.375
evening,0.295
grin,0.26
concept,0.545
fluid,0.455
overdiagnosing,0.325
uncomfortable,0.285
insufficient,0.34
thin,0.305
masterson,0.18
sum,0.39
tiredness,0.41
spray,0.335
scan,0.345
heavily,0.29
host,0.43
leave,0.31
previously,0.345
pathology,0.41
dip,0.435
resource,0.285
inherit,0.435
digestive,0.4
circumstance,0.455
unblinde,0.335
forever,0.295
greatly,0.335
depersonalisation,0.41
leg,0.45
irregularity,0.435
secrete,0.435
conclusion,0.34
swelling,0.455
shut,0.4
tip,0.355
overproduce,0.435
imperative,0.33
delayed,0.435
injure,0.435
chalk,0.41
reduced,0.41
disruptive,0.405
ejaculate,0.345
collect,0.31
effort,0.41
traditionally,0.455
supervision,0.38
penile,0.335
suit,0.355
juxtapose,0.43
inefficient,0.41
nostril,0.335
subtle,0.385
newsletter,0.21
n=395,0.335
endurance,0.41
tobacco,0.31
negotiable,0.36
vattikuti,0.335
nhs,0.345
canada,0.41
marrow,0.435
nerd,0.42
hyperlipidemia,0.475
qualify,0.315
confirmatory,0.34
trunk,0.45
lifespan,0.37
subscribe,0.435
dread,0.335
examination,0.36
pcos,0.435
nmol,0.35
cholesterol,0.445
lundy,0.43
category,0.315
pharmacokinetic,0.335
honest,0.43
menopausal,0.38
water,0.43
hit,0.43
organ,0.44
commercial,0.33
complex,0.195
alongside,0.445
waist,0.325
upper,0.335
confidence,0.42
mayo,0.505
alternative,0.335
annual,0.255
endpoint,0.335
actual,0.43
entire,0.255
weakness,0.405
wait,0.425
job,0.43
prescribing,0.34
cardiac,0.345
foundation,0.505
modify,0.31
noticeable,0.41
deepening,0.44
tenderness,0.455
james,0.4
eckel,0.36
field,0.32
eating,0.69
medium,0.23
google,0.355
vegetable,0.705
block,0.455
clomiphene,0.435
hemochromatosis,0.435
oxygen,0.385
reward,0.245
nonspecific,0.42
consumer,0.435
attempt,0.22
regimen,0.325
effectiveness,0.36
washington,0.4
harm,0.43
initially,0.35
fatty,0.25
variable,0.31
pre,0.35
relatively,0.33
optional,0.34
particular,0.335
entity,0.43
testes,0.435
view,0.425
importance,0.365
replace,0.335
consist,0.33
complicated,0.435
unfavourable,0.445
concerned,0.43
definitive,0.335
capsule,0.335
attend,0.35
world,0.365
attach,0.335
calcium,0.37
personalize,0.205
thoughtfully,0.445
intensity,0.41
scrotum,0.245
touch,0.335
definitely,0.43
white,0.705
slight,0.335
prevalence,0.335
enlarged,0.455
challenging,0.35
nasir,0.34
luteinise,0.435
preparations.421,0.315
spend,0.43
ed)will,0.355
unlikely,0.45
instance,0.36
getting,0.43
spermatogenesis,0.255
assessment,0.345
willingness,0.39
tie,0.405
exacerbated,0.28
device,0.335
rebalancing,0.345
vascular,0.435
hospital,0.41
website,0.435
happy,0.435
division,0.41
compound,0.335
transfer,0.335
location,0.305
hypothyroidism,0.435
action,0.31
set,0.395
discussion,0.36
national,0.405
dosing,0.335
irregular,0.44
intense,0.415
surround,0.39
canadian,0.395
forward,0.425
hypergonadotropic,0.435
safety.30,0.365
flood,0.44
sedentary,0.395
dedicate,0.26
depressive,0.41
utah,0.43
educate,0.405
fashion,0.345
sort,0.43
recognise,0.395
obviously,0.43
walk,0.41
quiz,0.355
invasive,0.335
definition,0.35
commitment,0.355
prostatic,0.44
stick,0.335
i.e.,0.36
click,0.39
expectation,0.235
course,0.37
amory,0.43
decent,0.43
specialized,0.405
height,0.355
contrast,0.395
butt,0.43
documentation,0.345
abnormally,0.435
accept,0.315
states,0.305
temporary,0.455
adam,0.33
comment,0.395
immediately,0.345
comfort,0.325
startedinjectable,0.34
diminished,0.41
increasingly,0.435
cmp,0.45
propionate,0.335
conclude,0.345
audio,0.42
reaction,0.335
slightly,0.33
baylor,0.4
british,0.405
discreet,0.335
absolute,0.335
mimic,0.42
afraid,0.43
environment,0.25
primarily,0.455
unable,0.455
inhibit,0.455
accidentally,0.335
transference,0.335
menstruation,0.445
cause(s,0.28
public,0.37
handpicke,0.22
sinai,0.41
counseling,0.38
relative,0.34
podcast,0.435
overlapping,0.34
complicate,0.31
disrupt,0.435
bph,0.385
misuse,0.43
million,0.34
therapist,0.38
methodology,0.335
behavior,0.3
dress,0.335
anawalt,0.55
enanthate,0.335
boron,0.705
clarity,0.31
certify,0.3
board,0.39
unequivocally,0.375
vascularity,0.335
future,0.28
accumulation,0.375
orthopedic,0.41
face,0.405
funk,0.43
causative,0.32
unclear,0.335
nonsmoker,0.4
overeating,0.355
resemblance,0.365
vigorous,0.225
discrepancy,0.34
bioavailable,0.38
slew,0.43
metabolization,0.335
percentile,0.335
dilemma,0.335
roman,0.43
dl).437,0.335
periodic,0.355
correctly,0.4
infrequent,0.345
couple,0.43
document,0.335
science,0.39
college,0.41
admission,0.325
nanogram,0.35
meta,0.335
androgenic,0.44
hinder,0.445
resistance,0.45
receptor,0.435
implant,0.335
thank,0.435
memory,0.41
platform,0.43
scientific,0.39
shoulder,0.335
clearly,0.42
headache,0.38
downside,0.43
recovery,0.315
stuff,0.43
overview,0.275
situation,0.43
dietary,0.705
brand,0.335
useful,0.345
united,0.32
write,0.37
resolve,0.4
haematocrit,0.435
hope,0.435
acquire,0.435
nose,0.335
oxytocin,0.335
enjoy,0.435
threshold,0.335
physically,0.395
social,0.25
indicator,0.385
fine,0.43
cite,0.515
wrong,0.43
warrant,0.38
intervention,0.36
appropriately,0.345
frequent,0.335
market,0.305
rectal,0.33
message,0.435
majority,0.43
beard,0.435
lung,0.44
assistant,0.405
atrophy,0.455
update,0.305
structure,0.235
technology,0.22
exposure,0.435
negatively,0.42
consumption,0.405
summary,0.325
opportunity,0.43
realize,0.43
depth,0.3
distribution,0.41
volume,0.35
preclude,0.315
bph.59,0.335
date,0.305
regain,0.39
obtain,0.375
dihydrotestosterone,0.45
clumping,0.33
nope,0.43
news,0.395
send,0.34
cortisol,0.45
transdermal,0.335
chorionic,0.435
never,0.43
messenger,0.455
aveed,0.335
smoking,0.4
deciliter,0.35
exactly,0.43
booster,0.43
ester,0.335
advertising,0.43
hiv,0.435
impersonation,0.43
internet,0.5
imbalance,0.45
society,0.55
table,0.335
serve,0.315
initiate,0.255
precursor,0.44
claim,0.255
interfere,0.445
consume,0.705
chance,0.31
maturing,0.4
pubic,0.425
connect,0.255
examine,0.345
clinically,0.345
muscular,0.39
away,0.31
index,0.295
subcutaneous,0.335
preparation,0.335
finally,0.43
incorporate,0.435
qualified,0.3
intake,0.705
semen,0.435
reliable,0.36
loh,0.355
diagnostic,0.335
aware,0.285
train,0.42
counsel,0.34
reevaluate,0.43
sudden,0.405
replenish,0.34
mission,0.385
cessation,0.37
conditional,0.34
muthigi,0.38
invite,0.37
unit,0.275
originally,0.425
demonstrate,0.36
ideal,0.335
dabaja,0.305
inadequate,0.435
inconsistent,0.35
analyze,0.335
inflammation,0.435
healthier,0.43
osterberg,0.345
unlike,0.42
pure,0.38
spurt,0.45
reteste,0.325
strategic,0.31
densitometry,0.405
commit,0.425
delay,0.435
barometer,0.34
huge,0.43
prepare,0.335
account,0.365
aged,0.39
analog,0.43
persist,0.43
headspace,0.43
injection).445,0.34
enlist,0.435
pronounce,0.405
disproportionally,0.42
select,0.36
aua,0.335
member,0.36
archive,0.285
count,0.45
search,0.28
average,0.325
signal,0.435
endocrinology,0.55
conversation,0.43
dht,0.455
interlink,0.45
simple,0.455
pharmacy,0.335
run,0.43
partner,0.435
attache,0.4
drink,0.705
association,0.37
struggle,0.43
vitamin,0.705
practitioner,0.395
super,0.43
wonder,0.43
international,0.525
track,0.185
attention,0.205
inside,0.335
ago,0.43
essentially,0.43
plenty,0.43
academic,0.285
lowering,0.435
comfortable,0.43
gut,0.43
word,0.43
certainly,0.43
recently,0.29
consistently,0.23
contested,0.34
retention,0.455
journal,0.545
adiposity,0.41
break,0.45
inappropriately,0.29
ultimately,0.415
infarction,0.33
myocardial,0.33
innovation,0.335
abuse,0.435
noon,0.435
separate,0.315
nutrient,0.625
spike,0.335
frequently,0.255
supply,0.335
fracture,0.405
adjustment.28,0.395
modification,0.43
mainly,0.44
transform,0.385
popular,0.425
|ꚛꚛꚛo,0.345
skimp,0.405
factual,0.35
guide,0.32
careful,0.33
psa,0.34
validate,0.335
preexist,0.335
breakdown,0.25
enroll,0.275
counter,0.43
brag,0.4
cleveland,0.435
institute,0.4
artery,0.27
finding,0.36
needle,0.335
insulin,0.45
initial,0.4
iron,0.435
success,0.42
eye,0.355
insight,0.35
regulation,0.41
thousand,0.415
mount,0.4
dad,0.43
reasonable,0.4
okay,0.43
premature,0.43
successful,0.365
company,0.43
circulate,0.41
chemical,0.435
suitable,0.335
welcome,0.435
state,0.235
relieve,0.35
m.d,0.4
register,0.365
absolutely,0.43
trauma,0.435
hypothalamic,0.435
failure,0.435
training,0.24
hyperplasia,0.435
cover,0.3
thigh,0.335
subject,0.335
etc,0.395
antigen,0.36
alopecia,0.45
ail,0.43
axis,0.435
deal,0.43
confirmed,0.345
minimize,0.29
standpoint,0.425
quit,0.36
impetus,0.345
cent,0.415
differently,0.345
inhibitor,0.435
regret,0.31
disadvantage,0.335
shrinkage,0.43
thoroughly,0.295
large,0.34
override,0.435
thirty,0.435
inability,0.41
https://themenshealthclinic.co.uk/microdosing-trt-the-future-of-testosterone-replacement-therapy/,0.54
considerably,0.33
troy,0.43
percent,0.235
email,0.43
space,0.43
absorption,0.335
nasal,0.335
opinion,0.425
undecanoate,0.335
encompass,0.36
department,0.41
digital,0.39
trip,0.31
relief,0.35
ratio,0.3
duration,0.345
percentage,0.41
mention,0.43
estimate,0.33
advanced,0.395
marker,0.385
single,0.43
telemedicine,0.35
caution,0.395
challenge,0.33
experienced,0.34
near,0.445
suspect,0.385
progress,0.35
basis,0.415
easily,0.335
line,0.43
highlight,0.335
advice,0.32
unfortunately,0.385
ascertain,0.335
versus,0.32
biological,0.29
slide,0.43
thickening,0.385
lessened,0.41
physiological,0.335
globulin,0.4
past,0.385
service,0.245
night,0.365
population,0.335
home,0.325
damage,0.435
malfunction,0.435
endocrine,0.55
kidney,0.435
surgical,0.425
depressed,0.41
flow,0.245
dangerous,0.415
recommended5,0.35
tom,0.43
opioid,0.435
whilst,0.435
secondly,0.405
specifically,0.335
purpose,0.325
baldness,0.45
somebody,0.43
prefer,0.335
journey,0.325
target,0.355
fog,0.41
multiple,0.33
dry,0.335
listen,0.435
rise,0.36
prescribed,0.335
minus,0.41
specialize,0.31
gynecomastia,0.45
cut,0.335
disagree,0.395
frustration,0.43
reliever,0.395
hematocrit,0.505
tumor,0.435
define,0.335
abnormal,0.435
steroid,0.435
infection,0.435
hey,0.43
bmi,0.33
consequence,0.4
u.s,0.35
lipid,0.44
slowly,0.335
physiology,0.55
vital,0.41
traditional,0.355
criterion,0.34
professor,0.405
worth,0.43
idea,0.43
clot,0.455
benign,0.445
previous,0.345
bear,0.435
screen,0.51
repeat,0.375
hear,0.43
connection,0.455
anabolic,0.445
preference,0.38
plus,0.285
wet,0.335
tool,0.37
enzyme,0.45
critical,0.37
figure,0.45
visit,0.425
shelf,0.235
fully,0.325
and/or,0.405
acne,0.455
program,0.33
family,0.43
measurement,0.345
urinary,0.45
lean,0.325
steele,0.43
interviewer,0.43
penis,0.335
medically,0.225
cure,0.43
reverse,0.425
thought,0.41
advise,0.44
insomnia,0.41
john,0.43
steady,0.335
share,0.315
completely,0.43
alertness,0.42
far,0.43
wide,0.33
engage,0.295
prioritize,0.575
obese,0.455
pet,0.335
spontaneous,0.41
proactive,0.37
swollen,0.35
tailor,0.345
stage,0.44
investigation,0.35
preserve,0.45
content,0.23
adequate,0.45
adulthood,0.44
agree,0.43
ameliorate,0.445
quickly,0.335
injectable,0.335
mitch,0.43
remove,0.335
request,0.355
untreated,0.45
polycythemia,0.425
value,0.38
|ꚛooo,0.335
applied,0.335
concluding,0.33
cost,0.305
state.434,0.375
design,0.395
err,0.43
let,0.43
insurance,0.355
decision,0.425
genetic,0.435
female,0.445
hold,0.335
placebo,0.335
properly,0.435
safely,0.325
outside,0.315
frequency,0.34
congenital,0.435
sensitivity,0.45
e.g.,0.355
feedback,0.435
igf-1,0.45
book,0.255
supplementation,0.33
habit,0.465
enter,0.415
tablet,0.335
typical,0.41
urological,0.37
deficient,0.335
elevate,0.45
effectively,0.355
pro,0.335
scripps.org,0.345
suppress,0.445
lethargic,0.425
henceforth,0.335
rebound,0.43
ease,0.275
excessive,0.435
kallmann,0.435
questionnaire,0.34
panel,0.34
screening,0.335
clear,0.425
procedure,0.335
half,0.395
sample,0.34
therapeutic,0.32
area,0.335
motivation,0.41
nutrition,0.605
detail,0.335
instead,0.39
fit,0.305
recognize,0.335
label,0.385
open,0.43
deep,0.43
adrenal,0.435
klinefelter,0.435
rest,0.345
irritation,0.335
gradual,0.345
mild,0.275
love,0.43
worry,0.41
proper,0.41
additionally,0.4
shrink,0.455
analyse,0.43
describe,0.3
return,0.335
external,0.19
expertise,0.27
devise,0.345
debate,0.43
recognition,0.255
con,0.335
site,0.335
fluctuate,0.335
monitoring,0.47
continue,0.395
link,0.43
hot,0.405
follicle,0.435
arm,0.335
paper,0.355
internal,0.37
approximately,0.355
cypionate,0.335
pretty,0.43
prove,0.43
closely,0.31
pay,0.43
enlarge,0.36
overtraine,0.435
additional,0.33
miss,0.43
cycle,0.47
rule,0.34
picture,0.43
stickler,0.43
peak,0.325
choice,0.3
fall,0.325
dwindle,0.295
prior,0.44
scott,0.43
tissue,0.45
estradiol,0.44
laboratory,0.335
build,0.415
contain,0.535
evaluation,0.33
clomid,0.43
extra,0.425
hand,0.335
customize,0.355
author,0.38
symptomatic,0.345
trigger,0.45
complication,0.45
intramuscular,0.335
mineral,0.405
interested,0.235
inform,0.35
formation,0.455
carefully,0.405
underlie,0.45
builder,0.385
feeling,0.41
influence,0.345
yes,0.43
optimise,0.3
rotate,0.335
self,0.31
vitality,0.42
learn,0.42
bind,0.4
quantity,0.22
prolactin,0.435
easy,0.275
rate,0.34
period,0.395
surgery,0.375
estrogen,0.44
explore,0.43
illness,0.435
understanding,0.315
characteristic,0.44
remain,0.33
exist,0.345
convenient,0.375
application,0.335
hotaling,0.43
ovulate,0.425
combination,0.315
office,0.3
soon,0.43
hemoglobin,0.34
small,0.335
hormones-,0.435
regularly,0.32
physicians,0.365
averse,0.34
guy,0.43
notice,0.4
similar,0.31
usually,0.335
anemia,0.405
hour,0.335
individualized,0.355
hypogonadal,0.335
private,0.33
excess,0.45
major,0.34
obstructive,0.435
degree,0.37
wellbeing,0.405
reduction,0.39
aim,0.265
overweight,0.45
story,0.43
consistent,0.345
efficacy,0.36
close,0.25
alleviate,0.41
nearly,0.32
rare,0.435
adverse,0.35
attributable,0.37
human,0.43
researcher,0.31
cream,0.335
attack,0.34
severe,0.31
little,0.43
fsh,0.435
moderate,0.34
shbg,0.4
university,0.41
hcg,0.4
stable,0.335
baseline,0.37
limit,0.25
strategy,0.395
remember,0.365
endocrinologist,0.225
bolster,0.345
fail,0.345
gradually,0.375
guidance,0.34
beneficial,0.41
crucial,0.305
underlying,0.42
draw,0.405
overdraw,0.505
twice,0.335
consultation,0.33
troubling,0.36
delivery,0.335
main,0.29
essential,0.43
prevent,0.455
allow,0.335
release,0.395
yeah,0.43
oestrogen,0.445
bring,0.43
publish,0.555
metabolism,0.41
convert,0.445
hard,0.43
enclomiphene,0.34
aromatase,0.445
decade,0.32
quick,0.43
advertisement,0.435
manufactured,0.375
believe,0.425
food,0.705
fluctuation,0.325
non,0.34
group,0.34
person,0.43
pellet,0.335
reference,0.35
place,0.335
desire,0.41
product,0.335
mind,0.425
thorough,0.355
big,0.43
enlargement,0.455
aspect,0.425
sound,0.43
true,0.43
undergo,0.405
accurate,0.345
discriminatory,0.365
compare,0.38
orthinne,0.43
management,0.535
short,0.335
interest,0.25
tend,0.43
adjustment,0.33
personal,0.43
list,0.255
currently,0.34
consult,0.395
candidate,0.325
alcohol,0.43
alkylated,0.335
clinician,0.335
real,0.43
helpful,0.43
fix,0.43
ready,0.42
report,0.355
urology,0.405
solution,0.35
oestradiol,0.45
literature,0.335
profile,0.31
despite,0.335
conduct,0.335
matter,0.43
bit,0.43
speak,0.43
concentrate,0.41
composition,0.41
routine,0.29
administer,0.335
access,0.465
supplement,0.345
diet,0.695
turn,0.43
establish,0.335
weak,0.325
emotional,0.41
anxiety,0.41
tired,0.43
explain,0.4
trouble,0.41
congestive,0.42
encourage,0.42
source,0.6
fda,0.435
adjust,0.4
number,0.405
energised,0.41
end,0.43
happen,0.395
difficulty,0.41
difference,0.43
reason,0.43
balanced,0.405
act,0.335
standard,0.335
middle,0.43
recent,0.35
chemotherapy,0.435
response,0.255
carry,0.32
direct,0.335
flash,0.405
choose,0.365
grade,0.335
identify,0.335
disorder,0.435
datum,0.335
child,0.39
refer,0.28
grow,0.43
androgen,0.415
metabolic,0.445
irritability,0.41
pain,0.335
probably,0.43
exam,0.38
respond,0.42
active,0.405
addition,0.405
negative,0.445
difficult,0.43
serum,0.34
bloodstream,0.335
optimize,0.36
absorbed,0.325
young,0.265
utlized,0.415
patch,0.335
thyroid,0.435
order,0.32
practice,0.545
liver,0.435
topical,0.335
significantly,0.38
andropause,0.375
unique,0.375
meet,0.425
voice,0.44
formulation,0.335
point,0.395
correct,0.41
sugar,0.695
center,0.405
dose,0.335
hypothalamus,0.435
daily,0.335
performance,0.41
address,0.295
american,0.385
expect,0.27
ongoing,0.45
later,0.43
worsen,0.455
wellness,0.25
uncover,0.415
determine,0.33
ensure,0.415
prepared,0.43
history,0.355
necessarily,0.43
sense,0.295
complete,0.335
simply,0.315
inject,0.335
promote,0.285
radiation,0.435
positive,0.34
luteinize,0.435
stimulating,0.435
osteoporosis,0.335
postmenopausal,0.405
growth,0.45
answer,0.43
eat,0.705
poor,0.41
present,0.36
cognitive,0.41
commonly,0.36
outcome,0.335
combine,0.315
swing,0.41
dosage,0.335
approve,0.335
schedule,0.36
strong,0.36
facial,0.335
secondary,0.435
signs.(moderate,0.335
play,0.395
gonadotropin,0.435
comprehensive,0.435
oral,0.335
contribute,0.455
topic,0.435
variety,0.43
concentration,0.305
morning,0.385
size,0.445
improvement,0.31
lab,0.23
slow,0.315
chronic,0.435
elevated,0.45
directly,0.335
red,0.455
evaluate,0.335
approach,0.32
achieve,0.35
administration,0.335
fast,0.335
particularly,0.285
decide,0.43
live,0.43
absorb,0.335
responsible,0.45
onset,0.55
bad,0.425
guideline,0.37
minute,0.335
puberty,0.435
relationship,0.25
exogenous,0.435
assess,0.36
scot,0.43
actually,0.43
regular,0.33
strength,0.41
mental,0.305
monitor,0.49
week,0.335
enhance,0.34
potentially,0.415
reach,0.26
event,0.335
stop,0.41
sure,0.43
want,0.43
fertility,0.445
prescription,0.365
appointment,0.245
defy,0.33
appear,0.3
pressure,0.435
syndrome,0.435
placebo.53,0.335
sperm,0.445
apnea,0.435
begin,0.335
psychological,0.41
safe,0.325
possible,0.365
online,0.55
apply,0.335
analysis,0.335
stimulate,0.435
ovary,0.435
system,0.32
lose,0.405
clinical,0.385
cell,0.45
skin,0.335
read,0.385
recommend,0.46
drop,0.385
available,0.55
ability,0.41
protein,0.705
add,0.65
protocol,0.355
testing,0.34
physician,0.41
hamper,0.435
development,0.44
new,0.385
goal,0.375
control,0.345
likely,0.37
receive,0.29
case,0.26
healthcare,0.28
necessary,0.33
article,0.245
create,0.335
generally,0.36
today,0.43
density,0.405
ask,0.43
adult,0.55
reproductive,0.43
stroke,0.335
team,0.365
support,0.39
halt,0.33
occur,0.445
testicular,0.435
type,0.435
plan,0.35
evidence,0.34
brain,0.435
confirm,0.39
information,0.43
infertility,0.45
able,0.43
accord,0.35
method,0.335
month,0.33
cardiovascular,0.34
urologist,0.43
review,0.385
deliver,0.335
maybe,0.43
stay,0.435
obesity,0.435
progressively,0.435
erection,0.415
drug,0.34
diabetes,0.435
smith,0.43
activity,0.41
regulate,0.435
appropriate,0.33
seek,0.43
recommendation,0.335
checker,0.455
fat,0.41
try,0.43
kind,0.43
trial,0.335
develop,0.45
current,0.335
safety,0.245
medicine,0.4
understand,0.43
injury,0.435
especially,0.45
lower,0.45
note,0.425
boost,0.39
perform,0.435
optimal,0.34
gain,0.41
specific,0.34
late,0.405
form,0.335
prescribe,0.35
suffer,0.42
statement,0.335
without,0.395
day,0.335
involve,0.32
professional,0.345
indicate,0.345
impact,0.32
pill,0.335
shrunken,0.45
gland,0.435
exercise,0.32
typically,0.335
raise,0.45
focus,0.415
fact,0.43
intricately,0.405
free,0.355
cancer,0.38
maintain,0.405
step,0.325
discuss,0.34
year,0.34
expert,0.355
base,0.37
sleep,0.39
require,0.305
general,0.28
restore,0.405
stress,0.345
breast,0.455
potential,0.355
early,0.38
concern,0.295
different,0.435
example,0.245
come,0.43
offer,0.355
specialist,0.355
depend,0.335
talk,0.43
injection,0.335
quality,0.385
menopause,0.34
key,0.335
depression,0.41
woman,0.43
weight,0.4
diagnosis,0.345
gel,0.335
research,0.405
hair,0.445
pituitary,0.435
people,0.43
testis,0.435
consider,0.345
diabete,0.395
overall,0.425
testicle,0.435
significant,0.345
sign,0.38
question,0.44
prostate,0.355
suggest,0.345
measure,0.34
vary,0.35
check,0.43
aging,0.44
right,0.43
avoid,0.335
follow,0.355
decline,0.385
feel,0.43
look,0.43
tell,0.43
work,0.43
associate,0.405
lot,0.43
lack,0.41
way,0.43
common,0.42
manage,0.32
individual,0.485
benefit,0.315
provide,0.365
think,0.43
role,0.345
hormonal,0.445
term,0.325
clinic,0.42
disease,0.435
effective,0.34
old,0.285
function,0.375
factor,0.4
haul,0.425
know,0.43
great,0.43
balance,0.33
primary,0.435
loss,0.405
total,0.34
naturally,0.45
mean,0.43
medication,0.335
physical,0.41
sex,0.355
contact,0.335
lead,0.455
issue,0.515
natural,0.435
storage,0.35
libido,0.41
study,0.345
thing,0.43
care,0.26
sexual,0.41
mass,0.405
treat,0.345
deficiency,0.35
bone,0.405
healthy,0.685
reduce,0.41
time,0.43
muscle,0.41
heart,0.285
process,0.24
range,0.37
produce,0.435
affect,0.455
decrease,0.405
certain,0.435
diagnose,0.335
fatigue,0.41
energy,0.41
option,0.375
improve,0.415
effect,0.335
mood,0.41
find,0.43
provider,0.31
start,0.43
normal,0.28
long,0.335
good,0.43
use,0.27
life,0.285
problem,0.44
hypogonadism,0.55
erectile,0.41
relate,0.38
risk,0.335
experience,0.415
dysfunction,0.41
production,0.44
body,0.355
doctor,0.42
test,0.335
lifestyle,0.315
change,0.35
age,0.28
therapy,0.335
like,0.43
increase,0.4
medical,0.395
result,0.335
male,0.52
high,0.44
help,0.42
condition,0.435
replacement,0.28
need,0.4
patient,0.485
important,0.425
drive,0.41
symptom,0.41
health,0.395
blood,0.45
hormone,0.435
include,0.415
cause,0.435
trt,0.355
not,0.43
treatment,0.455
man,0.33
level,0.44
low,0.41
testosterone,0.365
