AMS,degree,betweenness,eigenvector
no,65.55972696245733,0.013021832691001762,0.05412675952477157
yes,49.642857142857146,0.011553091181827924,0.051946248641923286
