institution,institution_No.,country,source_origin,organization_type,base_domain,search_query,access_date,content_title,target_url
American Heart Association (AHA),1,USA,Public/Clinical,Public Nonprofit Medical Association,heart.org,"site:heart.org (""male menopause"" OR ""men's menopause"" OR andropause OR ""late-onset hypogonadism"" OR LOH OR ""male hypogonadism"" OR ""testosterone deficiency"" OR ""testosterone deficiency syndrome"" OR ""low testosterone"" OR ""low testosterone in men"" OR ""low testosterone treatment"" OR TRT OR ""testosterone replacement therapy"" OR ""male HRT"" OR ""androgen deficiency"" OR ""male hormone imbalance"" OR ""aging male syndrome"" OR ADAM)",2025/10/19,"Is andropause the same as 'male menopause,' and should men worry?",https://www.heart.org/en/news/2024/06/21/is-andropause-the-same-as-male-menopause-and-should-men-worry
American Heart Association (AHA),1,USA,Public/Clinical,Public Nonprofit Medical Association,heart.org,"site:heart.org (""male menopause"" OR ""men's menopause"" OR andropause OR ""late-onset hypogonadism"" OR LOH OR ""male hypogonadism"" OR ""testosterone deficiency"" OR ""testosterone deficiency syndrome"" OR ""low testosterone"" OR ""low testosterone in men"" OR ""low testosterone treatment"" OR TRT OR ""testosterone replacement therapy"" OR ""male HRT"" OR ""androgen deficiency"" OR ""male hormone imbalance"" OR ""aging male syndrome"" OR ADAM)",2025/10/19,Testosterone therapy fails to improve artery health in older men,https://www.heart.org/en/news/2021/02/22/testosterone-therapy-fails-to-improve-artery-health-in-older-men
American Urological Association (AUA),2,USA,Professional/Clinical,Professional Medical Association,auanet.org,"site:auanet.org (""male menopause"" OR ""men's menopause"" OR andropause OR ""late-onset hypogonadism"" OR LOH OR ""male hypogonadism"" OR ""testosterone deficiency"" OR ""testosterone deficiency syndrome"" OR ""low testosterone"" OR ""low testosterone in men"" OR ""low testosterone treatment"" OR TRT OR ""testosterone replacement therapy"" OR ""male HRT"" OR ""androgen deficiency"" OR ""male hormone imbalance"" OR ""aging male syndrome"" OR ADAM)",2025/10/19,Evaluation and Management of Testosterone Deficiency (2024),https://www.auanet.org/guidelines-and-quality/guidelines/testosterone-deficiency-guideline
Australian Men's Health Clinic,3,Australia,Private/Commercial,Private Clinic,testosteroneclinic.com.au,"site:menshealthclinic.com/au OR site:testosteroneclinic.com.au (""male menopause"" OR ""men's menopause"" OR andropause OR ""late-onset hypogonadism"" OR LOH OR ""male hypogonadism"" OR ""testosterone deficiency"" OR ""testosterone deficiency syndrome"" OR ""low testosterone"" OR ""low testosterone in men"" OR ""low testosterone treatment"" OR TRT OR ""testosterone replacement therapy"" OR ""male HRT"" OR ""androgen deficiency"" OR ""male hormone imbalance"" OR ""aging male syndrome"" OR ADAM)",2025/10/19,Get Started: Testosterone Replacement Therapy (TRT) with the Global Leader in Men’s Health,https://testosteroneclinic.com.au/
Australian Men's Health Clinic,3,Australia,Private/Commercial,Private Clinic,menshealthclinic.com,"site:menshealthclinic.com/au OR site:testosteroneclinic.com.au (""male menopause"" OR ""men's menopause"" OR andropause OR ""late-onset hypogonadism"" OR LOH OR ""male hypogonadism"" OR ""testosterone deficiency"" OR ""testosterone deficiency syndrome"" OR ""low testosterone"" OR ""low testosterone in men"" OR ""low testosterone treatment"" OR TRT OR ""testosterone replacement therapy"" OR ""male HRT"" OR ""androgen deficiency"" OR ""male hormone imbalance"" OR ""aging male syndrome"" OR ADAM)",2025/10/19,Hypogonadism: How Low Testosterone Affects Men,https://menshealthclinic.com/au/resource/hypogonadism-how-low-testosterone-affects-men/
Australian Men's Health Clinic,3,Australia,Private/Commercial,Private Clinic,menshealthclinic.com,"site:menshealthclinic.com/au OR site:testosteroneclinic.com.au (""male menopause"" OR ""men's menopause"" OR andropause OR ""late-onset hypogonadism"" OR LOH OR ""male hypogonadism"" OR ""testosterone deficiency"" OR ""testosterone deficiency syndrome"" OR ""low testosterone"" OR ""low testosterone in men"" OR ""low testosterone treatment"" OR TRT OR ""testosterone replacement therapy"" OR ""male HRT"" OR ""androgen deficiency"" OR ""male hormone imbalance"" OR ""aging male syndrome"" OR ADAM)",2025/10/19,Overcoming Testosterone Deficiency with Diet,https://menshealthclinic.com/au/resource/overcoming-testosterone-deficiency-with-diet/
Australian Men's Health Clinic,3,Australia,Private/Commercial,Private Clinic,menshealthclinic.com,"site:menshealthclinic.com/au OR site:testosteroneclinic.com.au (""male menopause"" OR ""men's menopause"" OR andropause OR ""late-onset hypogonadism"" OR LOH OR ""male hypogonadism"" OR ""testosterone deficiency"" OR ""testosterone deficiency syndrome"" OR ""low testosterone"" OR ""low testosterone in men"" OR ""low testosterone treatment"" OR TRT OR ""testosterone replacement therapy"" OR ""male HRT"" OR ""androgen deficiency"" OR ""male hormone imbalance"" OR ""aging male syndrome"" OR ADAM)",2025/10/19,TRT Explained: What Every Man Must Know,https://menshealthclinic.com/au/resource/trt-explained-what-every-man-must-know/
Balance My Hormones Ltd.,4,UK,Private/Commercial,Private Clinic,balancemyhormones.co.uk,"site:balancemyhormones.co.uk (""male menopause"" OR ""men's menopause"" OR andropause OR ""late-onset hypogonadism"" OR LOH OR ""male hypogonadism"" OR ""testosterone deficiency"" OR ""testosterone deficiency syndrome"" OR ""low testosterone"" OR ""low testosterone in men"" OR ""low testosterone treatment"" OR TRT OR ""testosterone replacement therapy"" OR ""male HRT"" OR ""androgen deficiency"" OR ""male hormone imbalance"" OR ""hormone optimization"" OR ""aging male syndrome"" OR ADAM)",2025/10/19,6 Benefits of TRT,https://balancemyhormones.co.uk/trt-uk/benefits-of-trt/
Balance My Hormones Ltd.,4,UK,Private/Commercial,Private Clinic,balancemyhormones.co.uk,"site:balancemyhormones.co.uk (""male menopause"" OR ""men's menopause"" OR andropause OR ""late-onset hypogonadism"" OR LOH OR ""male hypogonadism"" OR ""testosterone deficiency"" OR ""testosterone deficiency syndrome"" OR ""low testosterone"" OR ""low testosterone in men"" OR ""low testosterone treatment"" OR TRT OR ""testosterone replacement therapy"" OR ""male HRT"" OR ""androgen deficiency"" OR ""male hormone imbalance"" OR ""hormone optimization"" OR ""aging male syndrome"" OR ADAM)",2025/10/19,Pros and Cons of TRT: 9 Benefits and 7 Downsides of TRT,https://balancemyhormones.co.uk/the-pros-and-cons-of-trt/
Balance My Hormones Ltd.,4,UK,Private/Commercial,Private Clinic,balancemyhormones.co.uk,"site:balancemyhormones.co.uk (""male menopause"" OR ""men's menopause"" OR andropause OR ""late-onset hypogonadism"" OR LOH OR ""male hypogonadism"" OR ""testosterone deficiency"" OR ""testosterone deficiency syndrome"" OR ""low testosterone"" OR ""low testosterone in men"" OR ""low testosterone treatment"" OR TRT OR ""testosterone replacement therapy"" OR ""male HRT"" OR ""androgen deficiency"" OR ""male hormone imbalance"" OR ""hormone optimization"" OR ""aging male syndrome"" OR ADAM)",2025/10/19,Testosterone For Men,https://balancemyhormones.co.uk/testosterone-for-men/
Balance My Hormones Ltd.,4,UK,Private/Commercial,Private Clinic,balancemyhormones.co.uk,"site:balancemyhormones.co.uk (""male menopause"" OR ""men's menopause"" OR andropause OR ""late-onset hypogonadism"" OR LOH OR ""male hypogonadism"" OR ""testosterone deficiency"" OR ""testosterone deficiency syndrome"" OR ""low testosterone"" OR ""low testosterone in men"" OR ""low testosterone treatment"" OR TRT OR ""testosterone replacement therapy"" OR ""male HRT"" OR ""androgen deficiency"" OR ""male hormone imbalance"" OR ""hormone optimization"" OR ""aging male syndrome"" OR ADAM)",2025/10/19,Testosterone Replacement Therapy Clinic for Men & Women,https://balancemyhormones.co.uk/
Balance My Hormones Ltd.,4,UK,Private/Commercial,Private Clinic,balancemyhormones.co.uk,"site:balancemyhormones.co.uk (""male menopause"" OR ""men's menopause"" OR andropause OR ""late-onset hypogonadism"" OR LOH OR ""male hypogonadism"" OR ""testosterone deficiency"" OR ""testosterone deficiency syndrome"" OR ""low testosterone"" OR ""low testosterone in men"" OR ""low testosterone treatment"" OR TRT OR ""testosterone replacement therapy"" OR ""male HRT"" OR ""androgen deficiency"" OR ""male hormone imbalance"" OR ""hormone optimization"" OR ""aging male syndrome"" OR ADAM)",2025/10/19,TRT in the UK: Testosterone Replacement Therapy UK Guide,https://balancemyhormones.co.uk/trt-uk/
Balance My Hormones Ltd.,4,UK,Private/Commercial,Private Clinic,balancemyhormones.co.uk,"site:balancemyhormones.co.uk (""male menopause"" OR ""men's menopause"" OR andropause OR ""late-onset hypogonadism"" OR LOH OR ""male hypogonadism"" OR ""testosterone deficiency"" OR ""testosterone deficiency syndrome"" OR ""low testosterone"" OR ""low testosterone in men"" OR ""low testosterone treatment"" OR TRT OR ""testosterone replacement therapy"" OR ""male HRT"" OR ""androgen deficiency"" OR ""male hormone imbalance"" OR ""hormone optimization"" OR ""aging male syndrome"" OR ADAM)",2025/10/19,What Exactly is Male Menopause?,https://balancemyhormones.co.uk/what-exactly-is-male-menopause/
Balance My Hormones Ltd.,4,UK,Private/Commercial,Private Clinic,balancemyhormones.co.uk,"site:balancemyhormones.co.uk (""male menopause"" OR ""men's menopause"" OR andropause OR ""late-onset hypogonadism"" OR LOH OR ""male hypogonadism"" OR ""testosterone deficiency"" OR ""testosterone deficiency syndrome"" OR ""low testosterone"" OR ""low testosterone in men"" OR ""low testosterone treatment"" OR TRT OR ""testosterone replacement therapy"" OR ""male HRT"" OR ""androgen deficiency"" OR ""male hormone imbalance"" OR ""hormone optimization"" OR ""aging male syndrome"" OR ADAM)",2025/10/19,What is Male Hypogonadism & How to Treat It?,https://balancemyhormones.co.uk/what-is-male-hypogonadism
Balance My Hormones Ltd.,4,UK,Private/Commercial,Private Clinic,balancemyhormones.co.uk,"site:balancemyhormones.co.uk (""male menopause"" OR ""men's menopause"" OR andropause OR ""late-onset hypogonadism"" OR LOH OR ""male hypogonadism"" OR ""testosterone deficiency"" OR ""testosterone deficiency syndrome"" OR ""low testosterone"" OR ""low testosterone in men"" OR ""low testosterone treatment"" OR TRT OR ""testosterone replacement therapy"" OR ""male HRT"" OR ""androgen deficiency"" OR ""male hormone imbalance"" OR ""hormone optimization"" OR ""aging male syndrome"" OR ADAM)",2025/10/19,What is Male Menopause,https://balancemyhormones.co.uk/what-is-male-menopause/
Balance Wellness Clinic,5,USA,Private/Commercial,Private Clinic,bioidenticalhormones.pro,"site:bioidenticalhormones.pro (""male menopause"" OR ""men's menopause"" OR andropause OR ""late-onset hypogonadism"" OR LOH OR ""male hypogonadism"" OR ""testosterone deficiency"" OR ""testosterone deficiency syndrome"" OR ""low testosterone"" OR ""low testosterone in men"" OR ""low testosterone treatment"" OR TRT OR ""testosterone replacement therapy"" OR ""male HRT"" OR ""androgen deficiency"" OR ""male hormone imbalance"" OR ""aging male syndrome"" OR ADAM)",2025/10/19,Testosterone Replacement Therapy - Balance Wellness Clinic,https://bioidenticalhormones.pro/trt-clinic/
Baylor College of Medicine,6,USA,AAMC54,Academic,bcm.edu,"site:bcm.edu (""male menopause"" OR ""men's menopause"" OR andropause OR ""late-onset hypogonadism"" OR LOH OR ""male hypogonadism"" OR ""testosterone deficiency"" OR ""testosterone deficiency syndrome"" OR ""low testosterone"" OR ""low testosterone in men"" OR ""low testosterone treatment"" OR TRT OR ""testosterone replacement therapy"" OR ""male HRT"" OR ""androgen deficiency"" OR ""male hormone imbalance"" OR ""aging male syndrome"" OR ADAM)",2025/10/17,Androgen Replacement,https://www.bcm.edu/healthcare/specialties/urology/mens-health/male-infertility-treatment/androgen-replacement
Baylor College of Medicine,6,USA,AAMC54,Academic,bcm.edu,"site:bcm.edu (""male menopause"" OR ""men's menopause"" OR andropause OR ""late-onset hypogonadism"" OR LOH OR ""male hypogonadism"" OR ""testosterone deficiency"" OR ""testosterone deficiency syndrome"" OR ""low testosterone"" OR ""low testosterone in men"" OR ""low testosterone treatment"" OR TRT OR ""testosterone replacement therapy"" OR ""male HRT"" OR ""androgen deficiency"" OR ""male hormone imbalance"" OR ""aging male syndrome"" OR ADAM)",2025/10/17,Does testosterone replacement therapy cause hair loss?,https://blogs.bcm.edu/2025/08/11/does-testosterone-replacement-therapy-cause-hair-loss/
Baylor College of Medicine,6,USA,AAMC54,Academic,bcm.edu,"site:bcm.edu (""male menopause"" OR ""men's menopause"" OR andropause OR ""late-onset hypogonadism"" OR LOH OR ""male hypogonadism"" OR ""testosterone deficiency"" OR ""testosterone deficiency syndrome"" OR ""low testosterone"" OR ""low testosterone in men"" OR ""low testosterone treatment"" OR TRT OR ""testosterone replacement therapy"" OR ""male HRT"" OR ""androgen deficiency"" OR ""male hormone imbalance"" OR ""aging male syndrome"" OR ADAM)",2025/10/17,How a man’s fertility changes over time,https://blogs.bcm.edu/2022/10/11/how-a-mans-fertility-changes-over-time/
Baylor College of Medicine,6,USA,AAMC54,Academic,bcm.edu,"site:bcm.edu (""male menopause"" OR ""men's menopause"" OR andropause OR ""late-onset hypogonadism"" OR LOH OR ""male hypogonadism"" OR ""testosterone deficiency"" OR ""testosterone deficiency syndrome"" OR ""low testosterone"" OR ""low testosterone in men"" OR ""low testosterone treatment"" OR TRT OR ""testosterone replacement therapy"" OR ""male HRT"" OR ""androgen deficiency"" OR ""male hormone imbalance"" OR ""aging male syndrome"" OR ADAM)",2025/10/17,Testosterone Replacement Therapy,https://www.bcm.edu/healthcare/specialties/urology/mens-health/testosterone-replacement-therapy
Baylor College of Medicine,6,USA,AAMC54,Academic,bcm.edu,"site:bcm.edu (""male menopause"" OR ""men's menopause"" OR andropause OR ""late-onset hypogonadism"" OR LOH OR ""male hypogonadism"" OR ""testosterone deficiency"" OR ""testosterone deficiency syndrome"" OR ""low testosterone"" OR ""low testosterone in men"" OR ""low testosterone treatment"" OR TRT OR ""testosterone replacement therapy"" OR ""male HRT"" OR ""androgen deficiency"" OR ""male hormone imbalance"" OR ""aging male syndrome"" OR ADAM)",2025/10/17,What is testosterone therapy?,https://blogs.bcm.edu/2025/06/19/what-is-testosterone-therapy/
Brigham and Women’s Hospital,7,USA,AAMC54,Academic,brighamandwomens.org,"site:brighamandwomens.org (""male menopause"" OR ""men's menopause"" OR andropause OR ""late-onset hypogonadism"" OR LOH OR ""male hypogonadism"" OR ""testosterone deficiency"" OR ""testosterone deficiency syndrome"" OR ""low testosterone"" OR ""low testosterone in men"" OR ""low testosterone treatment"" OR TRT OR ""testosterone replacement therapy"" OR ""male HRT"" OR ""androgen deficiency"" OR ""male hormone imbalance"" OR ""aging male syndrome"" OR ADAM)",2025/10/15,Free Testosterone,"https://healthlibrary.brighamandwomens.org/Coronavirus/167,testosterone_free"
Brigham and Women’s Hospital,7,USA,AAMC54,Academic,brighamandwomens.org,"site:brighamandwomens.org (""male menopause"" OR ""men's menopause"" OR andropause OR ""late-onset hypogonadism"" OR LOH OR ""male hypogonadism"" OR ""testosterone deficiency"" OR ""testosterone deficiency syndrome"" OR ""low testosterone"" OR ""low testosterone in men"" OR ""low testosterone treatment"" OR TRT OR ""testosterone replacement therapy"" OR ""male HRT"" OR ""androgen deficiency"" OR ""male hormone imbalance"" OR ""aging male syndrome"" OR ADAM)",2025/10/15,Total Testosterone,"https://healthlibrary.brighamandwomens.org/Search/167,testosterone_total"
Canadian Urological Association (CUA),8,Canada,Professional/Clinical,Professional Medical Association,cua.org,"site:cua.org OR site:cua.journals.yorku.ca OR site:cua.medicaljournals.ca (""male menopause"" OR ""men's menopause"" OR andropause OR ""late-onset hypogonadism"" OR LOH OR ""male hypogonadism"" OR ""testosterone deficiency"" OR ""testosterone deficiency syndrome"" OR ""low testosterone"" OR ""low testosterone in men"" OR ""low testosterone treatment"" OR TRT OR ""testosterone replacement therapy"" OR ""male HRT"" OR ""androgen deficiency"" OR ""male hormone imbalance"" OR ""aging male syndrome"" OR ADAM)",2025/10/19,Canadian Urological Association guideline on testosterone deficiency in men – 2021 update,https://www.cua.org/system/files/Guideline-Files/7252_v6.pdf
Cedars-Sinai Medical Center,9,USA,AAMC54,Academic,cedars-sinai.org,"site:cedars-sinai.org (""male menopause"" OR ""men's menopause"" OR andropause OR ""late-onset hypogonadism"" OR LOH OR ""male hypogonadism"" OR ""testosterone deficiency"" OR ""testosterone deficiency syndrome"" OR ""low testosterone"" OR ""low testosterone in men"" OR ""low testosterone treatment"" OR TRT OR ""testosterone replacement therapy"" OR ""male HRT"" OR ""androgen deficiency"" OR ""male hormone imbalance"" OR ""aging male syndrome"" OR ADAM)",2025/10/19,Is Testosterone Replacement Therapy Right for Me?,https://www.cedars-sinai.org/blog/is-testosterone-replacement-therapy-right-for-me.html
Cedars-Sinai Medical Center,9,USA,AAMC54,Academic,cedars-sinai.org,"site:cedars-sinai.org (""male menopause"" OR ""men's menopause"" OR andropause OR ""late-onset hypogonadism"" OR LOH OR ""male hypogonadism"" OR ""testosterone deficiency"" OR ""testosterone deficiency syndrome"" OR ""low testosterone"" OR ""low testosterone in men"" OR ""low testosterone treatment"" OR TRT OR ""testosterone replacement therapy"" OR ""male HRT"" OR ""androgen deficiency"" OR ""male hormone imbalance"" OR ""aging male syndrome"" OR ADAM)",2025/10/19,Research Finds Testosterone Therapy Safe for Heart Health,https://www.cedars-sinai.org/blog/research-finds-testosterone-therapy-safe-for-heart-health.html
Cleveland Clinic,10,USA,AAMC54,Academic,my.clevelandclinic.org,"site:my.clevelandclinic.org (""male menopause"" OR ""men's menopause"" OR andropause OR ""late-onset hypogonadism"" OR LOH OR ""male hypogonadism"" OR ""testosterone deficiency"" OR ""testosterone deficiency syndrome"" OR ""low testosterone"" OR ""low testosterone in men"" OR ""low testosterone treatment"" OR TRT OR ""testosterone replacement therapy"" OR ""male HRT"" OR ""androgen deficiency"" OR ""male hormone imbalance"" OR ""aging male syndrome"" OR ADAM)",2025/10/15,Buyer Beware: Quick Fixes…,https://my.clevelandclinic.org/podcasts/butts-and-guts/buyer-beware-quick-fixesclinics-for-low-testosterone-and-erectile-dysfunction
Cleveland Clinic,10,USA,AAMC54,Academic,my.clevelandclinic.org,"site:my.clevelandclinic.org (""male menopause"" OR ""men's menopause"" OR andropause OR ""late-onset hypogonadism"" OR LOH OR ""male hypogonadism"" OR ""testosterone deficiency"" OR ""testosterone deficiency syndrome"" OR ""low testosterone"" OR ""low testosterone in men"" OR ""low testosterone treatment"" OR TRT OR ""testosterone replacement therapy"" OR ""male HRT"" OR ""androgen deficiency"" OR ""male hormone imbalance"" OR ""aging male syndrome"" OR ADAM)",2025/10/15,Get Low Testosterone Treatment,https://my.clevelandclinic.org/services/low-testosterone-treatment
Cleveland Clinic,10,USA,AAMC54,Academic,my.clevelandclinic.org,"site:my.clevelandclinic.org (""male menopause"" OR ""men's menopause"" OR andropause OR ""late-onset hypogonadism"" OR LOH OR ""male hypogonadism"" OR ""testosterone deficiency"" OR ""testosterone deficiency syndrome"" OR ""low testosterone"" OR ""low testosterone in men"" OR ""low testosterone treatment"" OR TRT OR ""testosterone replacement therapy"" OR ""male HRT"" OR ""androgen deficiency"" OR ""male hormone imbalance"" OR ""aging male syndrome"" OR ADAM)",2025/10/15,Is TRT Safe for Your Heart?,https://my.clevelandclinic.org/podcasts/love-your-heart/is-testosterone-replacement-therapy-safe-for-your-heart
Cleveland Clinic,10,USA,AAMC54,Academic,my.clevelandclinic.org,"site:my.clevelandclinic.org (""male menopause"" OR ""men's menopause"" OR andropause OR ""late-onset hypogonadism"" OR LOH OR ""male hypogonadism"" OR ""testosterone deficiency"" OR ""testosterone deficiency syndrome"" OR ""low testosterone"" OR ""low testosterone in men"" OR ""low testosterone treatment"" OR TRT OR ""testosterone replacement therapy"" OR ""male HRT"" OR ""androgen deficiency"" OR ""male hormone imbalance"" OR ""aging male syndrome"" OR ADAM)",2025/10/15,Low Testosterone (Low T),https://my.clevelandclinic.org/podcasts/butts-and-guts/low-testosterone-low-t
Cleveland Clinic,10,USA,AAMC54,Academic,my.clevelandclinic.org,"site:my.clevelandclinic.org (""male menopause"" OR ""men's menopause"" OR andropause OR ""late-onset hypogonadism"" OR LOH OR ""male hypogonadism"" OR ""testosterone deficiency"" OR ""testosterone deficiency syndrome"" OR ""low testosterone"" OR ""low testosterone in men"" OR ""low testosterone treatment"" OR TRT OR ""testosterone replacement therapy"" OR ""male HRT"" OR ""androgen deficiency"" OR ""male hormone imbalance"" OR ""aging male syndrome"" OR ADAM)",2025/10/15,Low Testosterone (Male Hypogonadism),https://my.clevelandclinic.org/health/diseases/15603-low-testosterone-male-hypogonadism
Cleveland Clinic,10,USA,AAMC54,Academic,my.clevelandclinic.org,"site:my.clevelandclinic.org (""male menopause"" OR ""men's menopause"" OR andropause OR ""late-onset hypogonadism"" OR LOH OR ""male hypogonadism"" OR ""testosterone deficiency"" OR ""testosterone deficiency syndrome"" OR ""low testosterone"" OR ""low testosterone in men"" OR ""low testosterone treatment"" OR TRT OR ""testosterone replacement therapy"" OR ""male HRT"" OR ""androgen deficiency"" OR ""male hormone imbalance"" OR ""aging male syndrome"" OR ADAM)",2025/10/15,Testosterone Replacement Therapy (TRT),https://my.clevelandclinic.org/health/treatments/testosterone-replacement-therapy-trt
Cleveland Clinic,10,USA,AAMC54,Academic,my.clevelandclinic.org,"site:my.clevelandclinic.org (""male menopause"" OR ""men's menopause"" OR andropause OR ""late-onset hypogonadism"" OR LOH OR ""male hypogonadism"" OR ""testosterone deficiency"" OR ""testosterone deficiency syndrome"" OR ""low testosterone"" OR ""low testosterone in men"" OR ""low testosterone treatment"" OR TRT OR ""testosterone replacement therapy"" OR ""male HRT"" OR ""androgen deficiency"" OR ""male hormone imbalance"" OR ""aging male syndrome"" OR ADAM)",2025/10/15,"Testosterone Test: What It Is, How It's Done & Results",https://my.clevelandclinic.org/health/diagnostics/24215-testosterone-test
Cleveland Clinic,10,USA,AAMC54,Academic,my.clevelandclinic.org,"site:my.clevelandclinic.org (""male menopause"" OR ""men's menopause"" OR andropause OR ""late-onset hypogonadism"" OR LOH OR ""male hypogonadism"" OR ""testosterone deficiency"" OR ""testosterone deficiency syndrome"" OR ""low testosterone"" OR ""low testosterone in men"" OR ""low testosterone treatment"" OR TRT OR ""testosterone replacement therapy"" OR ""male HRT"" OR ""androgen deficiency"" OR ""male hormone imbalance"" OR ""aging male syndrome"" OR ADAM)",2025/10/15,"Testosterone: What It Is, Function & Levels",https://my.clevelandclinic.org/health/articles/24101-testosterone
Cleveland Clinic,10,USA,AAMC54,Academic,my.clevelandclinic.org,"site:my.clevelandclinic.org (""male menopause"" OR ""men's menopause"" OR andropause OR ""late-onset hypogonadism"" OR LOH OR ""male hypogonadism"" OR ""testosterone deficiency"" OR ""testosterone deficiency syndrome"" OR ""low testosterone"" OR ""low testosterone in men"" OR ""low testosterone treatment"" OR TRT OR ""testosterone replacement therapy"" OR ""male HRT"" OR ""androgen deficiency"" OR ""male hormone imbalance"" OR ""aging male syndrome"" OR ADAM)",2025/10/15,TRT in Patients with Low T: TRAVERSE Trial,https://my.clevelandclinic.org/podcasts/cardiac-consult/testosterone-replacement-therapy-in-patients-with-low-testosterone-findings-from-traverse-trial
Defy Medical,11,USA,Private/Commercial,Private Clinic,defymedical.com,"site:defymedical.com (""male menopause"" OR ""men's menopause"" OR andropause OR ""late-onset hypogonadism"" OR LOH OR ""male hypogonadism"" OR ""testosterone deficiency"" OR ""testosterone deficiency syndrome"" OR ""low testosterone"" OR ""low testosterone in men"" OR ""low testosterone treatment"" OR TRT OR ""testosterone replacement therapy"" OR ""male HRT"" OR ""androgen deficiency"" OR ""male hormone imbalance"" OR ""hormone optimization"" OR ""aging male syndrome"" OR ADAM)",2025/10/19,Are You Making These 7 TRT Mistakes?,https://www.defymedical.com/blog/trt-mistakes-to-avoid/
Defy Medical,11,USA,Private/Commercial,Private Clinic,defymedical.com,"site:defymedical.com (""male menopause"" OR ""men's menopause"" OR andropause OR ""late-onset hypogonadism"" OR LOH OR ""male hypogonadism"" OR ""testosterone deficiency"" OR ""testosterone deficiency syndrome"" OR ""low testosterone"" OR ""low testosterone in men"" OR ""low testosterone treatment"" OR TRT OR ""testosterone replacement therapy"" OR ""male HRT"" OR ""androgen deficiency"" OR ""male hormone imbalance"" OR ""hormone optimization"" OR ""aging male syndrome"" OR ADAM)",2025/10/19,Can Low Testosterone Cause Anxiety?,https://www.defymedical.com/blog/can-low-testosterone-cause-anxiety/
Defy Medical,11,USA,Private/Commercial,Private Clinic,defymedical.com,"site:defymedical.com (""male menopause"" OR ""men's menopause"" OR andropause OR ""late-onset hypogonadism"" OR LOH OR ""male hypogonadism"" OR ""testosterone deficiency"" OR ""testosterone deficiency syndrome"" OR ""low testosterone"" OR ""low testosterone in men"" OR ""low testosterone treatment"" OR TRT OR ""testosterone replacement therapy"" OR ""male HRT"" OR ""androgen deficiency"" OR ""male hormone imbalance"" OR ""hormone optimization"" OR ""aging male syndrome"" OR ADAM)",2025/10/19,Can Low Testosterone Cause ED?,https://www.defymedical.com/blog/can-low-testosterone-cause-ed/
Defy Medical,11,USA,Private/Commercial,Private Clinic,defymedical.com,"site:defymedical.com (""male menopause"" OR ""men's menopause"" OR andropause OR ""late-onset hypogonadism"" OR LOH OR ""male hypogonadism"" OR ""testosterone deficiency"" OR ""testosterone deficiency syndrome"" OR ""low testosterone"" OR ""low testosterone in men"" OR ""low testosterone treatment"" OR TRT OR ""testosterone replacement therapy"" OR ""male HRT"" OR ""androgen deficiency"" OR ""male hormone imbalance"" OR ""hormone optimization"" OR ""aging male syndrome"" OR ADAM)",2025/10/19,How Long Does TRT Take to Work?,https://www.defymedical.com/blog/how-long-does-trt-take-to-work/
Defy Medical,11,USA,Private/Commercial,Private Clinic,defymedical.com,"site:defymedical.com (""male menopause"" OR ""men's menopause"" OR andropause OR ""late-onset hypogonadism"" OR LOH OR ""male hypogonadism"" OR ""testosterone deficiency"" OR ""testosterone deficiency syndrome"" OR ""low testosterone"" OR ""low testosterone in men"" OR ""low testosterone treatment"" OR TRT OR ""testosterone replacement therapy"" OR ""male HRT"" OR ""androgen deficiency"" OR ""male hormone imbalance"" OR ""hormone optimization"" OR ""aging male syndrome"" OR ADAM)",2025/10/19,How to Avoid Hair Loss on TRT,https://www.defymedical.com/blog/how-to-avoid-hair-loss-on-trt/
Defy Medical,11,USA,Private/Commercial,Private Clinic,defymedical.com,"site:defymedical.com (""male menopause"" OR ""men's menopause"" OR andropause OR ""late-onset hypogonadism"" OR LOH OR ""male hypogonadism"" OR ""testosterone deficiency"" OR ""testosterone deficiency syndrome"" OR ""low testosterone"" OR ""low testosterone in men"" OR ""low testosterone treatment"" OR TRT OR ""testosterone replacement therapy"" OR ""male HRT"" OR ""androgen deficiency"" OR ""male hormone imbalance"" OR ""hormone optimization"" OR ""aging male syndrome"" OR ADAM)",2025/10/19,How to Know if You Have Low Testosterone,https://www.defymedical.com/blog/how-to-know-if-you-have-low-testosterone/
Defy Medical,11,USA,Private/Commercial,Private Clinic,defymedical.com,"site:defymedical.com (""male menopause"" OR ""men's menopause"" OR andropause OR ""late-onset hypogonadism"" OR LOH OR ""male hypogonadism"" OR ""testosterone deficiency"" OR ""testosterone deficiency syndrome"" OR ""low testosterone"" OR ""low testosterone in men"" OR ""low testosterone treatment"" OR TRT OR ""testosterone replacement therapy"" OR ""male HRT"" OR ""androgen deficiency"" OR ""male hormone imbalance"" OR ""hormone optimization"" OR ""aging male syndrome"" OR ADAM)",2025/10/19,How to Manage Polycythemia Caused by TRT,https://www.defymedical.com/blog/how-to-manage-polycythemia-caused-by-testosterone-replacement-therapy/
Defy Medical,11,USA,Private/Commercial,Private Clinic,defymedical.com,"site:defymedical.com (""male menopause"" OR ""men's menopause"" OR andropause OR ""late-onset hypogonadism"" OR LOH OR ""male hypogonadism"" OR ""testosterone deficiency"" OR ""testosterone deficiency syndrome"" OR ""low testosterone"" OR ""low testosterone in men"" OR ""low testosterone treatment"" OR TRT OR ""testosterone replacement therapy"" OR ""male HRT"" OR ""androgen deficiency"" OR ""male hormone imbalance"" OR ""hormone optimization"" OR ""aging male syndrome"" OR ADAM)",2025/10/19,"Once You Start TRT, Can You Stop?",https://www.defymedical.com/blog/once-you-start-trt-can-you-stop/
Defy Medical,11,USA,Private/Commercial,Private Clinic,defymedical.com,"site:defymedical.com (""male menopause"" OR ""men's menopause"" OR andropause OR ""late-onset hypogonadism"" OR LOH OR ""male hypogonadism"" OR ""testosterone deficiency"" OR ""testosterone deficiency syndrome"" OR ""low testosterone"" OR ""low testosterone in men"" OR ""low testosterone treatment"" OR TRT OR ""testosterone replacement therapy"" OR ""male HRT"" OR ""androgen deficiency"" OR ""male hormone imbalance"" OR ""hormone optimization"" OR ""aging male syndrome"" OR ADAM)",2025/10/19,Testosterone Replacement Therapy Online,https://www.defymedical.com/services/trt/
Defy Medical,11,USA,Private/Commercial,Private Clinic,defymedical.com,"site:defymedical.com (""male menopause"" OR ""men's menopause"" OR andropause OR ""late-onset hypogonadism"" OR LOH OR ""male hypogonadism"" OR ""testosterone deficiency"" OR ""testosterone deficiency syndrome"" OR ""low testosterone"" OR ""low testosterone in men"" OR ""low testosterone treatment"" OR TRT OR ""testosterone replacement therapy"" OR ""male HRT"" OR ""androgen deficiency"" OR ""male hormone imbalance"" OR ""hormone optimization"" OR ""aging male syndrome"" OR ADAM)",2025/10/19,The Complete Guide to TRT for Men,https://www.defymedical.com/blog/the-complete-guide-to-trt-for-men/
Defy Medical,11,USA,Private/Commercial,Private Clinic,defymedical.com,"site:defymedical.com (""male menopause"" OR ""men's menopause"" OR andropause OR ""late-onset hypogonadism"" OR LOH OR ""male hypogonadism"" OR ""testosterone deficiency"" OR ""testosterone deficiency syndrome"" OR ""low testosterone"" OR ""low testosterone in men"" OR ""low testosterone treatment"" OR TRT OR ""testosterone replacement therapy"" OR ""male HRT"" OR ""androgen deficiency"" OR ""male hormone imbalance"" OR ""hormone optimization"" OR ""aging male syndrome"" OR ADAM)",2025/10/19,Topical Testosterone: What Bases are Available?,https://www.defymedical.com/blog/topical-testosterone-what-bases-are-available/
Defy Medical,11,USA,Private/Commercial,Private Clinic,defymedical.com,"site:defymedical.com (""male menopause"" OR ""men's menopause"" OR andropause OR ""late-onset hypogonadism"" OR LOH OR ""male hypogonadism"" OR ""testosterone deficiency"" OR ""testosterone deficiency syndrome"" OR ""low testosterone"" OR ""low testosterone in men"" OR ""low testosterone treatment"" OR TRT OR ""testosterone replacement therapy"" OR ""male HRT"" OR ""androgen deficiency"" OR ""male hormone imbalance"" OR ""hormone optimization"" OR ""aging male syndrome"" OR ADAM)",2025/10/19,What to Expect in Your First Week on TRT,https://www.defymedical.com/blog/what-to-expect-in-your-first-week-on-trt/
Defy Medical,11,USA,Private/Commercial,Private Clinic,defymedical.com,"site:defymedical.com (""male menopause"" OR ""men's menopause"" OR andropause OR ""late-onset hypogonadism"" OR LOH OR ""male hypogonadism"" OR ""testosterone deficiency"" OR ""testosterone deficiency syndrome"" OR ""low testosterone"" OR ""low testosterone in men"" OR ""low testosterone treatment"" OR TRT OR ""testosterone replacement therapy"" OR ""male HRT"" OR ""androgen deficiency"" OR ""male hormone imbalance"" OR ""hormone optimization"" OR ""aging male syndrome"" OR ADAM)",2025/10/19,What TRT Labs Do I Need?,https://www.defymedical.com/blog/what-trt-labs-do-i-need/
Defy Medical,11,USA,Private/Commercial,Private Clinic,defymedical.com,"site:defymedical.com (""male menopause"" OR ""men's menopause"" OR andropause OR ""late-onset hypogonadism"" OR LOH OR ""male hypogonadism"" OR ""testosterone deficiency"" OR ""testosterone deficiency syndrome"" OR ""low testosterone"" OR ""low testosterone in men"" OR ""low testosterone treatment"" OR TRT OR ""testosterone replacement therapy"" OR ""male HRT"" OR ""androgen deficiency"" OR ""male hormone imbalance"" OR ""hormone optimization"" OR ""aging male syndrome"" OR ADAM)",2025/10/19,What’s the Cost of TRT at Defy Medical?,https://www.defymedical.com/blog/cost-of-trt/
Duke Health,12,USA,AAMC54,Academic,dukehealth.org,"site:dukehealth.org (""male menopause"" OR ""men's menopause"" OR andropause OR ""late-onset hypogonadism"" OR LOH OR ""male hypogonadism"" OR ""testosterone deficiency"" OR ""testosterone deficiency syndrome"" OR ""low testosterone"" OR ""low testosterone in men"" OR ""low testosterone treatment"" OR TRT OR ""testosterone replacement therapy"" OR ""male HRT"" OR ""androgen deficiency"" OR ""male hormone imbalance"" OR ""aging male syndrome"" OR ADAM)",2025/10/17,Male Sexual Dysfunction,https://www.dukehealth.org/treatments/urology/male-sexual-dysfunction
Emory Healthcare,13,USA,AAMC54,Academic,emoryhealthcare.org,"site:emoryhealthcare.org (""male menopause"" OR ""men's menopause"" OR andropause OR ""late-onset hypogonadism"" OR LOH OR ""male hypogonadism"" OR ""testosterone deficiency"" OR ""testosterone deficiency syndrome"" OR ""low testosterone"" OR ""low testosterone in men"" OR ""low testosterone treatment"" OR TRT OR ""testosterone replacement therapy"" OR ""male HRT"" OR ""androgen deficiency"" OR ""male hormone imbalance"" OR ""aging male syndrome"" OR ADAM)",2025/10/15,Low Testosterone,https://www.emoryhealthcare.org/services/urology/conditions/low-testosterone
Emory Healthcare,13,USA,AAMC54,Academic,emoryhealthcare.org,"site:emoryhealthcare.org (""male menopause"" OR ""men's menopause"" OR andropause OR ""late-onset hypogonadism"" OR LOH OR ""male hypogonadism"" OR ""testosterone deficiency"" OR ""testosterone deficiency syndrome"" OR ""low testosterone"" OR ""low testosterone in men"" OR ""low testosterone treatment"" OR TRT OR ""testosterone replacement therapy"" OR ""male HRT"" OR ""androgen deficiency"" OR ""male hormone imbalance"" OR ""aging male syndrome"" OR ADAM)",2025/10/15,Low Testosterone Treatments,https://www.emoryhealthcare.org/services/urology/treatments/low-testosterone-treatments
Endocrine Society,14,USA,Professional/Clinical,Professional Medical Association,endocrine.org,"site:endocrine.org (""male menopause"" OR ""men's menopause"" OR andropause OR ""late-onset hypogonadism"" OR LOH OR ""male hypogonadism"" OR ""testosterone deficiency"" OR ""testosterone deficiency syndrome"" OR ""low testosterone"" OR ""low testosterone in men"" OR ""low testosterone treatment"" OR TRT OR ""testosterone replacement therapy"" OR ""male HRT"" OR ""androgen deficiency"" OR ""male hormone imbalance"" OR ""aging male syndrome"" OR ADAM)",2025/10/19,Testosterone Therapy in Men with Hypogonadism: An Endocrine Society Clinical Practice Guideline,https://www.endocrine.org/clinical-practice-guidelines/testosterone-therapy
European Association of Urology (EAU),15,Europe,Professional/Clinical,Professional Medical Association,uroweb.org,"site:uroweb.org (""male menopause"" OR ""men's menopause"" OR andropause OR ""late-onset hypogonadism"" OR LOH OR ""male hypogonadism"" OR ""testosterone deficiency"" OR ""testosterone deficiency syndrome"" OR ""low testosterone"" OR ""low testosterone in men"" OR ""low testosterone treatment"" OR TRT OR ""testosterone replacement therapy"" OR ""male HRT"" OR ""androgen deficiency"" OR ""male hormone imbalance"" OR ""aging male syndrome"" OR ADAM)",2025/10/19,EAU Guidelines on Sexual and Reproductive Health – Male Hypogonadism (2024 edition),https://uroweb.org/guidelines/sexual-and-reproductive-health/chapter/male-hypogonadism
European Association of Urology (EAU),15,Europe,Professional/Clinical,Professional Medical Association,uroweb.org,"site:uroweb.org (""male menopause"" OR ""men's menopause"" OR andropause OR ""late-onset hypogonadism"" OR LOH OR ""male hypogonadism"" OR ""testosterone deficiency"" OR ""testosterone deficiency syndrome"" OR ""low testosterone"" OR ""low testosterone in men"" OR ""low testosterone treatment"" OR TRT OR ""testosterone replacement therapy"" OR ""male HRT"" OR ""androgen deficiency"" OR ""male hormone imbalance"" OR ""aging male syndrome"" OR ADAM)",2025/10/19,Late-onset hypogonadism (LOH): What does that mean for a man?,https://uroweb.org/news/late-onset-hypogonadism-loh-what-does-that-mean-for-a-man
European Association of Urology (EAU),15,Europe,Professional/Clinical,Professional Medical Association,uroweb.org,"site:uroweb.org (""male menopause"" OR ""men's menopause"" OR andropause OR ""late-onset hypogonadism"" OR LOH OR ""male hypogonadism"" OR ""testosterone deficiency"" OR ""testosterone deficiency syndrome"" OR ""low testosterone"" OR ""low testosterone in men"" OR ""low testosterone treatment"" OR TRT OR ""testosterone replacement therapy"" OR ""male HRT"" OR ""androgen deficiency"" OR ""male hormone imbalance"" OR ""aging male syndrome"" OR ADAM)",2025/10/19,Male Hypogonadism: Testosterone Therapy Is Not Dangerous,https://uroweb.org/education-events/male-hypogonadism-testosterone-therapy-is-not-dangerous
Full Potential Men’s Clinic,16,USA,Private/Commercial,Private Clinic,fullpotentialmen.com,"site:fullpotentialmen.com (""male menopause"" OR ""men's menopause"" OR andropause OR ""late-onset hypogonadism"" OR LOH OR ""male hypogonadism"" OR ""testosterone deficiency"" OR ""testosterone deficiency syndrome"" OR ""low testosterone"" OR ""low testosterone in men"" OR ""low testosterone treatment"" OR TRT OR ""testosterone replacement therapy"" OR ""male HRT"" OR ""androgen deficiency"" OR ""male hormone imbalance"" OR ""aging male syndrome"" OR ADAM)",2025/10/19,Full Potential HRT Clinic,https://www.fullpotentialmen.com/
George Washington University Hospital,17,USA,AAMC54,Academic,gwhospital.com,"site:gwhospital.com (""male menopause"" OR ""men's menopause"" OR andropause OR ""late-onset hypogonadism"" OR LOH OR ""male hypogonadism"" OR ""testosterone deficiency"" OR ""testosterone deficiency syndrome"" OR ""low testosterone"" OR ""low testosterone in men"" OR ""low testosterone treatment"" OR TRT OR ""testosterone replacement therapy"" OR ""male HRT"" OR ""androgen deficiency"" OR ""male hormone imbalance"" OR ""aging male syndrome"" OR ADAM)",2025/10/19,Do You Have Low T? Understand Testosterone’s Timeline,https://gwhospital.com/about/blog/do-you-have-low-t-understand-testosterones-timeline/
Health Service Executive (HSE),18,Ireland,Public/Clinical,Public Health Authority,hse.ie,"site:hse.ie (""male menopause"" OR ""men's menopause"" OR andropause OR ""late-onset hypogonadism"" OR LOH OR ""male hypogonadism"" OR ""testosterone deficiency"" OR ""testosterone deficiency syndrome"" OR ""low testosterone"" OR ""low testosterone in men"" OR ""low testosterone treatment"" OR TRT OR ""testosterone replacement therapy"" OR ""male HRT"" OR ""androgen deficiency"" OR ""male hormone imbalance"" OR ""aging male syndrome"" OR ADAM)",2025/10/19,Male menopause,https://www2.hse.ie/conditions/male-menopause/
Healthdirect Australia,19,Australia,Public/Clinical,Public Health Information Service,healthdirect.gov.au,"site:healthdirect.gov.au (""male menopause"" OR ""men's menopause"" OR andropause OR ""late-onset hypogonadism"" OR LOH OR ""male hypogonadism"" OR ""testosterone deficiency"" OR ""testosterone deficiency syndrome"" OR ""low testosterone"" OR ""low testosterone in men"" OR ""low testosterone treatment"" OR TRT OR ""testosterone replacement therapy"" OR ""male HRT"" OR ""androgen deficiency"" OR ""male hormone imbalance"" OR ""aging male syndrome"" OR ADAM)",2025/10/19,Testosterone,https://www.healthdirect.gov.au/amp/article/testosterone
Henry County Hospital,20,USA,Public/Regional,Public Hospital,henrycountyhospital.org,"site:henrycountyhospital.org (""male menopause"" OR ""men's menopause"" OR andropause OR ""late-onset hypogonadism"" OR LOH OR ""male hypogonadism"" OR ""testosterone deficiency"" OR ""testosterone deficiency syndrome"" OR ""low testosterone"" OR ""low testosterone in men"" OR ""low testosterone treatment"" OR TRT OR ""testosterone replacement therapy"" OR ""male HRT"" OR ""androgen deficiency"" OR ""male hormone imbalance"" OR ""hormone therapy"" OR ""aging male syndrome"" OR ADAM)",2025/10/19,Health Tips for the Aging Man,https://www.henrycountyhospital.org/news-events/news/2020/may/health-tips-for-the-aging-man/
Henry County Hospital,20,USA,Public/Regional,Public Hospital,henrycountyhospital.org,"site:henrycountyhospital.org (""male menopause"" OR ""men's menopause"" OR andropause OR ""late-onset hypogonadism"" OR LOH OR ""male hypogonadism"" OR ""testosterone deficiency"" OR ""testosterone deficiency syndrome"" OR ""low testosterone"" OR ""low testosterone in men"" OR ""low testosterone treatment"" OR TRT OR ""testosterone replacement therapy"" OR ""male HRT"" OR ""androgen deficiency"" OR ""male hormone imbalance"" OR ""hormone therapy"" OR ""aging male syndrome"" OR ADAM)",2025/10/19,What Is Male Menopause? (Andropause),https://www.henrycountyhospital.org/news-events/news/2020/may/what-is-male-menopause-andropause-/
Henry Ford Health,21,USA,AAMC54,Academic,henryford.com,"site:henryford.com (""male menopause"" OR ""men's menopause"" OR andropause OR ""late-onset hypogonadism"" OR LOH OR ""male hypogonadism"" OR ""testosterone deficiency"" OR ""testosterone deficiency syndrome"" OR ""low testosterone"" OR ""low testosterone in men"" OR ""low testosterone treatment"" OR TRT OR ""testosterone replacement therapy"" OR ""male HRT"" OR ""androgen deficiency"" OR ""male hormone imbalance"" OR ""aging male syndrome"" OR ADAM)",2025/10/19,Could You Have Low Testosterone?,https://www.henryford.com/blog/2021/07/could-you-have-low-testosterone
Henry Ford Health,21,USA,AAMC54,Academic,henryford.com,"site:henryford.com (""male menopause"" OR ""men's menopause"" OR andropause OR ""late-onset hypogonadism"" OR LOH OR ""male hypogonadism"" OR ""testosterone deficiency"" OR ""testosterone deficiency syndrome"" OR ""low testosterone"" OR ""low testosterone in men"" OR ""low testosterone treatment"" OR TRT OR ""testosterone replacement therapy"" OR ""male HRT"" OR ""androgen deficiency"" OR ""male hormone imbalance"" OR ""aging male syndrome"" OR ADAM)",2025/10/19,Low Testosterone,https://www.henryford.com/services/urology/mens-health/conditions/testosterone
Henry Ford Health,21,USA,AAMC54,Academic,henryford.com,"site:henryford.com (""male menopause"" OR ""men's menopause"" OR andropause OR ""late-onset hypogonadism"" OR LOH OR ""male hypogonadism"" OR ""testosterone deficiency"" OR ""testosterone deficiency syndrome"" OR ""low testosterone"" OR ""low testosterone in men"" OR ""low testosterone treatment"" OR TRT OR ""testosterone replacement therapy"" OR ""male HRT"" OR ""androgen deficiency"" OR ""male hormone imbalance"" OR ""aging male syndrome"" OR ADAM)",2025/10/19,Men's Health: Advice For Each Stage Of Life,https://www.henryford.com/blog/2024/11/mens-health-each-age-stage
Henry Ford Health,21,USA,AAMC54,Academic,henryford.com,"site:henryford.com (""male menopause"" OR ""men's menopause"" OR andropause OR ""late-onset hypogonadism"" OR LOH OR ""male hypogonadism"" OR ""testosterone deficiency"" OR ""testosterone deficiency syndrome"" OR ""low testosterone"" OR ""low testosterone in men"" OR ""low testosterone treatment"" OR TRT OR ""testosterone replacement therapy"" OR ""male HRT"" OR ""androgen deficiency"" OR ""male hormone imbalance"" OR ""aging male syndrome"" OR ADAM)",2025/10/19,What To Know Before Starting Testosterone Replacement Therapy,https://www.henryford.com/blog/2017/05/what-to-know-before-starting-testosterone-replacement-therapy
Henry Ford Health,21,USA,AAMC54,Academic,henryford.com,"site:henryford.com (""male menopause"" OR ""men's menopause"" OR andropause OR ""late-onset hypogonadism"" OR LOH OR ""male hypogonadism"" OR ""testosterone deficiency"" OR ""testosterone deficiency syndrome"" OR ""low testosterone"" OR ""low testosterone in men"" OR ""low testosterone treatment"" OR TRT OR ""testosterone replacement therapy"" OR ""male HRT"" OR ""androgen deficiency"" OR ""male hormone imbalance"" OR ""aging male syndrome"" OR ADAM)",2025/10/19,What You Should Know About Male Menopause,https://www.henryford.com/blog/2024/05/what-you-should-know-about-male-menopause
Houston Methodist,22,USA,AAMC54,Academic,houstonmethodist.org,"site:houstonmethodist.org (""male menopause"" OR ""men's menopause"" OR andropause OR ""late-onset hypogonadism"" OR LOH OR ""male hypogonadism"" OR ""testosterone deficiency"" OR ""testosterone deficiency syndrome"" OR ""low testosterone"" OR ""low testosterone in men"" OR ""low testosterone treatment"" OR TRT OR ""testosterone replacement therapy"" OR ""male HRT"" OR ""androgen deficiency"" OR ""male hormone imbalance"" OR ""aging male syndrome"" OR ADAM)",2025/10/19,All-Natural Ways to Boost Your Testosterone,https://www.houstonmethodist.org/blog/articles/2021/apr/5-all-natural-ways-to-boost-your-testosterone/
Houston Methodist,22,USA,AAMC54,Academic,houstonmethodist.org,"site:houstonmethodist.org (""male menopause"" OR ""men's menopause"" OR andropause OR ""late-onset hypogonadism"" OR LOH OR ""male hypogonadism"" OR ""testosterone deficiency"" OR ""testosterone deficiency syndrome"" OR ""low testosterone"" OR ""low testosterone in men"" OR ""low testosterone treatment"" OR TRT OR ""testosterone replacement therapy"" OR ""male HRT"" OR ""androgen deficiency"" OR ""male hormone imbalance"" OR ""aging male syndrome"" OR ADAM)",2025/10/19,Testosterone & Heart Health: How Low T Affects Heart Disease Risk,https://www.houstonmethodist.org/blog/articles/2023/nov/testosterone-heart-health-how-low-t-affects-heart-disease-risk/
Houston Methodist,22,USA,AAMC54,Academic,houstonmethodist.org,"site:houstonmethodist.org (""male menopause"" OR ""men's menopause"" OR andropause OR ""late-onset hypogonadism"" OR LOH OR ""male hypogonadism"" OR ""testosterone deficiency"" OR ""testosterone deficiency syndrome"" OR ""low testosterone"" OR ""low testosterone in men"" OR ""low testosterone treatment"" OR TRT OR ""testosterone replacement therapy"" OR ""male HRT"" OR ""androgen deficiency"" OR ""male hormone imbalance"" OR ""aging male syndrome"" OR ADAM)",2025/10/19,When Should Men Consider Testosterone Replacement Therapy (TRT)?,https://www.houstonmethodist.org/blog/articles/2025/mar/when-should-men-consider-testosterone-replacement-therapy-trt/
Invigor Medical,23,USA,Private/Commercial,Private Telemedicine Clinic,invigormedical.com,"site:invigormedical.com (""male menopause"" OR ""men's menopause"" OR andropause OR ""late-onset hypogonadism"" OR LOH OR ""male hypogonadism"" OR ""testosterone deficiency"" OR ""testosterone deficiency syndrome"" OR ""low testosterone"" OR ""low testosterone in men"" OR ""low testosterone treatment"" OR TRT OR ""testosterone replacement therapy"" OR ""male HRT"" OR ""androgen deficiency"" OR ""male hormone imbalance"" OR ""hormone therapy for men"" OR ""aging male syndrome"" OR ADAM)",2025/10/19,Alternatives To Testosterone Replacement Therapy,https://invigormedical.com/alternatives-to-testosterone-replacement-therapy/
Invigor Medical,23,USA,Private/Commercial,Private Telemedicine Clinic,invigormedical.com,"site:invigormedical.com (""male menopause"" OR ""men's menopause"" OR andropause OR ""late-onset hypogonadism"" OR LOH OR ""male hypogonadism"" OR ""testosterone deficiency"" OR ""testosterone deficiency syndrome"" OR ""low testosterone"" OR ""low testosterone in men"" OR ""low testosterone treatment"" OR TRT OR ""testosterone replacement therapy"" OR ""male HRT"" OR ""androgen deficiency"" OR ""male hormone imbalance"" OR ""hormone therapy for men"" OR ""aging male syndrome"" OR ADAM)",2025/10/19,Can Thyroid Problems Cause Low Testosterone?,https://invigormedical.com/can-thyroid-problems-cause-low-testosterone/
Invigor Medical,23,USA,Private/Commercial,Private Telemedicine Clinic,invigormedical.com,"site:invigormedical.com (""male menopause"" OR ""men's menopause"" OR andropause OR ""late-onset hypogonadism"" OR LOH OR ""male hypogonadism"" OR ""testosterone deficiency"" OR ""testosterone deficiency syndrome"" OR ""low testosterone"" OR ""low testosterone in men"" OR ""low testosterone treatment"" OR TRT OR ""testosterone replacement therapy"" OR ""male HRT"" OR ""androgen deficiency"" OR ""male hormone imbalance"" OR ""hormone therapy for men"" OR ""aging male syndrome"" OR ADAM)",2025/10/19,Is There A Connection Between Low-T And Anemia?,https://invigormedical.com/is-there-a-connection-between-low-t-and-anemia/
Invigor Medical,23,USA,Private/Commercial,Private Telemedicine Clinic,invigormedical.com,"site:invigormedical.com (""male menopause"" OR ""men's menopause"" OR andropause OR ""late-onset hypogonadism"" OR LOH OR ""male hypogonadism"" OR ""testosterone deficiency"" OR ""testosterone deficiency syndrome"" OR ""low testosterone"" OR ""low testosterone in men"" OR ""low testosterone treatment"" OR TRT OR ""testosterone replacement therapy"" OR ""male HRT"" OR ""androgen deficiency"" OR ""male hormone imbalance"" OR ""hormone therapy for men"" OR ""aging male syndrome"" OR ADAM)",2025/10/19,Low T & High Interest: The States Searching Most for Testosterone Help,https://invigormedical.com/states-searching-most-for-testosterone-help/
Invigor Medical,23,USA,Private/Commercial,Private Telemedicine Clinic,invigormedical.com,"site:invigormedical.com (""male menopause"" OR ""men's menopause"" OR andropause OR ""late-onset hypogonadism"" OR LOH OR ""male hypogonadism"" OR ""testosterone deficiency"" OR ""testosterone deficiency syndrome"" OR ""low testosterone"" OR ""low testosterone in men"" OR ""low testosterone treatment"" OR TRT OR ""testosterone replacement therapy"" OR ""male HRT"" OR ""androgen deficiency"" OR ""male hormone imbalance"" OR ""hormone therapy for men"" OR ""aging male syndrome"" OR ADAM)",2025/10/19,Testosterone Therapy Options: Enclomiphene vs TRT,https://invigormedical.com/enclomiphene-vs-trt/
Invigor Medical,23,USA,Private/Commercial,Private Telemedicine Clinic,invigormedical.com,"site:invigormedical.com (""male menopause"" OR ""men's menopause"" OR andropause OR ""late-onset hypogonadism"" OR LOH OR ""male hypogonadism"" OR ""testosterone deficiency"" OR ""testosterone deficiency syndrome"" OR ""low testosterone"" OR ""low testosterone in men"" OR ""low testosterone treatment"" OR TRT OR ""testosterone replacement therapy"" OR ""male HRT"" OR ""androgen deficiency"" OR ""male hormone imbalance"" OR ""hormone therapy for men"" OR ""aging male syndrome"" OR ADAM)",2025/10/19,The Link Between Free Testosterone And Your Health,https://invigormedical.com/the-link-between-free-testosterone-and-your-health/
Invigor Medical,23,USA,Private/Commercial,Private Telemedicine Clinic,invigormedical.com,"site:invigormedical.com (""male menopause"" OR ""men's menopause"" OR andropause OR ""late-onset hypogonadism"" OR LOH OR ""male hypogonadism"" OR ""testosterone deficiency"" OR ""testosterone deficiency syndrome"" OR ""low testosterone"" OR ""low testosterone in men"" OR ""low testosterone treatment"" OR TRT OR ""testosterone replacement therapy"" OR ""male HRT"" OR ""androgen deficiency"" OR ""male hormone imbalance"" OR ""hormone therapy for men"" OR ""aging male syndrome"" OR ADAM)",2025/10/19,What Is Testosterone Replacement Therapy And How To Get Started,https://invigormedical.com/testosterone-replacement-therapy-trt/
Jaipur Hospital,24,India,Private/Clinical,Private Hospital,jaipurhospital.in,"site:jaipurhospital.in (""male menopause"" OR ""men's menopause"" OR andropause OR ""late-onset hypogonadism"" OR LOH OR ""male hypogonadism"" OR ""testosterone deficiency"" OR ""testosterone deficiency syndrome"" OR ""low testosterone"" OR ""low testosterone in men"" OR ""low testosterone treatment"" OR TRT OR ""testosterone replacement therapy"" OR ""male HRT"" OR ""androgen deficiency"" OR ""male hormone imbalance"" OR ""hormone therapy for men"" OR ""aging male syndrome"" OR ADAM)",2025/10/19,"Male Menopause/Andropause – Causes, Symptoms, Treatment, Diagnosis",https://jaipurhospital.in/male-menopause-andropause/
Johns Hopkins Medicine,25,USA,AAMC54,Academic,hopkinsmedicine.org,"site:hopkinsmedicine.org (""male menopause"" OR ""men's menopause"" OR andropause OR ""late-onset hypogonadism"" OR LOH OR ""male hypogonadism"" OR ""testosterone deficiency"" OR ""testosterone deficiency syndrome"" OR ""low testosterone"" OR ""low testosterone in men"" OR ""low testosterone treatment"" OR TRT OR ""testosterone replacement therapy"" OR ""male HRT"" OR ""androgen deficiency"" OR ""male hormone imbalance"" OR ""aging male syndrome"" OR ADAM)",2025/10/17,Boosting Testosterone Not Shown to Raise Prostate Cancer Risk,https://www.hopkinsmedicine.org/news/articles/2016/01/boosting-testosterone-not-shown-to-raise-prostate-cancer-risk
Johns Hopkins Medicine,25,USA,AAMC54,Academic,hopkinsmedicine.org,"site:hopkinsmedicine.org (""male menopause"" OR ""men's menopause"" OR andropause OR ""late-onset hypogonadism"" OR LOH OR ""male hypogonadism"" OR ""testosterone deficiency"" OR ""testosterone deficiency syndrome"" OR ""low testosterone"" OR ""low testosterone in men"" OR ""low testosterone treatment"" OR TRT OR ""testosterone replacement therapy"" OR ""male HRT"" OR ""androgen deficiency"" OR ""male hormone imbalance"" OR ""aging male syndrome"" OR ADAM)",2025/10/15,Special Heart Risks for Men,https://www.hopkinsmedicine.org/health/wellness-and-prevention/special-heart-risks-for-men
Keck Medicine of USC,26,USA,AAMC54,Academic,keckmedicine.org,"site:keckmedicine.org (""male menopause"" OR ""men's menopause"" OR andropause OR ""late-onset hypogonadism"" OR LOH OR ""male hypogonadism"" OR ""testosterone deficiency"" OR ""testosterone deficiency syndrome"" OR ""low testosterone"" OR ""low testosterone in men"" OR ""low testosterone treatment"" OR TRT OR ""testosterone replacement therapy"" OR ""male HRT"" OR ""androgen deficiency"" OR ""male hormone imbalance"" OR ""aging male syndrome"" OR ADAM)",2025/10/19,A Men’s Health Urologist Weighs in on Testosterone Replacement Therapy,https://www.keckmedicine.org/blog/a-doctor-weighs-in-on-testosterone-replacement-therapy/
Keck Medicine of USC,26,USA,AAMC54,Academic,keckmedicine.org,"site:keckmedicine.org (""male menopause"" OR ""men's menopause"" OR andropause OR ""late-onset hypogonadism"" OR LOH OR ""male hypogonadism"" OR ""testosterone deficiency"" OR ""testosterone deficiency syndrome"" OR ""low testosterone"" OR ""low testosterone in men"" OR ""low testosterone treatment"" OR TRT OR ""testosterone replacement therapy"" OR ""male HRT"" OR ""androgen deficiency"" OR ""male hormone imbalance"" OR ""aging male syndrome"" OR ADAM)",2025/10/19,"Are testosterone-boosting supplements effective? Not likely, according to new research",https://news.keckmedicine.org/are-testosterone-boosting-supplements-effective-not-likely-according-to-new-research/
Mayo Clinic,27,USA,AAMC54,Academic,mayoclinic.org,"site:mayoclinic.org (""male menopause"" OR ""men's menopause"" OR andropause OR ""late-onset hypogonadism"" OR LOH OR ""male hypogonadism"" OR ""testosterone deficiency"" OR ""testosterone deficiency syndrome"" OR ""low testosterone"" OR ""low testosterone in men"" OR ""low testosterone treatment"" OR TRT OR ""testosterone replacement therapy"" OR ""male HRT"" OR ""androgen deficiency"" OR ""male hormone imbalance"" OR ""aging male syndrome"" OR ADAM)",2025/10/15,Consumer Health: What does ‘male menopause’ mean?,https://newsnetwork.mayoclinic.org/discussion/consumer-health-what-does-male-menopause-mean/
Mayo Clinic,27,USA,AAMC54,Academic,mayoclinic.org,"site:mayoclinic.org (""male menopause"" OR ""men's menopause"" OR andropause OR ""late-onset hypogonadism"" OR LOH OR ""male hypogonadism"" OR ""testosterone deficiency"" OR ""testosterone deficiency syndrome"" OR ""low testosterone"" OR ""low testosterone in men"" OR ""low testosterone treatment"" OR TRT OR ""testosterone replacement therapy"" OR ""male HRT"" OR ""androgen deficiency"" OR ""male hormone imbalance"" OR ""aging male syndrome"" OR ADAM)",2025/10/15,Erectile dysfunction: Nonoral treatments,https://www.mayoclinic.org/diseases-conditions/erectile-dysfunction/in-depth/nonoral-erectile-dysfunction-treatments/art-20045578
Mayo Clinic,27,USA,AAMC54,Academic,mayoclinic.org,"site:mayoclinic.org (""male menopause"" OR ""men's menopause"" OR andropause OR ""late-onset hypogonadism"" OR LOH OR ""male hypogonadism"" OR ""testosterone deficiency"" OR ""testosterone deficiency syndrome"" OR ""low testosterone"" OR ""low testosterone in men"" OR ""low testosterone treatment"" OR TRT OR ""testosterone replacement therapy"" OR ""male HRT"" OR ""androgen deficiency"" OR ""male hormone imbalance"" OR ""aging male syndrome"" OR ADAM)",2025/10/15,Male hypogonadism diagnosis & treatment,https://www.mayoclinic.org/diseases-conditions/male-hypogonadism/diagnosis-treatment/drc-20354886
Mayo Clinic,27,USA,AAMC54,Academic,mayoclinic.org,"site:mayoclinic.org (""male menopause"" OR ""men's menopause"" OR andropause OR ""late-onset hypogonadism"" OR LOH OR ""male hypogonadism"" OR ""testosterone deficiency"" OR ""testosterone deficiency syndrome"" OR ""low testosterone"" OR ""low testosterone in men"" OR ""low testosterone treatment"" OR TRT OR ""testosterone replacement therapy"" OR ""male HRT"" OR ""androgen deficiency"" OR ""male hormone imbalance"" OR ""aging male syndrome"" OR ADAM)",2025/10/15,Male hypogonadism symptoms & causes,https://www.mayoclinic.org/diseases-conditions/male-hypogonadism/symptoms-causes/syc-20354881
Mayo Clinic,27,USA,AAMC54,Academic,mayoclinic.org,"site:mayoclinic.org (""male menopause"" OR ""men's menopause"" OR andropause OR ""late-onset hypogonadism"" OR LOH OR ""male hypogonadism"" OR ""testosterone deficiency"" OR ""testosterone deficiency syndrome"" OR ""low testosterone"" OR ""low testosterone in men"" OR ""low testosterone treatment"" OR TRT OR ""testosterone replacement therapy"" OR ""male HRT"" OR ""androgen deficiency"" OR ""male hormone imbalance"" OR ""aging male syndrome"" OR ADAM)",2025/10/15,Male menopause: Myth or reality?,https://www.mayoclinic.org/healthy-lifestyle/mens-health/in-depth/male-menopause/art-20048056
Mayo Clinic,27,USA,AAMC54,Academic,mayoclinic.org,"site:mayoclinic.org (""male menopause"" OR ""men's menopause"" OR andropause OR ""late-onset hypogonadism"" OR LOH OR ""male hypogonadism"" OR ""testosterone deficiency"" OR ""testosterone deficiency syndrome"" OR ""low testosterone"" OR ""low testosterone in men"" OR ""low testosterone treatment"" OR TRT OR ""testosterone replacement therapy"" OR ""male HRT"" OR ""androgen deficiency"" OR ""male hormone imbalance"" OR ""aging male syndrome"" OR ADAM)",2025/10/15,Mayo Clinic Minute: How low testosterone can affect men’s health,https://newsnetwork.mayoclinic.org/discussion/mayo-clinic-minute-how-low-testosterone-can-affect-mens-health/
Mayo Clinic,27,USA,AAMC54,Academic,mayoclinic.org,"site:mayoclinic.org (""male menopause"" OR ""men's menopause"" OR andropause OR ""late-onset hypogonadism"" OR LOH OR ""male hypogonadism"" OR ""testosterone deficiency"" OR ""testosterone deficiency syndrome"" OR ""low testosterone"" OR ""low testosterone in men"" OR ""low testosterone treatment"" OR TRT OR ""testosterone replacement therapy"" OR ""male HRT"" OR ""androgen deficiency"" OR ""male hormone imbalance"" OR ""aging male syndrome"" OR ADAM)",2025/10/15,Testosterone therapy: Potential benefits and risks as you age,https://www.mayoclinic.org/healthy-lifestyle/sexual-health/in-depth/testosterone-therapy/art-20045728
Mayo Clinic,27,USA,AAMC54,Academic,mayoclinic.org,"site:mayoclinic.org (""male menopause"" OR ""men's menopause"" OR andropause OR ""late-onset hypogonadism"" OR LOH OR ""male hypogonadism"" OR ""testosterone deficiency"" OR ""testosterone deficiency syndrome"" OR ""low testosterone"" OR ""low testosterone in men"" OR ""low testosterone treatment"" OR TRT OR ""testosterone replacement therapy"" OR ""male HRT"" OR ""androgen deficiency"" OR ""male hormone imbalance"" OR ""aging male syndrome"" OR ADAM)",2025/10/15,"Though Men Go Through Hormonal Change as They Age, Most Experience No Symptoms as a Result",https://newsnetwork.mayoclinic.org/discussion/though-men-go-through-hormonal-change-as-they-age-most-experience-no-symptoms-as-a-result/
Mount Sinai Health System,28,USA,AAMC54,Academic,mountsinai.org,"site:mountsinai.org (""male menopause"" OR ""men's menopause"" OR andropause OR ""late-onset hypogonadism"" OR LOH OR ""male hypogonadism"" OR ""testosterone deficiency"" OR ""testosterone deficiency syndrome"" OR ""low testosterone"" OR ""low testosterone in men"" OR ""low testosterone treatment"" OR TRT OR ""testosterone replacement therapy"" OR ""male HRT"" OR ""androgen deficiency"" OR ""male hormone imbalance"" OR ""aging male syndrome"" OR ADAM)",2025/10/17,Could you have low testosterone?,https://www.mountsinai.org/health-library/special-topic/could-you-have-low-testosterone
Mount Sinai Health System,28,USA,AAMC54,Academic,mountsinai.org,"site:mountsinai.org (""male menopause"" OR ""men's menopause"" OR andropause OR ""late-onset hypogonadism"" OR LOH OR ""male hypogonadism"" OR ""testosterone deficiency"" OR ""testosterone deficiency syndrome"" OR ""low testosterone"" OR ""low testosterone in men"" OR ""low testosterone treatment"" OR TRT OR ""testosterone replacement therapy"" OR ""male HRT"" OR ""androgen deficiency"" OR ""male hormone imbalance"" OR ""aging male syndrome"" OR ADAM)",2025/10/17,Low-Testosterone (Men’s Health),https://www.mountsinai.org/care/urology/services/mens-health/low-testosterone
Mount Sinai Health System,28,USA,AAMC54,Academic,mountsinai.org,"site:mountsinai.org (""male menopause"" OR ""men's menopause"" OR andropause OR ""late-onset hypogonadism"" OR LOH OR ""male hypogonadism"" OR ""testosterone deficiency"" OR ""testosterone deficiency syndrome"" OR ""low testosterone"" OR ""low testosterone in men"" OR ""low testosterone treatment"" OR TRT OR ""testosterone replacement therapy"" OR ""male HRT"" OR ""androgen deficiency"" OR ""male hormone imbalance"" OR ""aging male syndrome"" OR ADAM)",2025/10/17,Male Hormone Disorders,https://www.mountsinai.org/care/endocrinology/services/male-hormone-disorders
"National Health Service (NHS, England)",29,United Kingdom,Public/Clinical,Public Health Service,nhs.uk,"site:nhs.uk (""male menopause"" OR ""men's menopause"" OR andropause OR ""late-onset hypogonadism"" OR LOH OR ""male hypogonadism"" OR ""testosterone deficiency"" OR ""testosterone deficiency syndrome"" OR ""low testosterone"" OR ""low testosterone in men"" OR ""low testosterone treatment"" OR TRT OR ""testosterone replacement therapy"" OR ""male HRT"" OR ""androgen deficiency"" OR ""male hormone imbalance"" OR ""aging male syndrome"" OR ADAM)",2025/10/19,The 'male menopause',https://www.nhs.uk/conditions/male-menopause/
NIH / MedlinePlus,30,United States,Public/Clinical,Public Health Education (Federal),medlineplus.gov,"site:medlineplus.gov (""male menopause"" OR ""men's menopause"" OR andropause OR ""late-onset hypogonadism"" OR LOH OR ""male hypogonadism"" OR ""testosterone deficiency"" OR ""testosterone deficiency syndrome"" OR ""low testosterone"" OR ""low testosterone in men"" OR ""low testosterone treatment"" OR TRT OR ""testosterone replacement therapy"" OR ""male HRT"" OR ""androgen deficiency"" OR ""male hormone imbalance"" OR ""aging male syndrome"" OR ADAM)",2025/10/19,Could you have low testosterone?,https://medlineplus.gov/ency/patientinstructions/000722.htm
NIH / MedlinePlus,30,United States,Public/Clinical,Public Health Education (Federal),medlineplus.gov,"site:medlineplus.gov (""male menopause"" OR ""men's menopause"" OR andropause OR ""late-onset hypogonadism"" OR LOH OR ""male hypogonadism"" OR ""testosterone deficiency"" OR ""testosterone deficiency syndrome"" OR ""low testosterone"" OR ""low testosterone in men"" OR ""low testosterone treatment"" OR TRT OR ""testosterone replacement therapy"" OR ""male HRT"" OR ""androgen deficiency"" OR ""male hormone imbalance"" OR ""aging male syndrome"" OR ADAM)",2025/10/19,Hypogonadism,https://medlineplus.gov/ency/article/001195.htm
NIH / MedlinePlus,30,United States,Public/Clinical,Public Health Education (Federal),medlineplus.gov,"site:medlineplus.gov (""male menopause"" OR ""men's menopause"" OR andropause OR ""late-onset hypogonadism"" OR LOH OR ""male hypogonadism"" OR ""testosterone deficiency"" OR ""testosterone deficiency syndrome"" OR ""low testosterone"" OR ""low testosterone in men"" OR ""low testosterone treatment"" OR TRT OR ""testosterone replacement therapy"" OR ""male HRT"" OR ""androgen deficiency"" OR ""male hormone imbalance"" OR ""aging male syndrome"" OR ADAM)",2025/10/19,Low Testosterone Quiz,https://medlineplus.gov/ency/quiz/003707_27.htm?quiz=1
NIH / MedlinePlus,30,United States,Public/Clinical,Public Health Education (Federal),medlineplus.gov,"site:medlineplus.gov (""male menopause"" OR ""men's menopause"" OR andropause OR ""late-onset hypogonadism"" OR LOH OR ""male hypogonadism"" OR ""testosterone deficiency"" OR ""testosterone deficiency syndrome"" OR ""low testosterone"" OR ""low testosterone in men"" OR ""low testosterone treatment"" OR TRT OR ""testosterone replacement therapy"" OR ""male HRT"" OR ""androgen deficiency"" OR ""male hormone imbalance"" OR ""aging male syndrome"" OR ADAM)",2025/10/19,Testosterone Levels Test,https://medlineplus.gov/lab-tests/testosterone-levels-test/
North Cumbria Integrated Care NHS Trust (NCIC),31,United Kingdom,Public/Clinical,Public Health Service (NHS Trust),ncic.nhs.uk,"site:ncic.nhs.uk (""male menopause"" OR ""men's menopause"" OR andropause OR ""late-onset hypogonadism"" OR LOH OR ""male hypogonadism"" OR ""testosterone deficiency"" OR ""testosterone deficiency syndrome"" OR ""low testosterone"" OR ""low testosterone in men"" OR ""low testosterone treatment"" OR TRT OR ""testosterone replacement therapy"" OR ""male HRT"" OR ""androgen deficiency"" OR ""male hormone imbalance"" OR ""aging male syndrome"" OR ADAM)",2025/10/19,Testosterone replacement therapy (TRT) — Patient information leaflet,https://www.ncic.nhs.uk/patients-visitors/patient-information-leaflets/Testosterone-replacement-therapy
Northwestern Medicine,32,USA,AAMC54,Academic,nm.org,"site:nm.org (""male menopause"" OR ""men's menopause"" OR andropause OR ""late-onset hypogonadism"" OR LOH OR ""male hypogonadism"" OR ""testosterone deficiency"" OR ""testosterone deficiency syndrome"" OR ""low testosterone"" OR ""low testosterone in men"" OR ""low testosterone treatment"" OR TRT OR ""testosterone replacement therapy"" OR ""male HRT"" OR ""androgen deficiency"" OR ""male hormone imbalance"" OR ""aging male syndrome"" OR ADAM)",2025/10/15,Tour of Testosterone,https://www.nm.org/healthbeat/healthy-tips/tour-of-testosterone-infographic
Northwestern Medicine,32,USA,AAMC54,Academic,nm.org,"site:nm.org (""male menopause"" OR ""men's menopause"" OR andropause OR ""late-onset hypogonadism"" OR LOH OR ""male hypogonadism"" OR ""testosterone deficiency"" OR ""testosterone deficiency syndrome"" OR ""low testosterone"" OR ""low testosterone in men"" OR ""low testosterone treatment"" OR TRT OR ""testosterone replacement therapy"" OR ""male HRT"" OR ""androgen deficiency"" OR ""male hormone imbalance"" OR ""aging male syndrome"" OR ADAM)",2025/10/15,Understanding Male Hypogonadism,"https://encyclopedia.nm.org/Search/3,60054"
Ochsner Health,33,USA,AAMC54,Academic,blog.ochsner.org,"site:ochsner.org (""male menopause"" OR ""men's menopause"" OR andropause OR ""late-onset hypogonadism"" OR LOH OR ""male hypogonadism"" OR ""testosterone deficiency"" OR ""testosterone deficiency syndrome"" OR ""low testosterone"" OR ""low testosterone in men"" OR ""low testosterone treatment"" OR TRT OR ""testosterone replacement therapy"" OR ""male HRT"" OR ""androgen deficiency"" OR ""male hormone imbalance"" OR ""aging male syndrome"" OR ADAM)",2025/10/19,5 Common Questions about ED and Low-T,https://blog.ochsner.org/articles/5-common-questions-about-erectile-dysfunction-and-low-testosterone/
Ochsner Health,33,USA,AAMC54,Academic,blog.ochsner.org,"site:ochsner.org (""male menopause"" OR ""men's menopause"" OR andropause OR ""late-onset hypogonadism"" OR LOH OR ""male hypogonadism"" OR ""testosterone deficiency"" OR ""testosterone deficiency syndrome"" OR ""low testosterone"" OR ""low testosterone in men"" OR ""low testosterone treatment"" OR TRT OR ""testosterone replacement therapy"" OR ""male HRT"" OR ""androgen deficiency"" OR ""male hormone imbalance"" OR ""aging male syndrome"" OR ADAM)",2025/10/19,5 Questions You’re Embarrassed To Ask Your Urologist,https://blog.ochsner.org/articles/5-questions-youre-too-embarrassed-to-ask-your-urologist/
Ochsner Health,33,USA,AAMC54,Academic,blog.ochsner.org,"site:ochsner.org (""male menopause"" OR ""men's menopause"" OR andropause OR ""late-onset hypogonadism"" OR LOH OR ""male hypogonadism"" OR ""testosterone deficiency"" OR ""testosterone deficiency syndrome"" OR ""low testosterone"" OR ""low testosterone in men"" OR ""low testosterone treatment"" OR TRT OR ""testosterone replacement therapy"" OR ""male HRT"" OR ""androgen deficiency"" OR ""male hormone imbalance"" OR ""aging male syndrome"" OR ADAM)",2025/10/19,Is Testosterone Therapy the New Beauty Trend For Men?,https://blog.ochsner.org/articles/is-testosterone-therapy-the-new-beauty-trend-for-men/
Ochsner Health,33,USA,AAMC54,Academic,ochsner.org,"site:ochsner.org (""male menopause"" OR ""men's menopause"" OR andropause OR ""late-onset hypogonadism"" OR LOH OR ""male hypogonadism"" OR ""testosterone deficiency"" OR ""testosterone deficiency syndrome"" OR ""low testosterone"" OR ""low testosterone in men"" OR ""low testosterone treatment"" OR TRT OR ""testosterone replacement therapy"" OR ""male HRT"" OR ""androgen deficiency"" OR ""male hormone imbalance"" OR ""aging male syndrome"" OR ADAM)",2025/10/19,Low Testosterone,https://www.ochsner.org/services/low-testosterone/
Ochsner Health,33,USA,AAMC54,Academic,blog.ochsner.org,"site:ochsner.org (""male menopause"" OR ""men's menopause"" OR andropause OR ""late-onset hypogonadism"" OR LOH OR ""male hypogonadism"" OR ""testosterone deficiency"" OR ""testosterone deficiency syndrome"" OR ""low testosterone"" OR ""low testosterone in men"" OR ""low testosterone treatment"" OR TRT OR ""testosterone replacement therapy"" OR ""male HRT"" OR ""androgen deficiency"" OR ""male hormone imbalance"" OR ""aging male syndrome"" OR ADAM)",2025/10/19,What Low Testosterone and Erectile Dysfunction Can Mean for Your Overall Health,https://blog.ochsner.org/articles/what-low-testosterone-and-erectile-dysfunction-can-mean-for-your-overall-he/
Ochsner Health,33,USA,AAMC54,Academic,blog.ochsner.org,"site:ochsner.org (""male menopause"" OR ""men's menopause"" OR andropause OR ""late-onset hypogonadism"" OR LOH OR ""male hypogonadism"" OR ""testosterone deficiency"" OR ""testosterone deficiency syndrome"" OR ""low testosterone"" OR ""low testosterone in men"" OR ""low testosterone treatment"" OR TRT OR ""testosterone replacement therapy"" OR ""male HRT"" OR ""androgen deficiency"" OR ""male hormone imbalance"" OR ""aging male syndrome"" OR ADAM)",2025/10/19,Why High Blood Pressure and Type 2 Diabetes Can Affect Your Sex Life,https://blog.ochsner.org/articles/how-high-blood-pressure-and-type-2-diabetes-can-affect-your-sex-life/
Ohio State University Wexner Medical Center,34,USA,AAMC54,Academic,wexnermedical.osu.edu,"site:wexnermedical.osu.edu (""male menopause"" OR ""men's menopause"" OR andropause OR ""late-onset hypogonadism"" OR LOH OR ""male hypogonadism"" OR ""testosterone deficiency"" OR ""testosterone deficiency syndrome"" OR ""low testosterone"" OR ""low testosterone in men"" OR ""low testosterone treatment"" OR TRT OR ""testosterone replacement therapy"" OR ""male HRT"" OR ""androgen deficiency"" OR ""male hormone imbalance"" OR ""aging male syndrome"" OR ADAM)",2025/10/19,Low Testosterone,https://wexnermedical.osu.edu/urology/low-testosterone
Renew Vitality Testosterone Clinic,35,USA,Private/Commercial,Private Clinic,renewvitality.com,"site:renewvitality.com (""male menopause"" OR ""men's menopause"" OR andropause OR ""late-onset hypogonadism"" OR LOH OR ""male hypogonadism"" OR ""testosterone deficiency"" OR ""testosterone deficiency syndrome"" OR ""low testosterone"" OR ""low testosterone in men"" OR ""low testosterone treatment"" OR TRT OR ""testosterone replacement therapy"" OR ""male HRT"" OR ""androgen deficiency"" OR ""male hormone imbalance"" OR ""aging male syndrome"" OR ADAM)",2025/10/19,Renew Vitality Testosterone Clinic (no public pages),https://www.renewvitality.com/
Renewed Vitality,36,USA,Private/Commercial,Private Clinic,renewedvitality4you.com,"site:renewedvitality4you.com (""male menopause"" OR ""men's menopause"" OR andropause OR ""late-onset hypogonadism"" OR LOH OR ""male hypogonadism"" OR ""testosterone deficiency"" OR ""testosterone deficiency syndrome"" OR ""low testosterone"" OR ""low testosterone in men"" OR ""low testosterone treatment"" OR TRT OR ""testosterone replacement therapy"" OR ""male HRT"" OR ""androgen deficiency"" OR ""male hormone imbalance"" OR ""aging male syndrome"" OR ADAM)",2025/10/19,"Testosterone Replacement Therapy: Benefits, Options, Cost, & More",https://www.renewedvitality4you.com/uncategorized/testosterone-replacement-therapy-benefits-options-cost-more/
Stanford Health Care,37,USA,AAMC54,Academic,stanfordhealthcare.org,"site:stanfordhealthcare.org (""male menopause"" OR ""men's menopause"" OR andropause OR ""late-onset hypogonadism"" OR LOH OR ""male hypogonadism"" OR ""testosterone deficiency"" OR ""testosterone deficiency syndrome"" OR ""low testosterone"" OR ""low testosterone in men"" OR ""low testosterone treatment"" OR TRT OR ""testosterone replacement therapy"" OR ""male HRT"" OR ""androgen deficiency"" OR ""male hormone imbalance"" OR ""aging male syndrome"" OR ADAM)",2025/10/15,Low Testosterone,https://stanfordhealthcare.org/medical-conditions/mens-health/low-testosterone.html
Stanford Health Care,37,USA,AAMC54,Academic,stanfordhealthcare.org,"site:stanfordhealthcare.org (""male menopause"" OR ""men's menopause"" OR andropause OR ""late-onset hypogonadism"" OR LOH OR ""male hypogonadism"" OR ""testosterone deficiency"" OR ""testosterone deficiency syndrome"" OR ""low testosterone"" OR ""low testosterone in men"" OR ""low testosterone treatment"" OR TRT OR ""testosterone replacement therapy"" OR ""male HRT"" OR ""androgen deficiency"" OR ""male hormone imbalance"" OR ""aging male syndrome"" OR ADAM)",2025/10/15,Symptoms,https://stanfordhealthcare.org/medical-conditions/mens-health/low-testosterone/symptoms.html
Stanford Health Care,37,USA,AAMC54,Academic,stanfordhealthcare.org,"site:stanfordhealthcare.org (""male menopause"" OR ""men's menopause"" OR andropause OR ""late-onset hypogonadism"" OR LOH OR ""male hypogonadism"" OR ""testosterone deficiency"" OR ""testosterone deficiency syndrome"" OR ""low testosterone"" OR ""low testosterone in men"" OR ""low testosterone treatment"" OR TRT OR ""testosterone replacement therapy"" OR ""male HRT"" OR ""androgen deficiency"" OR ""male hormone imbalance"" OR ""aging male syndrome"" OR ADAM)",2025/10/15,Treatments,https://stanfordhealthcare.org/medical-conditions/mens-health/low-testosterone/treatment.html
The Androgen Society,38,USA,Professional/Research (restricted),Professional Research Association,androgensociety.org,"site:androgensociety.org (""male menopause"" OR ""men's menopause"" OR andropause OR ""late-onset hypogonadism"" OR LOH OR ""male hypogonadism"" OR ""testosterone deficiency"" OR ""testosterone deficiency syndrome"" OR ""low testosterone"" OR ""low testosterone in men"" OR ""low testosterone treatment"" OR TRT OR ""testosterone replacement therapy"" OR ""male HRT"" OR ""androgen deficiency"" OR ""male hormone imbalance"" OR ""aging male syndrome"" OR ADAM)",2025/10/19,No publicly available patient-facing or clinical education content,https://www.androgensociety.org/
The Men’s Health Clinic,39,United Kingdom,Private/Clinical,Private Clinic,themenshealthclinic.co.uk,"site:themenshealthclinic.co.uk (""male menopause"" OR ""men's menopause"" OR andropause OR ""late-onset hypogonadism"" OR LOH OR ""male hypogonadism"" OR ""testosterone deficiency"" OR ""testosterone deficiency syndrome"" OR ""low testosterone"" OR ""low testosterone in men"" OR ""low testosterone treatment"" OR TRT OR ""testosterone replacement therapy"" OR ""male HRT"" OR ""androgen deficiency"" OR ""male hormone imbalance"" OR ""hormone therapy for men"" OR ""aging male syndrome"" OR ADAM)",2025/10/19,ADAM screening questionnaire,https://themenshealthclinic.co.uk/adam-questionnaire/
The Men’s Health Clinic,39,United Kingdom,Private/Clinical,Private Clinic,themenshealthclinic.co.uk,"site:themenshealthclinic.co.uk (""male menopause"" OR ""men's menopause"" OR andropause OR ""late-onset hypogonadism"" OR LOH OR ""male hypogonadism"" OR ""testosterone deficiency"" OR ""testosterone deficiency syndrome"" OR ""low testosterone"" OR ""low testosterone in men"" OR ""low testosterone treatment"" OR TRT OR ""testosterone replacement therapy"" OR ""male HRT"" OR ""androgen deficiency"" OR ""male hormone imbalance"" OR ""hormone therapy for men"" OR ""aging male syndrome"" OR ADAM)",2025/10/19,How to Get Testosterone Replacement Therapy (TRT) in the UK,https://themenshealthclinic.co.uk/testosterone-replacement-therapy-trt-in-the-uk-navigating-the-best-path-for-treatment/
The Men’s Health Clinic,39,United Kingdom,Private/Clinical,Private Clinic,themenshealthclinic.co.uk,"site:themenshealthclinic.co.uk (""male menopause"" OR ""men's menopause"" OR andropause OR ""late-onset hypogonadism"" OR LOH OR ""male hypogonadism"" OR ""testosterone deficiency"" OR ""testosterone deficiency syndrome"" OR ""low testosterone"" OR ""low testosterone in men"" OR ""low testosterone treatment"" OR TRT OR ""testosterone replacement therapy"" OR ""male HRT"" OR ""androgen deficiency"" OR ""male hormone imbalance"" OR ""hormone therapy for men"" OR ""aging male syndrome"" OR ADAM)",2025/10/19,Libido & Testosterone Replacement Therapy,https://themenshealthclinic.co.uk/libido-testosterone-replacement-therapy-trt/
The Men’s Health Clinic,39,United Kingdom,Private/Clinical,Private Clinic,themenshealthclinic.co.uk,"site:themenshealthclinic.co.uk (""male menopause"" OR ""men's menopause"" OR andropause OR ""late-onset hypogonadism"" OR LOH OR ""male hypogonadism"" OR ""testosterone deficiency"" OR ""testosterone deficiency syndrome"" OR ""low testosterone"" OR ""low testosterone in men"" OR ""low testosterone treatment"" OR TRT OR ""testosterone replacement therapy"" OR ""male HRT"" OR ""androgen deficiency"" OR ""male hormone imbalance"" OR ""hormone therapy for men"" OR ""aging male syndrome"" OR ADAM)",2025/10/19,Setting the Standard in Testosterone Replacement,https://themenshealthclinic.co.uk/
The Men’s Health Clinic,39,United Kingdom,Private/Clinical,Private Clinic,themenshealthclinic.co.uk,"site:themenshealthclinic.co.uk (""male menopause"" OR ""men's menopause"" OR andropause OR ""late-onset hypogonadism"" OR LOH OR ""male hypogonadism"" OR ""testosterone deficiency"" OR ""testosterone deficiency syndrome"" OR ""low testosterone"" OR ""low testosterone in men"" OR ""low testosterone treatment"" OR TRT OR ""testosterone replacement therapy"" OR ""male HRT"" OR ""androgen deficiency"" OR ""male hormone imbalance"" OR ""hormone therapy for men"" OR ""aging male syndrome"" OR ADAM)",2025/10/19,Testosterone Deficiency,https://themenshealthclinic.co.uk/service/testosterone-deficiency/
The Men’s Health Clinic,39,United Kingdom,Private/Clinical,Private Clinic,themenshealthclinic.co.uk,"site:themenshealthclinic.co.uk (""male menopause"" OR ""men's menopause"" OR andropause OR ""late-onset hypogonadism"" OR LOH OR ""male hypogonadism"" OR ""testosterone deficiency"" OR ""testosterone deficiency syndrome"" OR ""low testosterone"" OR ""low testosterone in men"" OR ""low testosterone treatment"" OR TRT OR ""testosterone replacement therapy"" OR ""male HRT"" OR ""androgen deficiency"" OR ""male hormone imbalance"" OR ""hormone therapy for men"" OR ""aging male syndrome"" OR ADAM)",2025/10/19,Testosterone Replacement Therapy consultations,https://themenshealthclinic.co.uk/service/consultations-treatment/
The Men’s Health Clinic,39,United Kingdom,Private/Clinical,Private Clinic,themenshealthclinic.co.uk,"site:themenshealthclinic.co.uk (""male menopause"" OR ""men's menopause"" OR andropause OR ""late-onset hypogonadism"" OR LOH OR ""male hypogonadism"" OR ""testosterone deficiency"" OR ""testosterone deficiency syndrome"" OR ""low testosterone"" OR ""low testosterone in men"" OR ""low testosterone treatment"" OR TRT OR ""testosterone replacement therapy"" OR ""male HRT"" OR ""androgen deficiency"" OR ""male hormone imbalance"" OR ""hormone therapy for men"" OR ""aging male syndrome"" OR ADAM)",2025/10/19,The benefits of Testosterone Replacement Therapy,https://themenshealthclinic.co.uk/service/the-benefits-of-trt/
The Men’s Health Clinic,39,United Kingdom,Private/Clinical,Private Clinic,themenshealthclinic.co.uk,"site:themenshealthclinic.co.uk (""male menopause"" OR ""men's menopause"" OR andropause OR ""late-onset hypogonadism"" OR LOH OR ""male hypogonadism"" OR ""testosterone deficiency"" OR ""testosterone deficiency syndrome"" OR ""low testosterone"" OR ""low testosterone in men"" OR ""low testosterone treatment"" OR TRT OR ""testosterone replacement therapy"" OR ""male HRT"" OR ""androgen deficiency"" OR ""male hormone imbalance"" OR ""hormone therapy for men"" OR ""aging male syndrome"" OR ADAM)",2025/10/19,The Male Menopause – Are You T Deficient?,https://themenshealthclinic.co.uk/the-male-menopause-are-you-testosterone-deficient/
The Men’s Health Clinic,39,United Kingdom,Private/Clinical,Private Clinic,themenshealthclinic.co.uk,"site:themenshealthclinic.co.uk (""male menopause"" OR ""men's menopause"" OR andropause OR ""late-onset hypogonadism"" OR LOH OR ""male hypogonadism"" OR ""testosterone deficiency"" OR ""testosterone deficiency syndrome"" OR ""low testosterone"" OR ""low testosterone in men"" OR ""low testosterone treatment"" OR TRT OR ""testosterone replacement therapy"" OR ""male HRT"" OR ""androgen deficiency"" OR ""male hormone imbalance"" OR ""hormone therapy for men"" OR ""aging male syndrome"" OR ADAM)",2025/10/19,The Men’s Health Clinic TRT Management Guidelines,https://themenshealthclinic.co.uk/trt-management-guidelines/
The Men’s Health Clinic,39,United Kingdom,Private/Clinical,Private Clinic,themenshealthclinic.co.uk,"site:themenshealthclinic.co.uk (""male menopause"" OR ""men's menopause"" OR andropause OR ""late-onset hypogonadism"" OR LOH OR ""male hypogonadism"" OR ""testosterone deficiency"" OR ""testosterone deficiency syndrome"" OR ""low testosterone"" OR ""low testosterone in men"" OR ""low testosterone treatment"" OR TRT OR ""testosterone replacement therapy"" OR ""male HRT"" OR ""androgen deficiency"" OR ""male hormone imbalance"" OR ""hormone therapy for men"" OR ""aging male syndrome"" OR ADAM)",2025/10/19,"TRT – Making Men Happy, Healthy & Horny! Sorry Ladies!",https://themenshealthclinic.co.uk/trt-making-men-happy-healthy-horny-sorry-ladies/
The Men’s Health Clinic,39,United Kingdom,Private/Clinical,Private Clinic,themenshealthclinic.co.uk,"site:themenshealthclinic.co.uk (""male menopause"" OR ""men's menopause"" OR andropause OR ""late-onset hypogonadism"" OR LOH OR ""male hypogonadism"" OR ""testosterone deficiency"" OR ""testosterone deficiency syndrome"" OR ""low testosterone"" OR ""low testosterone in men"" OR ""low testosterone treatment"" OR TRT OR ""testosterone replacement therapy"" OR ""male HRT"" OR ""androgen deficiency"" OR ""male hormone imbalance"" OR ""hormone therapy for men"" OR ""aging male syndrome"" OR ADAM)",2025/10/19,What to expect on Testosterone Replacement Therapy,https://themenshealthclinic.co.uk/service/what-to-expect-when-starting-trt/
The Men’s Health Clinic,39,United Kingdom,Private/Clinical,Private Clinic,themenshealthclinic.co.uk,"site:themenshealthclinic.co.uk (""male menopause"" OR ""men's menopause"" OR andropause OR ""late-onset hypogonadism"" OR LOH OR ""male hypogonadism"" OR ""testosterone deficiency"" OR ""testosterone deficiency syndrome"" OR ""low testosterone"" OR ""low testosterone in men"" OR ""low testosterone treatment"" OR TRT OR ""testosterone replacement therapy"" OR ""male HRT"" OR ""androgen deficiency"" OR ""male hormone imbalance"" OR ""hormone therapy for men"" OR ""aging male syndrome"" OR ADAM)",2025/10/19,Why Address Late Onset Male Hypogonadism?,https://themenshealthclinic.co.uk/why-address-late-onset-male-hypogonadism/
UCLA Health,40,USA,AAMC54,Academic,uclahealth.org,"site:uclahealth.org (""male menopause"" OR ""men's menopause"" OR andropause OR ""late-onset hypogonadism"" OR LOH OR ""male hypogonadism"" OR ""testosterone deficiency"" OR ""testosterone deficiency syndrome"" OR ""low testosterone"" OR ""low testosterone in men"" OR ""low testosterone treatment"" OR TRT OR ""testosterone replacement therapy"" OR ""male HRT"" OR ""androgen deficiency"" OR ""male hormone imbalance"" OR ""aging male syndrome"" OR ADAM)",2025/10/15,Low Testosterone,https://www.uclahealth.org/medical-services/urology/mens-clinic-ucla/hormone-optimization/low-testosterone
UCSF Health,41,USA,AAMC54,Academic,ucsfhealth.org,"site:ucsfhealth.org (""male menopause"" OR ""men's menopause"" OR andropause OR ""late-onset hypogonadism"" OR LOH OR ""male hypogonadism"" OR ""testosterone deficiency"" OR ""testosterone deficiency syndrome"" OR ""low testosterone"" OR ""low testosterone in men"" OR ""low testosterone treatment"" OR TRT OR ""testosterone replacement therapy"" OR ""male HRT"" OR ""androgen deficiency"" OR ""male hormone imbalance"" OR ""aging male syndrome"" OR ADAM)",2025/10/15,Testosterone,https://www.ucsfhealth.org/medical-tests/testosterone
University of Alabama at Birmingham (UAB Medicine),42,USA,AAMC54,Academic,uabmedicine.org,"site:uabmedicine.org (""male menopause"" OR ""men's menopause"" OR andropause OR ""late-onset hypogonadism"" OR LOH OR ""male hypogonadism"" OR ""testosterone deficiency"" OR ""testosterone deficiency syndrome"" OR ""low testosterone"" OR ""low testosterone in men"" OR ""low testosterone treatment"" OR TRT OR ""testosterone replacement therapy"" OR ""male HRT"" OR ""androgen deficiency"" OR ""male hormone imbalance"" OR ""aging male syndrome"" OR ADAM)",2025/10/17,"Low testosterone: causes, symptoms, and treatment options available at UAB Medicine",https://www.uabmedicine.org/news/low-testosterone-causes-symptoms-and-treatment-options-available-at-uab-medicine/#
University of Chicago Medicine,43,USA,AAMC54,Academic,uchicagomedicine.org,"site:uchicagomedicine.org (""male menopause"" OR ""men's menopause"" OR andropause OR ""late-onset hypogonadism"" OR LOH OR ""male hypogonadism"" OR ""testosterone deficiency"" OR ""testosterone deficiency syndrome"" OR ""low testosterone"" OR ""low testosterone in men"" OR ""low testosterone treatment"" OR TRT OR ""testosterone replacement therapy"" OR ""male HRT"" OR ""androgen deficiency"" OR ""male hormone imbalance"" OR ""aging male syndrome"" OR ADAM)",2025/10/17,Endocrinology in Men,https://www.uchicagomedicine.org/conditions-services/mens-health/endocrinology
University of Chicago Medicine,43,USA,AAMC54,Academic,uchicagomedicine.org,"site:uchicagomedicine.org (""male menopause"" OR ""men's menopause"" OR andropause OR ""late-onset hypogonadism"" OR LOH OR ""male hypogonadism"" OR ""testosterone deficiency"" OR ""testosterone deficiency syndrome"" OR ""low testosterone"" OR ""low testosterone in men"" OR ""low testosterone treatment"" OR TRT OR ""testosterone replacement therapy"" OR ""male HRT"" OR ""androgen deficiency"" OR ""male hormone imbalance"" OR ""aging male syndrome"" OR ADAM)",2025/10/17,Sleep loss lowers testosterone in healthy young men,https://www.uchicagomedicine.org/forefront/news/sleep-loss-lowers-testosterone-in-healthy-young-men
University of Florida Health,44,USA,AAMC54,Academic,ufhealth.org,"site:ufhealth.org (""male menopause"" OR ""men's menopause"" OR andropause OR ""late-onset hypogonadism"" OR LOH OR ""male hypogonadism"" OR ""testosterone deficiency"" OR ""testosterone deficiency syndrome"" OR ""low testosterone"" OR ""low testosterone in men"" OR ""low testosterone treatment"" OR TRT OR ""testosterone replacement therapy"" OR ""male HRT"" OR ""androgen deficiency"" OR ""male hormone imbalance"" OR ""aging male syndrome"" OR ADAM)",2025/10/19,Could You Have Low Testosterone?,https://ufhealth.org/care-sheets/could-you-have-low-testosterone
University of Florida Health,44,USA,AAMC54,Academic,ufhealth.org,"site:ufhealth.org (""male menopause"" OR ""men's menopause"" OR andropause OR ""late-onset hypogonadism"" OR LOH OR ""male hypogonadism"" OR ""testosterone deficiency"" OR ""testosterone deficiency syndrome"" OR ""low testosterone"" OR ""low testosterone in men"" OR ""low testosterone treatment"" OR TRT OR ""testosterone replacement therapy"" OR ""male HRT"" OR ""androgen deficiency"" OR ""male hormone imbalance"" OR ""aging male syndrome"" OR ADAM)",2025/10/19,Low testosterone and death risk,https://podcasts.ufhealth.org/low-testosterone-and-death-risk/
University of Florida Health,44,USA,AAMC54,Academic,ufhealth.org,"site:ufhealth.org (""male menopause"" OR ""men's menopause"" OR andropause OR ""late-onset hypogonadism"" OR LOH OR ""male hypogonadism"" OR ""testosterone deficiency"" OR ""testosterone deficiency syndrome"" OR ""low testosterone"" OR ""low testosterone in men"" OR ""low testosterone treatment"" OR TRT OR ""testosterone replacement therapy"" OR ""male HRT"" OR ""androgen deficiency"" OR ""male hormone imbalance"" OR ""aging male syndrome"" OR ADAM)",2025/10/19,Researchers: testosterone treatment effective for older men,https://ufhealth.org/news/2016/researchers-testosterone-treatment-effective-older-men
University of Florida Health,44,USA,AAMC54,Academic,ufhealth.org,"site:ufhealth.org (""male menopause"" OR ""men's menopause"" OR andropause OR ""late-onset hypogonadism"" OR LOH OR ""male hypogonadism"" OR ""testosterone deficiency"" OR ""testosterone deficiency syndrome"" OR ""low testosterone"" OR ""low testosterone in men"" OR ""low testosterone treatment"" OR TRT OR ""testosterone replacement therapy"" OR ""male HRT"" OR ""androgen deficiency"" OR ""male hormone imbalance"" OR ""aging male syndrome"" OR ADAM)",2025/10/19,Testosterone,https://ufhealth.org/conditions-and-treatments/testosterone
University of Florida Health,44,USA,AAMC54,Academic,ufhealth.org,"site:ufhealth.org (""male menopause"" OR ""men's menopause"" OR andropause OR ""late-onset hypogonadism"" OR LOH OR ""male hypogonadism"" OR ""testosterone deficiency"" OR ""testosterone deficiency syndrome"" OR ""low testosterone"" OR ""low testosterone in men"" OR ""low testosterone treatment"" OR TRT OR ""testosterone replacement therapy"" OR ""male HRT"" OR ""androgen deficiency"" OR ""male hormone imbalance"" OR ""aging male syndrome"" OR ADAM)",2025/10/19,"Testosterone treatment can boost bone density and improve anemia, study finds",https://ufhealth.org/news/2017/testosterone-treatment-can-boost-bone-density-and-improve-anemia-study-finds
University of Iowa Hospitals & Clinics (UIHC),45,USA,AAMC54,Academic,uihc.org,"site:uihc.org (""male menopause"" OR ""men's menopause"" OR andropause OR ""late-onset hypogonadism"" OR LOH OR ""male hypogonadism"" OR ""testosterone deficiency"" OR ""testosterone deficiency syndrome"" OR ""low testosterone"" OR ""low testosterone in men"" OR ""low testosterone treatment"" OR TRT OR ""testosterone replacement therapy"" OR ""male HRT"" OR ""androgen deficiency"" OR ""male hormone imbalance"" OR ""aging male syndrome"" OR ADAM)",2025/10/17,Iowa Assessment for Men,https://uihc.org/iowa-assessment-men
University of Kansas Health System,46,USA,AAMC54,Academic,kansashealthsystem.com,"site:kansashealthsystem.com (""male menopause"" OR ""men's menopause"" OR andropause OR ""late-onset hypogonadism"" OR LOH OR ""male hypogonadism"" OR ""testosterone deficiency"" OR ""testosterone deficiency syndrome"" OR ""low testosterone"" OR ""low testosterone in men"" OR ""low testosterone treatment"" OR TRT OR ""testosterone replacement therapy"" OR ""male HRT"" OR ""androgen deficiency"" OR ""male hormone imbalance"" OR ""aging male syndrome"" OR ADAM)",2025/10/17,ASMH/SMSNA Men’s Health Checklist,https://www.kansashealthsystem.com/-/media/project/website/pdfs-for-download/mens-health/menshealthchecklist.pdf
University of Maryland Medical Center (UMMC / UMMS),47,USA,AAMC54,Academic,umms.org,"site:umms.org OR site:umm.edu (""male menopause"" OR ""men's menopause"" OR andropause OR ""late-onset hypogonadism"" OR LOH OR ""male hypogonadism"" OR ""testosterone deficiency"" OR ""testosterone deficiency syndrome"" OR ""low testosterone"" OR ""low testosterone in men"" OR ""low testosterone treatment"" OR TRT OR ""testosterone replacement therapy"" OR ""male HRT"" OR ""androgen deficiency"" OR ""male hormone imbalance"" OR ""aging male syndrome"" OR ADAM)",2025/10/17,"How Do You Know If You Have Low Testosterone, and What Can You Do?",https://health.umms.org/2023/11/17/low-testosterone/
University of Miami Health System,48,USA,AAMC54,Academic,umiamihealth.org,"site:umiamihealth.org OR site:news.umiamihealth.org (""male menopause"" OR ""men's menopause"" OR andropause OR ""late-onset hypogonadism"" OR LOH OR ""male hypogonadism"" OR ""testosterone deficiency"" OR ""testosterone deficiency syndrome"" OR ""low testosterone"" OR ""low testosterone in men"" OR ""low testosterone treatment"" OR TRT OR ""testosterone replacement therapy"" OR ""male HRT"" OR ""androgen deficiency"" OR ""male hormone imbalance"" OR ""aging male syndrome"" OR ADAM)",2025/10/19,Is Male Menopause a Real Thing?,https://news.umiamihealth.org/en/is-male-menopause-a-real-thing/
University of Miami Health System,48,USA,AAMC54,Academic,umiamihealth.org,"site:umiamihealth.org OR site:news.umiamihealth.org (""male menopause"" OR ""men's menopause"" OR andropause OR ""late-onset hypogonadism"" OR LOH OR ""male hypogonadism"" OR ""testosterone deficiency"" OR ""testosterone deficiency syndrome"" OR ""low testosterone"" OR ""low testosterone in men"" OR ""low testosterone treatment"" OR TRT OR ""testosterone replacement therapy"" OR ""male HRT"" OR ""androgen deficiency"" OR ""male hormone imbalance"" OR ""aging male syndrome"" OR ADAM)",2025/10/19,Low Testosterone,https://umiamihealth.org/treatments-and-services/urology/low-testosterone
University of Miami Health System,48,USA,AAMC54,Academic,umiamihealth.org,"site:umiamihealth.org OR site:news.umiamihealth.org (""male menopause"" OR ""men's menopause"" OR andropause OR ""late-onset hypogonadism"" OR LOH OR ""male hypogonadism"" OR ""testosterone deficiency"" OR ""testosterone deficiency syndrome"" OR ""low testosterone"" OR ""low testosterone in men"" OR ""low testosterone treatment"" OR TRT OR ""testosterone replacement therapy"" OR ""male HRT"" OR ""androgen deficiency"" OR ""male hormone imbalance"" OR ""aging male syndrome"" OR ADAM)",2025/10/19,Obesity and Low-T: What’s the Connection?,https://news.umiamihealth.org/en/obesity-and-low-t-whats-the-connection/
University of Michigan Health,49,USA,AAMC54,Academic,michiganmedicine.org,"site:michiganmedicine.org (""male menopause"" OR ""men's menopause"" OR andropause OR ""late-onset hypogonadism"" OR LOH OR ""male hypogonadism"" OR ""testosterone deficiency"" OR ""testosterone deficiency syndrome"" OR ""low testosterone"" OR ""low testosterone in men"" OR ""low testosterone treatment"" OR TRT OR ""testosterone replacement therapy"" OR ""male HRT"" OR ""androgen deficiency"" OR ""male hormone imbalance"" OR ""aging male syndrome"" OR ADAM)",2025/10/15,"Low Total Testosterone in Men Widespread, Linked to Chronic Disease",https://www.michiganmedicine.org/health-lab/low-total-testosterone-men-widespread-linked-chronic-disease
University of North Carolina Health Care (UNC Health),50,USA,AAMC54,Academic,unchealthcare.org,"site:unchealthcare.org OR site:healthtalk.unchealthcare.org (""male menopause"" OR ""men's menopause"" OR andropause OR ""late-onset hypogonadism"" OR LOH OR ""male hypogonadism"" OR ""testosterone deficiency"" OR ""testosterone deficiency syndrome"" OR ""low testosterone"" OR ""low testosterone in men"" OR ""low testosterone treatment"" OR TRT OR ""testosterone replacement therapy"" OR ""male HRT"" OR ""androgen deficiency"" OR ""male hormone imbalance"" OR ""aging male syndrome"" OR ADAM)",2025/10/17,"Testosterone: High or Low, What’s the Big Deal?",https://healthtalk.unchealthcare.org/testosterone-high-or-low-whats-the-big-deal/amp/
University of Rochester Medical Center (URMC),51,USA,AAMC54,Academic,urmc.rochester.edu,"site:urmc.rochester.edu (""male menopause"" OR ""men's menopause"" OR andropause OR ""late-onset hypogonadism"" OR LOH OR ""male hypogonadism"" OR ""testosterone deficiency"" OR ""testosterone deficiency syndrome"" OR ""low testosterone"" OR ""low testosterone in men"" OR ""low testosterone treatment"" OR TRT OR ""testosterone replacement therapy"" OR ""male HRT"" OR ""androgen deficiency"" OR ""male hormone imbalance"" OR ""aging male syndrome"" OR ADAM)",2025/10/17,Free Testosterone,https://www.urmc.rochester.edu/encyclopedia/content?contenttypeid=167&contentid=testosterone_free
University of Rochester Medical Center (URMC),51,USA,AAMC54,Academic,urmc.rochester.edu,"site:urmc.rochester.edu (""male menopause"" OR ""men's menopause"" OR andropause OR ""late-onset hypogonadism"" OR LOH OR ""male hypogonadism"" OR ""testosterone deficiency"" OR ""testosterone deficiency syndrome"" OR ""low testosterone"" OR ""low testosterone in men"" OR ""low testosterone treatment"" OR TRT OR ""testosterone replacement therapy"" OR ""male HRT"" OR ""androgen deficiency"" OR ""male hormone imbalance"" OR ""aging male syndrome"" OR ADAM)",2025/10/17,Taking a multi-specialty approach to men’s health and wellness,https://www.urmc.rochester.edu/news/story/taking-a-multi-specialty-approach-to-mens-health-and-wellness
University of Rochester Medical Center (URMC),51,USA,AAMC54,Academic,urmc.rochester.edu,"site:urmc.rochester.edu (""male menopause"" OR ""men's menopause"" OR andropause OR ""late-onset hypogonadism"" OR LOH OR ""male hypogonadism"" OR ""testosterone deficiency"" OR ""testosterone deficiency syndrome"" OR ""low testosterone"" OR ""low testosterone in men"" OR ""low testosterone treatment"" OR TRT OR ""testosterone replacement therapy"" OR ""male HRT"" OR ""androgen deficiency"" OR ""male hormone imbalance"" OR ""aging male syndrome"" OR ADAM)",2025/10/17,Testosterone Deficiency Syndrome,https://www.urmc.rochester.edu/conditions-and-treatments/testosterone-deficiency-syndrome
University of Texas Southwestern Medical Center (UT Southwestern),52,USA,AAMC54,Academic,utswmed.org,"site:utswmed.org (""male menopause"" OR ""men's menopause"" OR andropause OR ""late-onset hypogonadism"" OR LOH OR ""male hypogonadism"" OR ""testosterone deficiency"" OR ""testosterone deficiency syndrome"" OR ""low testosterone"" OR ""low testosterone in men"" OR ""low testosterone treatment"" OR TRT OR ""testosterone replacement therapy"" OR ""male HRT"" OR ""androgen deficiency"" OR ""male hormone imbalance"" OR ""aging male syndrome"" OR ADAM)",2025/10/17,How low testosterone treatment can help – and harm – a man's sex drive and fertility,https://utswmed.org/medblog/low-testosterone-symptoms-causes-treatment/
University of Utah Health,53,USA,AAMC54,Academic,healthcare.utah.edu,"site:healthcare.utah.edu (""male menopause"" OR ""men's menopause"" OR andropause OR ""late-onset hypogonadism"" OR LOH OR ""male hypogonadism"" OR ""testosterone deficiency"" OR ""testosterone deficiency syndrome"" OR ""low testosterone"" OR ""low testosterone in men"" OR ""low testosterone treatment"" OR TRT OR ""testosterone replacement therapy"" OR ""male HRT"" OR ""androgen deficiency"" OR ""male hormone imbalance"" OR ""aging male syndrome"" OR ADAM)",2025/10/17,4 WAYS TO NATURALLY BOOST TESTOSTERONE,https://healthcare.utah.edu/the-scope/health-library/all/2021/04/4-ways-naturally-boost-testosterone
University of Utah Health,53,USA,AAMC54,Academic,healthcare.utah.edu,"site:healthcare.utah.edu (""male menopause"" OR ""men's menopause"" OR andropause OR ""late-onset hypogonadism"" OR LOH OR ""male hypogonadism"" OR ""testosterone deficiency"" OR ""testosterone deficiency syndrome"" OR ""low testosterone"" OR ""low testosterone in men"" OR ""low testosterone treatment"" OR TRT OR ""testosterone replacement therapy"" OR ""male HRT"" OR ""androgen deficiency"" OR ""male hormone imbalance"" OR ""aging male syndrome"" OR ADAM)",2025/10/17,ANDROPAUSE: THE MEN’S VERSION OF MENOPAUSE,https://healthcare.utah.edu/the-scope/all/2015/11/andropause-mens-version-of-menopause
University of Utah Health,53,USA,AAMC54,Academic,healthcare.utah.edu,"site:healthcare.utah.edu (""male menopause"" OR ""men's menopause"" OR andropause OR ""late-onset hypogonadism"" OR LOH OR ""male hypogonadism"" OR ""testosterone deficiency"" OR ""testosterone deficiency syndrome"" OR ""low testosterone"" OR ""low testosterone in men"" OR ""low testosterone treatment"" OR TRT OR ""testosterone replacement therapy"" OR ""male HRT"" OR ""androgen deficiency"" OR ""male hormone imbalance"" OR ""aging male syndrome"" OR ADAM)",2025/10/17,"IF IT'S NOT LOW TESTOSTERONE, WHAT IS IT?",https://healthcare.utah.edu/the-scope/mens-health/all/2024/02/168-if-its-not-low-testosterone-what-it
University of Utah Health,53,USA,AAMC54,Academic,healthcare.utah.edu,"site:healthcare.utah.edu (""male menopause"" OR ""men's menopause"" OR andropause OR ""late-onset hypogonadism"" OR LOH OR ""male hypogonadism"" OR ""testosterone deficiency"" OR ""testosterone deficiency syndrome"" OR ""low testosterone"" OR ""low testosterone in men"" OR ""low testosterone treatment"" OR TRT OR ""testosterone replacement therapy"" OR ""male HRT"" OR ""androgen deficiency"" OR ""male hormone imbalance"" OR ""aging male syndrome"" OR ADAM)",2025/10/17,IT'S COMPLICATED — MITCH AND SCOT'S TALES OF TESTOSTERONE,https://healthcare.utah.edu/the-scope/mens-health/all/2022/10/118-its-complicated-mitch-and-scots-tales-of-testosterone
University of Utah Health,53,USA,AAMC54,Academic,healthcare.utah.edu,"site:healthcare.utah.edu (""male menopause"" OR ""men's menopause"" OR andropause OR ""late-onset hypogonadism"" OR LOH OR ""male hypogonadism"" OR ""testosterone deficiency"" OR ""testosterone deficiency syndrome"" OR ""low testosterone"" OR ""low testosterone in men"" OR ""low testosterone treatment"" OR TRT OR ""testosterone replacement therapy"" OR ""male HRT"" OR ""androgen deficiency"" OR ""male hormone imbalance"" OR ""aging male syndrome"" OR ADAM)",2025/10/17,LIFESTYLE CHANGES THAT CAN INCREASE TESTOSTERONE LEVELS IN OLDER MEN,https://healthcare.utah.edu/the-scope/health-library/all/2025/07/lifestyle-changes-can-increase-testosterone-levels-older-men
University of Utah Health,53,USA,AAMC54,Academic,healthcare.utah.edu,"site:healthcare.utah.edu (""male menopause"" OR ""men's menopause"" OR andropause OR ""late-onset hypogonadism"" OR LOH OR ""male hypogonadism"" OR ""testosterone deficiency"" OR ""testosterone deficiency syndrome"" OR ""low testosterone"" OR ""low testosterone in men"" OR ""low testosterone treatment"" OR TRT OR ""testosterone replacement therapy"" OR ""male HRT"" OR ""androgen deficiency"" OR ""male hormone imbalance"" OR ""aging male syndrome"" OR ADAM)",2025/10/17,MEN'S HEALTH ESSENTIALS — TESTOSTERONE,https://healthcare.utah.edu/the-scope/mens-health/all/2024/05/102-mens-health-essentials-testosterone
University of Utah Health,53,USA,AAMC54,Academic,healthcare.utah.edu,"site:healthcare.utah.edu (""male menopause"" OR ""men's menopause"" OR andropause OR ""late-onset hypogonadism"" OR LOH OR ""male hypogonadism"" OR ""testosterone deficiency"" OR ""testosterone deficiency syndrome"" OR ""low testosterone"" OR ""low testosterone in men"" OR ""low testosterone treatment"" OR TRT OR ""testosterone replacement therapy"" OR ""male HRT"" OR ""androgen deficiency"" OR ""male hormone imbalance"" OR ""aging male syndrome"" OR ADAM)",2025/10/17,TESTOSTERONE REPLACEMENT THERAPY,https://healthcare.utah.edu/mens-health/conditions/hypogonadism
University of Utah Health,53,USA,AAMC54,Academic,healthcare.utah.edu,"site:healthcare.utah.edu (""male menopause"" OR ""men's menopause"" OR andropause OR ""late-onset hypogonadism"" OR LOH OR ""male hypogonadism"" OR ""testosterone deficiency"" OR ""testosterone deficiency syndrome"" OR ""low testosterone"" OR ""low testosterone in men"" OR ""low testosterone treatment"" OR TRT OR ""testosterone replacement therapy"" OR ""male HRT"" OR ""androgen deficiency"" OR ""male hormone imbalance"" OR ""aging male syndrome"" OR ADAM)",2025/10/17,THE FACTS ABOUT LOW TESTOSTERONE TREATMENT,https://healthcare.utah.edu/the-scope/health-library/all/2013/11/facts-about-low-testosterone-treatment
University of Utah Health,53,USA,AAMC54,Academic,healthcare.utah.edu,"site:healthcare.utah.edu (""male menopause"" OR ""men's menopause"" OR andropause OR ""late-onset hypogonadism"" OR LOH OR ""male hypogonadism"" OR ""testosterone deficiency"" OR ""testosterone deficiency syndrome"" OR ""low testosterone"" OR ""low testosterone in men"" OR ""low testosterone treatment"" OR TRT OR ""testosterone replacement therapy"" OR ""male HRT"" OR ""androgen deficiency"" OR ""male hormone imbalance"" OR ""aging male syndrome"" OR ADAM)",2025/10/17,UNDERSTANDING HYPOGONADISM,https://healthcare.utah.edu/healthfeed/2019/06/understanding-hypogonadism
University of Utah Health,53,USA,AAMC54,Academic,healthcare.utah.edu,"site:healthcare.utah.edu (""male menopause"" OR ""men's menopause"" OR andropause OR ""late-onset hypogonadism"" OR LOH OR ""male hypogonadism"" OR ""testosterone deficiency"" OR ""testosterone deficiency syndrome"" OR ""low testosterone"" OR ""low testosterone in men"" OR ""low testosterone treatment"" OR TRT OR ""testosterone replacement therapy"" OR ""male HRT"" OR ""androgen deficiency"" OR ""male hormone imbalance"" OR ""aging male syndrome"" OR ADAM)",2025/10/17,WHAT MEN SHOULD KNOW ABOUT TESTICULAR SHRINKAGE AND TESTOSTERONE THERAPY,https://healthcare.utah.edu/the-scope/health-library/all/2024/11/what-men-should-know-about-testicular-shrinkage-and
University of Utah Health,53,USA,AAMC54,Academic,healthcare.utah.edu,"site:healthcare.utah.edu (""male menopause"" OR ""men's menopause"" OR andropause OR ""late-onset hypogonadism"" OR LOH OR ""male hypogonadism"" OR ""testosterone deficiency"" OR ""testosterone deficiency syndrome"" OR ""low testosterone"" OR ""low testosterone in men"" OR ""low testosterone treatment"" OR TRT OR ""testosterone replacement therapy"" OR ""male HRT"" OR ""androgen deficiency"" OR ""male hormone imbalance"" OR ""aging male syndrome"" OR ADAM)",2025/10/17,WHY A DOCTOR SHOULD MONITOR YOUR TESTOSTERONE TREATMENTS,https://healthcare.utah.edu/the-scope/all/2015/12/why-doctor-should-monitor-your-testosterone-treatments
University of Utah Health,53,USA,AAMC54,Academic,healthcare.utah.edu,"site:healthcare.utah.edu (""male menopause"" OR ""men's menopause"" OR andropause OR ""late-onset hypogonadism"" OR LOH OR ""male hypogonadism"" OR ""testosterone deficiency"" OR ""testosterone deficiency syndrome"" OR ""low testosterone"" OR ""low testosterone in men"" OR ""low testosterone treatment"" OR TRT OR ""testosterone replacement therapy"" OR ""male HRT"" OR ""androgen deficiency"" OR ""male hormone imbalance"" OR ""aging male syndrome"" OR ADAM)",2025/10/17,WILL TESTOSTERONE REALLY CURE EVERYTHING?,https://healthcare.utah.edu/the-scope/mens-health/all/2019/10/22-will-testosterone-really-cure-everything
University of Virginia Health System (UVA Health),54,USA,AAMC54,Academic,uvahealth.com,"site:uvahealth.com OR site:blog.uvahealth.com (""male menopause"" OR ""men's menopause"" OR andropause OR ""late-onset hypogonadism"" OR LOH OR ""male hypogonadism"" OR ""testosterone deficiency"" OR ""testosterone deficiency syndrome"" OR ""low testosterone"" OR ""low testosterone in men"" OR ""low testosterone treatment"" OR TRT OR ""testosterone replacement therapy"" OR ""male HRT"" OR ""androgen deficiency"" OR ""male hormone imbalance"" OR ""aging male syndrome"" OR ADAM)",2025/10/17,Low T & Testosterone Replacement Therapy,https://uvahealth.com/services/mens-health/low-t-and-testosterone-replacement-therapy
University of Virginia Health System (UVA Health),54,USA,AAMC54,Academic,uvahealth.com,"site:uvahealth.com OR site:blog.uvahealth.com (""male menopause"" OR ""men's menopause"" OR andropause OR ""late-onset hypogonadism"" OR LOH OR ""male hypogonadism"" OR ""testosterone deficiency"" OR ""testosterone deficiency syndrome"" OR ""low testosterone"" OR ""low testosterone in men"" OR ""low testosterone treatment"" OR TRT OR ""testosterone replacement therapy"" OR ""male HRT"" OR ""androgen deficiency"" OR ""male hormone imbalance"" OR ""aging male syndrome"" OR ADAM)",2025/10/17,"Male Menopause: Myth or Fact? How Guys Get Hormonal, Too",https://blog.uvahealth.com/2019/01/17/male-menopause/amp/
University of Virginia Health System (UVA Health),54,USA,AAMC54,Academic,uvahealth.com,"site:uvahealth.com OR site:blog.uvahealth.com (""male menopause"" OR ""men's menopause"" OR andropause OR ""late-onset hypogonadism"" OR LOH OR ""male hypogonadism"" OR ""testosterone deficiency"" OR ""testosterone deficiency syndrome"" OR ""low testosterone"" OR ""low testosterone in men"" OR ""low testosterone treatment"" OR TRT OR ""testosterone replacement therapy"" OR ""male HRT"" OR ""androgen deficiency"" OR ""male hormone imbalance"" OR ""aging male syndrome"" OR ADAM)",2025/10/17,Testosterone Discovery May Explain Low Levels in Men With Diabetes,https://newsroom.uvahealth.com/2019/03/27/testosterone-discovery-may-explain-low-levels-in-men-with-diabetes/
University of Washington Medicine (UW Medicine),55,USA,AAMC54,Academic,uwmedicine.org,"site:uwmedicine.org OR site:rightasrain.uwmedicine.org (""male menopause"" OR ""men's menopause"" OR andropause OR ""late-onset hypogonadism"" OR LOH OR ""male hypogonadism"" OR ""testosterone deficiency"" OR ""testosterone deficiency syndrome"" OR ""low testosterone"" OR ""low testosterone in men"" OR ""low testosterone treatment"" OR TRT OR ""testosterone replacement therapy"" OR ""male HRT"" OR ""androgen deficiency"" OR ""male hormone imbalance"" OR ""aging male syndrome"" OR ADAM)",2025/10/17,How Do You Treat Low Testosterone in Men?,https://rightasrain.uwmedicine.org/well/health/low-testosterone-in-men
University of Washington Medicine (UW Medicine),55,USA,AAMC54,Academic,uwmedicine.org,"site:uwmedicine.org OR site:rightasrain.uwmedicine.org (""male menopause"" OR ""men's menopause"" OR andropause OR ""late-onset hypogonadism"" OR LOH OR ""male hypogonadism"" OR ""testosterone deficiency"" OR ""testosterone deficiency syndrome"" OR ""low testosterone"" OR ""low testosterone in men"" OR ""low testosterone treatment"" OR TRT OR ""testosterone replacement therapy"" OR ""male HRT"" OR ""androgen deficiency"" OR ""male hormone imbalance"" OR ""aging male syndrome"" OR ADAM)",2025/10/17,"Is Testosterone Really That Important? Yes, and Here’s Why",https://rightasrain.uwmedicine.org/well/health/testosterone-facts
University of Washington Medicine (UW Medicine),55,USA,AAMC54,Academic,uwmedicine.org,"site:uwmedicine.org OR site:rightasrain.uwmedicine.org (""male menopause"" OR ""men's menopause"" OR andropause OR ""late-onset hypogonadism"" OR LOH OR ""male hypogonadism"" OR ""testosterone deficiency"" OR ""testosterone deficiency syndrome"" OR ""low testosterone"" OR ""low testosterone in men"" OR ""low testosterone treatment"" OR TRT OR ""testosterone replacement therapy"" OR ""male HRT"" OR ""androgen deficiency"" OR ""male hormone imbalance"" OR ""aging male syndrome"" OR ADAM)",2025/10/17,Why Talking About Mental Health With Men Saves Lives,https://rightasrain.uwmedicine.org/mind/mental-health/men-mental-health
UPMC Health System,56,USA,AAMC54,Academic,share.upmc.com,"site:upmc.com OR site:share.upmc.com (""male menopause"" OR ""men's menopause"" OR andropause OR ""late-onset hypogonadism"" OR LOH OR ""male hypogonadism"" OR ""testosterone deficiency"" OR ""testosterone deficiency syndrome"" OR ""low testosterone"" OR ""low testosterone in men"" OR ""low testosterone treatment"" OR TRT OR ""testosterone replacement therapy"" OR ""male HRT"" OR ""androgen deficiency"" OR ""male hormone imbalance"" OR ""aging male syndrome"" OR ADAM)",2025/10/19,Can Foods Affect Your Testosterone Levels?,https://share.upmc.com/2020/08/testosterone-levels/
UPMC Health System,56,USA,AAMC54,Academic,share.upmc.com,"site:upmc.com OR site:share.upmc.com (""male menopause"" OR ""men's menopause"" OR andropause OR ""late-onset hypogonadism"" OR LOH OR ""male hypogonadism"" OR ""testosterone deficiency"" OR ""testosterone deficiency syndrome"" OR ""low testosterone"" OR ""low testosterone in men"" OR ""low testosterone treatment"" OR TRT OR ""testosterone replacement therapy"" OR ""male HRT"" OR ""androgen deficiency"" OR ""male hormone imbalance"" OR ""aging male syndrome"" OR ADAM)",2025/10/19,Do I Have Low Testosterone?,https://share.upmc.com/2022/01/do-i-have-low-testosterone/
UPMC Health System,56,USA,AAMC54,Academic,share.upmc.com,"site:upmc.com OR site:share.upmc.com (""male menopause"" OR ""men's menopause"" OR andropause OR ""late-onset hypogonadism"" OR LOH OR ""male hypogonadism"" OR ""testosterone deficiency"" OR ""testosterone deficiency syndrome"" OR ""low testosterone"" OR ""low testosterone in men"" OR ""low testosterone treatment"" OR TRT OR ""testosterone replacement therapy"" OR ""male HRT"" OR ""androgen deficiency"" OR ""male hormone imbalance"" OR ""aging male syndrome"" OR ADAM)",2025/10/19,How to Treat Low Testosterone,https://share.upmc.com/2019/09/low-testosterone/
UPMC Health System,56,USA,AAMC54,Academic,share.upmc.com,"site:upmc.com OR site:share.upmc.com (""male menopause"" OR ""men's menopause"" OR andropause OR ""late-onset hypogonadism"" OR LOH OR ""male hypogonadism"" OR ""testosterone deficiency"" OR ""testosterone deficiency syndrome"" OR ""low testosterone"" OR ""low testosterone in men"" OR ""low testosterone treatment"" OR TRT OR ""testosterone replacement therapy"" OR ""male HRT"" OR ""androgen deficiency"" OR ""male hormone imbalance"" OR ""aging male syndrome"" OR ADAM)",2025/10/19,Is Male Menopause Real?,https://share.upmc.com/2021/10/is-male-menopause-real/
UPMC Health System,56,USA,AAMC54,Academic,share.upmc.com,"site:upmc.com OR site:share.upmc.com (""male menopause"" OR ""men's menopause"" OR andropause OR ""late-onset hypogonadism"" OR LOH OR ""male hypogonadism"" OR ""testosterone deficiency"" OR ""testosterone deficiency syndrome"" OR ""low testosterone"" OR ""low testosterone in men"" OR ""low testosterone treatment"" OR TRT OR ""testosterone replacement therapy"" OR ""male HRT"" OR ""androgen deficiency"" OR ""male hormone imbalance"" OR ""aging male syndrome"" OR ADAM)",2025/10/19,What Are the Symptoms of Low Testosterone?,https://share.upmc.com/2020/01/what-causes-low-testosterone/
Vitality HRT Clinic,57,USA,Private/Commercial,Private Clinic,vitalityhrt.com,"site:vitalityhrt.com (""male menopause"" OR ""men's menopause"" OR andropause OR ""late-onset hypogonadism"" OR LOH OR ""male hypogonadism"" OR ""testosterone deficiency"" OR ""testosterone deficiency syndrome"" OR ""low testosterone"" OR ""low testosterone in men"" OR ""low testosterone treatment"" OR TRT OR ""testosterone replacement therapy"" OR ""male HRT"" OR ""androgen deficiency"" OR ""male hormone imbalance"" OR ""aging male syndrome"" OR ADAM)",2025/10/19,TRANSFORM YOUR HEALTH WITH AN EXPERT IN TESTOSTERONE OPTIMIZATION THERAPY,https://www.vitalityhrt.com/
Washington University in St. Louis,58,USA,AAMC54,Academic,medicine.washu.edu,"site:wustl.edu OR site:physicians.wustl.edu OR site:urology.wustl.edu OR site:surgery.wustl.edu (""male menopause"" OR ""men's menopause"" OR andropause OR ""late-onset hypogonadism"" OR LOH OR ""male hypogonadism"" OR ""testosterone deficiency"" OR ""testosterone deficiency syndrome"" OR ""low testosterone"" OR ""low testosterone in men"" OR ""low testosterone treatment"" OR TRT OR ""testosterone replacement therapy"" OR ""male HRT"" OR ""androgen deficiency"" OR ""male hormone imbalance"" OR ""aging male syndrome"" OR ADAM)",2025/10/19,"For men, low testosterone means high risk of severe COVID-19",https://medicine.washu.edu/news/for-men-low-testosterone-means-high-risk-of-severe-covid-19/
Washington University in St. Louis,58,USA,AAMC54,Academic,urology.wustl.edu,"site:wustl.edu OR site:physicians.wustl.edu OR site:urology.wustl.edu OR site:surgery.wustl.edu (""male menopause"" OR ""men's menopause"" OR andropause OR ""late-onset hypogonadism"" OR LOH OR ""male hypogonadism"" OR ""testosterone deficiency"" OR ""testosterone deficiency syndrome"" OR ""low testosterone"" OR ""low testosterone in men"" OR ""low testosterone treatment"" OR TRT OR ""testosterone replacement therapy"" OR ""male HRT"" OR ""androgen deficiency"" OR ""male hormone imbalance"" OR ""aging male syndrome"" OR ADAM)",2025/10/19,Low Testosterone,https://urology.wustl.edu/patient-faqs/low-testosterone-faqs/
Washington University in St. Louis,58,USA,AAMC54,Academic,surgery.wustl.edu,"site:wustl.edu OR site:physicians.wustl.edu OR site:urology.wustl.edu OR site:surgery.wustl.edu (""male menopause"" OR ""men's menopause"" OR andropause OR ""late-onset hypogonadism"" OR LOH OR ""male hypogonadism"" OR ""testosterone deficiency"" OR ""testosterone deficiency syndrome"" OR ""low testosterone"" OR ""low testosterone in men"" OR ""low testosterone treatment"" OR TRT OR ""testosterone replacement therapy"" OR ""male HRT"" OR ""androgen deficiency"" OR ""male hormone imbalance"" OR ""aging male syndrome"" OR ADAM)",2025/10/19,Men’s Health Questions Answered: What is Low Testosterone?,https://surgery.wustl.edu/mens-health-low-testosterone/
Washington University in St. Louis,58,USA,AAMC54,Academic,physicians.wustl.edu,"site:wustl.edu OR site:physicians.wustl.edu OR site:urology.wustl.edu OR site:surgery.wustl.edu (""male menopause"" OR ""men's menopause"" OR andropause OR ""late-onset hypogonadism"" OR LOH OR ""male hypogonadism"" OR ""testosterone deficiency"" OR ""testosterone deficiency syndrome"" OR ""low testosterone"" OR ""low testosterone in men"" OR ""low testosterone treatment"" OR TRT OR ""testosterone replacement therapy"" OR ""male HRT"" OR ""androgen deficiency"" OR ""male hormone imbalance"" OR ""aging male syndrome"" OR ADAM)",2025/10/19,Talking about low testosterone,https://physicians.wustl.edu/talking-about-low-testosterone/
Yale Medicine,59,USA,AAMC54,Academic,medicine.yale.edu,"site:yalemedicine.org OR site:medicine.yale.edu (""male menopause"" OR ""men's menopause"" OR andropause OR ""late-onset hypogonadism"" OR LOH OR ""male hypogonadism"" OR ""testosterone deficiency"" OR ""testosterone deficiency syndrome"" OR ""low testosterone"" OR ""low testosterone in men"" OR ""low testosterone treatment"" OR TRT OR ""testosterone replacement therapy"" OR ""male HRT"" OR ""androgen deficiency"" OR ""male hormone imbalance"" OR ""aging male syndrome"" OR ADAM)",2025/10/19,Personalizing Care for Patients with Low Testosterone,https://medicine.yale.edu/lab/urology-mens-health-blog/2022/jan/
