cluster,cluster_of_AMS,n_nodes,mean_degree,median_degree,mean_betweenness,median_betweenness,mean_eigenvector,median_eigenvector
0,1,97,9.360824742,5,0.000421972,3.75E-05,0.010872272,0.009940802
3,2,151,8.61589404,5,0.000324575,3.71E-05,0.010730718,0.00985561
4,3,115,8.834782609,5,0.000765923,3.61E-05,0.010366092,0.009128783
8,4,67,6.462686567,5,0.000314483,7.09E-05,0.005863203,0.001888713
10,5,117,9.641025641,6,0.000488605,3.39E-05,0.011288536,0.009714669
14,6,56,7.910714286,5.5,0.000258634,8.33E-06,0.008271244,0.00931772
15,7,155,7.967741935,5,0.000572378,3.12E-05,0.010361032,0.007616876
19,8,66,10.12121212,6,0.000552063,1.77E-05,0.010346842,0.009918123
21,9,146,9.047945205,6,0.00036722,2.75E-05,0.00964217,0.007580494
