node,x,y,cluster_leiden,is_AMS
allan,-0.34420819572407213,-0.424028023480554,6,0
mclachlin,-0.3895964962090463,-0.4043035760937772,6,0
jameson,-0.4479647748441688,-0.4567361304058465,6,0
groot,-0.4043846355865022,-0.4821350812854372,6,0
fate,0.043852786286356714,0.4877216563135327,0,0
squat,0.14512717711633488,0.4226868939780455,4,0
elsevi,-0.40295426166020615,-0.5269475192640007,6,0
kretser,-0.42239610510295694,-0.49613741032341446,6,0
saunder,-0.3859385301373592,-0.5197364657125518,6,0
incl,-0.4998839666616692,0.26502967115297427,0,0
lipids,-0.4930109936599211,0.2737039543127725,0,0
roaccutane,-0.09485154222299415,0.48913950111870236,0,0
sunlight,-0.04834217255042904,0.5094210367779769,0,0
bitch,-0.02475080987840826,0.5410104530887901,5,0
tit,0.0015834517847393857,0.5226070361917003,5,0
beginner,0.17681332626332874,-0.5085538127521273,3,0
explainer,0.2055614637311103,-0.47401371603325565,3,0
cue,-0.14722818959077866,0.4725654891635526,0,0
mirror,-0.10742863884827661,0.4904254198824432,0,0
cycling,0.36344476462987985,0.46401326091484013,1,0
resurface,0.352861245954287,0.4735322650059753,1,0
advantageous,0.43713673507865947,0.13666696131034725,5,0
prematurely,0.44788592430236057,0.14505377437943415,5,0
cypinate,0.019849546167173035,0.5309211522493851,1,0
simply:-,-0.011209799511697005,0.5225730289712646,1,0
dignify,0.47148539774785175,0.023140629186068705,5,0
ethically,0.4414552334439659,-0.04887522966757872,5,0
circle,0.4419847630244915,0.011702685043406331,4,0
procreate,0.4349282111666403,0.00423261367838819,4,0
strange,0.4513407767048334,-0.06644309831908714,4,0
fertilizer,-0.15715104974737584,0.4857780404415621,0,0
shutdown,-0.1870841915185376,0.45349321146841626,0,0
leaching,-0.11932991831365072,0.529314844691944,0,0
entitled,0.4851609917607928,-0.030789073471616725,4,0
taker,0.4642906393894105,-0.082096776258043,4,0
grossly,-0.3865132900806002,0.36372485742058935,0,0
immunity,-0.34002946485413843,0.36249641299628,0,0
pesticide,-0.06488932379954607,0.507525598236395,0,0
chasing,-0.2870826362657658,0.39250659400808785,0,0
d’etre,0.5969159670196187,0.05704752927091798,4,0
junior,0.5503183710461311,0.004368482944635921,4,0
witness,0.5583873515654959,0.12825904403050192,4,0
niche,0.5682752060803813,0.09684907398562023,4,0
raison,0.5794576316827053,0.08186366524565258,4,0
earth,0.5353275430406153,0.11914707663320227,4,0
skill,0.530695445619968,0.12843013078601737,4,0
disappointing,0.3157443506263582,0.23854554427543576,0,0
mimics,0.26304394832507294,0.27806567440632457,0,0
eureka,0.5418787300992151,0.16621912873073524,4,0
fullness,0.3079441520414103,0.36297249116980074,0,0
assumption,0.47833077121406903,0.11917474147923669,4,0
miracle,0.5093480015467843,-0.03454112955826973,4,0
strapline,0.4999236215267861,-0.19483708567586946,4,0
spectacular,0.44008657763677206,0.18524657465082087,4,0
additive,0.443369990083223,0.23308835477923123,1,0
improperly,0.46426992806237316,0.24746408256367206,1,0
conception,0.3040305889859485,0.2667330503726983,0,0
unreasonable,0.27301105187855973,0.3684847377981967,0,0
constraint,0.19997322367346237,0.48002198555946307,0,0
feasible,0.2026412632944647,0.45805166177564993,0,0
unachievable,0.1829202742500955,0.5034933275092428,0,0
manager,0.4268236537951671,0.1492761741480893,1,0
pcm,0.4917418179463666,0.003690215158914839,1,0
aas,-0.41210638706378055,0.39706931589374245,0,0
haematochromatosis,-0.46886436214431254,0.34523605016988423,0,0
comb,0.49820051115255554,0.3242543618127042,4,0
mane,0.48478327866471854,0.32544688163786867,4,0
intracranial,-0.5105979808007725,0.3038252881262434,0,0
chitchat,0.49084927029242376,0.3480910782958167,4,0
bubble,0.09575126438070648,0.5203297979590603,1,0
syringe,0.13593623310729758,0.5448675604050457,1,0
angle,0.0800690499687386,0.5413228015563543,1,0
destruction,-0.4875067082479633,0.3100554275485726,0,0
bump,0.46473653128454934,0.41738530076547037,4,0
blvd,-0.5747198142287169,-0.35079264410100097,3,0
positas,-0.5690349446620536,-0.30751683634487426,3,0
las,-0.5726403358334881,-0.23203784169592218,3,0
stanfordhealthcare.org,0.4792176063093207,-0.06579489433359209,5,0
technical,0.4351151865624547,-0.08663774490664068,5,0
hostile,-0.4185725568862682,0.039129037046026084,2,0
personality,-0.4333559284755003,0.09453601133542262,2,0
jean,0.29597828612230737,-0.39841860887720354,3,0
m.b.a,0.30268017359688637,-0.43504623137780796,3,0
calcification,-0.334319571587802,0.028402592297978188,2,0
hopkin,-0.4637784878497879,0.040181468301922825,2,0
exemestane,-0.35351733819898334,0.23765534192004611,0,0
lazy,-0.3280514965336164,0.2929814973236468,0,0
experiment,-0.08541422993024905,-0.4586304590669334,3,0
organize,-0.04852293246849953,-0.48601449090043825,3,0
interactive,0.2904033615261227,-0.3067304511828245,3,0
invaluable,0.27958242183899534,-0.3076371655683685,3,0
aetiology,-0.43185526465069723,0.3977679301882775,0,0
panhypopituitarism,-0.4982596150993509,0.33956985862267114,0,0
psychiatric,-0.10694061222869185,-0.3754297447502817,6,0
recruit,-0.04980584330003574,-0.46247156655841715,6,0
disruptor,-0.10245350530547963,-0.39721542642859237,6,0
allowance,0.15886851214333148,-0.29437461686725747,7,0
rda,0.2035246474294461,-0.27895977072485917,7,0
cmd,0.12787937765035243,-0.438872691197624,3,0
timothy,0.14426965224656121,-0.4247223915597382,3,0
abbott,-0.3418718449277605,-0.3052258562225879,3,0
solvay,-0.34898731438316666,-0.2988079461072715,3,0
laboratories,-0.34534587218364515,-0.3181609129386523,3,0
proc,-0.14853538403719146,-0.4381810974423469,6,0
pubmed.ncbi.nlm.nih.gov/27313122/.,-0.10499973824510551,-0.44715598793904415,6,0
dubious,0.17184540831279999,-0.43724989928667657,3,0
nearby,0.24192616593116417,-0.38477397789857565,3,0
ag030644,0.19123091535113612,-0.5746290216144287,3,0
u01,0.21463262462696886,-0.5869620439177294,3,0
diego,0.39206777652432734,-0.5413554504428012,3,0
minnesota,0.3626415879578087,-0.5673273073881412,3,0
genotypically,-0.48492055163706005,0.41124886003622524,0,0
phenotypically,-0.48806249626595605,0.3963029755192366,0,0
puget,0.37725822140744397,-0.546189974960666,3,0
alabama,0.3327071759853938,-0.5548650984285999,3,0
birmingham,0.33600095642486255,-0.5234313407846877,3,0
feinberg,0.35820826844306275,-0.5308366321816352,3,0
brigham,0.28827132527221744,-0.5360810439491538,3,0
bilateral,-0.4146578009950517,0.3220175354706473,0,0
albert,0.15548715257831291,-0.5440121621149598,3,0
einstein,0.18806979690844855,-0.5430324190158881,3,0
caveat,0.40711213906401006,0.37627917930304544,4,0
inherently,0.4699408428030936,0.32759421243234876,4,0
disseminate,0.42504870638529507,-0.20250041081654316,3,0
handout,0.4345383246641494,-0.18422264865475152,3,0
comforting,0.49554056152113335,0.03840227895715167,4,0
globe,0.3840886288809305,0.3867987566120938,5,0
c.p.t,-0.033756127305282664,-0.40272157005029474,3,0
r.d,-0.012149866719743621,-0.41602300204692816,3,0
trainer,0.028865527755109616,-0.41334416995037376,3,0
blye,0.7330938841009068,-0.1285911029746718,4,0
elyse,0.7103122158386829,-0.07715174131105304,4,0
arthur,-0.12500899102947896,-0.40781617182147784,2,0
patrick,-0.1398308595107465,-0.4280134120996031,2,0
walsh,-0.11596433740681877,-0.45635814394525526,2,0
alive,0.3301711167279384,0.2682570952943472,7,0
ritual,0.3467498275903851,0.24805515857599603,7,0
gathering,0.24317792241018446,0.3012316940269423,7,0
demotivate,0.3000118133372599,0.198928235354476,7,0
retired,0.4164625077145867,0.2255840419714811,7,0
plate,0.3468555521514717,0.3714377012419539,7,0
starch,0.3024503263526296,0.4720226302694347,7,0
serving,0.26146917886537996,0.41534406235441496,7,0
fulfill,0.5320207765328108,-0.07189449079688633,4,0
oomph,0.5054884479123577,-0.11420282413704261,4,0
dream,0.5554926347695364,-0.004543329415183274,4,0
boyle,-0.05620223444973488,-0.4758082564012483,2,0
lyon,-0.08256835403121872,-0.47496508652283204,2,0
reframe,0.40423845674637654,-0.12140292804531823,7,0
tradeoff,0.3693501800855447,-0.1730405261986225,7,0
1improvement,-0.18178556697079135,0.4707456693105858,5,0
2improved,-0.23489099572820984,0.5017073049611547,5,0
3improved,-0.23108444322390154,0.5565339594588684,5,0
4improved,-0.29448798314915436,0.5326457870968798,5,0
5increased,-0.361767407813425,0.5355734002176051,5,0
authentically,0.4929182476344865,-0.06505005196919961,5,0
undermine,0.5058756323623794,0.06169886111876445,5,0
6increase,-0.4022199655271022,0.5126908394405656,5,0
sleuthing,0.49526247030039783,0.01712465600676225,5,0
dietician,0.011444979778749358,-0.3859394280743765,3,0
tandem,-0.000639932829892792,-0.4197836612724319,3,0
companion,0.5023507143740271,0.027837476666561976,5,0
thickness,-0.3741819431573556,0.5216960622535088,5,0
7improve,-0.39334799316774655,0.5044360565771707,5,0
8improve,-0.38121634133244675,0.4815707153724327,5,0
construct,0.44117103929790075,-0.023407632949857513,4,0
sufficiency,0.4561745538805094,0.03545644520775324,4,0
9increase,-0.43280731803144656,0.3166276298234132,5,0
excite,0.48034813787195046,0.06557276797236716,4,0
joyful,0.4941955474152426,0.0668468552060605,4,0
passionate,0.47453908315284277,0.08510295986522909,4,0
j.a,-0.3369248531227099,-0.34949067321951394,2,0
mendonça,-0.31900043097944814,-0.3834873088135923,2,0
frustrated,0.5581472363468403,0.05791935935228514,4,0
nagging,0.4638589351746504,0.1562177856407449,4,0
e2348692,-0.34266959254415846,-0.40710279109207015,2,0
pp.e2348692,-0.32588662833251303,-0.45537691702288663,2,0
almeida,-0.3352795073068039,-0.37326092686521156,2,0
ferreira,-0.32718259652221227,-0.37875070737389954,2,0
aboriginal,0.3844022700189427,-0.34040638111226484,3,0
strait,0.3999187742837433,-0.33856152043538795,3,0
islander,0.4192947026094476,-0.3342996797488256,3,0
psychosis,-0.4642022837351795,0.44237337966207524,7,0
schizophrenia,-0.4218052223384354,0.4695661949384786,7,0
bulimia,-0.3493910172855853,0.45319373717414424,7,0
khan,-0.3220194311738753,-0.5502805451636092,6,0
lucia,-0.3515643681902211,-0.611445210434884,6,0
m.a,-0.33539329585055766,-0.5758825201344397,6,0
preston,-0.3322489404053826,-0.5908960864566394,6,0
s.e,-0.36193291177764286,-0.6322347375124511,6,0
torre,0.39657793811792946,-0.357578780527731,3,0
socialize,0.1316909778170139,0.4579502014361871,5,0
undiagnosed,-0.014670041558812309,0.43001534218974863,5,0
g.r,-0.35801761486538397,-0.6893684882521214,6,0
bachelor,0.2934677340596486,-0.3746194548493085,3,0
sheffield,0.2767216023511961,-0.4045234311041481,3,0
fulfil,0.24492062104581588,-0.47409108338016953,3,0
o’leary,-0.37234430109029754,-0.6606771797590494,6,0
socialization,0.5248763897680879,0.14050383064201397,4,0
untrue,0.5166614666381322,0.11777758491998258,4,0
scholarship,0.22931710566268196,-0.5035783226927095,3,0
elizabethtown,0.24753063326092364,-0.5293608490994643,3,0
t.g,-0.2718168734810477,-0.6217252360288844,6,0
travison,-0.26894480177479707,-0.6056167543202108,6,0
accusation,0.47656272472187616,0.10516527325788427,5,0
steer,0.47731607342807475,0.12702289196015393,5,0
hon,0.3094681852092004,-0.5762697817768072,3,0
dps,0.34202940838638424,-0.5758747866073579,3,0
bsc,0.28974673409744567,-0.5903540459813251,3,0
p.1512268,-0.2716773548288203,-0.5561536179310093,6,0
frsa,0.31981829825578506,-0.5444389081168343,3,0
mbcs,0.3343584875776828,-0.5336505138561083,3,0
minstlm,0.3640509624168082,-0.5059912619497255,3,0
mrsb,0.3828142344512578,-0.507381344915227,3,0
biotech,0.3731344801681948,-0.483499039513207,3,0
insensitive,-0.550090594706206,0.13578600270852917,0,0
insensitivity,-0.5085382917296561,0.17372333020012973,0,0
40s-60s,-0.40497813253286746,0.3659338592814454,5,0
60s-80s,-0.3667519265166079,0.3963122632390387,5,0
imagen,0.32647463958355355,-0.4493331497975688,3,0
drain,0.4894678296890458,0.29145089307305777,4,0
wrecked,0.5140088574829249,0.27739373887264,4,0
organisation,0.554400931902027,-0.33085393847203626,3,0
accho,0.5978268384725351,-0.3601364566422542,3,0
sectional,-0.24299062816091196,-0.4657234187222125,6,0
treating,-0.3106407196877688,0.28121316218160575,5,0
wasting,-0.36090757968353926,0.21112470652629892,5,0
grubhub,0.530412294472083,0.2409261879461136,4,0
helping,0.2981267076658833,-0.38830005499715176,3,0
netflix,0.5387837142085965,0.25710455188252573,4,0
cui,0.23409349088962814,-0.3640954288627677,3,0
zhang,0.25028223628357493,-0.37078524749389247,3,0
shen,0.17626552059992687,-0.38690454941193514,3,0
gao,0.15288275726499492,-0.39698832566154685,3,0
13a,0.23011099283154976,-0.5799120902189817,3,0
parkview,0.14918014963517598,-0.5331429393667843,3,0
toledo,0.2442161804496363,-0.4466200989178128,3,0
undergrad,0.3440972157137867,-0.3870687131456862,4,0
accredit,0.26396819396750204,-0.37761855581861115,3,0
ukas,0.26280006477447726,-0.39864348266640026,3,0
loyola,0.1418932032679977,-0.4651302894531923,3,0
kadali,0.47262950300174916,-0.46846801883414996,6,0
lalitha,0.46654838953264344,-0.4280183717045116,6,0
chew,0.03927561711302412,0.6592811582608314,1,0
pouch,0.06300132899136307,0.6547164302298156,1,0
startedtestosterone,0.26234390232230786,-0.4146981245749011,3,0
reconstruction,-0.014055738012286946,-0.4352227490232173,3,0
haven,0.2603232057533488,-0.486964882944119,3,0
stanton.honig@yale.edu,0.2683997532048869,-0.4627613785862608,3,0
orchard,0.29661591824337885,-0.5089213119893942,3,0
cornerstone,0.22097759918472418,0.5492915611215113,7,0
tweak,0.24643718883827642,0.5036272629753539,7,0
stew,0.2848678850149421,0.6247687976953181,7,0
juice,0.32275628089997566,0.6251734794734038,7,0
auaer,0.13271067949832516,-0.46841615919987034,3,0
ucf,0.09365760601206957,-0.4571177010121287,3,0
seared,0.40982245508648746,0.585343167961282,7,0
embark,0.42296475418543855,0.019606973865573148,1,0
gently,0.37251910996741544,0.2096659358404097,1,0
software,0.22019784054005917,-0.4157354935776184,3,0
upload,0.1787437191852419,-0.4660095941038633,3,0
bake,0.40618178449030895,0.454479719043065,7,0
precipitously,0.5213737967768688,0.15486502178739578,4,0
uniformly,0.4829126794718643,0.09101670066632457,4,0
infrastructure,0.19849768416200278,-0.40952400410711987,3,0
garage,0.38990151094020786,-0.16325573946921346,4,0
popup,0.4087300385189308,-0.17100560261844572,4,0
blossom,0.40847475531410365,-0.1404122347639264,4,0
counterproductive,0.2534788934992339,0.2823840963305288,7,0
sabotage,0.19432181492849232,0.4125158995894626,7,0
compatible,0.2688036288611896,0.4077516617735099,7,0
cook,0.3671992129104456,0.4553379679401436,7,0
allergic,0.3860375290265606,0.32681024266316716,7,0
taste,0.3811476636359544,0.37384315243046196,7,0
licensable,0.060684268681363236,-0.5238760139471755,6,0
promotional,0.14400608072012958,-0.4412932738577994,3,0
kindly,0.2600199570978769,0.3450263840770835,1,0
omit,0.1570856051173816,0.4480583674078753,1,0
sacrifice,0.4025443590467568,0.2972818437399805,7,0
keith,0.04870886511829435,-0.5410910905567105,6,0
kprice@auanet.org,0.002314199576349354,-0.5825155515532294,6,0
validity,-0.05549663763368584,-0.5584664385090716,6,0
eurycoma,-0.4467163301336186,-0.12364736794369889,0,0
longifolia,-0.44495260516002183,-0.1148732231342991,0,0
namesake,-0.4023009919439779,-0.21055784838244887,0,0
caffeine,0.3299919409483151,0.48970027617772643,7,0
pilz,0.31483906967209857,0.4927313016464991,7,0
cup,0.3850770904727395,0.49301798120841445,7,0
eurycomanone,-0.3824684174762511,-0.13794360893352833,0,0
ius,0.30394840850355315,0.5085817046486478,7,0
allude,0.21952765065293692,-0.38141983177470773,6,0
asia,0.22153801406466433,-0.4309681943697541,6,0
originating,0.22213590679896508,-0.40691556113881294,6,0
confederacion,0.12355411085828726,-0.6576204527660758,3,0
unabridged,0.009796423553086216,-0.5550858307637089,3,0
americana,0.10794811850400772,-0.6687235483999908,3,0
urologia,0.0953451063002849,-0.6694899137050577,3,0
par,0.4451453732858134,-0.2698200535238298,6,0
superfood,0.44115722786799233,-0.25242465513455903,6,0
india,0.46534476865460456,-0.2445735908911643,6,0
ayurveda,0.43301336831264886,-0.19456924817939014,6,0
cau,0.11230862103925604,-0.6487814619458117,3,0
algorithm,0.022340854940880266,-0.5925481910439279,3,0
delicious,0.1601987585909118,0.5748780428189004,7,0
inversely,0.04311771513866842,0.5874447879399104,7,0
kurtz,0.05197021081825627,-0.8117848587816175,6,0
landon,0.0028079705500837922,-0.6860348344989806,6,0
bruce,0.05700267197411561,-0.8322184069250135,6,0
redmon,0.0615983962458749,-0.8668670694785262,6,0
kelly,0.06038585792255855,-0.9030875593035561,6,0
chiles,0.019256996437340933,-0.9291905892626862,6,0
aphrodisiac,0.15877194115999588,0.6284156401505461,7,0
symbol,0.06056435101535208,0.5986858586152776,7,0
diameter,0.11439461534342411,0.4357458008008015,4,0
millimeter,0.09693511526463185,0.45924515614602385,4,0
cartoon,0.24633045464668263,0.4475278530903964,7,0
popeye,0.2539910366052058,0.47451971128045695,7,0
character,0.24118989487929293,0.45525292731082956,7,0
gout,0.12392603256038583,0.49300864511803244,7,0
purine,0.13280809217016248,0.4960363213665799,7,0
sterilize,0.23527953148910163,0.516598132825391,7,0
mercury,0.09118355051846502,0.535607169865195,7,0
deborah,0.04965884643454715,-0.9226949195391433,6,0
lightner,0.060852522349339994,-0.9419692030804673,6,0
martin,0.06909316941752582,-0.9689157406452839,6,0
miner,0.0799414878502839,-0.9899925122466894,6,0
hassan,0.10627699603874519,-0.9956681760354951,6,0
automated,-0.07975111635771269,0.541175921634526,0,0
interplay,-0.15785438194960533,0.5571304298105247,0,0
preservative,0.2502975380595673,0.5226161618352884,7,0
dea,0.17715068945262477,-0.3432957697382598,1,0
inspection,0.10562968644070524,-0.3982869335139096,1,0
murad,0.11623820500015287,-0.987522788905394,6,0
hello,0.6321084317401827,0.04966144292565959,4,0
microphone,0.6563612347949318,0.08936463573602035,4,0
presumably,0.40821158563147986,0.3036202185476595,7,0
yolk,0.41709505391593055,0.2604803710497326,7,0
predate,-0.42830265925524325,-0.04964573928515564,2,0
uneasy,-0.45096204063161854,0.04914583195769619,2,0
monosaturate,-0.027588095769863433,0.5541189577568626,7,0
virgin,-0.058000706168302635,0.5925525208157829,7,0
moroccan,0.08182274989369547,0.5843567504545939,7,0
elizabeth,0.08959855779405639,-0.9003799580494672,6,0
heartburn,0.5977734773422013,0.1615600518349681,4,0
omeprazole,0.6011435539107801,0.2078502103290872,4,0
platz,0.08951773738385502,-0.8876099253264843,6,0
scd,0.08002098458559936,-0.8458962066978545,6,0
mph,0.0933281565223632,-0.8263756690340022,6,0
surprisingly,0.5486305305352197,0.15533237059602908,4,0
marc,0.5603177020255917,-0.03245187196785859,4,0
unc,0.5556894943830536,-0.021400402008231127,4,0
lakshmi,0.08765439220934301,-0.7601851332800451,6,0
bioactive,-0.10192748685610227,0.5558365192806901,0,0
load,-0.126839174072335,0.5693751878063428,0,0
ramanathan,0.09448587908543504,-0.7291125521085173,6,0
gimmicky,0.5899384870868497,0.0673648684352015,4,0
untested,0.5632177024912516,0.0860458204248763,4,0
staple,0.4874016628844627,0.24138585759240014,7,0
sustainably,0.5077133399654568,0.15917470925793717,7,0
boast,0.4708087292221359,0.25874463701693695,7,0
lewis,0.08304202537759535,-0.6415896769550752,6,0
executive,0.08236236783794061,-0.6297277441331768,6,0
pressed,0.5241302187305643,0.16914000530176163,4,0
flank,-0.25363618788556147,0.3849240232870271,5,0
vomiting,-0.33050802928600703,0.28435910292732425,5,0
bimix,0.11226324492705088,0.4449878982505312,1,0
quadmix,0.1235495732958956,0.4458479208864063,1,0
hum,0.503458379528804,0.18735020985161935,4,0
disintegrate,0.11104870102310867,0.5380827503476735,1,0
sauna,-0.35760750306297223,0.4524029767575273,0,0
tub,-0.35290693552047137,0.4370895554528113,0,0
whirlpool,-0.3965655708881056,0.42630237067453053,0,0
troche,0.033147153274790946,0.49020361171963667,1,0
myers,0.10377057491635505,-0.4468021054779344,3,0
writer,0.057108508018887304,-0.49720308910152117,3,0
umiami,0.026412923353268454,-0.48031908211764524,3,0
wyatt,0.10260656608643322,-0.42507900620442013,3,0
nandrolone,0.2565755383015786,0.4297516444414194,1,0
stanozolol,0.29448929109927857,0.3848565286280113,1,0
oxandrolone,0.037361445724318536,0.41567012882613147,1,0
creativity,0.28189244667659025,0.32889217224752304,4,0
probe,0.32470906862814997,0.3072142495450302,4,0
goodrx,0.4699453308118307,-0.12490907964083986,4,0
singlecare,0.469465742162143,-0.10288107314893163,4,0
backfire,0.35797470119039765,0.16100175529582855,5,0
candle,0.2984911548057021,0.2492188906776964,5,0
beer,0.3122888824674727,0.3750059706479188,7,0
laden,0.32466073157165987,0.3720671773957938,7,0
insult,0.2834215713802267,0.3675614718945291,7,0
mid-20,0.23969116239780652,0.4180615971622072,7,0
johnson,0.4366694845620142,-0.3833553148103784,3,0
respectful,0.501864571845184,-0.42872315175280673,3,0
devote,0.1623855757433992,-0.3629102416660327,2,0
establishment,0.18608913320233744,-0.3679062287758729,2,0
dane,0.4008953645277833,-0.40272115333953995,3,0
golf,0.4121735300072814,0.3704224386342785,2,0
grass,0.41715855595448026,0.34930176863887463,2,0
hyperestrogenemia,-0.49711681169953187,0.0388278774988346,2,0
recurrence,-0.5242298588190082,-0.033919619264562065,2,0
mucosal,-0.2064156924829514,0.4362501602624721,1,0
mucous,-0.14333687467378184,0.4440234350910866,1,0
broadcast,0.21990066721023652,-0.4464026986359312,3,0
pkg,0.24013466755893442,-0.4158018178479065,3,0
categorization,-0.48643527435888945,0.1902007279676018,0,0
conceptually,-0.4948475013352893,0.13488901279401921,0,0
adequacy,-0.24086283809670012,-0.29813651609030695,2,0
categorizes,-0.3369809922393841,-0.23494276883420745,2,0
hse,0.3667965889355992,0.5458070274612852,1,0
ireland,0.3770912478268289,0.514175740261096,1,0
homologous,-0.2756674077368919,0.37912887856086147,0,0
lutenize,-0.28018150345653686,0.40662542309127486,0,0
generalizable,-0.3770049829928806,-0.2052858828882027,2,0
andr.12770,-0.12241300347003103,-0.5810632030196196,6,0
doi:10.1111,-0.12135851011693742,-0.5600865383453891,6,0
eaa,-0.2689255819836847,-0.5178825145190207,6,0
jc.2018,-0.24419111743136965,-0.5253728425832564,6,0
diem,-0.12206557918443534,-0.5201170706553926,2,0
doi:10.3949,-0.10664183077561792,-0.547070944056994,2,0
ccjm.91a.23064,-0.10993230854489129,-0.5337215451850553,2,0
doi:10.1056,-0.08929749016358249,-0.571134458702589,2,0
nejmoa2215025,-0.06313584442555767,-0.574004619504986,2,0
shumaker,-0.040956482202517255,-0.5938271235919081,2,0
exclusively,-0.4366212003352073,-0.1851870866753068,5,0
formally,-0.40275743228950484,-0.24263911992075227,5,0
excipient,-0.23497685497555013,0.35650411275802124,1,0
permeator,-0.18488829249630498,0.36711111024861437,1,0
anosmia,-0.24328192983580288,0.4940114250757637,0,0
blindness,-0.24847023025438053,0.5566439160247819,0,0
masturbation,0.32692472245862547,-0.355545962348763,3,0
receipt,0.34527037793401216,-0.35244107763664506,3,0
al.4,-0.26419992450668967,-0.4432165485977606,2,0
millar,-0.2850061692993207,-0.4402250284950359,2,0
speculation,0.37932879648080753,-0.32804100288163973,3,0
feldman,-0.4642470664471006,0.08296273144833226,5,0
mid-,-0.43826263330979776,-0.03139573971190181,5,0
late-30s,-0.4354863707580774,-0.043136270942266054,5,0
nad,0.38171298148695665,-0.08231975721924797,0,0
slang,0.33968449593939487,-0.1865802045716039,0,0
finer,-0.05866948722571552,0.4504276957734733,0,0
shorten,-0.05060916303773144,0.46439309977335436,0,0
"+1,150%)—likely",0.3805128876383525,-0.2991075571033226,3,0
terms—“secret,0.4007255302235637,-0.2846168390138676,3,0
nexus,0.39068003074225094,-0.31222124037039656,3,0
webinar,0.43885700383211373,-0.21270847119062491,4,0
youtube,0.4435784671601189,-0.20661848891746445,4,0
gso,0.3091395941552514,0.4984256508805448,1,0
shallower,0.20892266719328875,0.5374366542746041,1,0
kudo,0.5152391056759038,0.05661150805054355,4,0
pat,0.5020663731403052,0.0781536098862308,4,0
briefly,-0.03271876857388999,0.47872227293091363,5,0
capability,-0.11101570196019862,0.41877757701376317,5,0
corticotropin,-0.5665644454543973,0.27796705613580147,0,0
testosterone.9,-0.5244987944519502,0.31814697622449345,0,0
plug,0.5004470321953574,0.1042684832914716,4,0
suspend,0.35200479364316334,0.4819538616205231,1,0
coefficient,-0.4384093252949931,-0.2447815323381867,2,0
plague,-0.47663192329615345,-0.030564633793868368,2,0
precision.10,-0.40460069265542,-0.2573312583940562,2,0
bathe,0.02922151689880093,0.618225587134074,1,0
fortesta,-0.0582292551301768,0.6343287252468106,1,0
soak,-0.01623952954357017,0.5612612128779902,1,0
vogelxo,-0.0359382338203362,0.6178353002729039,1,0
revitalize,0.4428105346320021,-0.2339049024553414,3,0
unverified,0.4090734425246301,-0.24042161573681023,3,0
speculative,0.3997310824646889,-0.2345731078042184,3,0
jatenzo,-0.1601419468283662,0.4666113276746291,1,0
tlando,-0.15511155831217466,0.5126159195278706,1,0
lymph,-0.18917574512176155,0.5429388560588086,1,0
graft,-0.04071438927137492,0.6547710039385236,1,0
grafting,-0.1288488274025224,0.5966228275019462,1,0
bless,0.5392054246187488,0.2761210116065501,4,0
overwhelmed,0.5599978165051251,0.27453608750068353,4,0
fda‐registered,0.48974035236660085,-0.07213986685160947,3,0
lengthen,-0.12240559413036192,0.6269023154003786,1,0
induration,-0.5494742262312287,0.1984933196399237,0,0
palpable,-0.5466397508387524,0.17545594261188263,0,0
stitch,-0.22475944866254802,0.6544278191237863,1,0
bent,-0.22402508784163774,0.6151457983705083,1,0
plication,-0.1452789927901043,0.6370410999900044,1,0
evenly,0.49858398592448355,-0.2075040032823962,3,0
uptick,0.48242275359495773,-0.156757872398179,3,0
harmonization,-0.07066625206416174,-0.45795404057530154,2,0
pathologist,-0.059400253179902246,-0.4583181121651619,2,0
appalachia,0.5630958466100189,-0.19542517765223277,3,0
sera,-0.13264412377930263,-0.40623626881361,2,0
chromatography,-0.12202364132761902,-0.3897888814796913,2,0
spectrometry,-0.17051894937888182,-0.3519349085465468,2,0
oklahoma,0.5488577359769943,-0.22582783307760002,3,0
idaho,0.5293326514906738,-0.24889045776895052,3,0
arkansa,0.5336317910320214,-0.2855717956807004,3,0
wyoming,0.5149719372566456,-0.31629943869996846,3,0
deformity,-0.2116306591590216,0.5391874228939538,1,0
hourglass,-0.2330501600520262,0.5454357785669988,1,0
curve,-0.22251998376119458,0.5448177614381201,1,0
collagen,-0.25190069648184404,0.5395792260555438,1,0
fasting,0.06776802447036767,0.5751615755030685,5,0
forecast,0.23498270408514013,0.5382885166365957,4,0
arizona,0.3209326383853018,-0.3873495139795162,3,0
tennessee,0.35095480124610184,-0.3390173621603182,3,0
degeneration,0.11987361143777407,0.5048976627668723,7,0
hasten,0.10187599006326334,0.4866798857556651,7,0
constrictive,0.3742206640352197,0.41547974635627016,1,0
cumbersome,0.3435198453175914,0.39754225134895893,1,0
altered,-0.24219432473092864,0.42994305580498954,5,0
neglect,-0.16680478282008898,0.42937438591529214,5,0
stature,-0.401780653456852,0.22523924059646735,5,0
accomplishment,0.04533779827613766,0.43095431693769765,5,0
election,0.4216735270351778,-0.3032113691478275,3,0
presidential,0.4333614669347692,-0.26832843257657923,3,0
contradict,-0.2980732416705468,-0.27099867971426017,2,0
pool,-0.2082144839479929,-0.2633376226439959,2,0
d.c,0.41971127517571016,-0.35270366902145567,3,0
island,0.40267648146111856,-0.3902850641473944,3,0
distinction,-0.2866594085484342,0.3767358981973755,0,0
similarity,-0.3621522733201232,0.308116943363188,0,0
rhode,0.3817560355628034,-0.3831631120281926,3,0
delaware,0.41452733604517,-0.3976290118868246,3,0
backseat,0.4426356440286216,0.31562934672702425,4,0
jog,0.48605266484550175,0.3066202976605359,4,0
empire,0.7447287778970851,-0.0889098123856217,4,0
war,0.742778686379505,-0.10049192648846357,4,0
toyota,0.7042810197997753,-0.028374485092098955,4,0
camry,0.6807903673580007,-0.03204009558502843,4,0
intertwine,0.4558907270176932,-0.12058647815345763,3,0
leaning,0.4427892807380837,-0.15048490377332005,3,0
talent,0.6502503579136673,-0.038805277418140466,4,0
jointed,0.5471996934780442,-0.1347711209827676,4,0
reignite,0.4461121282597394,-0.09057782427925726,3,0
customizable,0.46871563386889586,-0.053167264630120004,3,0
application.228,-0.11054648272982674,0.470504268372559,1,0
enhancer,-0.03572571116498668,0.5132933199344106,1,0
solubility,-0.12651687791083777,0.46657615554221776,1,0
capogrosso,-0.08982343684320444,-0.5252791366981331,3,0
prof,-0.07977728585059299,-0.5036263111888346,3,0
sponsoring,-0.17527138800971984,-0.6798178594686237,6,0
yialamas,-0.17945191792828138,-0.702288555119129,6,0
occlusive,-0.20041835564672855,0.48038567164747553,1,0
washing,-0.2824136791246705,0.45704184362013084,1,0
fold.415,-0.2798156502261777,0.4812380350756289,1,0
men,-0.3497908722523147,-0.12168953985551087,0,0
survivorship,-0.3509273841802389,-0.04535030402151483,0,0
therapies.417,-0.22914414421534046,0.42212609190815975,1,0
dysmorphophobia,-0.4700511131286521,0.13767313599286213,0,0
hypoactive,-0.44777510680677773,0.32058386894913204,0,0
cervix,-0.5624124797210925,0.027546801531528674,0,0
sti,-0.5431877400200037,0.14810674333277096,0,0
transgender,-0.4935767987831401,0.0984365868216051,0,0
phimosis,-0.44536535814833894,0.22790807918191974,0,0
culturally,0.4047190935319672,0.0004533834751283157,5,0
resonate,0.38698937362367586,0.002435122406733752,5,0
stimulant,-0.47510375888775425,0.18553747958278435,0,0
t.h,-0.0848324839054634,-0.5561104747338924,3,0
otc,-0.49854530176620343,0.14520016890580262,0,0
hours.424,-0.39674449185609434,0.3100916957601694,1,0
minutes.425,-0.3280262776581386,0.350093793214649,1,0
ethnicity,-0.4320474782662195,-0.19407175723327733,2,0
household,-0.42662219616350705,-0.2025355018003206,2,0
income,-0.4243169526963305,-0.1769778233948818,2,0
rural,0.401195131017462,-0.21921003553740506,1,0
suburban,0.39284276304032467,-0.22547780897061517,1,0
mirroring,-0.22774515418377833,0.39187643900662944,1,0
predefine,0.3757320335593908,0.17818084496842093,4,0
symptomology,0.3979296566386284,0.1918611802638694,4,0
aneurysm,-0.5781532727187397,0.1973233745472002,0,0
aortic,-0.5595519099300706,0.1555397746497489,0,0
smack,0.4966742302338459,0.13747401510030122,4,0
yearlong,0.4951272972675381,0.16523792917583155,4,0
dab,0.5019633428058375,0.14857401611898,4,0
desai,0.1845915652923397,-0.49601576870818076,3,0
sethi,0.22397063047634075,-0.48440982215444184,3,0
uhealth,0.06924164713014608,-0.4683388452127256,3,0
bioequivalence,-0.362806094552073,0.27890248524329986,1,0
values.428,-0.3883235175792284,0.2314146680508396,1,0
brca,-0.5483921224705761,0.03592914464665819,0,0
con’t,-0.6116800814937553,-0.030318955373372414,0,0
recording,0.5156268827988413,0.10611583410949128,4,0
noteworthy,-0.3573803924977957,0.19493152297778032,1,0
rhythm.181,-0.36307489181805536,0.17615002395733856,1,0
beef,0.42756472307194104,0.5535586547649342,7,0
poultry,0.41786275508128395,0.519257279517946,7,0
skinless,0.43481756422065837,0.48761553723417356,7,0
berry,0.3749604713481229,0.587038909351259,7,0
carrot,0.37267185903874006,0.5964752053102618,7,0
broccoli,0.3599583068121877,0.59628273740258,7,0
maria,-0.19629523854503061,-0.723985593528373,6,0
navy,0.31029209387209983,0.6205440592410326,7,0
lentil,0.33737731077203137,0.6105902435937939,7,0
behavioural,0.35163225568279133,0.38312902730724707,5,0
cbt,0.3619291246853215,0.319028130473298,5,0
hpv,-0.5292625735528447,0.0073597434515752,0,0
monkeypox,-0.5568578055195764,-0.018444833476298415,0,0
chickpeas,0.32867741300870923,0.6137775603720492,7,0
hays,0.0725701171523659,-0.5146296376358078,3,0
taylor,0.03607814530584498,-0.49065606749137824,3,0
oat,0.3452902668369783,0.5971692140214533,7,0
pneumococcal,-0.5401952935995168,-0.057786135150278965,0,0
shingle,-0.5585035735449047,-0.008417377017664172,0,0
minn,0.1985515687169111,-0.6450557411217185,3,0
wheat,0.32814169436428825,0.5715962722909267,7,0
influenza,-0.5257970949930227,-0.1124998533196519,0,0
tetanus,-0.5365013321365198,-0.10397216869055322,0,0
glucagon,-0.40901497476212095,-0.05925216333551919,0,0
peptide-1,-0.43085698893440455,-0.07561362182277309,0,0
cereal,0.3106997963562053,0.5685377257241413,7,0
phytoestrogen,0.1876334017179078,0.5553323380981164,7,0
wine,0.33469072966398533,0.43824419040833795,7,0
robyn,0.417150314974396,-0.6777848587159924,6,0
zercher,0.4636940530783116,-0.7335712873847277,6,0
fnp,0.4903482931510825,-0.8057423529514389,6,0
pasta,0.3267227882492507,0.5294358845144669,7,0
snack,0.2866925288040201,0.5918205950934599,7,0
prep,-0.5199033336585828,0.1232661036776614,2,0
prohylaxis,-0.5568875019852744,0.08446700504175673,2,0
baton,0.5108663877704838,-0.35350269152698016,3,0
ext,0.5636085314883063,-0.37611736304318477,3,0
rouge,0.4878308069258926,-0.3427223481593534,3,0
slidell,0.5504554148305699,-0.4456943915748714,3,0
covington,0.5522019213294943,-0.4192422791750845,3,0
tammany,0.5367012659611226,-0.420906286333834,3,0
parish,0.5866877244253619,-0.4534658555963552,3,0
northshore,0.5561578289564157,-0.4717698749104988,3,0
kenner,0.6011281017698226,-0.4358621576763374,3,0
shiny,0.5245676394458392,0.08318047836497906,4,0
wipe,0.502643389711165,0.09043833080175599,4,0
alvin,-0.19410403362124942,-0.793489700094309,6,0
baptist,0.5848569188043932,-0.43122528331359883,3,0
hwy,0.5851127252309769,-0.4113532870020523,3,0
jefferson,0.5803567791823883,-0.39296406103508913,3,0
(aspen,-0.0685219179660541,0.6253108894746735,1,0
phenylpropionate,-0.005085359242932455,0.7139871871827107,1,0
isocaproate,0.010800078028431467,0.7166284559133956,1,0
(bayer,0.014837696038597399,0.7014176973144894,1,0
brother,0.6240038937271493,0.02209573381958233,4,0
tall,0.5879747068409965,0.023021065834316526,4,0
avanafil,0.2954226896591218,0.48074447470392623,1,0
stendra,0.3143206267562962,0.43686995659796996,1,0
preexposure,-0.557731254799991,0.0959422713696231,2,0
professionally,0.38735498463461093,-0.23919962840111098,3,0
unlimited,0.3981386534038435,-0.2488135722549772,3,0
https://www.hormone.org/diseases-and-conditions/low-testosteronetestosterone-associate,-0.3460095221570608,-0.2723116559743004,7,0
https://www.hormone.org/your-health-and-hormones/glands-and-hormones-a-to-z/hormones/testosteronelow,-0.19007205906260316,-0.41144004588722644,7,0
patients.181,-0.2731471100660535,0.517297266568894,1,0
vesicle,-0.21078634813681793,0.4717891308383856,1,0
pain.431,-0.21507754875852547,0.4643805539831135,1,0
https://www.ncbi.nlm.nih.gov/pmc/articles/pmc6266690/,-0.30829653367097337,-0.2621984103476875,7,0
adhesive,-0.11222480021577569,0.591469787354266,1,0
muco,-0.0924199709465376,0.5954706997355116,1,0
incisor,-0.1201907223273447,0.5858102199669453,1,0
daily.432,-0.1370149742813089,0.5754862470963563,1,0
integrate,0.3272012399679406,-0.3710819084310093,3,0
specialties,0.37787059643236925,-0.3568859885260447,3,0
gulf,0.4621659662239192,-0.22897694085630296,3,0
nonprofit,0.4226863907164772,-0.1852720454546323,3,0
alan,0.20076600918361087,-0.50933267169021,3,0
edith,0.2131921080111687,-0.5063649928222127,3,0
wolff,0.20376984964216405,-0.5319083046760991,3,0
chlamydia,-0.608454303009812,-0.04747612996544625,0,0
gonorrhea,-0.6134841972436595,-0.0696636648705692,0,0
syphilis,-0.6105071671840824,-0.021928836524375286,0,0
hike,0.45252986194731615,-0.1449988564102794,4,0
park,0.5111042679699431,-0.0917946390322372,4,0
hop,0.5360315895259613,-0.10494180808797472,4,0
italy,0.6503723679854666,-0.14242398670379178,4,0
purgatorio,0.6190821116791344,-0.14194012858383287,4,0
purgatory,0.6079243386527431,-0.15600535867260967,4,0
restaurant,0.609572064737549,-0.12790107829002242,4,0
1gm,0.08208827539372271,0.6990537604662767,1,0
4ml,0.06762536193712412,0.7239363892261262,1,0
florence,0.6579772785921014,-0.16358286499195496,4,0
dysmorphia/”bigorexia,-0.5753364978579215,0.08506631287092466,0,0
hydration,-0.06483124257494391,0.5179308585076534,1,0
levels.433,-0.17148561992036424,0.5019106554240171,1,0
dysmorphic,-0.5257059586588446,0.11453274275186805,0,0
felson,0.44790422959908527,-0.7455623626969939,6,0
sabrina,0.43011416531144475,-0.6890525116407988,6,0
audience,0.6474973232118455,-0.10121012906052296,4,0
caverject,0.15507994949041434,0.5180935160247874,1,0
edex,0.1762800473051637,0.5241767596273541,1,0
phentolamine,0.20700586263228918,0.5189211906427303,1,0
oraverse,0.23263426813034613,0.5094677580735136,1,0
authentic,0.6561008857894423,0.05955425557552923,4,0
neapolitan,0.6539570822076948,0.07097211483977606,4,0
pizza,0.6519007100832657,0.04457181301699587,4,0
canine,0.10501247230497456,0.5794356549571311,1,0
hydrate,0.031058903604800514,0.5251020036026501,1,0
diving,0.6611823115683828,0.08197994034288851,4,0
underwater,0.6391530475834813,0.014246973326251345,4,0
photography,0.7115526738676747,0.0549558286352891,4,0
piggyback,0.6824327710880714,-0.051673724193964925,4,0
semi,0.656164670630611,-0.01841895264123799,4,0
apart.432,-0.11574121603779317,0.48117196255863376,1,0
downhill,0.6162194850119712,-0.060616352952934584,4,0
hodis,-0.15807445971541892,-0.7947531683915026,6,0
ski,0.6019106712776479,-0.08403117449251657,4,0
racing,0.6001827209149289,-0.10942330738509337,4,0
palpitation,-0.07685768090156306,0.5218960357900561,5,0
running,-0.0860241547295987,0.5246066829730445,5,0
restlessness,-0.09149535346247516,0.5327344172423595,5,0
nasopharyngitis,-0.37635725624503313,0.31453518594229346,1,0
rhinorrhea,-0.37379176934200425,0.32756652394517277,1,0
epistaxis,-0.34307837622367127,0.3741329892635977,1,0
men.436,-0.34465760365930354,0.4232120985556021,1,0
browser,0.5033803596487606,-0.18312645350668505,3,0
html5,0.518745842679114,-0.19568847168072698,3,0
app,0.5372096243513805,-0.21238442398856655,3,0
bolt,0.32733118378735815,0.20818847067843382,4,0
newly,0.33775196388839235,0.3308832903601027,4,0
hyperestrogenism,-0.38729553615329354,0.3175542560699146,2,0
partially,-0.38386502251383725,0.3010823121957416,2,0
nada,0.6157434514902107,-0.042804965880414055,4,0
zip,0.6179279398261095,-0.028550911556529734,4,0
telling,0.6099222614657597,-0.007177258307558222,4,0
qualitatively,0.23922113823814567,0.3635104451846623,5,0
quantitatively,0.30205299249647294,0.3011077885746238,5,0
realistically,0.5481641242207131,-0.10100784805092293,4,0
vague,0.5643243746694181,-0.04685652143569341,4,0
concert,0.32442968626020247,0.4372866608961314,4,0
masse,0.0985718149915807,0.6093265515316687,4,0
fluoride,0.3851449576050615,0.24177177416707066,7,0
laryngologist,0.24264623776447816,0.34585841419732816,7,0
storm,0.3496445503003965,0.2828712095887684,4,0
subside,0.34211000969228617,0.2958570335510978,4,0
mini,0.20759983929351958,0.351051700240779,4,0
fly,0.48180939607498585,-0.001158296089410614,4,0
sheep,0.44714412921370983,-0.08071735665299298,4,0
biomedical,0.4437765819375571,-0.19792862816213455,4,0
states).440,-0.4337417942580014,0.1956572961615494,1,0
undenaconate,-0.4453987382113458,0.03665569816083154,2,0
discrimination,0.43126916100469603,-0.37042799897682965,3,0
dnv,0.46106836804581736,-0.35354245480620505,3,0
webmaster,0.42146584166123247,-0.4200974333046708,3,0
pediatrician,0.17313976396815928,0.39520482970642945,5,0
shrug,0.07971074339190676,0.4332033615809295,5,0
individualization,-0.3547129904965885,0.37712844400345014,1,0
loading,-0.3796080208258521,0.37942896147011224,1,0
goserelin,-0.5126206303898144,0.05299977052466307,0,0
triptorelin,-0.5176194131390919,0.01823269874461704,0,0
biosynthesis,-0.5315133514229059,-0.0021415962498195183,0,0
leuprolide,-0.5038375950555364,0.09687037517154266,0,0
metoclopramide,-0.5301843218306634,0.12382311004220317,0,0
psychoactive,-0.4999879775189518,0.12086244529642047,0,0
lake,0.44453185060111755,-0.4542420469055954,3,0
strengthening,0.2901554535090446,0.4588420165759549,7,0
unprocessed,0.29643678178598576,0.43988775279832526,7,0
benzyl,-0.4770095151645174,0.19719639409235565,1,0
microemboli,-0.46738936574750095,0.23095176285453778,1,0
benzoate,-0.4721680010834906,0.1621492665468627,1,0
component.438,-0.5138852744914011,0.08128812453382994,1,0
boxed,-0.49020654778266615,0.02802990754217581,1,0
mitigation,-0.35236144835818684,-0.07970521158588283,1,0
scheduling,0.45848501187791046,-0.4859387185469574,3,0
multisystem,-0.4778231232924926,0.32698296076270267,0,0
prad,-0.44752840763060653,0.40535822148551537,0,0
cough,-0.2923834660250378,0.34530918138877215,1,0
duration.443,-0.3269415504204295,0.3384286825064633,1,0
conservatively,-0.33921157730926105,0.25150696984521564,1,0
hayes,-0.1566076029874476,-0.774775141976773,6,0
https://thescoperadio.com,0.5928082316164596,-0.21933597145349323,4,0
https://www.facebook.com/whocaresmenshealth,0.7507187414101463,-0.25618893562339784,4,0
https://whocaresmenshealth.com,0.715487819619908,-0.23196325161068662,4,0
patches.182,-0.34040684512549024,0.23825543830866894,1,0
reformulate,-0.392084681802447,0.09073224843310054,1,0
crystalline,-0.32540853628314287,0.044162808017659046,1,0
hypoplasia,-0.5298667148353909,0.27349240936041586,0,0
underdevelopment,-0.4989728970970625,0.30497451616758686,0,0
evan,0.04857627351862141,-0.492553991666974,3,0
hadley,0.09682133104555256,-0.49551507096494035,3,0
atlanta,0.277895981119996,-0.4183897378805435,3,0
profilesexplore,0.27248312934496893,-0.4321849641960214,3,0
gupta,-0.36945892860081514,-0.4453587613877027,6,0
hackett,-0.399884639204675,-0.3176869932542812,6,0
https://www.ncbi.nlm.nih.gov/books/nbk549843/,-0.3652586301137391,-0.3813555665889965,6,0
hearnshaw,0.1441866079215927,-0.48542604859779653,3,0
pp.238,0.07004082990043616,-0.4589274945142797,3,0
ltd,-0.34908377040071165,-0.4520300944706281,6,0
channel,-0.14694418777249998,0.4999254148965921,1,0
ecchymose,-0.287291219815042,0.3548667120130398,1,0
headline,-0.3612549994977676,-0.4244142019872074,6,0
s.l,-0.36861023425182776,-0.41527437476263585,6,0
huo,-0.26967631662094393,-0.6587175456148583,10,0
scialli,-0.31033299729101704,-0.6380489107282353,10,0
a.r,-0.2864854436843513,-0.659353665296761,10,0
mcgarvey,-0.2767539307824621,-0.6460393214296686,10,0
hill,-0.26824711841548615,-0.6704458899296103,10,0
tügertimur,-0.3060700368104111,-0.6672177227897067,10,0
hogenmiller,-0.34715056499697516,-0.6774900674035851,10,0
hirsch,-0.3368399803420299,-0.7049078277328199,10,0
a.i,-0.2880033380162397,-0.7604185210959906,10,0
fugh,-0.3030926143111568,-0.732258578833317,10,0
berman,-0.2916595802355335,-0.6972692067949923,10,0
pp.42,-0.3487293037599031,-0.5076519858351458,6,0
gurney,-0.36290965619766063,-0.4692258591055209,6,0
enantate,0.1102624693529749,0.6588948785227949,1,0
inflate,0.2475564978951063,0.4925301813085395,1,0
rod,0.15839178015808006,0.4566259918896067,1,0
semirigid,0.1428698202676194,0.565791724785675,1,0
glenn,-0.12927997337207298,-0.7247486337172333,6,0
virormone,0.13735213365338572,0.6519671167945618,1,0
(nordic,0.1486856483740588,0.6410699177519429,1,0
bendable,0.09960974344694483,0.5440081714919779,1,0
plos,-0.1834044630132745,-0.6131770042581233,10,0
p.e0162480,-0.14500439395318898,-0.5953447133229507,10,0
superficial,-0.16613068581476745,0.5167837759662968,1,0
skin.449,-0.20533420944135983,0.5003919537016199,1,0
merit,0.5872142262195325,-0.054182174533680245,4,0
recheck,0.6020968488098425,0.19189255850394857,4,0
guasti,-0.2564897684725207,-0.43472805380622725,6,0
parede,-0.24864979760261238,-0.4705527559677236,6,0
juan,-0.14909388185142614,-0.6949708248098256,6,0
aquino,-0.23015019822685445,-0.4586566633320082,6,0
fernández,-0.28286843503998427,-0.45388252756201847,6,0
pp.557,-0.20820465743171696,-0.4632708184886323,6,0
ventura,-0.2155467390862384,-0.45301361759567293,6,0
verboon,-0.13632101398257934,-0.5183393762277834,6,0
dewitte,-0.153993501180187,-0.4918255106117124,6,0
jacobs,-0.17580075363710293,-0.5249789144251787,6,0
thewissen,-0.16794649453138888,-0.5067210902548659,6,0
coagulant,-0.462575555986374,0.10409119735131592,2,0
hematoma,-0.3376092558397793,0.2822612886858895,2,0
lankveld,-0.20831270808824015,-0.5184826220344341,6,0
shalender,-0.13675283103116975,-0.6792067195496655,6,0
https://www.ncbi.nlm.nih.gov/pmc/articles/pmc1476110/,-0.256126304656564,-0.5062233622208079,6,0
polycthemia,-0.4713253743409732,0.09410972556692491,2,0
neuroimage,-0.4336674620247953,-0.32660998763138555,6,0
rajfer,-0.4069211223024435,-0.37636363916869786,6,0
pp.855,-0.4147442971941797,-0.3502596197555379,6,0
magnetic,-0.5151982237514452,-0.2228558967724111,6,0
moserthroughout,-0.28093110933915055,-0.3436017724195622,2,0
sara,-0.24193997890819463,-0.3868705986343917,2,0
resonance,-0.47828820326013016,-0.24787815492141846,6,0
p=0.03).220,-0.46274921811445396,0.015088438607470637,2,0
burnod,-0.5686024788703985,-0.2791678148658989,6,0
issac,-0.53890572011214,-0.29346206492971605,6,0
paradi,-0.5477305189408865,-0.28013628927247985,6,0
bittoun,-0.5214854752261805,-0.2799820794581708,6,0
fare,-0.3219093528330547,-0.2880021507169668,2,0
glutron,-0.520206655170461,-0.2587923205384771,6,0
pélégrini,-0.5204698095462189,-0.3090782367857033,6,0
moura,-0.5365682912435347,-0.31590958712149236,6,0
stoléru,-0.526947194865864,-0.296240655123926,6,0
"(ferring),gel",-0.00907634288223962,0.6868168618804654,1,0
mg/5,-0.03832304321377609,0.7136073407690638,1,0
jcem,-0.14072535465040573,-0.6635935705022991,6,0
discrete,0.31458879992858185,-0.2550623265250112,1,0
packaging,0.31342130076284075,-0.2413202515916593,1,0
https://www.ncbi.nlm.nih.gov/books/nbk513278/,-0.5585491575730881,-0.37891491871612815,6,0
butterfly,-0.39458704475068335,0.45857925266536376,0,0
gabrielson,-0.40986657665240955,0.4602091619316269,0,0
"events,363",-0.5082245070775006,-0.280007508915546,2,0
"risk,233",-0.5043697971835829,-0.3100470587954782,2,0
risk.373,-0.4756068940412066,-0.313925334702039,2,0
"analysis,372",-0.4156852222765042,-0.34023952177073574,2,0
testogel,-0.0493609145055607,0.7899520965226872,1,0
"(besin),gel",-0.0320976588070841,0.7815087349412363,1,0
durland,-0.4326483078056754,-0.29382022392943485,6,0
zito,-0.45727644035773496,-0.3121156571074847,6,0
panchatsharam,-0.4223126688188241,-0.2635231207035319,6,0
pp.349,-0.4156040158980639,-0.23583765900132683,6,0
eric,0.5316100309074981,-0.27214809887270175,3,0
laborde,0.56844168842665,-0.2866247730444757,3,0
conferencing,0.4212322103560285,-0.2747025279810548,4,0
overstate,0.45035610454521285,-0.18010150287774335,4,0
irreversible,-0.427473881668567,0.007239790182355971,5,0
underutilise,-0.49824528749655483,0.0029664558991484274,5,0
abhinav,0.18782300756023998,-0.4459377733729276,2,0
prevail,0.08283868432280306,-0.46166355202078296,2,0
vol,-0.4149304675907274,-0.22103829228295993,6,0
handbook,-0.454603643447417,-0.1819516284966315,5,0
tostran,-0.0151334071619903,0.7770024556608894,1,0
"(prostrakan),gel",-0.05024097778265422,0.7707998740756536,1,0
circulating,-0.31335752786931104,-0.3072107013698048,2,0
hospitalization,-0.3503618345214136,-0.24503744770345162,2,0
fruzzetti,-0.4176433862395656,-0.10247617068548219,5,0
p.100426,-0.4681887555373038,-0.05366925436549161,5,0
hazlett,-0.4682052415199903,-0.04546289384751748,5,0
kadono,-0.4584007101759053,-0.3381259734444083,6,0
mizokami,-0.483579727017591,-0.2898921597187367,6,0
namiki,-0.47514446863925,-0.3283750000680108,6,0
prod,-0.3795846379992974,0.508315365790007,0,0
trh,-0.30473792448631537,0.4673849813977463,0,0
nohara,-0.4899315880012364,-0.3376214818953172,6,0
izumi,-0.49591125211951775,-0.3193373158186665,6,0
hospitalize,-0.17277085123593816,-0.3307850352433361,3,0
remained,-0.1395578367237609,-0.36656832180691523,3,0
iijima,-0.5130584049582758,-0.34966840145731554,6,0
kawaguchi,-0.5196202164447219,-0.3252109440305336,6,0
shigehara,-0.5179334555526064,-0.42268416195045927,6,0
barne,-0.10170049480999821,-0.3862284073568279,2,0
jewish,-0.05898426132392243,-0.4027522970166869,2,0
kato,-0.5148081543039318,-0.3829792804568571,6,0
https://www.ncbi.nlm.nih.gov/books/nbk534827/,-0.4637767868728646,-0.4678102552581218,6,0
er.2017,-0.1371738709366985,-0.7653913999729063,6,0
lesson,-0.06507742846291707,-0.6692834895526387,6,0
https://www.urologyhealth.org/urologic-conditions/low-testosterone,-0.0560596876059026,-0.6531167396785528,6,0
caban,-0.3851723117112872,-0.4248101053151278,6,0
factory,0.3541624280116842,0.4092723743757572,4,0
worker,0.3509420801389543,0.39417693326580766,4,0
p.98,-0.3396527986750098,-0.44006391280429374,6,0
dhindsa,0.10055422304070895,-0.5361766815288168,3,0
sicker,-0.056256736650696686,-0.5145591089583503,3,0
autonomy,-0.36504343879756734,-0.09360498340098276,2,0
prescriber,-0.36846465617806895,0.059196525219073697,2,0
breehl,-0.3581341120602528,-0.4328937425011073,6,0
pathophysiology,-0.3706839295437313,-0.4575161607657382,6,0
population‐base,-0.4874423127795883,-0.34789116796000374,6,0
pp.317,-0.43761552362250805,-0.38319767823988793,6,0
chung,-0.4233277673869657,-0.41951702557335496,6,0
multidose,-0.09469742144308271,0.6832956127270522,1,0
dispenser,-0.08022744763834214,0.6852612855366316,1,0
dennerstein,-0.5979816921406378,-0.20328177832079247,5,0
maggi,-0.4804555113686235,-0.06665456542932481,5,0
maturita,-0.5750150649589667,-0.13910490526184555,5,0
pp.46,-0.5721653080239871,-0.17973737863713504,5,0
haye,-0.5904387394510444,-0.21719866403839966,5,0
doi:10.1016,0.06474685387153867,-0.5538879835155887,3,0
j.urology.2016.12.066,0.080506277606684,-0.5488868215167727,3,0
synder,0.11389521979406021,-0.558296870488214,3,0
calculated,-0.3842697057467517,-0.26916436883302397,2,0
p=0.02,-0.3661984221831759,-0.321410164580706,2,0
erratum,-0.3069363776766334,-0.3396924700188263,2,0
fertile,-0.4111709732786161,0.06881194217499957,2,0
withdrawal,-0.382207274608229,0.031074670542477978,2,0
rastrelli,-0.45604707818114765,-0.059869558964643375,5,0
dataset,-0.2524341947881628,-0.3279576687487871,2,0
gilbert,-0.05048829240833473,-0.5370510978007946,6,0
scrotal,-0.15269535474170837,0.597098143060075,1,0
askmayoexpert,-0.06901191747719573,-0.5362736710872438,6,0
extraneous,-0.4115648611195987,0.055367746377721364,1,0
wax,-0.37861869330488274,-0.05899555940440224,1,0
hashimoto,-0.5229500209869065,0.17086907684092306,0,0
thyroiditis,-0.5312206125325738,0.18951661928720667,0,0
finkle,-0.37917710567929624,-0.2892991682671153,2,0
truven,-0.4159517974518754,-0.25132393984425216,2,0
"n=55,593",-0.46987732171759866,-0.22676920356621613,2,0
albeit,-0.3509870883970995,0.156663093916513,5,0
prn,-0.32050809191788293,0.2588539503068412,5,0
summarise,-0.358377784410615,0.34554294235473704,0,0
flagging,-0.3023814333609909,0.356746312927812,0,0
convincing,0.42037456472199786,0.1681123757789324,4,0
huh,0.4666944296755786,0.05137097166827944,4,0
disappointed,0.07212268478712211,0.5337268908534892,4,0
unwaveringly,-0.10116989630750758,0.47544041257320424,4,0
inordinate,0.2699992647336788,0.38283894130540447,5,0
unconscious,0.27709569436236486,0.37633025254462443,5,0
abbreviate,-0.27905965265290145,-0.2989724237099277,2,0
striking,-0.3895919166271513,-0.3084540733636854,2,0
religion,-0.2005256182595242,0.3380029849725181,5,0
stereotype,-0.1426957914035853,0.39181001957545614,5,0
affirm,0.6114684070717741,0.1144584745286644,4,0
girlfriend,0.5442286073881545,0.09369635870293316,4,0
massively,-0.2508373807604756,0.2741973019038811,5,0
endothelial,-0.3654562986858746,-0.24461453016075826,2,0
chafing,0.5928893338657542,0.19814656031843927,4,0
marathon,0.6172178612698334,0.19124767971222906,4,0
aroused,-0.45104766608051144,0.09556097215052631,5,0
habituation,-0.3948381564125248,0.038391603727299335,5,0
stabilizer,-0.36671508232673644,-0.22492784959438453,2,0
cardioprotectant,-0.3775992528681439,-0.23762788828560535,2,0
mate,-0.4250673880421201,0.09237431946243266,5,0
insignificant.366,-0.531601077506476,-0.17403815046559595,2,0
"n=1,773",-0.5428438630829414,-0.19840288988457797,2,0
"n=1,261",-0.541271455153838,-0.1212491787199364,2,0
biorepository,0.005216807752598208,-0.5400912683680443,3,0
ict,0.06342849956184461,-0.6272314364777078,3,0
or=1.54,-0.4996017812426897,-0.1584045269714299,2,0
copulate,-0.4301487261777665,-0.05873486739349233,5,0
novo,-0.4346440324696353,0.027086720759849307,5,0
renewal,-0.43033408889141317,-0.12019098154085746,5,0
tremor,-0.2758525997000252,0.5072302340879727,5,0
warm,-0.26030185514326937,0.5154893943530682,5,0
stratification,-0.3361286474029631,-0.2829904019882086,2,0
n=13,-0.1796489349077884,-0.4023270320953424,2,0
animal,-0.39429362164515186,-0.14719767968743935,5,0
or=0.89,-0.07529680627550508,-0.44127487108296964,2,0
.in,-0.2928184122844049,-0.20492556995790048,5,0
homogenous,-0.30339189843922226,-0.317484550308121,2,0
or=2.06,-0.23622110897242632,-0.3417717144561179,2,0
favor,-0.44420255571899503,-0.23479199341331045,2,0
unpublished,-0.453927437178628,-0.1446276187957265,2,0
edwards,-0.22421537035740002,0.3717816153466078,0,0
hudson,-0.20163842322568828,0.3994357064413147,0,0
garbage,0.4469118469041693,0.3371459314560747,4,0
hardly,0.44025619484222417,0.35365627176096615,4,0
"muraleedharan,233",-0.5318833517589003,-0.021365441221794,2,0
shore,-0.48239100904603666,-0.03747171605924716,2,0
baillargeon373,-0.5481625722527271,-0.031663323944961824,2,0
"deaths/1,000",-0.5304273770700878,0.044303751814945384,2,0
p<0.0001,-0.5282620953016259,0.020835734562192385,2,0
muraleedharan,-0.49150832788454446,-0.02780039594423285,2,0
stratify,-0.5272245491539944,-0.059488056805792104,2,0
n=581,-0.5457494259164055,-0.08272054355844423,2,0
intricacy,0.15082415119442752,0.33376838288955074,5,0
supraspinal,0.08591179251626492,0.4112766008124878,5,0
n=343,-0.5742071680349422,-0.0721008161887401,2,0
n=238,-0.50329684265067,0.019821892018739257,2,0
hr=2.02,-0.5130930596284712,0.14634322108258088,2,0
p<0.01,-0.4347637947078049,0.05285236046569658,2,0
compounded,0.1668291777163454,0.5322663165846278,1,0
tds,0.21589787658966467,0.4584171812836896,1,0
somatosensory,0.07745357853593823,0.4185245789662423,5,0
unbelievably,0.05242859237539742,0.4844271871510907,5,0
baillargeon,-0.481202032854243,-0.14727132146215635,2,0
concede,-0.4128637717924666,-0.14397151205522996,2,0
hr=0.84,-0.4977379800980793,-0.12216763310181913,2,0
medicare,-0.445666912575279,0.011106818831900749,2,0
beneficiary,-0.450757591492212,0.018361568614082464,2,0
descent,-0.3150963108985988,0.49437908285145715,0,0
vocal,-0.32610996195707637,0.4810286799077734,0,0
confounder,-0.4642432614219093,0.20956508147746614,2,0
naïve,-0.3837658071209804,0.26971482010197123,2,0
concurrent,-0.4679618597530028,0.17821954542754098,2,0
creamy,0.2353729414397466,0.4994154249401936,1,0
refrigerate,0.19648715466986097,0.49805088790478097,1,0
nighter,0.5044901666739094,-0.14571394677237326,4,0
understate,0.506862650204722,-0.12962181346914556,4,0
friday,0.548195595355912,-0.11653058843470013,4,0
bayer,-0.03514812491396353,-0.535276545611925,3,0
marius,-0.057405388689995986,-0.6190807449939238,3,0
https://www.ncbi.nlm.nih.gov/pubmed/25384570,-0.45788519898010127,-0.3551211108809697,6,0
invest,-0.46773452639082935,-0.33815434272128614,6,0
hypoallergenic,0.21780978990116953,0.5242443282542468,1,0
moisture,0.1937014308356819,0.5240916558104418,1,0
italian,-0.40683825538653845,-0.4002102639526302,6,0
proposal,-0.2930013877926249,-0.30668524328647173,2,0
provisional,-0.2885482765691725,-0.2886734823647787,2,0
scentless,0.19982519902605617,0.5460839126676664,1,0
empt,-0.1982879424275597,-0.31380340432286036,2,0
absorbent,0.21940179540248897,0.5134027213958252,1,0
moisturize,0.19024569035169214,0.5376730221209841,1,0
disperse,0.09032935828089955,0.5625461773278599,1,0
emulsion,0.0917157820026448,0.5744045250506422,1,0
aorta,-0.49978418690861653,-0.09605826727848085,0,0
atherosclerotic,-0.5351561069215309,0.030228738360292755,0,0
variant,-0.4859396489373423,-0.18075919671309032,0,0
https://www.ncbi.nlm.nih.gov/pubmed/25523084,-0.35171280099914576,-0.4837600107821885,6,0
https://www.ncbi.nlm.nih.gov/pubmed/31496147,-0.34621148566949794,-0.5205844255946582,6,0
pharmacotherapy,-0.3174860822067926,-0.49373825173708225,6,0
mens,-0.36928354056634055,-0.5025076472692879,6,0
bandage,0.2795479136169628,0.4904507919734513,1,0
gauze,0.28137805017662626,0.5421601762887795,1,0
finish,0.3163219189594271,0.455396827088115,1,0
2838ur,-0.38264920579599393,-0.22051328309565374,0,0
https://www.ncbi.nlm.nih.gov/pubmed/23482592,-0.39674076568892946,-0.42278793727692654,6,0
2021;15(5):e234,-0.12699895584662976,-0.5008869129171553,2,0
http://dx.doi.org/10.5489/cuaj.7252,-0.11472024176081944,-0.49069278853057197,2,0
dislike,0.12169337200773044,0.4826266616123124,1,0
peel,0.08000318826944296,0.5069281134875465,1,0
assoc,-0.11595996650022077,-0.5037826578601988,2,0
https://www.ncbi.nlm.nih.gov/pubmed/15638872,-0.4881470600451468,-0.2633700982003976,6,0
oxf,-0.5039051036351656,-0.2177987290780851,6,0
revert,-0.4746262657529541,-0.29884331089592187,6,0
leaf,-0.053419039928278345,-0.6315104931032177,3,0
proctor,-0.04259156331556475,-0.6164518818628683,3,0
locations13,0.4443820355870962,-0.34865238196237214,3,0
locationswe,0.3094171825319341,-0.36972226639859845,3,0
sawgrass,0.4406676978436115,-0.3595448774439826,3,0
https://www.ncbi.nlm.nih.gov/pubmed/18270261,-0.5077409629862961,-0.29465961412574815,6,0
nonbound,-0.5613414140112036,-0.24718729060247382,6,0
b.a,-0.5361587815617461,-0.27266360595456984,6,0
mohr,-0.5359477758272213,-0.2595407541928812,6,0
differentially,-0.4504212431029155,-0.20838724525482252,6,0
https://www.ncbi.nlm.nih.gov/pubmed/30862651,-0.47642824552980273,-0.15865648348461284,0,0
registry,-0.4813301862395711,-0.13488363392802305,0,0
urotronic,-0.03332490477929635,-0.6146127717653249,3,0
nobel,-0.2657808537523558,-0.3507944103313007,3,0
synthesize,-0.22468690994732132,-0.34535677384279023,3,0
bettoocchi,-0.377372506008642,-0.38174625014250085,2,0
pp.3,-0.43142868440348786,-0.3341066076417481,2,0
yassin,-0.44812617970903695,-0.31894621394425915,2,0
carvalho,-0.3848254176081392,-0.37455767498345355,2,0
eau;2025,-0.4412498894023026,-0.3447113883990042,2,0
enhancement,-0.2686599980200826,-0.21581830175837918,2,0
reluctance,-0.09621088905294908,-0.2950633873005126,2,0
scheme,-0.36722351946209675,-0.34574586302069027,2,0
condition.3,0.02300724368281066,-0.35326727033484123,2,0
brockport,0.5339302426461476,-0.46782869621395096,3,0
canandaigua,0.5637727023293175,-0.5121026235254814,3,0
clara,0.5673937695743503,-0.5623570918971996,3,0
barton,0.583534388695817,-0.5673007822517993,3,0
finger,0.18735459416581,0.4244761426543984,1,0
spoon,0.07607620668001369,0.5183481624337873,1,0
noyes,0.5454734067105106,-0.5338733657881087,3,0
cmaj.5,-0.10233630839947734,-0.4597891331806956,2,0
perpetual,-0.015275969021701275,-0.46816836927033734,2,0
dansville,0.5538711974277938,-0.5800691271182353,3,0
east,0.5818956122471349,-0.6210120023553307,3,0
geneseo,0.5161908470008398,-0.6343051741615436,3,0
comorbidity,-0.4719818407046345,-0.18041833077497024,6,0
mmas,-0.5310194244917911,-0.08923909143472097,6,0
bioactivity,-0.41629067147060383,0.36416577972692765,0,0
blockade,-0.45899363563334217,0.3234384187960438,0,0
pointe,0.452158626246753,-0.5886760104819686,3,0
chris,0.39362266365723475,0.06382639312415146,4,0
inch,0.41132744537799604,0.15646232098665735,4,0
disinfect,0.1655713803474509,0.5476459172984767,1,0
elbow,0.16976823423810142,0.5590592516957638,1,0
mid-30s,-0.22983823466821773,-0.32935844049011365,2,0
virulence,-0.33495861753070105,-0.20640565168112857,2,0
biochemistry,-0.0028271887010624455,-0.48426970973322564,3,0
interprovincial,0.001343717018339583,-0.49350444457898174,3,0
seneca,0.4261384530286391,-0.4756324277277346,3,0
wellsville,0.3931137876095107,-0.49926193655249584,3,0
hornell,0.4571148577876212,-0.46965866971317133,3,0
aurora,-0.016257113391500058,-0.4798895226532888,3,0
finite,0.048537067832764055,-0.4745029995287328,3,0
lattimore,0.45840081412897166,-0.4496860373480283,3,0
anschutz,-0.0302560949495683,-0.4975666213244488,3,0
colorado,-0.019609148932861427,-0.506666144292581,3,0
g-100,0.5106507262433532,-0.46688291500150414,3,0
emeritus,-0.040783038974789465,-0.4922097013252825,3,0
magazine,0.5728671469495008,0.16119749288318425,4,0
schwarzenegger,0.5878503584050367,0.17442599840534015,4,0
highland,0.5018730288059021,-0.4762756516693044,3,0
equate,0.34133199150582083,-0.15226390486013988,4,0
pop,0.3352942902230826,-0.27828397053594645,4,0
foreign,-0.33243040191740864,0.44993900588890307,0,0
particle,-0.3266598340779412,0.4560845808039142,0,0
ethan,-0.07493568963490455,-0.6663288768342825,3,0
filter,-0.14866544589713895,-0.5226652758349036,3,0
ambulatory,0.5342669642065326,-0.5034738935509139,3,0
launch,0.31961908455358373,-0.2748423852756018,4,0
accumulate,-0.2962390542368655,0.4889254417814576,0,0
vlcfa,-0.28489333712537696,0.500094632908336,0,0
md2,-0.03222778969325232,-0.7411723239043139,3,0
mohit,-0.02414121118018324,-0.7812890418013656,3,0
md3,0.011429611717252394,-0.8428264155563993,3,0
md1,-0.045312110324593,-0.6998593563701944,3,0
md4,0.04393788998133797,-0.8896776069071228,3,0
jay,0.07648274212381326,-0.9359497331749527,3,0
yonah,-0.041988937891794045,-0.724997163087304,3,0
elmwood,0.5334329964040145,-0.5574424826153719,3,0
md5,0.11190852605472967,-0.9289322028258069,3,0
flawed,0.1962500987011944,-0.3555978232157027,4,0
methodologically,0.23022462376065164,-0.33986103071494683,4,0
grantmyre,0.1323984630616031,-0.9516742379525234,3,0
md6,0.1483522774575406,-0.9552487481803484,3,0
premal,0.17275004980804662,-0.9789686001501906,3,0
profoundly,0.37677451277733975,0.031717792091082955,5,0
trivialise,0.37026291591128785,-0.03834081807475249,5,0
phlebotomist,0.25908513531680977,0.3615508663965597,1,0
md7,0.20294557779821143,-1.0,3,0
richard,0.2134126572682184,-0.9691190792152464,3,0
bebb,0.22919096811513123,-0.9610988599938923,3,0
md8,0.2403856094478534,-0.9482448843975251,3,0
fitzpatrick,0.2176449173638654,-0.909853826884414,3,0
md9,0.1988768463164394,-0.9240251440282886,3,0
jeffrey,0.20120476255944153,-0.8905548072801553,3,0
campbell,0.1889901683030681,-0.8493810887523976,3,0
serge,0.20708692217558758,-0.7979774011031395,3,0
abraham,0.19173561063320932,-0.7105405478760742,3,0
md10,0.19474751021141204,-0.8194394050558359,3,0
astella,0.0015909171229627505,-0.7006481499305837,3,0
msacl.org,0.013449244008932501,-0.659255520872932,3,0
md11,0.1979904178515279,-0.7528217708450031,3,0
md12,0.174085590886354,-0.672842907833166,3,0
sciex,-0.004988820318373086,-0.6680790506938209,3,0
dictionary,0.1789992129454808,0.37860527645724373,5,0
oxford,0.15888588887701402,0.38335343146271916,5,0
dian,-0.039273161325584595,-0.6806232148580774,3,0
synergistically,0.21965356234939248,0.3846379486794944,5,0
180pmol,-0.5434814596769005,0.012881490239069966,2,0
issm,-0.49209730369586707,-0.08697151913190328,2,0
evidence).10,-0.42647544036321267,-0.2370219846252883,2,0
framework,-0.3792059908725555,-0.3032589932496902,2,0
working,-0.38304184665912616,-0.3145755796389632,2,0
content.5,-0.27713894027752084,-0.4037890105936221,2,0
summative,-0.23685818669239184,-0.4205630661753828,2,0
silva,-0.1779077605073319,-0.5105916063549264,6,0
specialised,-0.11837321653595481,-0.4221974729911039,6,0
n.l,-0.2205569560953315,-0.5204583030314475,6,0
papanikolaou,-0.26331244129977305,-0.5355833680211328,6,0
metuchen,0.00309941857513938,-0.7377359256240736,3,0
grossmann,-0.2853430699379983,-0.5240957159143578,6,0
antonio,-0.306792880488438,-0.5235784449921952,6,0
aplastic,-0.5351652135992165,0.2934144800062765,0,0
myelodysplastic,-0.4548104731868275,0.3480514846302003,0,0
quinton,-0.33661705184891577,-0.5108115012371813,6,0
b.d,-0.3691887514184346,-0.5163307980405668,6,0
pathogenesis,-0.4866607750281587,-0.5368129389507568,6,0
clarus,-0.007951085663889208,-0.7409535312225534,3,0
modulate,0.05967375364759766,0.49831131380641375,5,0
neurochemical,0.0756136547594366,0.4874239614215167,5,0
visuospatial,0.00026483648541747744,0.5112176529701832,5,0
lancet,-0.4979078577853869,-0.48407285600989675,6,0
underscore,0.060065998174803965,-0.36109780111902967,2,0
undiagnose,-0.02757482469372741,-0.37033767785061034,2,0
tasked,-0.23959599543521212,-0.3286147264663355,2,0
update.11,-0.25610741720044844,-0.3383074288170237,2,0
pp.761,-0.5026817627509668,-0.422571452899082,6,0
spaziani,-0.5164303058884596,-0.405526364943208,6,0
carlomagno,-0.4936980816783515,-0.3943313934238347,6,0
tarantino,-0.4848276739529236,-0.3956888555270625,6,0
angelini,-0.49447993137942675,-0.3846221456214542,6,0
vincenzi,-0.47468027981436833,-0.39990883644491015,6,0
gianfrilli,-0.4870614273495769,-0.41485256776339124,6,0
collate,0.08627200324908188,-0.4848788560640685,2,0
submission,0.06337782290026679,-0.49386619757287287,2,0
theme,0.11945033054435432,-0.5114469758630796,2,0
propose,0.10732872599368032,-0.5004128170756087,2,0
finalize,0.03694577746433818,-0.4775827847587335,2,0
karkowsky,0.08367901725896265,-0.7407841587994938,3,0
labs,0.11022666493657753,-0.7110046349124577,3,0
felix,0.056136325613294825,-0.7405601260539156,3,0
bovine,-0.24588845390624176,-0.4283781441391263,2,0
equine,-0.28845074393413,-0.40950953405310003,2,0
mouse,-0.19473776562668763,-0.46650936002515025,2,0
rabbit,-0.15968627316980197,-0.4736577324216751,2,0
anderson,-0.44491318859637236,-0.5811015002424047,6,0
p.1184530,-0.41109862111018536,-0.5056375790216365,6,0
r.a,-0.4273217813905174,-0.6262032316229703,6,0
llahana,-0.4020486546782438,-0.6219012213203372,6,0
barth,-0.4343305220446063,-0.6434020645936366,6,0
j.h,-0.41782757565510725,-0.6641932529487228,6,0
mackenzie,-0.4175817151001232,-0.6792527904469644,6,0
wilke,-0.3941850675716602,-0.6618618006095771,6,0
sooriakumaran,-0.37578239669427466,-0.6269240978694584,6,0
investor,0.080432050209271,-0.6077918883636589,3,0
mhb,0.05622578578985042,-0.6452040333629963,3,0
tomlinson,-0.3393774403150232,-0.6099813458447322,6,0
gonadatrophin,-0.15596676103739232,0.44470234256761376,0,0
substandard,0.01556588814589665,0.46236002120572395,2,0
barber,-0.5247132238886292,-0.5327633882737464,6,0
pp.200,-0.4939962624949796,-0.5751808668061608,6,0
t.m,-0.5166237420336783,-0.4866230230560275,6,0
kyrou,-0.5334459086598006,-0.49389744083372006,6,0
kaltsas,-0.5002613135631193,-0.4970140052018705,6,0
insist,0.45215746058157386,0.17750180284920583,4,0
tab,0.45524878383929507,0.16431206292381406,4,0
randeva,-0.4554676419538981,-0.5343269983161316,6,0
grossman,-0.49309299915716365,-0.5129191173019639,6,0
a.b,-0.4762460899639079,-0.5231428712313635,6,0
h.s,-0.4379708756832299,-0.5473752927535909,6,0
weickert,-0.4451233689899429,-0.5380518645654844,6,0
m.o,-0.45201601473425485,-0.49986331187386374,6,0
nebraska,-0.12948350520595153,-0.43980901636060654,3,0
physic,-0.007599713435811491,-0.508116255183499,3,0
lincoln,-0.12938524143365268,-0.43120577792274745,3,0
crystallography,0.383502260922628,0.21005724315707971,8,0
inspect,0.40745784222798775,0.20620814631691856,8,0
unbelievable,0.4280567310009754,0.20800922413881567,8,0
p.8217,-0.26574856457389184,-0.49082428361101565,6,0
pairing,0.44726279418722187,0.2834470956475444,8,0
crystal,0.43946979722455864,0.32598717318255477,8,0
beiza,0.41093397891584005,0.13545175087779124,1,0
kristen,0.4163774880992461,0.12426127199470711,1,0
achievable,0.3659077844929416,0.35806838988995343,5,0
energize,0.22449943788595209,0.3648210524139573,5,0
awful,0.4915351676214157,0.2511549124833038,4,0
ride,0.4883605383446578,0.2798810785654537,4,0
crude,-0.470847068681576,-0.11343620279267337,2,0
years.13,-0.41754253456556334,-0.11555965764657553,2,0
unrealistic,0.3640373363011133,0.3283509576245188,5,0
bombard,0.4053262748108894,0.3382209560263986,8,0
diffract,0.3498881048844213,0.4224012733357572,8,0
cypre,0.10400754144544065,-0.4595893616732775,3,0
kathi,0.15041801067214564,-0.45931442045932014,3,0
indian,0.021708783967195312,-0.45141711853828664,6,0
shivakumar,0.1283284996811347,-0.3821984882278582,6,0
nagaraju,0.12423007205769789,-0.3982683436515326,6,0
microscope,0.177687594680415,0.45749087317120773,8,0
defied,0.1110240434800229,0.5022504870551151,8,0
pp.180,-0.03383101221007609,-0.47957706732455285,6,0
affinity,-0.13826828662933857,0.48084747349121126,0,0
bordal,0.2768203621167281,-0.3763955894901812,3,0
popularly,0.31818865957884074,-0.32888827835399687,3,0
pp.1151,-0.3174681623235226,-0.42354196237466996,6,0
saalu,-0.32641723352411595,-0.414495812339262,6,0
l.c,-0.30127760874503223,-0.43513176294203715,6,0
osinubi,-0.29629625958103634,-0.4528797191301954,6,0
a.a,-0.2657295646514521,-0.4685210134045606,6,0
fable,-0.21373806857613192,-0.5417286852375449,6,0
lagos,-0.16336490026142422,-0.5136654425292954,6,0
@anaveciana,0.2756386068327256,-0.4925261472002482,3,0
twitter,0.2483549783068882,-0.48851246242373636,3,0
competition,-0.1498618002941229,0.4025242024838644,0,0
anavecianasuarez.com,0.2874230315722047,-0.47631489868839494,3,0
palm,0.22989958161749113,-0.5191453795341909,3,0
herald,0.22034488860243923,-0.528728189806144,3,0
production.17,-0.43972501592953245,0.2739661779335186,0,0
testable,-0.48837503314218317,0.2456675231796511,0,0
elegant,0.5622650816019146,-0.06798647459655444,5,0
intricate,0.5995324365933719,-0.022468433861508777,5,0
renowned,0.1808981797859101,-0.5221326684393304,3,0
suarez,0.15664123798241927,-0.41120694280420206,3,0
ana,0.11073558914973855,-0.3891662674054256,3,0
veciana,0.1012312320287147,-0.4139180543792176,3,0
bullough,0.6061579589748443,-0.2661087938354868,3,0
byron,0.6128045515920715,-0.25550726656424183,3,0
misinformation,0.39766345783771884,0.2134527159725365,7,0
vegetarian,0.38102485998682106,0.19303987504278775,7,0
/memory,-0.18900596210671508,0.47440611155560414,5,0
cognitive/,-0.20632467092386209,0.4896148465538281,5,0
physical/,-0.16689428469253365,0.488761374772818,5,0
eager,0.35443378041168566,0.341866332006001,5,0
kill,0.37113585275903627,0.2627518944538818,5,0
gasoline,0.03384845775992143,0.44723572918746385,0,0
pour,-0.08672769182357014,0.5747928763360943,0,0
bug,0.20569900826845433,0.4742268921450696,4,0
smartwatch,0.2310688152898364,0.45533374023083917,4,0
reminder,0.2255789885196029,0.46291132165944093,4,0
presbyterian,0.25876689282795384,-0.5253669490357188,3,0
shadyside,0.2709645330118537,-0.5334803735053922,3,0
e236,-0.461139099413772,0.2171937100092237,5,0
tosterone,-0.4950005536371457,0.1667897898055396,5,0
axillary,-0.44341298598667556,0.242585998984365,5,0
breakthrough,0.2420778440735475,-0.5018721011831981,3,0
groundbreake,0.2614342023518124,-0.4711483389872664,3,0
carswell,0.5601507064004424,-0.2608403879745526,3,0
hormonal/,-0.4734524333656591,0.3118309893813741,0,0
intrinsic,-0.5155541348105089,0.22025346919397612,0,0
karolina,0.298152872616266,-0.560323116096901,3,0
majorek,0.3185240911511901,-0.5945698692948379,3,0
katarzyna,0.2929019536841662,-0.6360028449294427,3,0
handing,0.2742985990383092,-0.6800102041422482,3,0
przemyslaw,0.2993652377737783,-0.6925293814934101,3,0
porebski,0.3115748927428551,-0.6934739027156572,3,0
sandya,0.3562103919266154,-0.6619273724978741,3,0
beeram,0.34436870388052476,-0.6624772941077562,3,0
kyungah,0.3512035142115584,-0.6956243974335594,3,0
suh,0.3311652541358377,-0.694383124507848,3,0
ashley,0.3424939223807738,-0.6760905335166071,3,0
mindy,0.5639202606575536,-0.2450859063695715,3,0
insurer,0.4060584464105422,-0.3724479540670986,3,0
renowne,0.4314100032090969,-0.23091908507325945,3,0
maryland,0.36787058230383857,-0.40814529171004743,3,0
headquarter,0.38163383039065046,-0.2494509676754205,3,0
woolfork,0.32948129764773587,-0.6793187753322593,3,0
davisfor,0.46614936248464717,-0.19798632327357488,5,0
josh,0.4773018631000109,-0.2118446732065795,5,0
reputation,0.4709443040320376,-0.17573259656542198,5,0
ivan,0.30497612650046957,-0.630370116744939,3,0
changer,0.08501469061569925,-0.3782315677823275,2,0
refute,-0.12090815577903187,-0.35497728792854266,2,0
discontinuing,-0.41066624617955727,-0.040625638337537656,2,0
months).5,-0.4275633659789362,0.14037431214459936,2,0
diminution,-0.36023431321206695,0.3347311021721646,0,0
"pulsatility.18,19",-0.38662593977129983,0.2803612325488009,0,0
shabalin,0.29868634563715885,-0.6155801660573174,3,0
bettie,0.5522669989269312,-0.17557058966795908,3,0
lauren,0.5436450286404663,-0.19391216964089042,3,0
coralville,0.35454735716792934,-0.3022705187071943,3,0
i-80,0.3428655887287619,-0.30311108705417367,3,0
forth,0.5377012256677589,-0.11624761990478545,4,0
northwest,0.48119088802490145,-0.23316234109167394,3,0
pacific,0.4918666098449786,-0.22500230816724814,3,0
premier,0.4891234114318974,-0.24636584382987012,3,0
destination,0.45497172091229005,-0.2869556630058869,3,0
meno,0.5482173954401564,-0.014616462619774447,4,0
dribble,-0.44410492065786,0.37835661639650214,0,0
emptying,-0.37644529239556934,0.40775798772956595,0,0
trim,-0.17752041221684237,0.5297022125516601,5,0
waistline,-0.1781423097049891,0.5512531997654034,5,0
bam,0.527132342487527,0.06608763633470652,4,0
football,0.6193056623949389,0.10521881311470173,4,0
wham,0.5131474621332984,0.06850278474809715,4,0
retrospectively,0.5172848745172256,0.24033941464470437,4,0
ocean,0.475210211441796,-0.042984658783598376,4,0
punching,0.47426570266202905,-0.0764368382689533,4,0
hocking,0.4617402718778082,-0.01074310867215568,4,0
bedtime,0.28272556267710636,0.3887931943760274,5,0
sedative,0.26359881430793836,0.3895093373607847,5,0
gm117325,-0.014823495493559357,-0.625013634054705,3,0
r01,0.027014588252449043,-0.6121004863395495,3,0
gm117080,-0.0036229377581542877,-0.6253524299511861,3,0
gm118619,0.01581355144097001,-0.6160954235983812,3,0
outnumber,0.4013604496807917,0.12936029821357808,1,0
vastly,0.4148622024301791,0.08585124638344241,1,0
iatrogenic,-0.5193884316156979,0.33690218440200065,0,0
kallman,-0.5629903830374128,0.3044469146316422,0,0
hhsn272201200026c,0.14970535806685323,-0.5160487406960204,3,0
nos,0.09216985131992221,-0.524760740990473,3,0
hhsn272201700060c,0.16792297691740124,-0.5291667344870706,3,0
gasp,-0.032185801313789196,0.49176984760078224,5,0
snort,-0.0300564334507952,0.5017307788806084,5,0
louder,0.10532566134165632,0.4259390766439795,5,0
saliva,0.4445248359758809,0.15566803880671656,1,0
spit,0.45893759956447533,0.14538963957856652,1,0
aud,-0.47372669208529244,0.27157294816619826,0,0
females,-0.4507376901570622,0.3363972497451992,0,0
shady,0.3753636246579662,-0.20935542639209334,7,0
tactic,0.37670589798637544,-0.22131301171243206,7,0
catheterization,-0.3312519503691661,-0.137484590672791,2,0
unblock,-0.3591043993191509,-0.11784118382029754,2,0
playlist,0.5723438787420526,0.10781285819484299,4,0
song,0.5787368356320847,0.1393406291105821,4,0
duca,-0.19717786445092042,-0.5625820129474409,6,0
https://my.clevelandclinic.org/health/diagnostics/24215-testosterone-test,-0.17878035043135027,-0.5591361555658007,6,0
condorelli,-0.23535837054418163,-0.5655837410976272,6,0
calogero,-0.2560096108052083,-0.561439303326171,6,0
vignera,-0.2580606160073831,-0.5784916333732669,6,0
hardness,-0.4082042286625279,-0.184800178357636,2,0
inventory,-0.44531949762082146,-0.1530141906817074,2,0
"score.13,20",-0.402507723383511,-0.1732881731240677,2,0
intimidate,0.47385638987191836,0.283527963711861,4,0
movement,0.4376606131277762,0.26238567165933513,4,0
brisk,0.44794254022511387,0.27281115988982657,4,0
jcm8050732,-0.41732623532573854,-0.563788007551762,6,0
fade,0.42989060429762127,0.41630656585565023,1,0
roller,0.3920634017969927,0.35954896645378337,1,0
coaster,0.3837292367691033,0.35083942516377287,1,0
standardized,-0.28674046141329473,-0.2180387569708114,2,0
"td.6,9,25",-0.31082752191021545,-0.2006065863343532,2,0
academic/,-0.2484178893034368,-0.2299354554403858,2,0
bath,0.43466440365484044,0.19880456284548392,5,0
breathwork,0.4444645362008658,0.16483244334398928,5,0
mindfulness,0.43670485740533177,0.16519211666763337,5,0
treadmill,0.4516538646337614,0.2494187892256083,4,0
abdoman,0.13698346086381347,0.5157809407547096,1,0
timer,0.06278798681393731,0.5537558546557088,1,0
basson,-0.36124023011792616,-0.5378701041258673,6,0
wierman,-0.39448976901354044,-0.5016996834415394,6,0
reappraisal,-0.3480275508455851,-0.550456567735047,6,0
arlt,-0.38082625084180255,-0.5311380022676127,6,0
pubmed.ncbi.nlm.nih.gov/25279570/.,-0.22017104528578824,-0.5545792109651476,6,0
pmc6571549,-0.46536886967677255,-0.5715188245735622,6,0
https://www.ncbi.nlm.nih.gov/pmc/articles/pmc6571549/,-0.49505240954187607,-0.6207534682081908,6,0
ferrucci,-0.48844762839716444,-0.6295325772683961,6,0
maggio,-0.5038700912199259,-0.622415906033054,6,0
bandinelli,-0.5472662042604238,-0.6082496118706029,6,0
lauretani,-0.5724410287494736,-0.5434675979808802,6,0
acclimate,0.05946483494501589,0.5398237754537655,0,0
transient,0.1627707377090586,0.5002523761583388,0,0
chemaitilly,-0.3809029243989057,-0.5821735313787034,6,0
garibaldi,-0.3735926139793624,-0.5697468746942601,6,0
pubmed.ncbi.nlm.nih.gov/29562364/.,-0.378039110659782,-0.5600155705583617,6,0
https://www.cdc.gov/labstandards/hs_standardization.html,0.052788818078205124,-0.3690365307690717,2,0
spectrometry.26,-0.08535087097283917,-0.3723232295323747,2,0
ble,-0.5471077767272828,-0.5147979837330308,6,0
valenti,-0.5547118514859809,-0.49614679695208913,6,0
ershler,-0.5380155554603557,-0.46890479028615933,6,0
homa,0.4900942771341122,-0.3856123156296304,3,0
warren,0.5277879186680096,-0.3935540198275998,3,0
calibration,0.06609037342494303,-0.33939128620448544,2,0
testosterone.27,-0.0033466072212462424,-0.3267187558203491,2,0
guralnik,-0.5454409118186215,-0.4594079217055316,6,0
longo,-0.5683508772173808,-0.4760239827340461,6,0
j.beem.2010.11.004,-0.37749462477302737,-0.6883167466542985,6,0
pmc3073592,-0.4294745923967845,-0.7064924469029483,6,0
auxiliary,0.4345733360058375,0.06490104367125547,1,0
system(s,0.4318123680322917,0.0741532676803167,1,0
illustrative,0.4624590195564204,-0.019895556445889598,1,0
apr23.doi,-0.25665329745611487,-0.7170972074685765,6,0
jun,-0.22988935168284372,-0.6570845437632131,6,0
pmc4168024,-0.2926815491568804,-0.7540934827023648,6,0
nihmsid,-0.27719678452540536,-0.785069586808078,6,0
nihms627664,-0.280915842017018,-0.8023824678242625,6,0
prasanth,-0.32124244016493,-0.8055634188499692,6,0
surampudi,-0.30743301496642,-0.8057473815755039,6,0
"md,1",-0.3240497115826812,-0.7885734643286664,6,0
dependant,-0.5209413640984234,0.0959239845485686,0,0
"td.5,6",-0.4839989695913014,0.04437958453021082,2,0
donohoue,-0.46813508628287187,-0.6050119021076791,6,0
hypofunction,-0.45868093628780787,-0.6177479893496441,6,0
1.publishe,-0.28792249448933116,-0.6202487057606354,6,0
bolus,0.3812581385638813,0.4570180218056268,4,0
shoot,0.3418078811073583,0.4834270478488429,4,0
impactful,-0.330174921259387,-0.24474965927748182,2,0
structural/,-0.3313668244908519,-0.22902646710081764,2,0
lambert,-0.575733853793576,-0.25492130959920734,6,0
swj,-0.5809438568921956,-0.29424382391311427,6,0
milman,-0.565255249466342,-0.3167310535428524,6,0
bartke,-0.5667533989079064,-0.2366902418348334,6,0
men5,-0.4600254276644257,-0.0774318403414772,2,0
relie,-0.39302963826570453,-0.19980465137282494,2,0
aleksic,-0.5624683099211955,-0.18678198767230417,6,0
maximizing,-0.4609421477099224,0.16048632382420122,2,0
tmt,-0.43875539280281567,0.25158332580348924,2,0
pract,-0.2561322679742926,-0.6043111212755822,6,0
"md,2",-0.2763943246326071,-0.8179059769051603,6,0
andre,-0.24828313767369264,-0.6587865067610209,6,0
wittert,-0.2936770994938165,-0.6399180771492543,6,0
araujo,-0.23906325857147973,-0.6476217300771907,6,0
pmc4650468,-0.18554353263341197,-0.6737928716141303,6,0
gladly,0.33387317789954585,-0.3286366139680919,5,0
toll,0.24617803254446302,-0.39702648673729785,5,0
asap,0.27484802245726303,-0.3634623485726388,5,0
havoc,0.20004793385104966,-0.36692154459817344,5,0
wreak,0.18822293787229655,-0.39004032762023366,5,0
potentwavetm,0.2510630021447502,0.4090462751419494,1,0
shottm,0.25206703406617176,0.5765189571176781,1,0
arch,-0.4390646432943851,-0.49177623721568353,6,0
intern,-0.4252886927707214,-0.47265662297219213,6,0
archinte.166.13.1380,-0.3119091114504444,-0.50375350871776,6,0
crisp,0.4451644868624225,0.39725422242097125,7,0
instant,0.43575667108440197,0.4035128288755338,7,0
pmc2645631,-0.27842457264638937,-0.5669024743784936,6,0
682x.143317,-0.1536990600507178,-0.6834217326137679,6,0
potentshottm,0.2804845003202736,0.42449595704477394,1,0
wavetm,0.24542708097286334,0.527423499784635,1,0
pshot,0.28786491393732894,0.5096643452199496,1,0
reuptake,-0.24098106736248662,0.44152924344427846,5,0
ssris,-0.2983171262454193,0.41560117042457934,5,0
ejaculatory,-0.3478068981277791,0.39552554197578754,5,0
lacking,-0.23199669840656612,0.46157316193755277,5,0
https://www.ncbi.nlm.nih.gov/pmc/articles/pmc2645631/,-0.2808171438184171,-0.5839408642687413,6,0
androl,-0.18192486674302494,-0.7163560331739701,6,0
spearhead,-0.3750921766818101,0.39011798073097104,5,0
wood,-0.28887727876886243,0.42305037867507533,5,0
compliment,-0.5055918664937029,-0.13313176019995626,0,0
e238,-0.49956016532897446,-0.037738686378577926,0,0
"conditions.5,7",-0.5111840937560438,-0.0938252329250753,0,0
coward,-0.19541822307186335,-0.6958717536048127,6,0
collateral,-0.5309009755035401,0.24158046660353583,0,0
scarring,-0.5226778821417907,0.14356904732700218,0,0
addiction,-0.5296910049107632,0.08770644458817099,0,0
buff,-0.0005116810522005977,-0.3945981756892869,5,0
steep,-0.018611890402090967,-0.39949153121392583,5,0
carson,-0.2124915094806839,-0.6921803183613714,6,0
feb;9(2):249,-0.49389037429152877,-0.28434475109618024,6,0
laksham,-0.49248284511168455,-0.23853704500234899,6,0
ronde,-0.37960669732178487,-0.3612118165268143,6,0
culley,-0.22113043905304236,-0.6909609219407947,6,0
versa,0.33285603217511023,0.3754150695621891,7,0
vice,0.3094598450158471,0.3862312649663822,7,0
https://medlineplus.gov/ency/patientinstructions/000722.htm,0.4130552855191456,-0.49204757767454604,3,0
https://www.upmc.com/health-library/article?hwid=abo6506&locale=en-us,0.34892809016197907,-0.450338966612971,3,0
jame,-0.23388894315557246,-0.6755090413817093,6,0
mcbride,-0.22442439799212538,-0.6758580197818455,6,0
blemish,0.3690786207830353,0.37790878190571353,5,0
dull,0.37413425467233286,0.3944544308013986,5,0
wrinkle,0.38466698886050066,0.4062086082938254,5,0
months.77,-0.2990462037297843,0.3657847616371227,5,0
upwards,-0.2742835698976848,0.3687447654745236,5,0
burlington,-0.1632770689112044,-0.6036785237321731,6,0
https://www.endocrine.org/patient-engagement/endocrine-library/hormones-and-endocrine-function/reproductive-hormones,-0.17322073758162035,-0.5800289669490855,6,0
corporation,-0.13806332084378634,-0.6222950022929085,6,0
america(r,-0.11696700847457417,-0.629933855830385,6,0
holding,-0.09708366391184568,-0.6400050826433706,6,0
pmc4074000,-0.361381256489579,-0.6586524373951641,6,0
negativity,0.31831959671458576,-0.18765408203622216,5,0
positivity,0.34064211492859303,-0.1976115327357486,5,0
ajpregu.00360.2012,-0.4217762618192407,-0.651131168001276,6,0
r958,-0.5329277794320357,-0.6278302773453439,6,0
christina,-0.2919831887549004,-0.8061832829178953,6,0
https://www.labcorp.com/tests/004226/testosterone-total,-0.0657020554296441,-0.6016931786462173,6,0
r951,-0.5528976633926149,-0.6272634482198772,6,0
comp,-0.6243795576085387,-0.6641747654149046,6,0
nurture,0.3149412476395473,-0.2143807412155805,5,0
icd9,0.467323536797756,-0.2709590158498108,1,0
justify,0.46239931169514975,-0.30116172010637765,1,0
cpt,0.41973384716340917,-0.2870809289838374,1,0
necessity,0.4604049180948788,-0.3124083920826482,1,0
regul,-0.6635709398334273,-0.6399899372915046,6,0
integr,-0.6468456659650174,-0.6580991012246694,6,0
c1995,-0.1148070094616306,-0.5172753770477283,6,0
tgrp,-0.14924241584465794,-0.5084034511966593,6,0
interpretive,-0.19364563652501812,-0.5313112595621603,6,0
juncos,-0.7177724223858609,-0.6441312024960586,6,0
physiol,-0.6367385203418285,-0.6361579688925685,6,0
mds,0.39270527489257195,-0.21215769455821834,1,0
pas,0.3756857816678506,-0.2801484828803561,1,0
reckelhoff,-0.8225369788448402,-0.6655473832787119,6,0
and/,-0.5268044671902756,-0.044508786094496024,2,0
rationalize,-0.42071111721816895,-0.14883544207514685,2,0
"treatment.7,27,31",-0.4160550267326146,-0.15979358919476752,2,0
calculation,-0.48183927272635524,-0.04648491737866261,2,0
luis,-0.7747281779642968,-0.6579631947349983,6,0
"md‡†,3",-0.2983659209028656,-0.7866536573250363,6,0
jane,-0.8367589196381306,-0.6453404561041639,6,0
ruisheng,-0.8605808138413026,-0.5842735494514166,6,0
jeuveau,0.403925435705853,0.5292320706039193,5,0
microneedle,0.37709012656584495,0.5357235943957779,5,0
carbon,-0.3746598270711442,0.2724054852644535,0,0
dioxide,-0.3929555066797359,0.26691903067367556,0,0
liu,-0.8492324545773094,-0.6245080237018633,6,0
maranon,-0.8126033861320261,-0.5307515100068944,6,0
therapie,0.34369294471614426,0.4110945523793539,5,0
treatments.regenerative,0.3911660817370759,0.4520794130604219,5,0
rodrigo,-0.7852228301274566,-0.49757415075608663,6,0
https://www.mayomedicallaboratories.com/test-catalog/clinical+and+interpretive/8508,-0.2037450317086697,-0.5094033033528456,6,0
chandrashekar,-0.7651738421835009,-0.4637406613143824,6,0
addressing,0.21819620898611325,0.4882531601268387,1,0
coaching,0.23120741885905435,0.4749920085523073,1,0
ruiz,-0.7699314965176215,-0.4380852436686167,6,0
kiran,-0.7677029406346443,-0.450882150018099,6,0
leadership,0.2599671447825486,-0.44776701321504786,3,0
transparent,0.16781441379026055,-0.3901587868454591,3,0
engine,0.5450812855500237,0.29908858919061837,4,0
tank,0.5512480038053944,0.28932307678641356,4,0
gas,0.5605881710427303,0.25598705924449827,4,0
junk,0.19473224441042616,0.565513113553149,7,0
refine,0.26489134257199204,0.5299754984751641,7,0
kinetic,-0.4056700028671253,-0.2640620536380499,2,0
therapy.75,-0.4541652095857052,-0.19681718803186493,2,0
actuator,-0.05944054862428627,0.5370264132060258,1,0
tans,-0.0625172968826225,0.5531615813247661,1,0
quarter,0.5115213419027314,-0.10035255468812225,4,0
screened,0.5315337367565629,0.006974633710866575,4,0
predisposed,-0.3238489393738379,0.39996519103918327,0,0
sensitise,-0.26853304802330696,0.41989995747124215,0,0
lopez,-0.7689611326076957,-0.4217773738146537,6,0
prolotherapie,0.4560040768350285,0.36810976264840817,5,0
prolozone,0.4186126672549467,0.4378539204673724,5,0
arnaldo,-0.7294601025161768,-0.39213851363174734,6,0
may;43(2):185,-0.287692648058738,-0.648414541484654,6,0
e239,-0.42642378911946516,0.25504867177859936,1,0
withnosymptom,-0.4441314823072725,-0.09408110171788256,2,0
andrea,-0.6902366570091926,-0.3693172329564791,6,0
soljancic,-0.6994885217529446,-0.3817848270706037,6,0
accordance,-0.39299209668839674,-0.21011584935590946,2,0
recommendation).75,-0.42034004898793575,-0.3153760646392085,2,0
12nmol,-0.4367020551508009,0.11214052107319478,5,0
stringent,-0.3983528937540537,-0.10290862174763467,2,0
https://www.auanet.org/guidelines-and-quality/guidelines/testosterone-deficiency-guideline,-0.017758485683156362,-0.5250490080157982,6,0
linthicum,-0.024339501303938315,-0.5933784614544168,6,0
testing.com,-0.003139276045101718,-0.537464346439074,6,0
onecare,0.01581872339812108,-0.5454744793337138,6,0
j.ucl.2016.01.004,-0.306974914777654,-0.5675705255387453,6,0
antibiotic,-0.11290415031752896,0.5532625602245714,0,0
azelaic,-0.0979219296577378,0.5273967023763632,0,0
reperfusion,-0.5798650024510558,-0.38266679613595245,6,0
ischemia,-0.556713497647852,-0.38776592770380297,6,0
pmc3081396,-0.4688992802310559,-0.4093556367652971,6,0
skincare,-0.2033540141138916,0.5159745535723993,0,0
soap,-0.19773748805558583,0.5305923790861767,0,0
ether,-0.22084235187410592,0.5288669694304774,0,0
benefit.6,-0.4092559887215094,0.032584803135078194,2,0
concurrently,-0.4281717355897057,-0.0027030920077283356,2,0
lauryl,-0.24168536434177312,0.5353995959399538,0,0
sle,-0.20009250831053016,0.46636774732038344,0,0
https://www.testing.com/tests/testosterone/,0.028978869575019158,-0.4934343055755039,3,0
womenshealth.gov,0.061180606981902565,-0.47771005196576766,3,0
j.yhbeh.2011.01.009,-0.41016207464008075,-0.4406986176625543,6,0
crown,0.03873642567096036,0.5664065631810301,0,0
widen,0.05137780066978425,0.5698867270319257,0,0
shaped,0.005229603841854026,0.5596582002731626,0,0
forehead,0.044722980905110885,0.5524712965384095,0,0
nicotine,0.1110036024054813,0.5599976644833566,1,0
trickle,0.09588439149196727,0.5561305694368086,1,0
daunt,0.5148656900512102,0.03333010648904465,1,0
firsthand,0.5171575413565113,0.09225782011095596,1,0
rodriguez,-0.31536133741943245,-0.7574039583500181,6,0
wisdom,-0.2771088607566807,-0.7434758543217341,6,0
letrozole,-0.42534423722734854,0.3342969218006325,0,0
testolactone,-0.4073677657287651,0.3324696205244535,0,0
crank,0.18184909420190362,0.5453243450454766,0,0
mentor,0.12382067711929094,0.5679013193115325,0,0
karlye,-0.3432289733874052,-0.7458962769818704,6,0
prince,-0.35480281440548406,-0.7564596112870959,6,0
apprehensive,0.44773161571241654,0.2036088737106987,1,0
audible,0.38856850132536497,0.28222849876143435,1,0
beast,0.605031987936267,0.032439800251628854,4,0
gascon,0.599772342403842,0.1323886358447745,4,0
perpetuate,0.501526520912786,0.17594143115184438,7,0
pornography,0.48098467230777064,0.21282414381092804,7,0
rethink,0.4616341445387193,0.21362156897397636,7,0
viewing,0.4346266429813717,0.2492580197056607,7,0
mushroom,0.46370437566235867,0.2226576008326533,7,0
engelman,-0.3412521781195345,-0.7249228455191532,6,0
tyler,-0.3388368596287692,-0.7567935906804802,6,0
ontreatment,-0.377077115180201,-0.003731955329665919,1,0
testosteroneto,-0.36731667283609953,0.018654972380852255,1,0
"potential.37,38",-0.3972564895975458,-0.0896403354602505,2,0
coneeny,-0.30542771037708344,-0.6868874747458256,6,0
shannon,-0.3475921657565334,-0.696875411357409,6,0
manliness,0.40960133930069126,0.3243350688553824,5,0
technically,0.369649433534951,0.3108995592900205,5,0
kettle,0.3376704093885233,0.4233307922696805,1,0
painless,0.2941553196009709,0.41083110405247647,1,0
conceiving,-0.3737085983119875,0.2852331944451591,2,0
monitored,-0.4410863764033003,0.23419273518057251,2,0
subfertility,-0.2640033413171958,0.35206315857299403,0,0
daviau,-0.3269188169373985,-0.671227746958419,6,0
meagan,-0.3374122175788791,-0.6729734781247623,6,0
dehydrate,0.45332040082131725,0.058014941489538105,4,0
incessantly,0.4554682913285718,0.1338343216021965,4,0
brush,0.3052322510343128,0.3472373957157239,1,0
blanket,-0.27522731898500896,-0.23920538852542444,4,0
overtreat,-0.40777866082660463,-0.15605652852314925,4,0
vomit,0.4419637714347458,0.13156431921014805,4,0
lester,0.2533496136545003,-0.4244426595668986,3,0
sue,0.2613705261213441,-0.4389473447416941,3,0
julie,0.3785631142682711,-0.5201911003339267,3,0
spritzer,-0.32914372070917897,-0.6351869061836835,6,0
drip,0.4385745276809263,0.08359219793022467,4,0
combined,0.40754951105611903,-0.27680941969332473,3,0
proudly,0.3927257042272265,-0.2958623777073809,3,0
professionalism,0.35387772091922576,-0.32927967513537115,3,0
superior,0.41018825733507613,-0.2966839221595726,3,0
concerningly,-0.46981824222945945,0.2531965934753981,2,0
levels.41,-0.45790520425864745,0.24741738073054748,2,0
indeterminant,-0.5449671168017045,0.11004953690776823,2,0
pmc4154787,-0.3278513721028677,-0.5361482952884006,6,0
neonatal,-0.3069322994003789,-0.2518030266971934,0,0
neuropsychiatric,-0.42808252274882597,-0.16513088615414395,0,0
gestational,-0.4136314699748736,-0.13056686355651487,0,0
integrated,0.38208779923203656,-0.2616408293214809,3,0
med.0000000000000086,-0.33587391955759466,-0.55118420552534,6,0
obe,-0.3731815785969811,-0.5362299184185023,6,0
diabetes.wang,-0.3127742401181483,-0.47074635381629026,6,0
jackson,-0.2899429720641642,-0.4843052246824988,6,0
deadline,0.395027756028667,0.26620953099906924,5,0
newlywed,0.450384078699018,0.04580334405215329,5,0
eld,0.3041151378381414,-0.3213850463080971,3,0
stanford,0.20245457636537156,-0.428629487037965,3,0
potency,0.4219501847171481,0.09657379867021082,1,0
purity,0.41349277915785615,0.10628526340444246,1,0
curr,-0.36314808128622134,-0.5862173639952107,6,0
carolina,0.30652860853389235,-0.3883249279616968,3,0
clock,0.3898825281129762,-0.37671241247732984,3,0
eje-11,-0.48156726429864055,-0.4773935196067085,6,0
pmc3188848,-0.5515776853482863,-0.6500910364970695,6,0
abdulmage,-0.3574023265192073,-0.5744633125226687,6,0
nov;165(5):675,-0.48141380824558405,-0.46058386519864686,6,0
gooren,-0.12456520535961432,-0.4518520210104331,6,0
saad,0.0368599407184085,-0.4257308969731402,6,0
zafalon,-0.08688936107354686,-0.4454400792143827,6,0
facs,0.2816639287867723,-0.39333340070955436,3,0
marshall,0.2648110146895357,-0.3679109923670383,3,0
pmc4744737,-0.2944985759150917,-0.5702777336189024,6,0
startedsource,0.04553315610367144,-0.418168410895008,6,0
oby.21092,-0.2612223684139833,-0.6188545928704989,6,0
downregulation,-0.2593638879591535,0.5322706390417494,5,0
unsustainable,-0.2794810236428777,0.5291880574084374,5,0
historical,-0.5815298224540559,-0.10983177428340138,2,0
teaching,-0.5958916046529908,-0.10018887740394047,2,0
biology,-0.5786613815382973,-0.05496505702893228,2,0
spring,-0.2394228804205759,-0.716703918760222,6,0
fella,0.398456030325416,0.32225208986545567,5,0
frisky,0.37776466730643343,0.3659420680488187,5,0
hypersensitivity,-0.4626195884271605,-0.12565166095556093,2,0
include:5,-0.47135008916083443,-0.20275991404589466,2,0
yang,0.4008850452034557,0.2225495476087016,5,0
yin,0.40663928482165745,0.2329824730666178,5,0
prudent,-0.34755179417005594,-0.3437864527487965,2,0
reset,-0.11356391163672587,0.4611380713596401,0,0
rewarding,-0.09777688006120885,0.4662013991283163,0,0
bicker,0.6208536940050995,0.14323766425718565,4,0
kiss,0.5773681075993907,0.18287036374016843,4,0
wink,0.556822787101282,0.20000140619858695,4,0
alert,0.4737968398012577,0.3083413952934489,4,0
spoiler,0.45846620213447026,0.3037170555725243,4,0
mojo,0.4296077409212568,0.380503861903072,4,0
christopher,-0.5600564965555144,-0.2557255587265973,0,0
runz,-0.5821847254537965,-0.2642671095843936,0,0
ong,-0.2561595242234026,-0.7705791969076883,6,0
ken,-0.24807613951471172,-0.7819099815190921,6,0
therapy.5,-0.3029522192973679,-0.2967888417936513,2,0
nehra,-0.2317204478153816,-0.5918368616418974,6,0
g.diabetes,-0.18995360469245764,-0.632015417106863,6,0
yoav,-0.22895018847991183,-0.8021117747620018,6,0
ben‐shlomo,-0.23861642257479565,-0.7882373782489317,6,0
kuh,-0.20120578680376322,-0.8327054542354791,6,0
bodybuilde,0.0029503605902138543,0.4642983614540732,0,0
nonmedical,0.1295997210000423,0.41315749471823565,0,0
localize,-0.47270685883724745,-0.07167664239299801,2,0
mortality.56,-0.4924912229369302,-0.052278684718023195,2,0
cumbria,0.3620841480086669,-0.4375091295679133,3,0
violence,0.39364057319553986,-0.43323675396537864,3,0
charity,0.38217237149482736,-0.4125159539101525,3,0
workington,0.3586646101683491,-0.42227606682839425,3,0
muniz,-0.23169622679129728,-0.8811117317412601,6,0
diana,-0.23214813263212075,-0.8571237300485263,6,0
fecal,-0.5017409555458595,0.05017644680954331,9,0
guaiac,-0.60209033647992,0.07497276814902716,9,0
occult,-0.6150697899471117,0.06779788101611577,9,0
immunochemical,-0.5036528221608361,0.08248350405987145,9,0
necessitate,-0.3980682895133688,0.10791486469802831,2,0
skew,-0.3864228519716752,0.20955746537549572,2,0
graciela,-0.24627658582723058,-0.9096025817139363,6,0
dopaminergic,0.030303429514503332,0.5365387738420845,5,0
serotonergic,0.1378798099005871,0.4734408128553644,5,0
rebecca,-0.27653192923808445,-0.879856355689267,6,0
hardy,-0.22154970846863045,-0.895304680735956,6,0
gfobt,-0.5982958596058584,0.04195837478196965,9,0
adams,-0.24938575742057967,-0.895187113269369,6,0
stool,-0.6584385314650413,-0.030426561948911777,9,0
sdna,-0.6630937357297868,-0.061335889153399326,9,0
targeted,-0.6371031869918052,0.007529025842695423,9,0
judith,-0.24007453521148517,-0.8291818280496706,6,0
placebo.29,-0.49762724027074284,-0.14355810484570777,2,0
rtcs,-0.517211053774216,-0.1475356219451098,2,0
lashen,-0.21056266205449756,-0.8030750077427863,6,0
imagine,0.16139602471763523,0.511366325618362,0,0
seesaw,0.17527428999142336,0.5142483745024239,0,0
excitatory,0.12529702653463567,0.5573163881712458,0,0
cloud,0.3532901451797606,0.1457703413699474,5,0
pharmacology,0.2073512066490532,0.31241233342244684,5,0
volume.61,-0.5103163547363871,0.037557940397053076,2,0
keevil,-0.18023660963357382,-0.7380617239747247,6,0
hany,-0.20797511566841795,-0.7612210464482344,6,0
colonoscopy,-0.6108717922162957,-0.05662414233636445,9,0
colonography,-0.6350569725377588,-0.07514957397517859,9,0
void,-0.4875891492212053,0.1586567305363236,2,0
genius,0.4190016475176712,0.00684531708754939,5,0
cash,0.5479981266147904,0.044138647537252496,4,0
obscene,0.5171942004831379,0.01938149106287665,4,0
brian,-0.16945509970095984,-0.7137745700597043,6,0
sigmoidoscopy,-0.5540400039375822,-0.14402616682245495,9,0
fsig,-0.5366045626499829,-0.14159194879140957,9,0
dc10,-0.1350274939020653,-0.5523519559925708,6,0
facility,0.40326865575232573,0.17952681711192306,4,0
bann,-0.16323148486423236,-0.6460403588340047,6,0
bust,0.5349980954770013,-0.01808671222201768,4,0
edition,0.5418148103037372,-0.05659928355676354,4,0
detrusor,-0.5106293449267101,0.09109530076874965,2,0
"function.59,60,62,63",-0.5061356572414244,0.11278815088488195,2,0
pleasant,0.013504384661027045,0.4968888824688646,0,0
unintended,-0.021119026972531815,0.48375358668570073,0,0
a1c,-0.4966527634003261,0.011590811472228403,2,0
deceased,-0.4523473609767487,0.06534033014078719,2,0
amygdala,-0.4089177379439805,0.14544962556952412,5,0
aversion,-0.4090237937547968,0.17891321991759515,5,0
mortality.67,-0.4550606169018628,-0.10625226188923888,2,0
bradley,0.3327692817694377,-0.22585022661467732,0,0
whack,0.36422455991271213,-0.08441072271035632,0,0
fuzz,0.18155260436324971,0.41250722369257187,5,0
tuft,0.16695284970004978,0.46905498794569805,5,0
frontal,-0.22119444154710124,0.5006558865123061,0,0
striatum,-0.24231362323197433,0.5143521968197368,0,0
thalamus,-0.18579774515947833,0.5259303457787138,0,0
hippocampus,-0.146341109722014,0.5238765250237529,0,0
cerebellum,-0.1539314138674001,0.5347365534672358,0,0
critter,0.491268832792938,0.09859641040123679,4,0
microbiome,0.5058268732068691,0.046074355607119734,4,0
charming,0.22548091838510703,0.417563019073345,5,0
e241,-0.5191578999009935,-0.13697840512156823,2,0
sig-,-0.5571153388852683,-0.09652509328094636,2,0
"death.70,71",-0.553026113553714,-0.07062799177449554,2,0
methodological,-0.41902358129747774,-0.19384994183965873,2,0
nificant,-0.43985745677795407,-0.12867981578991397,2,0
gastroenterologist,-0.30797347284410714,-0.2883475590124326,9,0
digest,0.023057386466275507,0.5139411139927943,5,0
evolutionarily,0.03845672050254225,0.5315461328829117,5,0
jul;34(7):1669,-0.1399458310382071,-0.5796421169105785,6,0
dirty,0.49158156851495355,-0.023142968864595086,4,0
steroidal,0.42801760157498014,-0.1092802578564766,4,0
"events.72,73",-0.2138424706943429,-0.33788630534897024,2,0
garner,-0.2646253010525946,-0.2940854340977543,2,0
sardine,0.11952903259892181,0.37939339432472785,7,0
loosely,-0.42804170922816975,0.15503763130076248,0,0
pleasanton,-0.3658684170557724,-0.21422403728147865,3,0
propensity,-0.3600479720127232,-0.09992461667362265,2,0
weighting,-0.38249025803754294,-0.08081669725641406,2,0
latanoprost,0.17100711244643388,0.3173893984647084,0,0
prostaglandin,0.2600142829298237,0.44413058541253186,0,0
ste,-0.35745048819507447,-0.2735938259654481,3,0
behav,-0.30205324230814407,-0.5916693747798092,6,0
horm,-0.31280260649638303,-0.6129527401667649,6,0
rationale,0.2714626021384149,0.10001628753908669,5,0
ray,0.2848246964832229,0.27760253618437886,8,0
misunderstand,-0.3655998778153208,-0.13167399380652767,0,0
pfs,-0.19037020007804292,-0.1872902831313425,0,0
ncic,0.29640413595900816,-0.3423113418458232,3,0
position,-0.06364724638737261,0.41036178809813945,1,0
eisenberg,0.1294474969369531,-0.3063228076721179,3,0
landing,0.33423472548891525,-0.4026274515657886,3,0
reimbursement,0.3341690509131108,-0.21107172745461578,1,0
iodine,-0.4245172452809666,0.2261633534391909,0,0
jar,0.09051853189774253,0.38996549178054,1,0
plunger,0.1722726057720005,0.4923733016062297,1,0
agonist,-0.35196209345379326,0.11062916894843487,0,0
gram,-0.05885763734072577,0.3031719195800429,7,0
https://www.endocrine.org/patient-engagement/endocrine-library/hypogonadism,-0.15561516749725404,-0.5803598222175446,6,0
jan,-0.1373954253403936,-0.38323261332367276,6,0
cancerous,-0.25361655466049565,0.20128059590738462,0,0
polyp,-0.28775123089997495,0.3045973261671057,0,0
dead,0.5498815818700372,-0.06997030945895516,4,0
rechecke,0.3935931503798502,0.05062629884205516,4,0
sachet,-0.03218421409728447,0.45210233842867503,1,0
dehydration,-0.02037765345430253,0.22946249819054346,2,0
versabase,0.19110758265331704,0.44643480950689707,1,0
gip,-0.15150541243713606,0.42762512133067354,0,0
glp-1,-0.2729177845186788,0.11384938237710217,0,0
proceed,0.3900463582355293,-0.25526146633951846,3,0
residency,0.15231153214048954,-0.27761559467498675,3,0
extrusion,-0.17832119722534448,0.3259643175844744,1,0
regulated,0.03371121657754324,0.266360689189552,0,0
eyebrow,-0.4102674928843772,0.3446247833203874,5,0
dear,0.2147819249583569,-0.19981229797933575,4,0
midwest,0.4929713681322643,-0.1651493721715802,4,0
duplication,0.1698220413875444,-0.45981226130879355,3,0
inc,0.04936998441448669,-0.33734241406198906,3,0
helped,-0.39693788077941244,0.37766357721887334,0,0
shgb,-0.25583605963136896,0.2582557793854178,0,0
pomegranate,0.15666327335797664,0.4404752802780352,7,0
snoring,-0.05626297618184016,0.34804353578399905,5,0
activation,-0.282071685615895,0.06049691541246373,0,0
wildly,-0.35063571358193,-0.014550288802155217,0,0
bipolar,-0.33857147822359746,0.22121685945529954,1,0
uptake,-0.14407554043431045,0.37128062374533766,1,0
miami,0.07694756855448576,-0.3373580994558301,3,0
nitric,-0.06378234264027903,0.46709630224700643,7,0
oxide,-0.07088112909585728,0.47150556097855406,7,0
second,0.05978559155895475,0.4595473784257798,1,0
journalist,0.18334904161624627,-0.40744710990579047,3,0
associated,-0.23538027735858127,0.20176698028871712,0,0
livery,-0.1537018838618517,0.34319535304736903,1,0
calgary,0.12412645691178668,-0.7374288076079026,3,0
dalhousie,0.15175955013096598,-0.767396114505295,3,0
halifax,0.1641645350162873,-0.7641958396717222,3,0
winnipeg,0.047125180291286047,-0.6872662355889682,3,0
pfizer,0.025173843350083366,-0.6486689126188908,3,0
comorbid,-0.3498911054265054,-0.13466370732320915,2,0
reassessment,-0.5441762626984711,0.0691584749769331,0,0
manitoba,0.05888424815445333,-0.6868634465597722,3,0
curvature,-0.2097926045971966,0.381603902659548,1,0
disclosure,0.0523703352550228,-0.2740355815887938,2,0
remuneration,-0.18690423526952,-0.3778452446666249,2,0
clever,0.24746234663287095,-0.31919758292189165,1,0
tinker,0.26128439128836844,-0.10608437458622594,1,0
prediman,-0.12965245668538664,-0.3733022426682331,3,0
shah,-0.07237147322765636,-0.23355292352063772,3,0
khurram,-0.3168961533278152,-0.361455113673534,2,0
methodist,-0.12827372501638032,-0.298765684896053,2,0
exceptionally,-0.24949832802459293,0.025964544989842013,5,0
doi:10.1210,-0.1648519665121149,-0.5356233592130177,6,0
project,0.022998626443891116,-0.28565439557422795,2,0
reuse,0.06563338226934302,0.5137461360681378,1,0
sleeping,0.21825452293851372,0.3104416985130884,4,0
fragile,-0.16331216797071135,0.3479904758121441,1,0
pertinent,-0.19609859405774133,0.5067490990954208,1,0
inadvertent,0.21504300052822414,0.42286158392777845,1,0
transmission,0.18607368435528193,0.31969295827873856,1,0
chemically,-0.25721167642974285,-0.007851789357271339,0,0
placenta,-0.17878614322743286,0.34114670678244025,0,0
inactivity,-0.3534063375107921,-1.612009071173602e-05,0,0
subtler,-0.435292486054955,-0.13650964496101237,2,0
strategy.420,-0.4013593689405684,0.1385175975896936,1,0
substitution,-0.30357047232034373,-0.2066439005730453,6,0
manuscript,-0.25386954928159483,-0.6361976723472944,6,0
complementary,-0.4401696369272739,-0.21342974319766078,0,0
rheumatic,-0.32678530201871636,-0.2809365399174371,0,0
axiron,0.31646120852169507,0.3499444420153231,1,0
custom,0.2995143774515782,0.2151874587213976,1,0
grapple,0.3929974939167425,0.153655798756101,5,0
indicative,0.03213422891896294,0.29623752632685413,5,0
frontier,-0.3167797890082853,-0.46091810983312004,6,0
frailty,-0.34343505632645904,0.0842551654545153,5,0
rat,-0.2368731309877172,-0.4829176855561867,6,0
ice,0.2553324918830551,0.30342863201473097,5,0
precede,-0.2331144539615903,0.2582261716439763,2,0
salonia,-0.2083862664129717,-0.3846908318724716,2,0
aleksandr,-0.028581710240376788,-0.4120834955474435,3,0
belakovskiy,0.03849456208074383,-0.3009982389824855,3,0
resident,0.17293614407830682,-0.2728645731380849,3,0
freely,-0.20963246219699325,0.23574330945740893,1,0
stat,-0.35470806560677787,0.06356545617890162,1,0
split,-0.1786149123389687,-0.15337799533830013,3,0
manageable,0.37039412077271805,0.062330249206806174,1,0
gelatinous,-0.08447814224152737,0.41310248253547005,1,0
microporous,-0.2994833157221144,0.45237741982892443,1,0
encounter,-0.31382961663537706,0.16157437058908464,5,0
mar,-0.2054759843501051,-0.5476679203596708,6,0
december,-0.10953479819068562,-0.6085260877843334,6,0
mba,0.20069336336896368,-0.4466242177197914,3,0
uab,0.16023886711447746,-0.3062989987000459,3,0
messaging,0.3860256603911947,0.1392613292346247,7,0
productivity,0.320362325754053,0.12312153523195186,7,0
principal,-0.06005782344632737,-0.41432442085584165,3,0
membrane,-0.18711594441898644,0.3342877120324677,1,0
ehrmann,-0.42714816738525313,-0.27749102141161547,6,0
legro,-0.460148386309867,-0.23143283722182897,6,0
wei,-0.4398726899287507,-0.2744705021723714,6,0
constricted,-0.026511422500412385,0.5301052517935733,7,0
weakened,-0.09919092157321455,0.39474835662574376,5,0
https://www.ncbi.nlm.nih.gov/pubmed/28434676,-0.41315215447385495,-0.3641781550012373,6,0
pencina,-0.2746101617845496,-0.4563243857242515,6,0
k.m,-0.28596761273547,-0.4627647320059781,6,0
adjudicate,-0.4744247876114049,-0.016776044799352435,2,0
definite,-0.37511556697869525,-0.03407823515093801,2,0
abbreviation,-0.21745978251856227,-0.405176055485082,2,0
disclaimer,0.11809440338960366,-0.3424650651952426,3,0
cosmetic,0.2774594473774818,0.43414709020763975,1,0
mixture,-0.07184278834484435,0.3724478201351843,1,0
coarse,-0.03142818458870034,0.5936263276463868,0,0
sideburn,-0.09095052091751563,0.6127954268290122,0,0
lincoff,-0.2512389760959284,-0.5114156482256205,6,0
clog,-0.1429751148509296,0.3352417908091227,0,0
isidori,-0.1725783732062552,-0.38372537942041196,6,0
moisturizing,0.16816998457806762,0.43730207391733333,1,0
experimental,0.2033687283570975,-0.520259365550555,3,0
investigational,0.11732666370507751,-0.4159083650654471,3,0
versatile,0.25496535719082836,0.371093270850324,7,0
https://www.clinicalkey.com,-0.2777644118010202,-0.5054082337970596,6,0
bar,0.44467934820403615,0.24457819303522424,4,0
stretch,0.1380716876043014,0.3699127088182236,1,0
lip,0.06522745033374552,0.4147920187434945,1,0
raymond,0.411177860257313,-0.5088397622348138,6,0
turley,0.42811803555050987,-0.5354894164613186,6,0
jayasena,-0.3627267860321701,-0.4784358254699957,6,0
c.n,-0.3814163336990864,-0.5055490671929566,6,0
emboli,-0.5339927831649435,0.05759279742300435,2,0
numerical,-0.3384773421347183,-0.03493575997567706,2,0
moustache,-0.06440130377664605,0.610338675685053,0,0
discreetly,0.35476925291855793,-0.11729430567328847,3,0
systemic,-0.1960987615188732,0.36407291315621687,1,0
variably,0.05183983337531848,0.3462503382930718,1,0
dairy,0.05643683628310977,0.36964798543153865,7,0
equipment,-0.1532226238114428,-0.19006301608302617,2,0
revolutionary,0.03450878226101327,-0.3457565214710452,3,0
confidential,0.2763868640475267,-0.25541502068036753,3,0
ship,0.3321391917512064,-0.131677678803318,1,0
bleeding,0.2160494501079753,0.3698931010337614,1,0
hidden,0.31431699408112745,0.1356372671092986,4,0
eaif,0.5438332236680868,-0.02569919804004842,4,0
terrible,0.4712014138781685,0.07352780000595294,4,0
hydro,0.15845333707350878,0.3977102533111857,1,0
solubilize,0.28895944361374454,0.42144170693174904,1,0
peripheral,-0.3500003434382848,0.1786733542186245,2,0
utilisation,-0.1818626301219826,0.39770055137761806,5,0
habitus,-0.058179580252695956,0.3379868239531973,5,0
pore,-0.12170579896813691,-0.15799144822428798,2,0
france,-0.10711889684652753,-0.5289545592192673,6,0
basaria,-0.42128499024917493,-0.38759240496201636,6,0
announce,-0.14972325066138192,-0.23077876813689432,2,0
box,-0.21724039994561425,-0.2461939170542289,2,0
actuality,0.24905088400353229,0.12576415538692237,0,0
polygenic,0.24508013412150398,0.2882843914207266,0,0
pharmacother,-0.23651842966241868,-0.5486933596715721,6,0
eugonadal,-0.3107161003829126,0.05146199156583678,2,0
testosterone.5,-0.4080387645187462,0.00020711676039717253,2,0
overnight,0.23203269217231207,0.40834103177045705,5,0
recalibrate,0.09301234699542554,0.33271251517061134,1,0
buckle,0.017836241822933627,0.5814726962686574,1,0
agency,-0.13864463526423482,-0.2622317132107359,2,0
drugmaker,-0.24669481558368142,-0.32029950725478484,2,0
sleeve,-0.10881074796322636,0.5253503959771715,1,0
teenager,-0.23115829973764743,0.3513763086250758,0,0
independently,-0.18315944389469851,-0.24641350414787802,2,0
liability,-0.15513189807751238,-0.3583614202037032,3,0
11division,0.20046649793486487,-0.6829502209255046,3,0
mcgill,0.16716012350927847,-0.627741843429316,3,0
ontario,0.210788996366544,-0.7193789506800088,3,0
london,0.18368198770983288,-0.722971541654146,3,0
montreal,0.11682466893612327,-0.5953456447513201,3,0
concentrated,0.4124532983074414,-0.06855043256392519,3,0
predominately,0.30679122409809473,0.3315465351005968,5,0
dressing,-0.026622819661636897,0.4100957447862945,1,0
collaboratively,0.1645252188860353,-0.27165545342990766,1,0
exciting,0.3711656361469982,-0.12848966608326037,1,0
10division,0.2087155599554874,-0.6295525164371082,3,0
redness,-0.02512255101307168,0.4734750844710481,1,0
dilate,-0.026426542859842743,0.4194517978452514,7,0
12department,0.06168983775006494,-0.5788818871551936,3,0
pile,0.4674614951796985,0.03467492732145475,4,0
weekend,0.35773182950108623,-0.029975948201843326,4,0
matrix,-0.09953419551524527,0.4112378725376608,1,0
landmark,-0.07104568771055966,-0.48581762047888527,3,0
osteopenia,-0.37460246668332414,0.1562396814258607,0,0
aga,-0.2694075619943344,0.3564793584596297,0,0
androgenetic,-0.25489148947593676,0.24643131551669445,0,0
equally,-0.24889685553952337,-0.25121950009035354,2,0
uncertainty,-0.20543332141454138,-0.22074778440899492,2,0
breastfeed,-0.21394428688660594,0.48306305015531975,0,0
adjunct,-0.2815736905374653,0.27223280432244484,0,0
recombinant,-0.40270709167499197,0.3497561927110791,0,0
deter,0.4110353037274038,0.11272737907278661,1,0
lived,0.26568876505453315,0.20769474665038384,1,0
minhas,-0.22470043271932622,-0.49961364659758845,6,0
soften,0.20971970568061984,0.3892212847810499,1,0
bot,0.16813330045233543,-0.4139936240929243,3,0
chapter,0.1410490240187083,-0.541719709386105,3,0
blah,0.3757829591210548,0.14291987560187713,4,0
bunch,0.3461771938832783,0.33922363657366233,4,0
misdiagnosis,-0.4338344732241959,0.01525147463432499,2,0
unnecessary,-0.3718123038486098,0.041895242789632636,2,0
f.c,-0.3476092128399582,-0.3643642116035968,6,0
endorsement,0.06946974183520734,-0.29832632056174835,3,0
jam,0.09912482917435898,0.4715724256411256,5,0
musculature,-0.03209878655410181,0.38818605347715485,5,0
diarrhea,-0.3825713392086061,0.43082448956349967,0,0
grave,-0.3992145156792001,0.29761146618351203,0,0
coolidge,-0.2860992497824978,-0.2693489082356847,6,0
melish,-0.5150233174173584,0.24260977953213383,0,0
coffee,0.2988941478792285,0.375230854050313,1,0
celebrity,-0.06573716954311953,-0.2962760382170939,1,0
noncancerous,-0.31395228715091206,0.3664902656012951,0,0
repeatedly,-0.29120018605199716,0.46374968337301936,0,0
indulge,0.31092236166504766,0.26037738172659886,7,0
lateral,0.14237758186136606,0.5536434035012701,1,0
wall,-0.15036666762725023,0.45923112967093865,5,0
responsive,0.3568310242990818,-0.13632572046434638,3,0
appetite,-0.3255711671963121,0.1722499893836287,5,0
california,0.22967072827986476,-0.4174304312944885,3,0
northwestern,0.20482074336655137,-0.4018944316546561,3,0
emily,-0.107133394268273,-0.6855056413318416,6,0
"life.5,12",-0.3237016164020344,-0.1907116404271398,2,0
widespread,-0.10659262287289677,-0.1710148003324973,2,0
harbor,0.18215543581177612,-0.41813472619529934,3,0
ryan,0.171015302062283,-0.5736821992771873,3,0
walloping,0.34644317194381985,-0.22014066158067155,4,0
interchangeably,0.07962938405189499,-0.388397934363664,2,0
signify,-0.09477842390362941,-0.24435318394367786,2,0
heating,-0.0430537484424324,0.584619384865369,0,0
thermostat,0.022192494033919367,0.48393330134192,0,0
hypothalmus,-0.048353908753262745,0.44021238978334243,0,0
boiler,-0.08812248465182701,0.5556417472788873,0,0
comply,-0.011589586969169828,-0.2693209780846704,1,0
ungrade,-0.15693991282993144,-0.3371823400806316,2,0
adherence,-0.22743713639350643,-0.11285354377228737,2,0
"recommendation).5,6",-0.43744034103896473,0.14988923900099602,2,0
saint,0.07807672032136603,-0.4912771826729079,3,0
epub,-0.32868474004605736,-0.46789205972299613,6,0
dementia,0.01976510238597162,-0.3284475916916249,5,0
immensely,0.17828415880632872,-0.2612175198969018,5,0
evoke,0.33610157531719786,0.21038676089527594,4,0
loud,0.04331510837640693,0.2878219805272592,5,0
speech,0.1792731532535467,-0.05454484067538589,5,0
survivor,0.07783769085200383,-0.28232121126113546,3,0
subsequently,-0.3025610842997189,-0.1516866817429889,2,0
normalisation,-0.1530604431602681,-0.11862266071686588,3,0
resume,-0.2540339900429162,-0.21646140348113188,0,0
translational,0.04420196690309011,-0.44547167139664295,3,0
geriatric,0.0689699360285032,-0.38565273224627505,3,0
pittsburgh,0.2826924315160523,-0.356395015489263,3,0
deduplication,-0.21151572931318308,-0.2912102236546054,2,0
title,-0.32654254344609257,-0.15297088112995016,0,0
50s+,-0.001314475099787245,0.4509584916324819,5,0
distribute,0.33704466890280294,0.03822576318031592,3,0
alarming,-0.2794753517508829,0.298776539804515,5,0
smoker,-0.1145517639173732,0.27103309879896087,7,0
hage,0.13329235806893455,-0.5183727153929162,3,0
colorful,0.31078701415766413,0.4457734507601219,7,0
eggs,0.3295779772248743,0.4090935521506293,7,0
seafood,0.3821411921421227,0.4153520689495694,7,0
elderly,-0.11520317462568982,-0.27927046936219324,5,0
700s,0.5158986955840044,0.25100429936695184,4,0
roof,0.29264576238169615,0.27301509699518356,4,0
drug.430,-0.28252075794150866,0.3278801076675637,1,0
expose,-0.093773580757268,0.3528138559438028,1,0
glass,0.17991268625104706,0.46933132293209995,7,0
childbirth,-0.4867304396641956,-0.09994582258074579,0,0
otolaryngology,-0.39510968703201155,-0.06160776762385748,0,0
discount,0.34122163574196335,-0.05761831512768998,4,0
anxious,-0.1674029030131861,0.40923325042838216,5,0
pastry,0.2744474435895211,0.529577142120041,7,0
sweeten,0.23076745909405474,0.5597214417757826,7,0
outlandish,0.4974638875362424,-0.153517820662393,3,0
stake,0.25946372594925177,-0.23911127529140327,3,0
enlarging,-0.39069494211757005,0.40475088269799,0,0
descend,-0.3751758028286372,0.30005158401749793,0,0
risky,0.09741066328241905,0.3422726147973506,7,0
declaration,-0.33720524943502694,0.29793195955466406,1,0
hazard,-0.21165278347022004,0.2526111557353092,5,0
focused,0.2004594562213588,0.2484504247192893,4,0
vibrator,0.39652210422131773,0.0730593455096378,4,0
heartbeat,-0.18811889402044138,0.41129158579321895,5,0
fried,0.250272518283413,0.4868216613934592,7,0
meat,0.39097158959964784,0.25508730208125346,7,0
handle,0.2760850082397432,-0.3214673004937217,4,0
precision,-0.05591999178001934,-0.2797332980119709,2,0
integrity,0.2164429713406142,-0.25087896340701826,4,0
eugster,-0.43654381266585535,-0.5205316913789627,6,0
haddad,-0.44923285469581326,-0.514850562417657,6,0
jul,-0.39739583235449677,-0.4433472887966619,6,0
neural,-0.01731165360397843,0.3502428175260572,5,0
sympathetic,0.009451169293135064,0.4112977036816031,5,0
virility,0.31698105284351263,-0.027198939940398726,7,0
multicenter,-0.2724065790284356,0.1793769930123971,1,0
sigh,0.3268230090279816,0.16837143277459138,1,0
gainswave,0.33755443997936185,0.21994243096163701,1,0
yep,0.35935365470127156,0.12896050876816423,4,0
wladek,0.04160903793213304,-0.4058103620751233,3,0
clevelandclinic.org/loveyourheartpodcast,0.40489726815301363,-0.25566807412510595,4,0
heart@ccf.org,0.38991008232727314,-0.2694409881786579,4,0
exclusive,-0.2807897974461066,0.16690811361955796,5,0
unsettling,-0.26173413491183256,0.39551464236372774,5,0
balding,0.03771033614857498,0.3955066501480493,0,0
recede,0.015114432431422015,0.5444882932076653,0,0
hairline,-0.02616391264731612,0.44130085605281216,0,0
degroot,-0.4309737121798198,-0.3976649417901947,6,0
derive,-0.23341197436516692,-0.21917829994337834,2,0
priori,-0.3333200468614749,-0.333778959149719,2,0
certification,0.2697582801530675,-0.3526987925232789,3,0
graduate,0.09306745865581673,-0.31254629463093614,3,0
grip,-0.3599930630795356,-0.1453728766598478,2,0
hypercholesterolemia,-0.5130909439633853,-0.11970470568714543,0,0
pleased,0.331868265009316,0.20052349949838524,4,0
observed,-0.28974336052334715,0.15335051100534794,1,0
hygiene,-0.2009306080723152,0.25725127089224564,0,0
predictor,-0.33522876486508907,-0.19401577491630712,2,0
cardiometabolic,-0.3962770258674745,-0.1815461687844565,2,0
tracker,0.43112891738217995,0.34349364552543676,4,0
d.c.—has,0.2218164891418683,-0.3675060045198198,2,0
regional,0.2514230531456235,-0.25780390021661903,3,0
marked,-0.047135244295028404,-0.351057044793621,3,0
aka,-0.10813161902197306,0.24389657996354347,0,0
paralimbic,-0.3157031182229546,0.22762797261366907,0,0
interestingly,0.017296799875026747,-0.1958114889290376,3,0
deactivation,-0.20353551885335555,0.26925603197183284,1,0
enforce,-0.1403012219583711,-0.45312115522459784,2,0
reflective,-0.22104152645401012,-0.30080421439631155,2,0
inferiority,-0.3250387941852474,0.06606964858129363,2,0
silicone,0.12985477665665027,0.44158331278929214,1,0
offering,0.4611915900603684,-0.20894943384346876,4,0
privately,0.3377304809832884,-0.1407476668782429,4,0
mediterranean,0.28519851845081917,0.20915005948235513,7,0
plant,0.35271196619595396,0.3300970137965655,7,0
salmon,0.3556335183030641,0.3744217127328395,7,0
manly,0.28468917077729844,0.24182880081732858,4,0
commencing,0.24229811024954045,-0.340932486536534,1,0
formal,0.1937267175057383,-0.25228639096566347,1,0
pen,0.19973620804669223,0.5105671993091092,1,0
scientifically,0.18264623101952673,-0.2804104211414057,4,0
scanning,-0.2496404404895163,-0.1599467713556795,0,0
leverage,-0.026013056950349823,-0.4216084497621705,2,0
representative,-0.10076905465520261,-0.31470234267323133,2,0
furthermore,-0.29712654796606996,0.09733705047327233,2,0
societal,-0.15666055576246346,-0.023210550250983005,5,0
melatonin,0.058788982973723675,0.359487018189481,5,0
nightly,0.16569395504099835,0.4485659661206565,5,0
campus,-0.06887326698934555,-0.3695269123066739,3,0
usa,0.03762317221968673,-0.2741101367032897,3,0
msc,0.1603382024816504,-0.6727600290335347,6,0
material,-0.17237726238094409,-0.23842760809576163,2,0
pooled,-0.13731094727710216,-0.28791640320225315,2,0
hand-,0.1405224178243353,0.5370171918013983,1,0
hollow,0.1916912441512304,0.4600922599831861,1,0
inflatable,0.0028999528336905627,0.44189499621257966,1,0
prosthetic,0.04224349630550468,0.36012898484034755,1,0
award,0.029602439091628633,-0.3731713876036711,3,0
mountain,0.4816680767810435,-0.18289755084150766,3,0
openly,0.4309746820791454,0.05300098240369369,4,0
visibly,0.42659668793189864,0.2298634018209765,4,0
bend,-0.023391773986161598,0.4567161565167086,1,0
elder,-0.4888666349529935,-0.19546777555173933,0,0
hematology,-0.40706942376654437,-0.2766085337629135,0,0
hospice,-0.4589886723040882,-0.21403025053154817,0,0
prominent,0.13510660810089314,-0.21762778836801058,4,0
truth,-0.0013841287413200387,0.26601058502568004,7,0
discontinuation,-0.3421104184580505,-0.1304735413110516,2,0
daniel,0.039615261450067524,-0.5499446437034667,3,0
deny,0.29714844749661506,0.11136469713062058,1,0
lee,0.07424766663936928,-0.7274448873950797,3,0
depo,-0.16313382922091632,0.3292935622580462,1,0
xyosted,0.1825007635330739,0.4348526592595164,1,0
straighten,-0.061825951518792964,0.4866864104054575,1,0
upward,-0.008839047108840387,0.5471351261216866,1,0
intra,-0.3140699423485767,-0.12968659961549925,2,0
operator,-0.39784143422853413,-0.11648754329309631,2,0
foundational,0.36021965816276924,0.13572460845731624,5,0
passive,0.4489666963455365,0.02857094642774901,5,0
ambiguous,-0.4247274293947252,0.20045501328189258,0,0
underdeveloped,-0.5114238153936631,0.3781828752591072,0,0
carbohydrate,0.21271809273812337,0.4440527228218621,7,0
smoother,0.3640430994063279,0.26882127275965884,4,0
mbchb,0.19621978453053784,-0.26642392014247535,3,0
transformative,0.3634450886702747,-0.11584144946066585,3,0
trusted,0.37958208172917585,-0.0019498761641818544,3,0
microprocessor,-0.20194206883914662,0.632131795304038,0,0
patel,0.11519979489959589,-0.7832975911826088,3,0
holmes,0.03648627283629401,-0.7353244819882873,3,0
appraisal,-0.22381617096424397,-0.4424324633647751,6,0
rigorous,-0.15288600975674452,-0.34732557787906115,6,0
rigorously,-0.41389604883280784,-0.1730540342884738,2,0
nestle,0.02334369486354825,-0.6987114844846422,3,0
advisory,0.014706237887677472,-0.636547743039084,3,0
contaminate,0.47162349970546574,0.23511464993724177,4,0
strike,0.5210701074195536,0.042272565678243584,4,0
endure,0.26970207416886605,0.26043345160998105,1,0
shorter,-0.1725590343767181,0.15674565872526133,1,0
monograph,-0.35757105976208636,0.3201175747478051,1,0
delatestryl,-0.1763596083277567,0.23806855550250458,1,0
andriol,-0.23843644485184756,0.2970752993349076,1,0
cavity,0.07206391217041397,0.4705058736721516,1,0
puttylike,0.010980401762625635,0.5705637968798212,1,0
hypothyroid,0.1951638773810131,0.3476136234849891,1,0
concierge,0.27210222800349954,-0.23885422643808552,1,0
chip,0.21400182345820382,0.47425365895017985,7,0
anesthetic,-0.055164576588627716,0.5577259546408587,5,0
sensation,-0.05084393060443613,0.37567683165677784,5,0
biochemically,0.009425564979223023,0.5224103990765232,0,0
confuse,0.21429488779707798,0.055336884457810716,0,0
stigma,0.24815257646679292,0.21646077560228236,5,0
justin,0.23728600566754016,-0.24509689540051013,3,0
saya,0.3555376316185399,-0.3526247222623861,3,0
nicole,-0.033266586794448175,-0.44131433813047183,3,0
predominant,-0.19532993153219258,-0.2386039881620397,3,0
continually,0.29078131413322483,-0.020853262680601618,5,0
binge,-0.07368873116783664,0.3539138116525198,7,0
grapeseed,0.29399578553116434,0.3334047590701066,1,0
behavioral,-0.2632532964016384,0.017555150705744593,5,0
instruct,-0.2072913176903385,0.41022388593058345,5,0
apology,0.4533400328690122,0.3498816925936203,4,0
incorrectly,0.19959276256409925,0.33113502232432906,4,0
krakowsky,-0.011976411377594302,-0.5834358393807827,3,0
aldosterone,-0.09707631211951165,0.42096236429459644,0,0
addison,-0.31207756166822803,0.26493539601167143,0,0
identical,-0.25354793133470926,-0.016000861354813142,2,0
hypoparathyroidism,-0.4027868492125437,0.14837964274503976,0,0
synthesise,-0.460265967289467,0.2622823122333934,0,0
gynecological,-0.3768799948362807,-0.3251774060377707,0,0
botox,0.35679617769655075,0.4326616148711202,5,0
jeauveau,0.2951138604287892,0.529248547696797,5,0
microneedling,0.22267316200669443,0.43428235272572396,5,0
depotestosterone,0.12499779178174751,0.4038968684820581,1,0
onboarde,0.4382179325192786,-0.10316607692920324,1,0
secure,0.37605985116977897,-0.07799487938194906,3,0
horny,0.3719161989842075,-0.2953476854612142,4,0
tinkering,0.3358953598374196,-0.2679156469829479,4,0
crazy,0.37753536093067075,0.08891636624854049,4,0
disappear,0.4094233482634178,0.2870252400250365,4,0
parathyroid,-0.4379562371104222,0.21067490370492387,0,0
downstream,-0.30992283652930364,0.10164429092439972,5,0
gaba,-0.3132702194861341,0.16775747485377676,5,0
blunting,-0.028890887708704908,0.2826773902550433,5,0
pause,-0.03788659500009036,0.42199139548221953,5,0
cac,-0.3659848429297396,-0.01641638109137158,2,0
guesswork,-0.4461213272533175,0.0765733597881961,2,0
preparations.441,-0.4018144519570975,0.05886869831036873,1,0
fundamentally,0.35111961806925623,0.2366515472789391,5,0
comparative,-0.31976977647151444,0.06008848009121213,2,0
ecdysterone,0.3682562575082333,0.42588402338105946,4,0
nitrate,0.162784632087326,0.4039960730623959,4,0
kryptonite,0.48875316398910706,0.2720102983127421,4,0
superman,0.3503056440707806,0.3010464205219774,4,0
medicated,0.13613911593660344,0.447298834887959,1,0
muse,0.03202706517069625,0.5859816571737554,1,0
sermorelin,0.36429839589084556,-0.10389092061127293,3,0
gather,-0.1976071415835997,0.4273642077671085,1,0
incentive,-0.30041046195372845,-0.05985019153605475,0,0
tough,0.3402972184661812,0.055222069455848045,4,0
downplay,-0.01711748933993245,0.1421654496375677,0,0
english,0.056019765733256545,-0.4195885124497457,3,0
coloplast,-0.0006524903288264137,-0.6001357145491887,3,0
differentiation,-0.31558142986246357,-0.0025009787975489345,0,0
dismiss,-0.251629708099632,-0.03350395275105136,5,0
dutasteride,0.20401989431004738,0.29481783312469506,0,0
mesotherapy,0.1140921355500229,0.5731871707118993,0,0
observation,0.148585293996667,-0.13294055196908186,5,0
elasticity,-0.27059071394479867,0.4093875145862408,5,0
summarize,-0.2883941479760228,-0.1447141335716377,1,0
"therapy.28,29",-0.4105461970200033,-0.1075864082633216,5,0
biliary,-0.5203893089340277,-0.0757799787751513,0,0
pancreatic,-0.49145953614095195,-0.06002633545113847,0,0
thrombosis,-0.34951210304428193,0.07332878623558974,2,0
cautiously,-0.3297740007122322,-0.02800512490727623,2,0
fire,0.16918659774866293,0.365527403766797,1,0
flammable,0.2880246179697612,0.4729704155341592,1,0
hobby,0.35669925591677404,0.1777924639087677,4,0
impart,-0.2567922948480415,-0.2578768137251445,2,0
inherent,-0.1822462392198254,-0.19363249658316087,2,0
confusion,-0.1924587148674792,-0.25126608128097977,2,0
generalize,-0.2840106437737878,-0.24405295167661323,2,0
vote,0.32581373266955616,-0.2616244312478918,3,0
virginia,0.27920511635783163,-0.3479865815534472,3,0
snowie,0.350800178769874,0.18405183534627456,1,0
unsure,0.2726816102197656,0.15128837249651464,5,0
healing,0.40475669264122166,0.0311918368606764,5,0
resilient,0.28356308104540656,0.28651963883658615,5,0
better,0.44744805139144933,-0.012482929966220021,4,0
copay,0.5750559242088134,0.07133362638176008,4,0
creation,0.06962044757699,-0.24207634296852962,2,0
solicit,-0.03739961160787064,-0.4645974525719474,2,0
metropolitan,0.2714461688980231,-0.22488866536291957,3,0
deodorant,0.4386452703953542,0.44726995381572876,1,0
dispense,0.21941778829642186,0.21664008384054745,1,0
opening,0.07476615842147508,0.34513591546850725,1,0
twist,0.3512835260998446,0.4448818471332327,1,0
geography,-0.360574919776791,-0.25198266578972817,2,0
ball,0.3370704804261211,0.3064089163632592,1,0
fad,0.4567432413599646,0.19171100299584767,4,0
lifetime,0.11305237915102265,0.26952621589195386,4,0
philosophy,0.5202821722622248,0.1819595320823817,4,0
retrospect,0.4010991520611625,0.1625027340156234,4,0
podcaster,0.3250698216888909,0.13066671202824184,4,0
dial,0.152284794452153,0.30549130748967146,1,0
topi,0.30730130440960546,0.40246826801850005,1,0
interdisciplinary,0.1016723850810798,-0.3331335744902101,3,0
overtax,0.05040675167509413,-0.3871153031093567,3,0
longstanding,0.4560517941866478,0.23408703991975163,1,0
theory,-0.32190648618800466,-0.2033045883795252,6,0
credential,0.19461372306381194,-0.2867565242144825,1,0
robotic,-0.11427850577841285,-0.2659801229865119,3,0
vinci,-0.08973569087801615,-0.323296225217081,3,0
pharmacological,-0.2241508891735401,-0.23346052170942266,6,0
imitate,0.08999320292697385,0.3759865578880379,0,0
voter,0.33482410875093277,-0.17097239808185838,3,0
motion,-0.17410311400003078,0.45434016041272546,5,0
motivate,-0.060999052426021376,0.3794559534117419,5,0
oregon,0.3974602244419643,-0.1919934325056732,3,0
portland,0.3408800257425939,-0.06644098109430445,3,0
4636(4men,0.16086039612922107,-0.3792306469038064,3,0
leafy,0.2766639384956336,0.40205830141694504,7,0
dynamic,-0.2056800109358225,-0.015469603310496561,1,0
marketplace,-0.3084917037510767,-0.08718076622664503,1,0
unfavorable,-0.2534474801312396,-0.1470224601103698,5,0
surgeon,0.13519739336347222,-0.2515416746458451,3,0
criteria.411,-0.44433699764033746,-0.016746321547027297,2,0
medlineplus,0.28014014877017834,-0.14910030400780178,3,0
jealous,0.5312946603653922,0.2120280348771017,4,0
whatnot,0.35722980886743,0.19314716054389983,4,0
indirectly,-0.32427424113933867,0.23771565123885502,0,0
utilization,-0.32676013106950863,0.42893622761707817,0,0
merely,0.040027599859621045,-0.17633334717669374,3,0
neighbor,0.509405806388261,-0.06783520127092933,4,0
obligate,0.37089205637586353,-0.059117481112956144,4,0
biologic,-0.31502827098649266,-0.0477834953429135,6,0
equip,0.18778418394374405,-0.19629926686478644,2,0
epo,-0.4145469885802592,0.38104601917073166,0,0
erythropoietin,-0.3229815642155202,0.37868658404856437,0,0
sculpt,0.12999573278600665,0.47885306984940773,5,0
simultaneously,0.0491669816233656,0.4110541465662991,5,0
pivotal,0.23142742565053853,0.24443917875976126,5,0
reserve,-0.16944012197995253,-0.22403368742592752,5,0
lifting,0.34909943035652363,0.03358757799687188,7,0
sizeable,0.4106612901786797,-0.07629466355835392,1,0
predictability,-0.23053249937084686,-0.18010867066059164,0,0
motional,0.41349541170639553,0.19486374155287883,4,0
weird,0.3700856074986217,0.1161107643920993,4,0
contraindicate,-0.3907415950466162,0.29034036038791144,0,0
inhibition,-0.31224997018880174,0.30785515193695395,0,0
lifeblood,-0.07815120554433748,0.48250017638647835,0,0
miserable,0.22708900934083445,0.3264105310404586,4,0
reliance,-0.3942314859561353,0.05682153802246097,5,0
multitude,-0.5013936802793173,-0.022538382558637857,0,0
evolution,0.27715665608356915,-0.2105940800928767,3,0
clue,0.010127582803217516,-0.35180544011455345,3,0
ramification,0.20633025107621306,-0.4160996405032308,3,0
louisiana,0.26776052048978444,-0.24898527505702656,3,0
rip,0.49290623223782026,0.2230650772556223,4,0
alexandria,0.48519207929568675,-0.19504807609185468,3,0
brown,0.3440097897727762,0.2714607236692514,7,0
exhaustion,0.20135820772318383,0.28655582991035655,5,0
asymptomatic,-0.26727691905774803,-0.1850479647202419,2,0
2023a,-0.3404312889482677,0.43033708543624627,5,0
nov,-0.11518513389614456,0.34947870212709947,5,0
gumline,0.07585471527258059,0.5631465971270534,1,0
deleterious,-0.5716054762149525,0.045823238596421643,2,0
resultant,-0.3828143585175759,0.1308082623102929,2,0
intermittent,-0.12850618547577167,0.3752935865646672,5,0
panic,-0.23446386962296675,0.31863929860142337,0,0
street,0.34838274631640037,-0.3704673426296623,3,0
premise,0.5692408336453957,0.05323592876770155,4,0
transformation,0.3977271178713373,0.10431875762500896,4,0
periodically,0.01108091067813789,-0.2762422340105514,2,0
clevelandclinic.org/cardiacconsultpodcast,0.32390169537249236,-0.32171287514779484,3,0
chicken,0.06654408508095613,0.39035016025550956,7,0
coverage,0.2975818192200353,-0.13422596953539467,4,0
tolerability,0.169249696775917,-0.32079657198019584,1,0
trace,0.11064129778407714,0.3754794094380261,1,0
unwashe,0.17587885670668638,0.4812637158190632,1,0
prize,-0.1545271429239893,-0.27331164074703457,2,0
exertion,-0.1039677957447633,0.45041425847206085,5,0
faced,-0.14564075941253743,0.54283689654825,5,0
brilliant,0.5389046074303905,0.01492591415734272,4,0
panacea,0.4324028908727177,0.03043331904914644,4,0
lengthy,0.41787056028049174,-0.1639693256495795,1,0
restrictive,0.31088564997602336,-0.10240235720164649,1,0
smsna,-0.18433863779627088,-0.3907763092266472,3,0
press,0.103464807847242,0.0473557604126113,2,0
syrinx,0.22018730746478204,0.3966424181281713,1,0
defer,0.3715862193277204,-0.02928964922084444,1,0
gps,0.22739185783384153,-0.12768060650358878,1,0
enjoyable,0.24289499854173638,0.3578175607143901,5,0
vibrant,0.16821466263148563,0.32881453793973126,5,0
thick,0.12217489469869021,0.4604177194701565,5,0
extract,-0.040752030875006715,-0.2795607380355281,2,0
methodologist,-0.20447745533110154,-0.36180996444422286,2,0
rubber,0.2638294019232867,0.3395885697727562,1,0
preventable,-0.27328810188383534,-0.1091124136359328,4,0
sight,-0.3546680668563987,-0.20881140671375076,4,0
unintentional,-0.27301261198233095,-0.2583651392273222,4,0
proprietary,0.15891421338814832,0.49605725943459605,1,0
straight,0.3552037127715707,-0.06245067068669868,4,0
creatinine,-0.6185087018223846,0.23811926649421716,0,0
gamma,-0.7041929131744399,0.22984176178179014,0,0
bilirubin,-0.7013813639480803,0.21114514233880322,0,0
glutamyltransferase,-0.677436515145329,0.21184499828712477,0,0
nocturia,-0.48561844836187795,0.06870576921452921,0,0
urinate,-0.35336174858306,0.21988634735242427,0,0
climacteric,-0.1985583927580928,-0.5188363730769399,10,0
pp.15,-0.18921040110169488,-0.5362283406070737,10,0
thoughtful,0.1874306445812215,0.2760424551931052,1,0
elastic,0.32756249387306824,0.49855519007445337,1,0
slip,0.376352559562098,0.2518822570063823,4,0
alkaline,-0.6862483862942909,0.24240493104020108,0,0
description,0.45724025753770686,-0.19042482468893235,3,0
glomerular,-0.6082511846189661,0.2502417728120023,0,0
river,0.40065360267565286,-0.3261850294284872,3,0
filtration,-0.6031914144583449,0.2352420147552401,0,0
amp,0.07034407133825245,0.6062487061110575,1,0
brito,-0.21714398120019365,-0.6234837749194927,6,0
healthdirect,0.34307534827831826,-0.23319887859875008,3,0
victoria,0.3231912508357171,-0.3796259726187601,3,0
fixate,-0.30310486183909646,-0.1692984138656287,2,0
mucosa,-0.13620253992870415,0.37471724717214244,1,0
summer,0.5368628577460306,0.07962376591085493,4,0
famous,0.2195184985928439,-0.11721922469786822,6,0
angina,-0.03979244913332672,0.5341466474954975,0,0
blocker,-0.09045193322896543,0.4016826175948147,0,0
believer,0.38697963278362163,-0.012847317495801851,1,0
ethos,0.3160428317839921,0.0055872158321747245,3,0
appreciative,0.4156744626704556,-0.05708447157561233,4,0
prader,-0.5116953967700241,0.16177228972200783,0,0
willi,-0.3869303473556195,0.25914003103067956,0,0
pine,-0.1883721571330268,-0.45604841105320343,10,0
insertion.446,-0.27894473081578863,0.23082242899036198,1,0
flexible,-0.3188089008496162,0.03993897361729089,9,0
disclose,0.32321130717871704,0.07031548986973193,4,0
aspartate,-0.6788376590912798,0.232709540011605,0,0
urgency,-0.2282045709783623,0.36612804658890274,0,0
firmness,-0.16296507901870919,0.37740020327808166,1,0
urethral,-0.042709127957733704,0.37219047372469816,1,0
balk,0.45817358918048534,0.017590367199946694,4,0
institutional,-0.32839281642589574,-0.013855484448883845,1,0
therapeutic.446,-0.403394379349259,0.015388669671091112,1,0
northeast,0.47045032233896816,-0.13514989419495685,4,0
alanine,-0.6554291606814401,0.28339298939508345,0,0
aminotransferase,-0.6427326674448132,0.24582320430428103,0,0
phosphatase,-0.6824119526861504,0.25186739255183177,0,0
bibliography/,-0.15217988492570517,-0.42044995953029873,2,0
bedroom,0.28043565140046894,-0.1751230779819517,6,0
feed,-0.08876127613763792,0.42048529937732804,0,0
deaf,0.4421531594698901,-0.13401680944515346,4,0
theoretically,-0.3278223688070706,0.1942744561621373,2,0
ecchymosis,-0.3423693888288359,0.3334988210626168,1,0
francisco,0.18096243463988865,-0.3094567507807878,3,0
virtually,0.3529906336850879,-0.38312184992521175,3,0
bmis,-0.4127167695699905,-0.030953402184357683,5,0
relation,-0.29239822276759275,-0.01590440288400874,5,0
interaction,0.2287917262401153,0.25547588473168514,5,0
español,0.20271978068502566,-0.4934801487748211,3,0
bank,0.4046046314092196,-0.20760765406070275,3,0
resilience,0.3462488384526449,0.1392621280289223,5,0
pubme,-0.21987878531283375,-0.3715281403571903,6,0
campaign,0.31268303411934956,-0.2897838152967855,3,0
array,0.154921771080482,-0.21229847586495254,5,0
enhanced,0.342967894365494,-0.04806683091673687,5,0
geme,-0.4019625420629306,-0.5734109463051338,6,0
moderation,0.28656788354267204,0.30515372235004196,7,0
sexuality,-0.23437595987793589,-0.4014757149412237,6,0
annually,-0.35080798290627957,-0.02371431225022225,9,0
metal,0.23564571351452995,0.3030082139996332,1,0
interrelationship,-0.4445313984675874,-0.0030898728056680644,5,0
unrelated,-0.19223248465371376,-0.15226946281653087,3,0
calendar,0.3322521857477954,0.06776302631169116,7,0
medial,0.47842875462069545,-0.08532273428614752,7,0
lady,0.4702615361467236,-0.16022142093923517,4,0
copper,0.2688769804505739,0.44773262368048966,7,0
throttle,0.11771718001163509,0.3626208956397804,7,0
chloride,-0.5848311103621823,0.2800792904366651,0,0
genitourinary,-0.45886905490116386,-0.04363510808917522,0,0
throat,-0.4072199900310122,-0.07299674927217042,0,0
manmade,-0.05384590074245287,0.47486439807273817,0,0
frederick,-0.16879450516007227,-0.6361308155008588,6,0
cow,0.4347202514491454,0.09547614737617635,4,0
concertation,0.02787434730574061,0.45562927338190806,7,0
motility,-0.16188307744276278,0.28265885893886344,5,0
remind,0.4139605235185771,0.060110676996112895,4,0
vendor,0.25567432291727427,-0.0875742192888705,2,0
converting,0.041358895325486464,0.46581282673368296,0,0
nipple,-0.11372306762094113,0.42466689952352765,0,0
kliegman,-0.4051205037080667,-0.5535978140645222,6,0
hate,0.5368599832548814,0.18659363221828934,4,0
intuitively,0.4626050608615579,0.12788526701759576,4,0
consequently,-0.14610375118699614,0.41159322508889223,0,0
subfertile,-0.263281963973185,0.4302772329012642,0,0
equilibrium,-0.16161639544154874,-0.28339705196734877,2,0
oncology,-0.5124196472815599,-0.20007587417813602,0,0
transplantation,-0.39610408768099153,-0.2966591858009862,0,0
pruritus,-0.12235532573990689,0.42066288830036097,1,0
strictly,0.18158980345018266,-0.18680132749579126,3,0
cluster,0.42524346425880494,-0.04745949943709392,5,0
phrase,0.2884907065817957,-0.15159980123078717,5,0
a&e,0.3223875968551704,-0.39616078403964466,3,0
hub,0.2927511523333458,-0.21107468416753195,3,0
blum,-0.39285267042227945,-0.5726670322805125,6,0
customer,-0.10665412337117192,-0.22800112342363799,2,0
overwhelmingly,-0.34328833163024297,-0.22053054089742705,2,0
random,-0.2386542822417962,-0.19682117920647715,2,0
satisfied,-0.3501596327822173,-0.16238599693682937,2,0
zitti,0.4555889541522862,0.19979968659629274,4,0
winter,0.325790694905522,-0.23915082739442237,3,0
dense,0.14708177851077173,0.3502099659699845,7,0
proportional,0.2772196200278155,0.4456978310737193,7,0
city,0.31267968276882263,-0.35360652073260074,3,0
dl.436,-0.47607959949754775,0.05653116749536605,2,0
specify,-0.31186365601873756,-0.06853275847121283,2,0
anaphylactic,-0.38936120361385196,0.08244246196726196,1,0
anaphylaxis,-0.29919973178144976,0.06755044253521564,1,0
iodothyronine,-0.6422934139883126,0.3193115562924525,0,0
sarcopenia,-0.24806688553785158,0.2927821774847435,5,0
deposit,-0.32970648995945306,0.2507359888166776,2,0
lightheadedness,-0.37909127189438074,0.44185999106465046,2,0
apigenin,0.0074474031520580155,0.5911589088724467,7,0
quercetin,-0.05711884381233984,0.4921377676947766,7,0
flavonoid,-0.06675316917888872,0.4807098299027519,7,0
hopeful,0.5144797209620429,-0.020207185761030137,4,0
tonsil,-0.3123469821099133,0.41781570472581636,0,0
offset,0.3735729923083013,0.16445056938255923,4,0
toxic,-0.17950116903567673,0.3746853391148516,0,0
horizon,0.2996632689660109,0.1651329892354955,4,0
surprise,0.35641795166178775,-0.20360163459124625,3,0
suppository,0.0529809824588185,0.41767033450654445,1,0
alprostadil,0.08056800676210542,0.446056430207862,1,0
worldwide,0.33016390662217643,-0.0995060974862286,6,0
metros,0.42332484864128794,-0.03639094524579413,3,0
ashwagandha,0.2646767150671459,0.11464652788868716,7,0
suck,0.38130436648659544,0.22755260972909175,4,0
mill,0.384324166126352,0.04017192466295784,4,0
subpar,0.2693886779583015,0.20064099290186624,4,0
tri,-0.616979538388967,0.3025660584533233,0,0
fish,0.08749599596578421,0.34930816076994214,7,0
bacterial,-0.5452902661541542,0.20865511173068796,0,0
viral,-0.29484038948499064,0.011659959817261333,0,0
asmh,-0.36009883083468436,-0.2881299881991127,0,0
tongue,-0.08944707546329676,0.3654499086795828,1,0
rage,0.31428402704467995,0.023812064446177093,3,0
beginning,0.3454470944065424,-0.26236777362755426,3,0
cuff,0.3910436182860146,0.020610567537565506,1,0
photo,0.2949103624681069,-0.1017950719597336,4,0
chat,0.3685420250555884,-0.2583625897587944,1,0
pricing,0.27036773896356553,-0.10522369267623548,1,0
pan,0.3961763119366448,0.3451526445054094,7,0
sale,0.23359194310399423,-0.18097101161762236,7,0
guilt,-0.24763523560935954,0.3276698170308179,5,0
hopelessness,-0.14390968381161034,0.3204796085772532,5,0
afterthought,0.42333612731844605,0.14009502853229022,4,0
busy,0.36601797904912237,0.0859672867041616,4,0
noninvasive,-0.18766229957776778,0.22228396243843918,2,0
clarify,0.19202865196098864,-0.2726640996097102,4,0
segue,0.5223261829272812,-0.08254754514502052,4,0
conventional,0.28884216758233333,0.34732447970178404,5,0
underestimate,0.030864516516594307,0.34920236320724857,5,0
swap,0.29357790762723635,0.3101083308172488,7,0
settle,0.22001387135988423,0.03473960660244901,3,0
engineer,0.3548526770806387,-0.10902568221059689,4,0
microsurgery,-0.1776311373607521,-0.284446314578518,3,0
newsroom,0.4277179959414031,-0.2587783915332823,3,0
transparency,0.2728797488426898,-0.26895856504230736,3,0
map,0.29754158853234536,-0.21875825684795785,3,0
capable,0.24386527414194087,0.23254412879328984,4,0
jack,0.4584184908510087,0.2725974866580492,4,0
honestly,0.41563426859488384,0.07025533852755386,4,0
objectively,0.33277295302686294,0.15509698372838226,4,0
myotonic,-0.4234376424921446,0.26954765980728845,0,0
dystrophy,-0.40930926150588315,0.2369589129710099,0,0
flag,0.2734222680788273,0.2885817735665218,0,0
belief,0.3061608054145867,-0.14444173267062344,5,0
mistaken,0.4547191479681844,-0.03407233489111239,5,0
abstract,-0.10800290460051773,-0.34903577982034506,6,0
rekindling,0.10964341624660134,0.4131301017157716,5,0
canary,-0.20758758370004868,-0.1976148389467032,5,0
coal,-0.20140173721427634,-0.18823854875134347,5,0
collection,0.09580002324484556,-0.24115145292303808,5,0
sick,-0.17585664886127433,-0.30850348440989955,6,0
falsely,0.06466552854012254,-0.2247247212552609,4,0
unavoidable,0.3213703111397177,-0.07761961766044648,4,0
nourish,0.31735560327867846,0.32964853285411205,5,0
cultivate,0.33418673385694864,0.18942547709521987,5,0
maximal,-0.06770179926690618,0.3829434543256201,1,0
men.438,-0.31141889603003725,0.4490578849385554,1,0
proxy,0.4882757972928914,-0.056966835765347466,2,0
coughing,-0.3240077092714476,0.18774719490966787,1,0
assistive,0.1522582364321728,0.48140902203213437,1,0
sharpen,0.006041345780727042,0.35419291544961834,5,0
specificity,-0.2958857340167501,-0.0719305027061564,2,0
bundle,0.30891098821076707,-0.18762414437131,1,0
starter,0.2820947014575309,-0.18647987349640577,1,0
aversa,-0.11168748851515395,-0.4110175229473792,6,0
ban,-0.19910536622857958,0.2856990295728853,2,0
remote,0.3854988057391514,-0.09894620618059534,1,0
remotely,0.2767336967828714,-0.12454418586337193,1,0
cyp3a4,-0.17584871560232004,0.4349027843080725,0,0
confidently,0.40766877336461826,0.07853899200545761,5,0
hesitation,0.32595132647837766,-0.02949093778146495,5,0
personalised,0.3258935232916833,-0.055740793833401185,1,0
premium,0.300622391008818,-0.2922877912726415,1,0
determinant,-0.34285586269114876,-0.09594323566620463,0,0
"described.446,447",-0.3981865502385313,0.16668504488134506,1,0
rita,0.31352591829405363,-0.4861854492030686,6,0
24emory,0.2797537170874486,-0.3369428333396181,3,0
emory,0.2327940612390673,-0.2362490829477232,3,0
kaminetsky,-0.31518808989210556,0.07969339451994548,1,0
months.447,-0.40130544844264243,-0.03353680928260337,1,0
sather,0.3433910302855943,-0.519455351326562,6,0
finder,-0.2397657355668718,-0.28301243937835596,0,0
karyotype,-0.3507125269064417,0.05442168082453015,0,0
calculator,-0.2851498767819778,0.11542930070648197,5,0
overestimate,-0.3096701334803026,0.3216855169091907,5,0
flip,0.2739141327641416,0.25233511591647884,7,0
fortify,0.5483650975248616,0.22373906296463458,7,0
extensively,0.14100879062910968,-0.3194187824423205,3,0
peer,0.07767010668693919,-0.4222791317767314,3,0
partly,-0.2916957130514293,0.08053009554988912,5,0
dan,0.028585473570546298,-0.5101553836707566,6,0
minutes.438,-0.42058958803931074,0.12552203305381002,1,0
displacement,-0.10405217775585399,0.6005744401795872,1,0
editor,0.07886040236774743,-0.5039131903599288,3,0
dissolve,-0.01283786114086622,0.28879059923904116,1,0
adhere,0.18467046202232718,0.33693398352879866,1,0
al.446,-0.3514820582215832,0.26121370217432277,1,0
flatten,-0.19248978686517415,0.3909454950303999,5,0
cad,-0.2755949996533355,0.1517703937190019,2,0
death.64,-0.3524490492630505,-0.15055249482446956,2,0
dyslipidemia,-0.5289929523061255,-0.1297147339804278,2,0
adjusted).446,-0.41192351528560706,0.08429891211039262,1,0
altitude,0.010492632386267445,0.5119474362771953,0,0
effects:-,-0.1388346437883591,0.4577174692650157,0,0
polycythaemia,-0.17482055951865932,0.3707347176717869,5,0
registered,-0.3536788124279146,-0.05380716032223926,5,0
exert,-0.11107530256633047,0.3632819383572001,0,0
gerontology,0.034320663625598546,-0.3588066234159444,3,0
surrounding,-0.07671005177181348,0.42792064447607525,5,0
foretell,-0.19720278703810468,-0.32659801379311915,5,0
nicolas,0.23583554373458507,-0.1719315339094921,3,0
adenomas,-0.36298245485284814,0.08350543623596635,0,0
craniopharyngioma,-0.48079525481534463,0.20959158342598455,0,0
girl,-0.343458301473372,0.1329110772319186,0,0
menstruate,-0.5237226561624712,0.10572032637391952,0,0
hoop,0.35819461421234805,0.28507413043900964,1,0
jump,0.21650053334682423,0.2753679866166236,1,0
joseph,0.25356396089118954,-0.2846322832446985,3,0
interrelated,-0.1668136121362064,0.3046481099705527,5,0
lifesave,-0.1364204664647765,0.4304473276716298,5,0
https://www.uptodate.com/contents/search,0.04655864489072189,-0.5203673273448773,3,0
ache,-0.04845122847082824,0.42161837387286727,5,0
stiffness,-0.049080276859464186,0.5666538483551391,5,0
constipation,0.036844924676652804,0.49756741733781923,5,0
perseverance,0.1567480408468537,0.424753095391772,1,0
1688%—a,0.306476373368483,-0.3438855097684614,2,0
fold,0.2888800199469209,-0.19759739638687512,2,0
hypothalamicpituitary,-0.4191960439955605,0.4411541383080999,0,0
levels.6,-0.35392459463512344,0.12408076091771623,2,0
dinner,0.23257600058487674,0.3742754915093911,7,0
discharge,-0.33299034338761185,0.16102061366970188,0,0
milky,-0.5040478763296045,0.18709494714017832,0,0
metered,-0.07334366859847875,0.5086708278957179,1,0
impairment,-0.357143077356744,0.0913387493919652,5,0
leproult,-0.08248459954604165,-0.4152022363522097,3,0
rachel,-0.07445104576683995,-0.4055489815554342,3,0
generous,0.19730672154875437,-0.324881684786524,1,0
wane,-0.19669526378443045,-0.16618244885040898,1,0
angiography,-0.3206369457242519,-0.1675870137147522,2,0
tag,0.13382818749143843,-0.44462183495821433,3,0
michelle,-0.09042690413151881,-0.39615235691867,3,0
rapport,0.5323343339966856,-0.0062856998177314265,4,0
asynchronous,0.44607872860939096,0.0010090933400587407,4,0
diwan,0.13124005622118579,-0.33204152608397924,2,0
linger,0.006967173263914274,-0.41415624590361705,2,0
intelligence,0.14705768569913735,-0.3830735579326631,3,0
"changes.5,16",-0.41033180986583595,0.21617151695627965,5,0
commences.2,-0.32271386673837305,-0.2633179796615602,2,0
"deficient,2",-0.3317359065625573,-0.2529129548631549,2,0
kovler,0.10706225370592772,-0.480993832872646,3,0
laugh,0.44857295948957987,0.0688673109565825,4,0
christian,0.11791044634989578,-0.618954567512399,6,0
tea,0.3042923774901751,0.4535222150068721,7,0
deserve,0.20680911619196055,-0.21576708286804666,5,0
crack,0.5633305339192864,0.008398184860755132,4,0
burns,-0.13881106998187392,-0.4795812620975254,0,0
terminally,-0.1629892349813056,-0.4552174241977555,0,0
beach,0.23376445203346122,-0.2853609714399049,3,0
generative,0.11858935111207299,-0.37282088013418,3,0
anomaly,-0.192858315579375,-0.3507313499305522,0,0
craniofacial,-0.1710279095754585,-0.3604299157867206,0,0
mateusz,0.01292244549167527,-0.42326604428086734,3,0
angry,-0.32770911331522656,0.10480001004475356,2,0
outburst,-0.3753632713133957,0.2541386076096367,2,0
constitutional,-0.36041693033712086,0.4193519276981319,0,0
skeletal,-0.20382461208862354,0.3684313471128986,0,0
gary,-0.01302579185510621,-0.4047060271406746,6,0
ashkenazi,-0.4261281945509994,0.30749072350363177,0,0
jews,-0.3913971100378526,0.3508125008088609,0,0
immunology,-0.12982686674312865,-0.4839731795745256,0,0
bulge,0.33441274472370147,0.16759917817164965,4,0
adipose,-0.3081245479700801,0.19128689461082957,0,0
"tissue.44,45",-0.44756440843967726,0.15833489232033435,0,0
transmittable,-0.2416120715749822,0.36823824069314604,0,0
uti,-0.2501651882866685,0.4430773648752415,0,0
misunderstood,0.36218361256863435,0.03384446445223291,1,0
seldom,0.526192057059591,-0.05204505693226357,1,0
budget,0.36331193060661465,0.024026651784272473,1,0
dryness,-0.2780737364924137,0.31218519634331593,0,0
vaginal,-0.2651050196643955,0.322804470656432,0,0
outlook,0.0899459161090713,0.275567294029865,4,0
prognosis,-0.3017534819157418,0.312294594301267,0,0
levothyroxine,-0.16753749309690733,0.39598997741224734,0,0
underactive,-0.19221385638672353,0.2912702365955205,0,0
extremity,-0.41192527715571764,0.24857105983974515,5,0
temporarily,-0.24491035511888593,0.3388837987999269,5,0
stone,-0.09946653267314831,-0.034644581795564657,5,0
blair,0.25660918755630524,-0.19764346580110492,3,0
oyetewa,0.4075692000888422,-0.15190462973155439,3,0
unexpected,0.17392698530870804,0.23526205123234561,8,0
systematically,-0.2000625945887292,-0.4597997476962381,2,0
radiology,-0.4585489971404317,-0.09874070444321922,0,0
compromise,0.14313189320911887,0.4932502968382875,5,0
deprive,0.1905900463442834,0.3862182274758788,5,0
sponge,0.21791790418989837,0.41348820722301494,5,0
sublingual,0.3187755543390755,0.3986855764601795,1,0
bloat,0.000644699355014087,0.3955931880731424,1,0
script,0.23354340605909735,0.034120041501365356,5,0
kumar,-0.4082805660335102,0.26817866799565554,0,0
nursing,-0.4793799258514062,0.3766281801549181,0,0
holahan,0.13024713711902264,-0.2651660303380958,3,0
tolerable,0.16057893035850787,-0.14741408024612176,7,0
embolism,-0.2596177595117994,0.21324838521721962,0,0
lodge,-0.36813861540530407,0.3309046424114242,0,0
uchicago,0.2958994970572627,-0.36457462221365117,3,0
legume,0.27797504771059917,0.4654488443378203,7,0
distressing,0.22319950808984135,0.2868456964894107,4,0
indoor,0.2408177557777714,0.3812075886191151,4,0
fatiguability,-0.3082183310525344,0.386902745085571,2,0
randomization,-0.3044223884319072,0.12256010359893778,2,0
classify,-0.37445072175359495,-0.012513733284433386,0,0
"lh).5,6,12",-0.5737050579096317,0.1304573415489475,0,0
efficient,-0.21582480063314735,0.08603760825289287,1,0
tremendously,-0.22682163739985137,-0.2677554313668125,1,0
pelvis,-0.42526824255625056,-0.21681756716021802,0,0
cited,0.17936810080620005,-0.5914293972109685,3,0
subclinical,-0.35708217802550296,0.20189396373429677,0,0
fellow,0.2563542234277543,-0.13836607600151754,3,0
rhythmical,-0.2798095389208632,0.12658397639811672,1,0
gomez,0.4162185376573246,0.20343348550979573,5,0
satisfy,0.29271211773781225,0.14333541591717738,5,0
century,0.5012373131964653,0.19484549948960456,4,0
fountain,0.4099151691097098,0.0937356887370925,4,0
fenugreek,0.19199415717906335,-0.33273533146240175,7,0
donor,0.032525842767345645,-0.22816681259055463,1,0
jury,-0.4248715027939215,-0.06554849609626671,7,0
elixir,0.4257082417846708,0.12080633635235319,4,0
scopus,-0.09631834945365866,-0.5062993080718612,2,0
vocabulary,-0.06420770354757195,-0.4989890098112479,2,0
teenage,-0.10421323238393138,0.33137102268583774,0,0
dearborn,0.23682418235533273,-0.573507795648482,3,0
detroit,0.3852927520200022,-0.65763356946401,3,0
gastroenterology,-0.20389156891488022,-0.3988021097578571,3,0
"steroids.42,43",-0.3870225984342544,0.06790691897727634,2,0
paternal,-0.1847802034602066,-0.20809951362904675,0,0
organic,-0.1538748030944842,0.3077578598636349,0,0
prohibit,0.0881801862448735,-0.33761368317584894,3,0
dermatologist,0.34807021585358466,-0.02500896102338967,3,0
prophylactic,-0.30277637673181035,0.25005559372027686,1,0
uncompromised,0.46380302357215947,-0.039184372274544174,3,0
abundant,-0.016565564919522196,0.4526400922802904,7,0
cocoa,0.19467865794666558,0.23922716077289322,7,0
czub,0.1638319943040286,-0.42529329757009354,3,0
venkataramany,0.1944328674782032,-0.47640116656489373,3,0
dish,0.24562023960441237,0.26239266048361204,7,0
swallow,0.11505266753506742,0.4622758544870182,1,0
trail,0.10226218611900594,0.5704838287387002,1,0
learning,-0.03234703094975642,-0.3566966663516084,6,0
lure,0.4901670497164045,-0.009358032887207072,4,0
triiodothyronine,-0.30114067063678446,0.37814423517622064,0,0
inexpensive,0.35370317699505327,0.043543188642147374,4,0
perth,-0.07848712737256239,-0.3211293239380534,3,0
infographic,0.344466104373299,-0.5500057255272583,5,0
november,0.21036199825884325,-0.263034992170896,5,0
hypo,-0.2758067411065754,0.2840934887472829,0,0
oversee,0.4441623007528675,0.11967952617297326,1,0
legally,0.3511267070201863,0.12068765962311961,1,0
breakup,0.3284592411531394,0.33458234521524455,4,0
rough,0.27448169905061104,0.2977050495796655,5,0
study.29,-0.27978778994282977,-0.2536586949582406,2,0
bail,0.42817268242283596,0.3231492346067589,4,0
hassle,0.31653768856855463,0.22299507026388243,4,0
freedom,0.5013844874109264,-0.011045165864594569,1,0
prohibitively,0.37429195988888336,0.07101909651201622,1,0
nationwide,0.21868043764262182,-0.23040382745607574,3,0
vitaility,0.38868815235946347,-0.32933972498644276,3,0
attitude,0.2607574599373086,-0.0620287633643341,5,0
20s-30s,0.5393620248342429,0.04958905545694017,3,0
hormones,0.3495987132061499,-0.14486186190906253,3,0
physiologically,0.2935642676788539,0.22674975102826733,1,0
reintroduction,0.4182523059804177,0.21412629841642244,1,0
ethnic,-0.5045512637226436,-0.047744216949672125,2,0
geographic,-0.2586706944064035,-0.16202806713667234,2,0
speculate,-0.07500573398570701,-0.3827583739491822,3,0
susceptible,-0.1979396209055541,0.14163904919608317,0,0
prostatectomy,-0.46507343060088996,0.050584424639627944,2,0
radical,-0.26221260355295306,0.27918961253651164,7,0
detach,-0.00991923755170489,0.592378461528552,1,0
swimming,0.05158393061430903,0.3947738031326044,1,0
akhil,0.05867727846158296,-0.39169724657155897,2,0
employ,0.230655972182883,-0.35341272237778615,3,0
eater,0.4620855535258897,0.08874010407777487,4,0
intuitive,0.3142876794794644,-0.05576547143052746,4,0
vanity,0.53660778847361,0.03556392900773883,4,0
nocturnal,-0.3637476548043646,-0.03992686966136544,5,0
endorphin,0.2313993752713057,0.4300664492710211,4,0
genitalia,0.15235134233716563,0.3580437254191186,4,0
totally,0.37152804544655516,0.28029040660279486,4,0
antifungal,0.026502669997343468,0.4017711027698061,0,0
thyrotropin,-0.33638410116488926,0.5259836502526013,0,0
inbody,0.31688809142916774,-0.12427021038780528,1,0
ophthalmology,0.17998886572833767,-0.43200130928929353,3,0
employee,0.39072537836255655,0.1798358557434779,5,0
barat,0.12018240818784373,-0.528178987982045,3,0
thrilled,0.007949499397147033,-0.45181286092977996,3,0
emasculating,0.3299235213263617,0.38471249351111425,4,0
contributor,0.0024386138535031797,-0.2503525145793883,3,0
benchmark,0.3341576201816297,-0.15981348312299135,1,0
scanner,0.34033634091482323,-0.11656777880126895,1,0
deteriorate,0.3180204341707239,-0.0017100747268991715,5,0
tour,0.2794458832057993,-0.4291111721777492,5,0
breakfast,0.2457078468458799,0.321579413937719,7,0
holy,0.4756972300731032,0.1629139323695645,4,0
undergraduate,0.11296016967970424,-0.43348448576644155,3,0
unveil,0.01297628189551524,-0.47132946841817636,3,0
data,-0.29353058054656606,0.27067752515523086,0,0
ebb,-0.35066717114195045,0.4070401257175963,0,0
match,-0.09896823011700445,0.2911417446456949,1,0
nosebleed,0.1516833198768047,0.547456383855271,1,0
bennett,0.0923527471366497,-0.4420361904784839,3,0
booming,0.2929485547058254,-0.11870330303022365,4,0
rush,0.29913927261448736,0.31686272524750186,4,0
vigen,-0.397170555501182,-0.28815133158768147,2,0
inexperienced,0.18904585024752713,0.47570910313547254,1,0
infrequently,0.23856116398217384,0.2738663559572766,1,0
zit,0.141408807183346,0.4132910546758293,1,0
sears,0.5365327322360877,-0.08474977620379963,4,0
singpiel,0.5519513865048552,-0.08952286780874501,4,0
floor,0.326556538765542,-0.344757902549433,3,0
tongkat,-0.08434406755237811,-0.14340568068328743,0,0
september,0.30807605433626056,-0.1658633005977962,3,0
hepatitis,-0.33195496093985283,0.019818302385585206,0,0
pome,-0.28983665130921166,0.12482347728659131,1,0
doc,0.31663092861125114,0.03857048904815265,4,0
cheek,0.01734548974469579,0.3807328782834962,1,0
spouse,0.2873655240504307,0.1288021331039902,4,0
hopefully,0.2689536300887588,-0.07797196689722814,4,0
olive,0.16712515191027325,0.4218231409815692,7,0
committee,-0.06558173191097268,-0.2631530049505471,2,0
pgc,0.11683063018543072,-0.4925756239304183,3,0
organization,-0.11913774788871198,-0.3368034373727738,6,0
pack,-0.043626004812718944,0.4597486609654482,1,0
nurse,0.21836900591731417,-0.23980315806984975,3,0
cochrane,-0.09677125346505615,-0.4237179452144483,2,0
kilogram,0.33665879313635866,0.23030746621195505,4,0
siri,0.46466607187915326,0.3406033200039347,4,0
vasectomy,-0.12225737807218806,-0.0818839583236748,3,0
indexed,-0.1561841799970894,-0.4123357260757097,2,0
ovid,-0.08248618284100366,-0.39764165982496913,2,0
facebook,0.5098671480250591,-0.17174715591412987,4,0
icon,0.5232987627275618,-0.1558813577619596,4,0
republican,0.2813119277078144,-0.2004679217617202,3,0
acid,-0.12360333873265272,0.3241387575178242,0,0
relaxed,0.36740048939896597,-0.33768582461187224,3,0
ucla,0.18847775931950853,-0.2628326670477187,3,0
acerus,-0.012901240197160196,-0.5619672505128995,3,0
crash,0.18067203259936457,0.2009769337159191,4,0
artificial,0.07269015806463287,-0.11279276942900544,3,0
intranasal,0.0739098586990194,0.32291262377566216,1,0
robertson,-0.23327456514848613,-0.3698959585070948,6,0
adolescent,-0.18871957503867454,-0.2832354041621405,0,0
narrow,-0.010968634337771213,0.27734888396370866,2,0
progression,-0.25853101867588896,-0.12304675941858176,2,0
county,0.12043486579785896,-0.3279945037658579,3,0
pcv,-0.4177083418482928,0.4224219297885334,2,0
embryo,0.08442901554123541,-0.30308786615437583,4,0
garcia,-0.005455461625876524,-0.21662305695160206,0,0
south,0.39995850404473665,-0.3035809804848631,3,0
bound,-0.3212132911368353,-0.01476807092580853,0,0
magnesium,0.1029217933699892,0.2931650367202942,7,0
kian,0.37155476889474104,-0.24360943809185767,3,0
usc,0.2344822419763897,-0.20941292675238626,3,0
biotin,0.06088231256550532,0.29001333086337383,0,0
sulphate,0.05833706362679614,0.4377884052386805,0,0
chocolate,0.11032582283544755,0.30521037196821427,7,0
paladin,0.03080888100437009,-0.5862452826081883,3,0
stimulus,-0.28151367065067867,-0.12854803789419764,6,0
salad,0.2524460346861516,0.33727830354705407,7,0
bruising,-0.18312699882352046,0.5623833567463175,1,0
lightheaded,-0.14122546651971585,0.5625621063858299,1,0
surprised,0.3909735117530122,0.08558014962127686,4,0
nation,0.09243177852023417,-0.3328434431017623,3,0
ncbi.nlm.nih.gov,-0.38501813353727776,-0.33078395253090065,6,0
avocado,0.2221130382688148,0.34942160331585287,7,0
disruption,-0.3162711354771883,-0.023580467488104363,5,0
flavor,0.2711914433499639,0.5053361340267228,7,0
sauté,0.26605775671842147,0.4272405480448293,7,0
officially,-0.19074024483057664,-0.12129830582859162,2,0
dessert,0.23782677789145118,0.47170840000345055,7,0
jones,0.05571091697954888,-0.4683284646291278,3,0
shop,0.2887076358110555,-0.2523173566208246,4,0
town,0.29207282111630983,-0.14052742428486834,4,0
neutral,-0.2976255495824519,-0.14026612388771914,2,0
pmc,-0.2580600857658007,-0.5271876405544433,6,0
digestion,-0.25987123918279714,0.49328427811216896,0,0
temperature,-0.2500963992603885,0.28460142220602597,0,0
infiltrative,-0.4180042913256723,0.1902734067355582,0,0
keck,0.24782640199691977,-0.2364466692062899,3,0
mary,0.2546369213459667,-0.35882994847500305,3,0
stevens,-0.10597817532079194,-0.1864463403425224,5,0
force,0.11317833500774259,-0.03334602896491868,4,0
mulhall,-0.042035814582510364,-0.5217994200541065,6,0
trost,-0.03611423103412943,-0.5497316788841184,6,0
reviewer,0.3342669561597993,-0.4615571053103925,6,0
fear,0.25186362498255,0.09726686463141616,4,0
problematic,0.239236683069641,0.32956238812678124,2,0
outpatient,0.23320315290385285,-0.06286565339874121,3,0
monocyte,-0.2088722317769675,0.7036608500328234,0,0
neutrophil,-0.17963315674896962,0.6542848430670652,0,0
lymphocyte,-0.2581791376610532,0.6872620283020837,0,0
allicin,-0.003639406848452783,0.5641969437628573,7,0
semaglutide,0.2188208255565607,0.19251477895902658,0,0
tirzepatide,0.30642706586232354,0.14292789546537626,0,0
student,0.049990547197855645,-0.3520109444033154,3,0
property,0.012472280863565985,0.35674666835846613,7,0
basophil,-0.30296194039043006,0.6618583516393072,0,0
striant,-0.18228399193090797,0.43109311834809866,1,0
eosinophil,-0.31684871018783384,0.6584698527098255,0,0
explanation,0.21415250879655084,-0.03228898964763062,3,0
healthful,0.4918094672027058,-0.08971941094759085,3,0
complain,0.2741155143261667,0.22092274425808597,4,0
notion,0.12507053823962594,-0.21362320579794872,2,0
covid,-0.2042561668709271,-0.2062623652660782,3,0
vaccine,-0.1429441179057883,-0.23158552903527183,3,0
surveillance,-0.2714252582939744,-0.09448056325680726,2,0
perimenopause,0.2664024923661525,0.168504597699567,5,0
neck,-0.23270258960158063,0.308933904673748,0,0
mobility,0.024667429753331117,0.3020706726065933,5,0
unaddresse,-0.22542421697959883,0.483823601207649,0,0
york,0.2679527884361446,-0.30895721362646333,3,0
selenium,0.12048363516164635,0.31907660520703296,7,0
display,0.15764983986747158,-0.1357198970382792,5,0
trt.â,0.348260683785864,-0.21242694257017217,5,0
assistance,-0.008356664869172966,-0.18843331392963997,3,0
inquiry,-0.2122230347108325,-0.2320018442485206,3,0
rice,0.20559655687081552,0.43724745146580746,7,0
bread,0.282816928906331,0.41043205821776196,7,0
peter,-0.1060261219788923,-0.4743105932177649,6,0
joke,0.34388905106541895,-0.03085919082947014,4,0
cloudy,0.0933921072578487,0.4027672028598686,5,0
law,0.36648441333386766,0.07666319921375644,4,0
march,0.09189544266726242,-0.3468034592618498,6,0
clotting,-0.3444363736739217,0.06587487849697976,0,0
thicken,-0.18558609328694892,0.23203814101759918,0,0
confirmation,-0.2657565545756526,-0.04666415890114176,2,0
counterintuitive,-0.3882724392912693,0.1476711291647597,5,0
traish,-0.2271834376346895,-0.4729454902827264,6,0
statin,-0.3051447143782806,-0.0015113594016608375,2,0
aspirin,-0.2642671019760802,0.11010255743876558,2,0
ankle,-0.10518180366303082,0.3559972616477688,0,0
fortunately,0.12482059012841784,0.19842515714731662,1,0
zitzmann,-0.17362938277325837,-0.41615562973995024,6,0
profound,0.17999960990181826,-0.09382312390566754,1,0
continuously,0.1405455655466319,0.29997765718292396,1,0
messy,-0.009643438465218855,0.571370580645352,1,0
15nmol,0.4188558012590412,-0.23015573264949077,4,0
legitimate,0.24655992810148944,-0.013603328375024011,5,0
sustanon,0.013384078948139906,0.3853721798655322,1,0
auchus,-0.4436389268760677,-0.366627518318886,6,0
ronald,-0.10631893765466728,-0.6438320126090059,6,0
metabolite,-0.1905068197868716,0.24706437184914576,0,0
equivocal,-0.3506002648073451,0.03490079436254136,2,0
kopp,-0.44566638289915367,-0.42370500668865724,6,0
rosen,-0.44133086052807885,-0.4116982652543733,6,0
dialysis,-0.20099606775654633,-0.15812799700666624,2,0
lay,0.23782351999843654,0.2559894598486955,4,0
promptly,0.04021249015184132,0.19563674361616937,5,0
lunch,0.2733652678213013,0.3222569601326487,7,0
metab,-0.2958620206084397,-0.4065744056857251,6,0
confound,-0.3168087956482495,-0.05382017457884379,2,0
goldfine,-0.4279239833991415,-0.3745030040797385,6,0
art,0.07247364919425976,-0.2770612520983791,3,0
august,-0.1917720826598914,-0.4370485596215521,6,0
october,-0.22595666645151213,-0.40147534583362904,6,0
opin,-0.22828697240531093,-0.49320342453266036,6,0
damaging,-0.08201631178078479,-0.1182838162428917,5,0
eur,-0.32104305525693555,-0.3536243739574152,6,0
nut,0.2198883785146341,0.34341496954901857,7,0
output,-0.15898367437807692,0.26513202864009017,0,0
unsatisfactory,-0.3580396488226244,0.2881027417805393,0,0
hydroxylase,-0.4912071212597018,0.2874935021977123,0,0
partial,-0.2662234394885382,0.2681850057295321,0,0
availability,0.03796319451394551,-0.26678058271409216,2,0
outpace,0.2893955817963261,-0.3204198802679512,3,0
window,0.21226375676928425,0.32003316686844285,1,0
agreement,-0.20395396412740213,-0.11866104600382284,2,0
edge,-0.038585573184400326,-0.1726734441793407,1,0
suitability,-0.3308902200412695,0.008504977720778005,1,0
bidirectional,-0.2922666389858015,-0.03607849491207753,0,0
mechanistically,-0.484049311532097,0.17631129283861655,0,0
aromatization,-0.2631173932491897,0.18530941964839545,0,0
worthwhile,-0.035459821382741744,0.2767139368494913,5,0
consent,-0.20297389814039735,-0.06863843028779078,5,0
bean,0.15508422756549314,0.4098799680532505,7,0
automatically,0.21085054584833332,-0.17039951615998217,5,0
unlock,0.3383858730323006,0.023637584041708834,5,0
intact,0.29834212793640347,0.39903131857408813,7,0
permanently,0.3174938074102857,0.24759589433021387,7,0
lipoderm,0.01789416154106047,0.476576966523329,1,0
fig,-0.31425766625018986,0.2907968665472132,0,0
pulsatile,-0.4089790648615522,0.4925054947490384,0,0
familiar,0.30041330562127716,-0.1494366031231052,4,0
urination,-0.1480317643936552,0.35350245442592587,0,0
contrary,0.24806208711652367,0.2431519168698783,7,0
isolate,-0.29497796252460756,0.21512187345246675,0,0
merkle,-0.3193536378983489,0.46097963176622997,0,0
disciplinary,0.15039553735125624,-0.43496440511586504,3,0
urmc,0.09172995794450295,-0.2624001961927639,3,0
span,-0.22658043222270224,-0.28193478054030524,6,0
dental,-0.17047295900711013,-0.12281876259168793,0,0
supraphysiological,-0.10866220863122157,0.1716448266080139,0,0
wire,-0.17748433651477705,0.40867121728543726,7,0
impaired,-0.2714395491233399,0.2041384307486904,0,0
infer,-0.4502221589613907,0.13436290697940406,0,0
ed).52,-0.5165353836841893,0.028506202048924942,2,0
phosphodiesterase,-0.31049207231379017,0.08765936453231232,2,0
voiding,-0.32385272058650594,0.0019965652643940497,5,0
resolution,-0.2128300422262216,-0.2121987600238962,6,0
altogether,-0.01305605589035862,-0.07045109718873581,0,0
complimentary,0.1464196731761524,-0.14879093694078907,1,0
frame,-0.23023643597999585,-0.09342590880034184,2,0
preferred,-0.18656654222512697,0.16422628621624585,1,0
wonderful,-0.13198825975094625,-0.3489805248843349,0,0
manifestation,-0.24802499008698928,0.06953800843464988,2,0
dna,-0.3400432074699673,0.05232702808647451,9,0
excessively,-0.07607720534329897,0.23268265394040089,7,0
bespoke,0.30197502235103296,0.009537720087184396,1,0
control=,0.41469728192193656,0.17847174887704362,1,0
textbook,-0.31376850962006486,-0.434513235074536,6,0
confusing,0.19592511588921227,0.025180606468069383,5,0
mellitus,-0.3228920996788954,0.1371974043059154,0,0
threaten,-0.10725094922360624,0.30312162588775193,1,0
nebido,0.038695560684004,0.4819914018475309,1,0
boil,0.21314317526592702,0.328439334571368,1,0
blockage,-0.09635275505282266,0.513403301327724,1,0
viscosity,0.1273208174259774,0.3486275886574294,1,0
thromboembolic,-0.252795830761964,0.12413269249050672,2,0
upset,-0.1609945772387126,0.41596674720890586,0,0
glycemic,-0.3132791324320046,0.021031168809660886,2,0
azoospermia,-0.17406384519521426,0.3297741043141943,0,0
venesection,-0.25765916468697425,0.366114888779636,0,0
interpreter,0.32077509276341026,-0.19679723150746117,3,0
valet,0.45372251155455445,-0.3232371255071518,3,0
membership,0.1795192051218268,-0.11863697720686982,3,0
global,0.26764206217939446,-0.17833700629867646,2,0
quizby,0.4708956957594625,-0.2826346518127015,3,0
copyright,0.10522849696670827,-0.3476907681213292,3,0
vial,0.09969063969532578,0.4276995365255241,1,0
cushe,-0.4778398891925691,0.2967094450257082,0,0
hyperprolactinemia,-0.3781140105674515,0.17135485224661054,0,0
overload,-0.39365750119335396,0.2411954955474044,0,0
priority,0.07007302304731651,0.26329216263376,5,0
cortex,-0.20623678248811933,0.3265246443406664,0,0
sep,-0.04175922266770752,-0.44992462837713415,6,0
testament,0.23041322507139253,-0.37597228799159965,1,0
commission,0.21522692382664138,-0.33910305124852885,1,0
founder,0.17702486497332579,-0.3168688268644229,1,0
hypopituitarism,-0.5396264634471079,0.16125834554026883,0,0
sport,0.2636419068826172,0.09277887364020662,5,0
breadcrumb,0.4694456942116335,-0.3261232758506816,3,0
mychart,0.26197814669797687,-0.26632756564149795,3,0
variance,-0.03544295504434469,-0.42084585935270014,2,0
expand,0.18727968091203637,-0.23666531430610152,3,0
asian,0.021954985897089933,-0.36975237784667364,6,0
pace,0.370278459675953,0.1029860668079534,4,0
polypharmacy,-0.4907526108260647,0.2040487039901655,0,0
awkward,0.26996257726306144,0.18805126937022915,4,0
classmate,0.26948271353013575,0.35070110814085326,4,0
ferritin,-0.47076089014762823,0.2398649003181296,0,0
assure,0.10468344382344807,-0.21040288156436004,3,0
lover,0.43599097004695164,-0.061258747457786755,4,0
notable,-0.2654857637023521,0.15664875276300408,1,0
orchitis,-0.3714800066069426,0.19583517642533543,0,0
customise,-0.3327691172713298,-0.0626730729165264,1,0
utilise,-0.22308749142887513,0.03877155667814852,1,0
diverse,-0.21615502701951636,-0.2843318646928783,2,0
trade,0.11427748513826672,-0.08190903266725637,1,0
fibrous,-0.11799140099833091,0.3296364862894249,0,0
60s,-0.46775164948748277,-0.09474145341560235,2,0
idiopathic,-0.30317783975730167,-0.11025307481332934,2,0
med,-0.03136431248530076,-0.31853823501073686,6,0
blue,0.10858788652746011,0.46956892939423167,5,0
sad,0.08168537827487948,0.34012263354257605,5,0
halting,0.45308108389667984,0.2245960134700514,1,0
anorchia,-0.41692853462095963,0.2603544630493116,0,0
navigation,0.2514694839192461,-0.30015603326275664,3,0
retina,-0.42764062169307815,0.10384915600363855,0,0
avenue,0.3008090120795986,-0.19725457217286532,3,0
gutter,0.5112652133397733,0.08124661826379331,4,0
inspire,0.36979597153210825,-0.06711803476172114,3,0
traction,0.21800643776379988,0.15680579634811337,1,0
carb,0.18537889336298294,0.32925408395269057,7,0
devastating,-0.0011204170055701844,-0.10208284442500835,5,0
cocaine,-0.4010769125643436,0.3920309436105872,0,0
impairs,-0.28937729711227,0.24108573357803123,0,0
reporting,-0.2629454063716296,-0.14924153836907322,2,0
mindset,0.3041356592360531,0.11975931795253869,5,0
bupki,0.5067278425754344,-0.0479808309228199,4,0
brannigan,-0.021419196743791797,-0.5786234743255688,6,0
amend,-0.0834486494729983,0.43654014853822043,0,0
cry,0.4651736176447439,0.18736278031721396,4,0
movie,0.4782677234484686,0.05143883356282011,4,0
upside,0.11020211424665864,0.23560604937606147,5,0
parasympathetic,0.19098364502353957,0.24868847421946613,5,0
memorial,0.4362022016850389,-0.4871986909581564,3,0
quiet,0.2708024621520087,0.037907319744157106,4,0
silent,-0.15339377372103155,0.15819991639512399,5,0
inter,-0.15801716133031982,-0.22890572659038,2,0
kyzatrex,-0.1061170328814923,0.3236554294935982,1,0
conaway,-0.017734587345530767,-0.67128244566353,3,0
springfield,-0.05555038340915569,-0.5951832883343818,3,0
brenda,-0.018316786065622617,-0.6467464557466159,3,0
bodybuilder,0.14514313681683588,0.21900245489237163,0,0
breathe,-0.06510675143582123,0.3042358826369991,5,0
intermittently,-0.05465204170460612,0.5175433877383095,5,0
oxidative,-0.09800572006854368,0.43542690632311487,7,0
salivary,0.05959134128394069,0.48258748676051966,7,0
alternatively,0.23712796782562018,0.11841960201371952,1,0
omega-3,0.04724962963745536,0.3326584259291515,7,0
sized,0.16165384002727295,0.18990722063756177,1,0
dugdale,-0.06407668442555432,-0.6177448120536951,3,0
likewise,-0.1352153129391824,0.23577024560796372,2,0
flight,-0.031786311945390125,0.345444076223237,5,0
homeostasis,0.1865075881230973,0.18713720749257162,1,0
epic,0.4883394683129281,0.027730838522259868,4,0
favorite,0.4151640464070109,-0.03865465996862066,4,0
https://my.clevelandclinic.org/health/articles/24101-testosterone,0.06153790240938925,-0.605084068063723,6,0
inhibitory,-0.08343091565290271,0.3921435114173777,0,0
apparently,0.6116779784352692,0.08894700851676995,4,0
bullet,0.3536228072177635,-0.0439067832287133,4,0
favorable,-0.24794881295394336,-0.07765437430514012,2,0
suspicion,-0.2834499763052793,0.16086257354598796,0,0
inaccurate,-0.2222390767431846,0.07449405971145077,2,0
medicate,0.25176417268873064,0.0530460087147616,5,0
portion,0.30303095598805224,0.15001411405874923,7,0
teach,0.28839627524836353,-0.09008534005478501,4,0
cellular,-0.2236379442674301,-0.2183194893780577,6,0
cascade,-0.22854688070708098,0.23474463287651506,0,0
expected,-0.27188052075894,0.4819518373558458,0,0
situate,-0.19974658102313333,0.4152842597013661,0,0
indirect,-0.03964297359764802,0.26166175162405664,2,0
interconnect,0.2794517708806779,0.2715855101611954,5,0
sodium,-0.36447725747607884,0.35745448239386635,0,0
unmask,-0.3123004516261934,0.4082530184909116,5,0
apnoea,-0.24183631462376326,0.11623619916728228,5,0
wary,0.19463552774718157,0.2278623813332334,7,0
erroremail,0.31284776211772486,-0.41542186292166616,3,0
errorinclude,0.2911716261555631,-0.4300190089169135,3,0
preview,0.3560622736756338,-0.36916927719412257,3,0
existing,-0.2907413984644395,-0.0488953641041241,2,0
irrespective,-0.2895273702847303,-0.0020320553105442484,2,0
undeconate,-0.01060221430589533,0.46012031933697967,1,0
frog,0.42697416516064834,0.4063342435948743,4,0
athletic,0.19759787369242618,-0.13825654012547897,6,0
san,0.2120875416197128,-0.3270415138806161,3,0
holiday,0.20105530805737204,0.08373555667083345,7,0
jordan,0.5205278291245784,-0.1430174182540522,4,0
nutritionist,0.3814133788450824,-0.04700563651163039,4,0
tuberculosis,-0.43876611654733705,0.041804793950443564,0,0
clan,0.5264808548926718,-0.03454197331522098,4,0
imply,0.19379025505150535,-0.08743730736038567,4,0
varied,-0.22424927417235932,-0.07006926831798778,2,0
debunk,0.14514070373407786,-0.11654205096899707,4,0
erythema,-0.12902238307649946,0.31962460788763913,1,0
elect,-0.2620505709695385,0.4593732240735592,1,0
committed,0.22193967774765005,-0.1766906958611979,3,0
innovate,0.42915314893737794,-0.2414882829599239,3,0
dampen,0.0486306353334242,0.5005779133489595,0,0
loose,-0.03154686007018745,0.29898558903941397,0,0
faculty,0.23109667554152968,-0.42967266009015537,4,0
meeting,0.1401023241802449,-0.2985725704264621,3,0
outer,-0.03941387617311161,0.3861869894960699,1,0
emotionally,0.16068994908586587,0.28916556754421974,5,0
alex,0.3229356185991026,0.03298154427367076,4,0
incomplete,-0.1084768874439968,0.2595020844771319,0,0
labcorp,-0.011467363753407917,-0.3605330246980227,6,0
honoraria,-0.013558394636196241,-0.5409699842205705,3,0
sickle,-0.32926738400133493,0.2675333623871636,0,0
thalassemia,-0.39069177451508424,0.24875100499572933,0,0
symptomatically,-0.28030593388278835,-0.008698695439549976,2,0
chart,0.28863224009452176,0.014527393274214586,4,0
native,0.42521739387636265,0.29462137206357625,4,0
groin,-0.16427470433583963,0.29424875563990965,0,0
hernia,-0.18923222369092282,0.49200607072241465,0,0
denote,0.40216379070083075,-0.0845540194598145,1,0
required,0.40960957393505076,-0.11703403379438869,1,0
crystallised,-0.037691454715068635,0.5565241390974633,7,0
needless,0.25463087719205457,0.45668035190554707,1,0
shallow,0.05857851779316585,0.33498479521863317,1,0
arterial,-0.25518275104863253,0.2980204664542097,5,0
penetrate,0.06753865750782086,0.3625986970097602,1,0
pharmacist,-0.021477912276091263,0.5161159665621987,1,0
massachusetts,-0.34916436443635285,-0.1797547786103094,6,0
drag,0.3779398043107448,0.15788514986385,4,0
merschel,0.1827475276337357,-0.4576203957199532,5,0
michael,0.20291131038564192,-0.223290462623236,3,0
absorbable,0.1284850496062978,0.5228682962507017,1,0
depot,0.18153702533715427,0.2224534788334865,1,0
excerpt,-0.2559214438049789,-0.24022277822571028,1,0
preferably,-0.2516593835515698,0.036280881343650366,1,0
axilla,0.07622122345682016,0.4503649545990545,1,0
protective,-0.24221619479771095,-0.2580202080012369,6,0
modifiable,-0.0876135306284234,-0.17585690385849082,4,0
miniaturization,0.026623702942349423,0.4961638024715109,0,0
visible,-0.13739834590024516,0.2715375888964285,0,0
genetically,-0.22981660790261163,0.2465291113326645,0,0
differential,-0.3739473455028738,-0.1634195880202425,2,0
subjective,-0.24491692024911715,-0.09488287986264471,2,0
"td5,7",-0.4481412445894966,0.027804817142796975,2,0
regenerate,0.24175964875665704,0.2188880762378282,5,0
explanatory,-0.34519693656364314,0.3547724425640266,0,0
cease,-0.13905025221720943,0.04528334678787383,0,0
hump,0.5573444985988681,0.18731317303041758,4,0
parallel,0.33066183197261423,-0.010125516953535198,4,0
raloxifene,-0.28985746795050704,0.28634352868532664,0,0
prediabete,-0.23180062015173902,-0.13399855398814298,2,0
comorbiditie,-0.27817988344348576,0.005687394679655872,2,0
concomitant,-0.43713162618347634,0.0607703889121172,2,0
changeable,-0.35146685332318117,0.22768472972583345,5,0
overcome,-0.07027766689838416,-0.09828076341367303,1,0
orally,-0.14199637004188392,0.2877744554667692,1,0
palatable,-0.36527214845164696,0.25489284501580545,1,0
correspond,-0.20357331902061013,-0.045136587706127544,5,0
academy,-0.05787914471224276,-0.3724395912482216,6,0
odd,-0.09920444824155386,-0.163218974933317,2,0
measured,0.20981834303997063,0.18230553498882904,1,0
inquire,-0.49923475115698207,-0.08094010397403477,5,0
productsprp,0.21159251868385867,0.544692880155217,5,0
promising,0.26021580974843306,0.24661248108877135,5,0
dramatically,-0.2443068664407145,-0.13015734175152846,2,0
inconsistence,-0.3900715663585926,-0.189849888086298,2,0
testosterone.you,-0.2517768919153396,0.4680923903350343,0,0
afternoon,-0.11641470204169607,0.24842486959411209,2,0
don’t,0.4772413719563516,-0.11340727210412022,4,0
silence,0.29856565033131877,-0.02919843189953636,5,0
emphasize,0.03221243244774057,-0.20097996506243135,3,0
clothing,0.09842309072687375,0.2955724919470749,1,0
"men.29,32",-0.2991118514930376,-0.22966032861852692,2,0
doi:10.7326,-0.16752778277011157,-0.46665137611514157,6,0
m19,-0.1476189931534875,-0.47228308606267255,6,0
allegiance,0.24189264616217251,-0.1879979631113812,2,0
exacerbate,-0.19309187138466022,0.2991364117932866,0,0
sebaceous,-0.11945364737213177,0.3657548063996703,0,0
accomplish,0.31783262980672444,0.14027444048569232,5,0
halfway,0.34648157432979637,0.016127152811687882,5,0
expertly,0.2846449386938714,-0.11994905350236865,1,0
startedpatient,0.4288729570541921,-0.1459454551869149,1,0
collaborate,0.10394802465976807,-0.22934020227247887,7,0
contributing,0.04156365710313661,-0.22963059871066985,3,0
dot,0.43271979931406107,-0.32504648113140805,5,0
coach,0.2263096274623789,-0.16664244460842,3,0
fiber,0.1811005851793925,0.285001635475003,7,0
androstenedione,-0.26973962806508683,0.3076545373058213,0,0
dheas,-0.27246160523233803,0.4492428922406903,0,0
debilitate,-0.13221971046123843,-0.13168840829645662,5,0
evolutionary,-0.08999155969104393,0.45168026980873377,5,0
penetration,-0.13022208939999422,0.35764760180594385,1,0
abbvie,-0.1132488022586214,-0.43308305085031734,3,0
clitoris,-0.14448025236402368,0.4260980058167676,0,0
consultant,0.0110300388766458,-0.6085069926226638,3,0
prick,-0.12715318981864826,0.4441358441480448,1,0
throb,-0.22875971073663906,0.517203700682997,1,0
annal,-0.17295687832050502,-0.4407603514307276,6,0
fraction,-0.18167359463947608,0.261868368787301,1,0
unused,0.2347300447153398,0.3910818065487073,1,0
histiocytosis,-0.5234194074576737,0.19953809758656216,0,0
brief,-0.12925493441553404,-0.2592918017631372,2,0
physique,0.25343404832798694,0.21032602341753406,5,0
communicate,0.11084448519699619,-0.12193019108966802,4,0
identification,-0.232698474051266,-0.15862616815334157,1,0
improvement.297,-0.39234646098038084,0.010019633762587118,2,0
yield,-0.25873918552794367,-0.1846372372592488,2,0
beneath,0.297627156701245,-0.04221408747973242,1,0
political,0.2418642687049872,-0.16489756964212077,3,0
iief,-0.19088082202029244,-0.3038740173939728,2,0
meaningful,0.17070794416530197,-0.09511915082812956,5,0
pillar,0.3590354981184482,0.10578553144727261,5,0
multidisciplinary,0.11392591930626225,-0.3153622108450413,3,0
quest,0.207586708976229,-0.38587005972231686,1,0
pint,0.06535078466941485,0.448478880228263,1,0
remarkable,0.3657989096151869,-0.019512419496861378,5,0
north,0.1280238034655555,-0.4117821519944848,3,0
gonadotrophin,-0.12967231859520728,0.33860417790789993,0,0
letter,0.3076655098254016,-0.0938879975530202,1,0
zone,0.31796754903947216,0.09138508769047542,4,0
understandably,-0.31473559476700275,0.27467842871136583,0,0
endo,-0.01679857604909464,-0.3791340242192209,3,0
mislead,0.25014947567596013,-0.06434562444729376,4,0
overlook,0.13719987451725665,0.26665056430948647,5,0
elimination,-0.33939010382829493,0.26157644779212524,0,0
mode,0.005085291683870042,0.3806914114148248,5,0
acceptable,0.3148236022077836,0.029977998275361534,4,0
regime,-0.02525457722498646,0.2695431155279178,1,0
transitory,0.018193129417960287,0.4091101600022574,1,0
privacy,0.28208255599876975,-0.26470440328674016,3,0
individualised,0.4600428352232225,0.006305130784655765,1,0
identifiable,0.20443103649867783,-0.3089653911671978,4,0
nodule,-0.3257827527719838,0.2183881098724581,0,0
m.s,-0.21294777412358545,-0.35148449010835214,6,0
literally,0.39674900870634927,-0.03211666427915828,4,0
troublesome,-0.023014775320693227,0.3036864909960542,0,0
anorexia,-0.2819760240048886,0.24341187257201777,0,0
sperate,-0.4789585017665358,0.0840359883504925,2,0
orchiectomy,-0.3419755171027667,0.1686188122492521,0,0
contemporary,-0.18009219833880125,-0.22166845384131365,2,0
spirit,0.02884918285428404,-0.3966553651834113,2,0
unavailable,-0.16744713344665033,0.1689700436736067,1,0
sterile,0.32562792148354014,0.008678623587602352,4,0
triale,0.45123157195488217,-0.10259418498575595,4,0
biomarker,-0.24834733145328014,0.00123655458159611,2,0
genotype,-0.48605477287329063,0.12380556050898403,2,0
vacuum,0.21868336911523387,0.2939612993820838,1,0
exclusion,-0.12439906264664187,-0.20665441942454502,2,0
questionnairetestosterone,-0.14264270248725672,-0.34784167977053554,2,0
skewed,0.3441192238511753,0.07201315677583477,7,0
geriatricians,0.20785099162661733,-0.35123845907865003,2,0
psychiatrist,0.15080873639363881,-0.17941294705365418,2,0
casual,0.35515805150587054,-0.09901706844979087,4,0
code,0.3463700246833802,-0.2411862863417486,1,0
mask,0.040515978479887756,0.3211193661955115,5,0
emas,-0.5104013552055616,-0.1570142205732753,2,0
lcms,-0.14286485379258215,-0.21699288188994478,2,0
relaxing,0.39743070015458265,-0.1594667005846052,1,0
tampa,0.24227647014421952,0.03645393226420857,1,0
spatial,-0.2405543605200364,-0.31069076502887105,6,0
verbal,-0.320281660282386,-0.07674772061194012,5,0
analyte,-0.2794669444569842,-0.2271188138933192,2,0
constitute,0.007239256608276831,-0.24487324628593551,3,0
resemble,-0.37658082358315154,0.21228912188542762,5,0
classification,-0.5079059310666226,-0.058315488560897036,2,0
comprise,-0.33566219241955525,-0.08713853917396573,2,0
discouraged,0.28091627528407637,-0.23069745244859488,1,0
unregulated,0.25174140347401874,-0.03693372099766284,4,0
urethra,0.001709152246178289,0.34628178454466846,1,0
trick,0.13507692927109094,0.33432979325088075,4,0
misleading,-0.2476851637146023,-0.08754365900398953,5,0
unhelpful,-0.287406688895425,-0.19233173034997283,5,0
multifactorial,-0.17656800831736566,0.03166187995095834,5,0
raisin,0.3272122478552348,0.2596132598408901,4,0
jointly,-0.15793550396614378,-0.3222588860216652,1,0
proportionally,-0.10547785788685703,-0.36056308192152536,2,0
sciences,0.2966245361975361,-0.18164873545920499,4,0
rrr,-0.2813571484798442,-0.20241334796566451,2,0
chen,-0.3947502979301737,-0.04182009832102926,0,0
demographic,-0.19156119707682598,-0.19512618914132948,2,0
offspre,-0.06192160415675417,-0.34268949004410915,2,0
norm,0.04858352671556931,0.30023694706450593,5,0
keyword,0.0543180728548174,-0.32650511037513735,2,0
intervene,0.13550861807690726,-0.3515081787062386,4,0
reinforce,0.1279414594288086,-0.16606713003456924,5,0
seamless,0.28395836905015487,0.15282456100729175,1,0
intratesticular,-0.15373495828319841,0.3211264714482642,0,0
contentment,-0.052827112963312294,0.5312776873642396,5,0
opiate,-0.31703843100171153,0.24110453903607468,0,0
painkiller,-0.4554049758553106,0.2963229004424737,0,0
toxicity,-0.12515209441064093,0.006674215002862398,1,0
anaemia,-0.12325852611892388,0.39035315859453656,0,0
citation,-0.1229806313871745,-0.2501917624953882,2,0
confused,0.36809617120786386,0.19727910961898135,4,0
secret,0.4336827023922079,0.290504356159504,4,0
accidental,-0.27543426017233275,0.09711830413164227,0,0
counselling,-0.5698986074534305,-0.030451633872545097,0,0
goodbye,0.36545304611318175,-0.3613779078992568,3,0
psychologist,0.24294090896565637,-0.09759255810079845,3,0
mhc,0.38215846192078723,-0.19964463109349015,3,0
miller,0.27971612320248074,-0.2849784942825709,3,0
sydell,0.33595200361694777,-0.3673182059673327,3,0
antagonist,-0.38593086726118375,0.39797922921286694,0,0
shave,0.21473791455373306,0.2286168847994755,4,0
wolf,0.4419921123208058,0.3723568598904617,4,0
anterior,-0.40557142130018015,0.2832473138101296,0,0
prolactinoma,-0.3383827104237264,0.14421282618665032,0,0
pin,0.38689675247273314,-0.18435255585714566,4,0
reputable,0.23579906195959766,-0.14901477353365267,1,0
naturopathic,0.4493140248559024,-0.163255038087964,4,0
medline,-0.1075741441308184,-0.33621883306841593,2,0
stream,0.17480702258054312,0.29294019015615164,8,0
nervosa,-0.40315624632092917,0.32259527273044925,0,0
powerful,0.18839187595017706,0.20061621060234355,8,0
urine,-0.07879577197800171,0.3429128687424055,0,0
boom,0.24420641610806268,0.1130865636980132,4,0
jolt,0.3421105906568084,0.3551603402388502,4,0
hopkins,-0.20414480946074032,-0.0925899708972786,5,0
obgyn,0.4529174955605314,-0.2430952565348187,4,0
tuning,0.3142264994174833,0.2966919071034213,1,0
fatal,-0.3439013621527298,-0.15421150007847578,2,0
mindful,0.3647962134796576,0.30054492426197577,5,0
potent,0.043026141339926084,0.1611797482847644,0,0
corticosteroid,-0.22260104006940956,0.24206321836707836,0,0
prednisolone,0.027718880889050737,0.4126993869595427,4,0
"levels.5,6,12",0.03327756262528039,-0.3300747130810569,2,0
ucsf,0.016775803047355688,-0.48091793339685435,3,0
pronounced,-0.4519160761960362,0.3111365737158832,5,0
energetic,0.24156140275062207,-0.020063478061457172,4,0
lustful,0.4338642113226167,0.17320579582182394,4,0
component,0.07321139736608856,0.05469616307512742,7,0
incompletely,0.40482133955429167,0.2461885735456376,5,0
overlap,0.17245277218709187,0.10623811325417365,5,0
arash,-0.24073883585536054,-0.3488140940189239,2,0
nayeri,-0.0809710751689997,-0.21393695032579751,2,0
efficiency,-0.3015047194922193,-0.2149270346149436,5,0
prompt,-0.2757945959512374,-0.019989751615003392,0,0
generalizability,-0.27050612287474024,-0.13692904890058166,2,0
weakening,0.005776529523035946,0.3055304538594753,5,0
burnett,-0.055296616972000154,-0.264408489377938,2,0
heighten,-0.16748730306115048,-0.13700063426914252,2,0
varying,-0.34881900065872995,-0.2589486061278824,2,0
viable,-0.02838643937467065,-0.14500000446596845,1,0
stabilization,-0.25410994615052546,0.16465734200138687,0,0
lining,0.025355854704810544,0.38364950109253476,1,0
endeavor,0.28889514336266053,-0.4079504339802125,6,0
meantime,0.04563196398586535,-0.2228793314706579,2,0
psychology,0.01741698769237394,-0.40783639452960707,3,0
buffer,-0.24526852815019473,0.38902857560577553,0,0
glycoprotein,-0.19032172291759103,0.3489411389635733,0,0
misdiagnose,0.026017231711631644,-0.1686388433962025,2,0
explicitly,0.015330661154118316,-0.231394312571197,2,0
magnitude,-0.261155829003311,-0.3233811832974474,2,0
certainty,-0.24982180250101646,-0.2865239444177622,2,0
nomenclature,-0.18324185834579743,-0.35106071221142543,2,0
spark,0.049424898290947296,-0.16657008237290288,2,0
stagnant,0.07766924089861632,-0.36537360059324236,2,0
lisa,0.15357410494773654,-0.47698574814964106,3,0
arthritis,-0.31174302961717837,-0.18727225609132203,0,0
lesser,-0.26968348828902183,0.5359735309433888,0,0
achievement,-0.41550665246940044,0.008916353893352925,0,0
tertile,-0.3433346570855703,-0.11064437357246801,2,0
means,0.037008910076062246,-0.022261785648236485,7,0
sexy,0.05670802074086349,0.4692668553217411,5,0
insufficiency,-0.3683569907323771,0.14697151562559213,0,0
turner,-0.4590034379132438,0.1281989870192328,0,0
decreased,-0.17173091636542503,0.12463684430679191,2,0
bell,0.27990561885011517,0.3393363092577255,4,0
kick,0.18589493593063766,0.21120400673722678,4,0
malnutrition,-0.34144989320678937,0.12271983154138671,0,0
mobile,0.4061379367683469,-0.31213780377726247,3,0
serotonin,-0.09111090145759622,0.27290893402814387,5,0
facsm,-0.19409948337998853,-0.26923534134320254,3,0
ph.d,-0.10427967588066402,-0.24626958296862422,3,0
securely,0.34147713129019,-0.33980079971898075,3,0
darn,0.4317010781087241,0.36005046861810913,4,0
massive,-0.35241093474149027,0.3509649247938067,0,0
thromboembolism,-0.2576667825737974,-0.02811644035469889,2,0
raw,0.02521133166723825,0.24514051812915413,2,0
affiliation,0.22567328951865492,-0.31753394323118195,3,0
grumpy,0.08870395787610197,0.4575234494370259,5,0
enjoyment,0.03016133408874121,0.3730402443198185,5,0
moderately,-0.34509643835026843,-0.14261955875704893,2,0
walking,-0.37252312176225677,-0.1458815140826,5,0
short-,-0.009435483182590678,0.3806227877833417,1,0
trans,-0.0743059100294602,0.5910969304802939,1,0
drinking,0.008275365913254463,0.23325088558232718,7,0
substantially,-0.1354770274831871,0.4476253288537341,7,0
acuity,-0.2220505199384186,0.312565783911731,5,0
functioning,-0.15856916799758158,0.05975380500921499,5,0
michigan,-0.015496452125109047,-0.26292645855875635,3,0
cultural,0.22015792068201298,-0.0706203724423812,7,0
"potential.5,6,33,35,36",-0.2464292604525387,0.420480937944156,1,0
pdf,0.0004939289646086515,-0.3798071269862899,3,0
rochester,0.23692329877015242,-0.3113420269647577,3,0
grant,0.043464386885048396,-0.4568726954630333,3,0
cohort,-0.08687564219168348,-0.29871874767012185,2,0
prospective,-0.41073272458941357,-0.2927670763049308,2,0
spinach,0.19280850402659153,0.3015495063424945,7,0
language,0.09994200436459451,-0.3511451894858453,3,0
arousal,-0.12140875160749395,0.0954959471078664,5,0
domain,0.06846866491760994,0.43750213989694214,5,0
inverse,-0.19900790723396058,-0.08628362565605208,2,0
west,0.3526342004226512,-0.25435006672360505,3,0
discovery,0.033910787598630615,-0.19394632015614804,3,0
speaker,0.02475374573674986,-0.42818634889332535,3,0
orgasm,0.008052170057713824,0.33008151637587874,5,1
ais,-0.25726425278339904,0.13135014410327053,0,0
urea,-0.3980612137400973,0.18230226846132025,0,0
poisoning,0.18218323846633472,-0.061886584607980105,4,0
curious,0.3617327388089836,0.003052659754929645,4,0
survival,-0.11319001116720688,0.20432355920894762,5,0
successfully,0.25706604474907974,0.07978140223483278,5,0
excrete,-0.43052587953087657,0.2852548525449518,0,0
c2025,-0.0701922283773975,-0.4679706053127076,6,0
https://my.clevelandclinic.org/health/diseases/24897-low-testosterone-in-woman,0.07112004913776845,-0.5885944435239294,6,0
hct,-0.22830385454719537,0.06654137447336143,2,0
sensible,-0.36723023879590905,0.11127778134941631,2,0
pregnancy,-0.27827162910256487,-0.07922380563587665,0,0
quantitative,-0.19328543886809518,-0.07119435608417318,2,0
nissen,-0.09483864483703365,-0.3749719670335153,6,0
officer,0.19294835706912153,-0.42760376330786953,3,0
constant,-0.04215030676639741,0.1728731244031573,4,0
ill,0.06733558918415894,-0.2086027744498416,0,0
intubation,0.14096486450545542,-0.39987121583437,2,0
a.d.a.m,-0.0046312508614310775,-0.2993260459710496,3,0
gap,-0.09824068907918383,-0.23634494746222504,6,0
management.4,-0.003162181597214338,-0.45442661621764613,2,0
buildup,-0.19953051406516,0.1263621102427405,2,0
wash,0.06504095811982952,0.2949926218646688,1,0
snore,0.12289929766601831,0.2472197759735577,4,0
trucker,0.46099279749566197,0.37832272081538176,4,0
chair,0.16698347331934701,-0.1970353886476303,3,0
peptide,0.1241818626261091,0.18907143154866052,0,0
container,0.17277897863882302,0.30915862167438246,1,0
car,0.37069668400155387,0.05388949975609433,4,0
vein,0.0018162811721843606,0.25441644022506377,1,0
ali,-0.09083101296862464,-0.21951657483689763,6,0
cotton,0.2636913599281808,0.32946381905839345,1,0
timely,0.31546349805196394,0.09831316550724416,5,0
trajectory,0.26032279919711465,0.187604759454276,5,0
fatigued,0.3142203077200829,0.07865090458972125,4,0
plastic,-0.1533769431106853,0.22063028297791568,0,0
party,0.18536099265937261,-0.2205758463214921,3,0
expectancy,0.011691087318533503,-0.17662822263937517,2,0
causation,-0.16604215090176683,-0.09609243327768703,2,0
hmg,0.3630610052445153,0.21693717328005477,4,0
substitute,-0.08133338005496202,-0.06917675035657717,2,0
disturb,0.02440309371511014,0.27550675962554605,5,0
beware,0.2688612625222386,-0.18833816129436437,3,0
buyer,0.4874050113832812,-0.26772076536085837,3,0
client,0.2981635966460661,-0.062467953673476476,5,0
smooth,0.1913325306117334,0.2916290322239521,1,0
asempa,0.19275858055439501,0.05013074345683701,3,0
tremendous,0.22916372205169758,0.1922463424389024,8,0
urol,-0.17792739561522647,-0.45878621039890866,6,0
subcutaneously,0.07056412659678556,0.23093939310362463,1,0
band,0.1635654642337322,0.31854778472273926,1,0
approval,-0.23577707263287387,0.07902094094905071,1,0
compete,-0.0608814353708114,-0.22824076994153153,3,0
heat,0.12410727952859028,0.3310515624263236,7,0
entirely,-0.08530870436371563,-0.1634688935402732,4,0
youthful,0.2524488003902468,0.10876968980573697,5,0
readily,0.2196501334822291,0.1471531538314067,7,0
suicide,-0.07205288073920535,-0.057991181307788436,4,0
emphasis,0.253277644454245,-0.12839790096646975,3,0
influencer,0.3241416479769066,-0.06498658239540321,5,0
class,0.0838148518641474,-0.16774624935193355,4,0
spread,0.1066925275283605,0.24231569895619157,1,0
tamoxifen,-0.2327685572390704,0.2079062926869836,0,0
melme,-0.33087746477227004,-0.35317997089287106,6,0
impression,0.32997948028068774,0.059190819355634604,4,0
layperson,0.5529354518529851,0.03623237699777304,4,0
selection,0.08682244598688624,-0.24675142521288393,2,0
hirsutism,-0.12571287943921639,0.45235029934659926,0,0
williams,-0.3334286053281375,-0.4254883466199456,6,0
throw,0.2649201962396546,0.12952351334077838,4,0
deem,-0.08337343270820759,-0.09216325631147353,1,0
terrifying,0.48715211540824954,0.1126249323907111,4,0
vulnerable,0.2941704720836066,0.04202930987239506,4,0
funding,-0.17913295204253474,-0.2125355673256432,2,0
donation,-0.19844194048288366,0.09300327715673613,1,0
fellowship,0.07865496575874954,-0.29221016021810126,3,0
exception,-0.03796977442966722,-0.09904302712797507,1,0
oppose,0.27835631925043297,-0.047119114862941035,4,0
bariatric,-0.2140845598053054,-0.00091063904823447,0,0
skull,-0.49367278925757835,0.10526954119944534,0,0
heterogeneity,-0.16572777569853384,-0.1632832485204288,2,0
generate,-0.18436515855758984,-0.11452930369243278,2,0
columbia,0.03405853105224452,-0.5381955609587515,3,0
conservative,0.10235323991470616,-0.1847672574799935,3,0
musi,0.23252409577301333,-0.025184846909522628,4,0
suite,0.3027536729723689,-0.32760114802073786,3,0
rank,0.17467641611909945,-0.28404786487343686,3,0
priapism,-0.15183892944128927,0.23229633142575956,0,0
embase,-0.1475881285846805,-0.3746331576314485,2,0
prolong,-0.15903815257683063,0.25809649222563197,5,0
worsening,0.034254336836296466,0.43550748152694346,5,0
considerable,-0.04003953354340615,-0.11680536237549136,2,0
jama,-0.09592656416897975,-0.3420123775802298,2,0
randomized,-0.1579383389982946,-0.2622884457287994,2,0
mail,0.24543200393791884,-0.07269715406878384,4,0
living,0.06050043505651673,-0.25819664309523377,2,0
fibrillation,-0.26750503611563137,-0.07427054121328867,2,0
peyronie,-0.15176711022666003,0.2866581581717822,1,0
waste,0.2389616593193708,0.17769372075079876,5,0
duke,-0.37680174263328303,-0.04945782876193498,1,0
dictate,0.3754188039748938,0.24283178980817563,4,0
doubt,0.23956968899371678,0.14642186505991003,4,0
androderm,-0.1112822463792086,0.3151899766111214,1,0
edit,-0.04640591753304094,-0.3823948287410914,6,0
tailored,0.24367290285373225,-0.20559374834890928,3,0
vancouver,0.025801817361946502,-0.5359633946511567,3,0
spironolactone,-0.19928212255115307,0.3164058739429028,0,0
vast,0.18862993119914767,-0.1424495315919069,4,0
ranges.13,-0.2685919281255727,-0.3081633275418336,2,0
spine,-0.248550387357709,-0.10569866886307878,0,0
respiratory,-0.37255147565779595,-0.11679849751912676,0,0
comparable,-0.23355983555686746,0.28072697084864023,5,0
mace,-0.29821728974649236,-0.04255160208392643,2,0
formulate,0.17817075788859116,0.1677384410599128,1,0
fetus,-0.3725100872049634,0.18083323603612345,0,0
relevance,-0.29223962617287697,-0.17054966898565288,2,0
statistical,-0.2621212686910789,-0.10378203343415267,2,0
maker,-0.2442917985518228,-0.1921279065685474,2,0
preliminary,-0.26700893220783395,0.006698781769164597,2,0
maturation,-0.29111088553615144,0.20429696529588937,0,0
actively,-0.0220518311401343,-0.055181422241966295,5,0
doorstep,0.32818407842421626,-0.2220468680326485,3,0
undert,0.35726316135214764,-0.2232547684206295,1,0
valuable,0.2262828322523261,-0.09617196180342792,7,0
heal,0.2613665994622863,0.049393620047303126,3,0
mrcgp,0.23951534794012946,-0.2537000633233775,3,0
hairy,0.19239126336441695,0.004194845420562566,3,0
minimally,-0.05181503525162406,-0.024033925434380106,1,0
calibrate,0.39967978528742326,-0.015430801343153989,1,0
willing,0.30085040273332736,0.02470621469840169,4,0
dip.fipt,0.22998917392783025,-0.2618333523930452,3,0
apr,-0.0058204672447048295,-0.4088535607824468,6,0
supportive,0.01241888517571138,-0.07442261173329906,1,0
morgentaler,-0.04677375425047409,-0.42172431224556595,3,0
qol,-0.21928612759226154,-0.08313407438474692,2,0
meaning,0.0321366365580974,-0.14119662400419644,2,0
standalone,0.296713221962213,0.09796209982785661,4,0
realistic,0.21312184813040666,-0.06739548014077659,4,0
simplification,0.28856889035706224,-0.22021511189764456,3,0
triple,0.0615769163770661,-0.3108906762948828,2,0
q&a,-0.14392605260755192,-0.30442113787406494,2,0
introduction,-0.05609500148014486,-0.15120239180569692,2,0
amalgamation,-0.3949445843126829,-0.1601095109596984,2,0
significance,-0.2781953167157716,0.017078775421759524,2,0
star,0.4097000726481882,-0.0991532356069504,4,0
statistically,-0.23102965664965455,-0.1479332646505225,2,0
corona,-0.26588300212364957,-0.27747652354606617,6,0
european,-0.16761531091882312,-0.25870861033542336,6,0
government,-0.08532737529623027,-0.33694704878597614,1,0
reclaim,0.25036401953695064,-0.1785978284745024,3,0
"infertility.33,34",-0.2772939070143076,-0.17182103160866571,2,0
survey,-0.1871597474741529,-0.17396740273756858,2,0
billboard,0.4671370381234273,-0.18394702469095667,4,0
taper,-0.10431239420078466,0.21447353658124674,2,0
tapering,0.12351344396397924,0.42470241852873214,5,0
phd,0.1367995719011894,-0.3761502452556751,6,0
responsibility,0.26585482809098576,-0.03709632154566968,3,0
https://www.womenshealth.gov/a-z-topics/polycystic-ovary-syndrome,-0.041713423809559266,-0.39520473797448785,3,0
generation,0.13360364156398458,0.06396376191776479,3,0
ton,0.13228245285389773,0.2339531884522402,4,0
blunt,-0.09393542261772049,0.23945469216575668,0,0
model,-0.06072881421774435,-0.18984285483582386,3,0
globally,0.3687923653111716,-0.45106275750911806,1,0
specialise,0.06168954484879051,-0.13480950463722255,1,0
carter,0.4179951674512889,-0.24354637471619606,1,0
precise,-0.21733596826316656,0.19108379150110352,0,0
pregnancy.34,-0.3660019469508432,0.027367873471669225,0,0
carrier,0.11249311146536291,-0.45054722850123907,3,0
vardenafil,0.07929330351791321,0.3527019060974026,1,0
staff,0.18295172481858749,-0.16210624965829432,3,0
friendly,0.26846174386295274,-0.01568340772550063,2,0
indication.1,-0.19529948516517198,-0.398491968188774,2,0
vision,-0.14763382489724244,-0.09079168394376311,0,0
chromosomal,-0.3720987719291867,0.21858173341126427,0,0
similarly,0.0943855511804399,0.26644464570217413,0,0
spectrum,0.18392996423114494,-0.14918269128968084,2,0
atrial,-0.2671744575956158,-0.0817015873798584,2,0
chain,-0.035080683014248014,0.321525022170379,0,0
timed,0.14575039204644424,0.4506530814048888,1,0
plethora,0.37184798814298764,-0.18738199411190345,4,0
seriously,0.21677821618645504,-0.08372840612492191,4,0
modern,0.01225267293973505,-0.09358924300620539,5,0
wellbee,0.16101148237452673,0.23911255009277302,5,0
activate,0.2646302243453566,0.2986273565845368,1,0
submit,0.2554365830821936,-0.16822708888069174,3,0
manif,-0.38211322866037567,-0.09148891914501721,2,0
houston,-0.03860633503623232,-0.341346459172268,3,0
preventive,-0.0749170743954469,-0.17256810179748028,3,0
reversal,-0.14354264673789355,0.054256581625090526,3,0
immunoassay,-0.1087210611592797,-0.19989233074968663,2,0
hitter,0.42992789131011133,-0.02986499412832665,4,0
sweet,0.38350415813828764,0.12867988062924762,4,0
lie,0.06511543048605932,0.26814036743323494,5,0
inclusion,-0.2534925180395892,-0.12775672131970184,2,0
nelson,-0.09010365891092577,-0.590856232917838,6,0
topically,-0.02177688074919065,0.3357983689901787,1,0
ducharme,-0.11761470506356826,-0.09554387938131005,3,0
accordingly,-0.20271813410870718,0.006342334135381496,2,0
brings,-0.3997131677764402,0.046208233343167086,2,0
distinct,-0.2406112375097818,0.1351675288495263,1,0
chicago,0.009315417404353928,-0.3100094703228724,3,0
broderick,-0.1627985545494603,-0.03568450085366204,5,0
gregory,-0.25633813639586994,-0.271578320332787,3,0
breath,-0.17383981503701837,0.2940938534226054,5,0
breakout,0.14641302223738878,0.049256393669583995,0,0
perceive,0.15441810835344116,0.27337146992490036,5,0
somewhat,0.05125348742408407,-0.21184274250227556,5,0
shortness,-0.1738306378420814,0.303163910707338,5,0
"n=37,565",-0.44217151581725744,-0.2629671409835686,2,0
indication,-0.0713893706776425,-0.21689096721083706,2,0
january,-0.15767816526360337,-0.299781051818871,2,0
largely,-0.06658315779381983,0.0641311024196677,5,0
labeling,-0.11816235808537053,-0.19646727915645987,2,0
venous,-0.27043845460722993,-0.0020964148258173026,2,0
androgens,-0.188534571649795,-0.042584158869604205,0,0
ground,0.3252909703465325,-0.13970759321390488,3,0
react,-0.4546911620635177,0.23075674688833753,5,0
foetus,-0.3344128304641529,0.37519481722354847,0,0
undescended,-0.23235132026308344,0.22630356420999245,0,0
aesthetic,0.21733214966668532,0.234631620899004,5,0
undesirable,0.22874911275346516,0.27765425212033146,5,0
boston,0.011281162784562903,-0.5003789773135839,3,0
ultimate,0.23639737184283532,-0.21825478588903033,3,0
courtesy,0.020491638665649323,-0.2661473248547503,3,0
advisable,0.1836685431071907,0.029329356337790373,5,0
automatic,-0.44080358293154515,0.17835437611530996,5,0
independence,0.27830510431594213,0.1682532279897091,5,0
masculinize,-0.046111034874415986,0.39385377544313466,0,0
accredited,-0.07277029396805547,-0.3090627115920527,2,0
internationally,0.12032388156833201,-0.2447878564598214,3,0
coordinate,0.4912356106157361,-0.5065582776623397,3,0
gmt+0000,0.4496067903086651,-0.5110836518010622,3,0
checkup,-0.022991767904703163,-0.30400442214521844,4,0
delphi,0.0423273562867958,-0.3921779237020423,2,0
principle,-0.09140210750353929,-0.12908753562458056,2,0
cuban,0.40947940093432295,-0.12860198261159744,4,0
sarcoidosis,-0.3561390425211235,0.14392882308829238,0,0
query,0.13009740949892734,-0.4232371076544717,2,0
relax,0.13702819336765484,0.32200430585701195,4,0
byproduct,-0.2954093181268992,0.4055378028423253,5,0
suboptimal,-0.21003177959318764,0.021027711555343782,5,0
absent,-0.280468197739241,0.34794502704352087,0,0
haemochromatosis,-0.3757460547235807,0.07612976506926293,0,0
qaseem,0.030861074336467828,-0.44957793366424736,3,0
oct,0.4361831690169593,-0.5165683494263759,3,0
affiliate,0.3961248655371234,-0.059136527799586516,4,0
institution,0.40674372867029857,-0.057235078070722395,4,0
thereafter.438,-0.3537695391881542,0.020809123244115477,1,0
studies.438,-0.3354179516861049,-0.006197802936650016,1,0
kit,0.27540616825548625,0.09436451462270933,1,0
bet,0.21626466308958714,0.06635895471650634,4,0
dripping,0.14257346683657626,0.4360547476375801,5,0
smell,-0.2290460986317306,0.2641494679587425,0,0
expansion,0.18126807218460597,-0.24833305364839564,5,0
internist,0.4579214647846461,-0.05472127439532956,4,0
perfectly,0.25848685943447647,0.11902283740961642,4,0
quantify,-0.23489286445000532,-0.2106902582008618,2,0
airflow,0.36319261138189673,0.2755867778069825,5,0
continuous,0.15478957700872134,0.24120517537774513,5,0
hang,0.2763682858514243,0.1087011044394928,4,0
machine,0.23262252234744257,-0.042781864720017805,5,0
cpap,0.15749893769594098,0.2670659632675624,5,0
liter,-0.3089132162742169,-0.013125441707306671,2,0
nanomole,-0.4840014744269625,0.16778307244960897,2,0
nowadays,0.2100410650909606,0.03125429194969117,4,0
strengthen,0.2327596034194531,0.31373610062722346,5,0
behaviour,0.1843934316244224,0.35943330379281757,5,0
affordable,0.1991351015477788,0.186046523034115,7,0
landscape,-0.11567446824769659,-0.2978283538955295,2,0
e235,-0.3911676826570648,-0.3558210043751811,2,0
peace,-0.21122925851385763,0.39145735550397004,0,0
stressor,-0.007370642481965554,0.17247314960570972,5,0
divide,-0.22467084340831728,0.298365889889147,0,0
maturity,0.15638051805403813,0.20045716559774174,7,0
adopt,0.19411528494651592,0.1908950620949921,7,0
seed,0.25328854494617387,0.3901380589962101,7,0
sharpness,0.2940172185922192,0.052786472293638434,5,0
thrive,0.40023168840728945,0.04218892708794087,5,0
tension,0.06879648809861387,0.30703294779428864,1,0
australia,0.12413540404631473,-0.2574650017431537,3,0
steve,0.079152460168509,-0.31407997205736926,3,0
regiman,0.23786699888020577,0.132519215272358,7,0
orthopaedic,-0.336766614719697,-0.11698452657252888,0,0
traumatic,-0.33653514149813984,0.11209127761337502,0,0
steven,0.15694774865197425,-0.31990371615899754,3,0
induce,-0.3541634076472795,-0.0683892728424812,6,0
midsection,-0.04101377928111588,0.35133206099859604,0,0
cope,0.10175271906836474,0.22494284081769494,5,0
occurrence,-0.20464173914362846,0.044481250561084075,2,0
registration,0.24581516572849324,-0.2754486431670223,1,0
amazing,0.4178292493948463,0.05076248311957327,4,0
capacity,-0.16630182268306778,0.08385633952475748,5,0
eligibility,0.31604927152789275,-0.018511800772622284,1,0
affected,0.10021307117461767,-0.29690432550278084,5,0
fulfilling,-0.17111199357727203,-0.19802505167504342,5,0
pubmed,-0.1552607498881635,-0.3718272574918471,2,0
respect,-0.0885218063295386,-0.2016064850676997,2,0
unusually,-0.45823707849247697,-0.11582340520463603,2,0
clarification,-0.055744150626450696,-0.44140442050626955,2,0
express,0.01753403878475182,-0.15791165654154635,4,0
innovative,0.13374234051478257,-0.2826981112343264,3,0
solid,-0.3072465846883273,0.031527399223095415,2,0
entry,0.2712979374457717,0.2416944207601319,4,0
randomly,0.12099539280740743,0.30630939043440486,1,0
african,-0.4405827602595477,-0.15945615012271935,2,0
americans,-0.09615629530925127,-0.19193281296260975,2,0
pubertal,-0.2970721543867675,-0.11630961921164025,0,0
buzzsprout,0.2911366393424157,-0.27923975006358975,3,0
spotify,0.30491786760760736,-0.2607036773190421,3,0
addict,0.2990273383473894,-0.2720660017661108,3,0
barely,0.0556274359065823,0.319356065186378,5,0
limb,-0.1178185325526668,0.3776045051375905,0,0
pcp,0.36230488546516304,0.09507295816254935,4,0
embrace,0.11687228303891482,0.15648509257613144,5,0
feat,0.47630921235949913,0.20484750819951236,5,0
partnership,0.22836581680794021,-0.14427382691398738,1,0
yale,0.17840041211438992,-0.2355578833184527,3,0
happiness,0.11064374724193139,0.2592442944374983,5,0
nutshell,0.045703781025407425,-0.3031912152432135,4,0
bullock,0.22624900322425073,-0.2913870064973292,3,0
sustain,0.037128095015429484,0.3116104791648303,1,0
resubmit,0.11312846795404749,-0.3569936457395268,3,0
dhaliwal,-0.20709937141571455,-0.41106942178187694,6,0
publishing,-0.16778205155986955,-0.2959575287022295,6,0
nuance,0.2981480173649219,0.0723454360901201,4,0
parse,0.4137086484373876,-0.02682277762531691,4,0
ring,0.19520305431793747,0.36873289840632645,1,0
delicate,0.11467171517780232,0.24728670704991834,1,0
silver,0.00426671498786901,-0.3995872339176121,6,0
cautious,-0.20583069398543116,0.1181200998549901,2,0
perelman,-0.06435604925836749,-0.3842811049431655,6,0
terrific,0.4211569303979779,0.2708384773081064,4,0
float,-0.02156704035694641,0.36798651353950046,0,0
cialis,0.1024273057855874,0.35823114169261533,1,0
anticonvulsant,-0.3863707265459127,0.15902117932994908,0,0
prednisone,-0.40220328579052667,0.13155557347560123,0,0
room,0.261168750590278,0.015665302612626355,4,0
helps,-0.15279926206930342,0.2471287466473577,5,0
virus,-0.3705683064353062,0.05086109131675046,0,0
undescende,-0.3138938126883287,0.3008195162881971,0,0
package,0.27275803447313784,0.11663340898710335,1,0
refined,0.1984175396159825,0.32269278770811183,7,0
thyroxine,-0.3984045100616993,0.2553331881291204,0,0
multimedia,-0.12226745713274197,-0.34544276597472084,2,0
cardioprotective,-0.2638741114175993,0.2187800166417799,5,0
erect,0.022227341123480605,0.3491148626541563,0,0
hesitant,0.4618365512257903,-0.13850711766903154,4,0
estimated,0.4034419443504272,-0.20064693856289148,2,0
unnoticed,0.47419911927826613,-0.26196851543443506,2,0
extend,0.3118507593340026,-0.13670085353793196,1,0
pressing,0.4403915552513062,-0.1739990885685496,1,0
intensive,-0.0362739835243694,-0.24763021063085008,2,0
awkwardness,0.48989503220787467,0.12748024481641537,4,0
shame,0.2823630385795591,-0.0023033399599958616,4,0
itching,-0.035652312791147014,0.4147751294261814,1,0
supra,-0.19944515578434258,0.3007678940501151,1,0
highest,-0.3550349567635024,-0.19317799210458017,2,0
individually,-0.041370153603330344,-0.20426435599043818,2,0
shy,0.2697636245940192,0.14274922446208468,4,0
basket,0.5347644121609468,0.19406734648622673,4,0
sandeep,-0.08956838881521355,-0.4262632484901066,3,0
morbidity,0.14266505430371637,0.13444555115813453,0,0
propecia,0.12063776823688432,0.2984256382536293,0,0
appendix,-0.1412288781162098,-0.11800902158221306,2,0
exhibit,-0.2232679872895655,0.12408146652031081,5,0
prostatespecific,-0.48703637616698864,0.14331687130114776,0,0
psychiatry,0.15815421945944652,-0.33941776474126806,3,0
disability,-0.2051094173584681,-0.13486824851075568,2,0
discretionary,-0.4478075787414807,-0.0833323569886539,2,0
incontinence,-0.21591006862163983,-0.05637634352693009,0,0
resection,-0.38449249592323914,0.10878453036272276,0,0
alcoholism,-0.28336164635998995,0.25271207702120513,0,0
hemodialysis,-0.36384691027019783,0.43388046927117496,0,0
reasonably,0.29031856363010844,0.25971352833618727,1,0
questionable,0.2709763597556827,-0.09869394690069094,7,0
legal,0.15569440734907375,-0.20380747932520618,7,0
choy,0.14173049072951302,0.14263466757154702,0,0
jeremy,0.33281477772087953,0.14535232704325557,0,0
deepen,-0.04988015478509089,0.340662508384305,0,0
shampoo,-0.012592066324648201,0.3588358758970438,0,0
textual,0.3665314876082056,-0.2774392591903462,3,0
transcription,0.35847794140276523,-0.2869550064585134,3,0
cirrhosis,-0.29085587894566023,0.17142919678580973,0,0
interview,0.26042714707624287,-0.12171967066140645,3,0
sadness,-0.06376051115566848,0.2604362483804425,5,0
levitra,0.09251378000123302,0.43403198422658024,1,0
foam,-0.003232667766655365,0.3647556246790132,0,0
actuation,-0.14093202206950148,0.34426767965673694,1,0
transmit,-0.30178245375819845,0.07756861270413054,0,0
await,0.11848813127610473,-0.21692857940753177,2,0
cryptorchidism,-0.3400315343464185,0.19473674017004033,0,0
acoustic,0.1426142292642399,0.3953560376309087,5,0
item,-0.26337388892856173,-0.11815065577274707,0,0
shade,-0.3171156185166264,-0.17515902385040577,2,0
shall,0.5763965399479956,0.036636187084892455,4,0
optimally,0.271146402551181,0.2296422312632988,5,0
delve,0.18795123563098612,-0.13003087474223407,4,0
tidbit,0.5464816481938225,-0.04098302210411753,4,0
revise,0.09377155135392326,-0.3588426312645,2,0
300s,0.32424422451300183,0.1852041368630416,4,0
discretion,0.3889214943382105,0.11208122803466156,4,0
regionally,0.12628598712328795,-0.33809263421942826,2,0
downward,0.22623659140813637,0.038734750373333966,5,0
redundant,0.08475820154360318,0.47093447703032293,0,0
faqs,0.2605533871676238,-0.08295469886198988,3,0
quizget,0.3646249592724597,0.22825606893072506,5,0
quiztestosterone,0.3044146692271473,-0.07755881839952387,5,0
reflection,0.20694260615826407,-0.14943899279035056,4,0
hardening,-0.30537269939355527,0.20901384137215392,2,0
narrowing,-0.27193165759054894,0.25414296993982455,2,0
vigorously,0.04573137487248064,0.524280177879405,0,0
render,0.34384084752944866,-0.48384737610582473,3,0
engaging,0.35815834240959876,-0.31482513084390623,3,0
immersive,0.38044276583978487,-0.3130774129233272,3,0
lump,-0.22379601218763925,0.1986140506266937,0,0
unevaluated,-0.32781308649560137,0.15123906612318982,0,0
makeup,-0.23775904345527987,0.4531867843138476,0,0
placement,-0.4419116485829171,0.10171153284068485,1,0
antioxidant,-0.007757526160153627,0.3887288248975827,7,0
sub,-0.24741326136017708,0.013766694682528453,1,0
gauge,0.3202049886372914,-0.008583410493766258,1,0
simplify,0.3402790750851455,-0.12582040648737502,1,0
sertoli,-0.33059853062592665,0.5083835602412115,0,0
airway,0.04929539770755534,0.2776509198653168,5,0
proven,0.48882856141602243,0.07714668104661944,4,0
immunodeficiency,-0.4084504011624381,0.11450131952730576,0,0
accommodate,0.43250429501759924,-0.29644999715695136,1,0
operate,0.18147213672068294,-0.021126527240322303,3,0
overwhelming,0.08908005073476362,0.25831454833209405,5,0
characterize,-0.1725116779545604,0.06734043407987225,5,0
illustrate,0.1412321870926563,-0.20366355214296397,4,0
individualize,0.024161728008876848,-0.2493780714398819,1,0
bioidentical,0.255314358659131,0.2008709772034363,5,0
edema,-0.10130322899457654,0.3439418615280797,0,0
noonan,-0.42958102564969614,0.3570546005053957,0,0
xxy,-0.3277111452762443,0.20401149708259136,0,0
contract,0.18868197502916503,-0.29289478199430485,3,0
dl.427,-0.13783839558522884,0.4988010975288908,1,0
stem,0.006743431753784108,0.2731273192621489,4,0
pennsylvania,0.14099761392911617,-0.34463269463414703,3,0
recall,-0.3016849265839547,0.16617256759584337,0,0
verify,0.20873736576969854,-0.08273893095633639,1,0
florida,0.12886540753499934,-0.2949685151034175,2,0
exacerbation,-0.13169675287705584,0.5382827442583196,0,0
irritable,-0.09981738897841251,0.36469302398697206,5,0
customization,0.28106901978467397,0.040125035456565296,1,0
flat,0.46657551049227447,-0.11425354098243931,1,0
admit,0.14654627349500388,-0.22005286796688905,3,0
gone,0.4681343499965438,-0.002121262340786538,4,0
normalized,-0.19764626620458695,-0.22632644532274915,2,0
consciousness,0.16303190359268482,0.4806620910288618,5,0
luckily,0.10036873924184386,0.2589028258886329,1,0
equivalent,-0.054003784152446055,-0.1992601102250545,0,0
reproduce,-0.24402864193063165,-0.16957066902643755,5,0
phenomenon,-0.18655694183141922,-0.10112852489461674,5,0
severely,0.1629195074134594,-0.16301183769065686,4,0
subscription,0.42391311991673786,-0.12233844352868437,1,0
anger,-0.10306536320175924,0.3823048535304316,5,0
bill,0.2256981446763072,-0.3015063846564006,3,0
baumgarten,-0.0003581556071963882,-0.18150035739499384,3,0
developmental,-0.26779553108835497,0.16317957533363306,0,0
chronology,-0.43338239183214083,0.07019117949818865,5,0
arise,-0.06062905190677934,0.16339434824520063,2,0
distance,-0.286934486036846,-0.06007729251775778,5,0
arrive,0.13260933222202254,0.14250478722834142,1,0
labwork,-0.009156161795961258,-0.23434208618368987,1,0
borderline,0.27016423868448247,-0.047323696452893145,4,0
www.fda.gov/drugs/drug-safety-and-availability/fda-drug-safety-communication-fda-cautions-about-using-testosterone-products-low-testosterone-due,-0.22898629385964436,-0.38641652813876126,2,0
creams,-0.22692252986881206,0.47378384369044685,1,0
surgically,-0.17954259149959528,0.27100513459392445,0,0
hereditary,-0.44939643146485686,0.2137747603879592,0,0
myriad,-0.16498792321227773,0.12557997324095946,0,0
fantasy,0.10231126100949034,0.18325368883432147,5,0
drastic,0.15666758498793096,-0.06884550843674357,4,0
universally,-0.2989151266816746,-0.1779128820810175,0,0
inconclusive,-0.24331039727384102,0.060033104887518396,2,0
fuel,0.15763473915474954,0.07278588396134297,7,0
marco,-0.008185560795521485,-0.3449853871536715,5,0
pahor,-0.09834122095574085,-0.2192060964863349,5,0
triglyceride,-0.3666816239140535,-0.00464527705223952,0,0
garlic,0.10309011827621521,0.3813147089967988,7,0
lipoprotein,-0.540260785128788,0.23066361831808666,0,0
copy,-0.046470271135614145,-0.18654344295043418,0,0
fever,-0.360583158750677,-0.07728583146966057,0,0
eve,-0.07347833263338877,-0.42949392118680646,3,0
titration,-0.21214441997300373,0.07740775388115137,1,0
johns,-0.22286564839252526,-0.04376870956373133,5,0
mutation,-0.150214548826322,0.014205195034306242,0,0
permit,-0.4139098486136009,0.16535012147272232,1,0
neurological,-0.29285786217359766,-0.2609204587268629,0,0
cauter,-0.0916198542818773,-0.2623849689742818,3,0
nonetheless,-0.36127515893637796,-0.18072755663806736,2,0
manufacturer,-0.2420982364504831,-0.05804920525736032,2,0
intention,0.41961860683275576,0.31681038690432317,4,0
medicine.net,0.12292148068017834,-0.4802565967000161,3,0
rehab,-0.2425145021948051,-0.2701568945940678,0,0
restrict,-0.11137760779401175,0.2209886903560228,2,0
"levels.46,47",-0.4317346384305654,0.13088528231651048,7,0
overactive,-0.4938084171523936,0.08107900975512342,0,0
die,-0.02253097120959159,-0.15711418565845153,2,0
ventilator,-0.21313269876035099,-0.37593983755071886,2,0
wife,0.3272523992290086,0.0788056101176547,4,0
anonymity,0.4932890894950092,-0.0349448116214598,4,0
ttrial,-0.007735256492555373,-0.2935146286160356,3,0
illicit,-0.2196704102046007,0.17454350559314705,0,0
meikle,-0.37555772919899616,0.35929384394590025,0,0
instigator,0.13915139594434814,0.36120024831906183,5,0
sinus,-0.08452847722408176,-0.35811569305386665,3,0
directive,-0.3056821309544469,-0.09866897818383215,2,0
net,-0.17856971921682516,-0.08459630328265824,2,0
tube,0.10494741025490101,0.4375430309287068,1,0
imaging,-0.22935075333343208,-0.07753681455225346,0,0
mris,-0.4440340263626065,0.18960222733277182,0,0
scope,0.3257532710754053,-0.17084678704985085,4,0
feb,0.0011978707266064753,-0.3566233283691976,3,0
visual,-0.24966270403815619,-0.05001506502375282,6,0
inspiration,0.4737676935349965,-0.09679834945652752,4,0
browse,0.17770059913113562,0.08490899901316581,1,0
established,-0.04375238578524342,-0.36990377516864964,2,0
bed,0.24737699119850917,0.1546319569489961,4,0
producer,0.3340750249149561,-0.03905924000343352,4,0
road,0.17095079597195026,-0.13618671773471133,3,0
bladder,-0.224784031978413,0.15135133345050708,0,0
gent,0.5277013832144423,-0.22212964269867397,4,0
mid,-0.14841223654234673,-0.0011986952052565215,2,0
"recommendation).5,39",-0.49351471650457834,-0.016056106044852955,2,0
peterson,-0.14063721710002117,-0.1784275432537512,2,0
herbal,0.21205403517252935,0.10507717183239819,7,0
remedy,0.27975592411560246,0.2157763389006985,7,0
madsen,0.4993164462731618,-0.08222849639776306,4,0
image,-0.1660289105528837,0.04305954366509589,0,0
poke,-0.03830069761229712,0.437277927535519,1,0
meal,0.27057510430253573,0.18114300256927512,7,0
hdl,-0.31017197660101,0.17993595788339342,0,0
policy,0.12984319858218552,-0.18656599029037602,3,0
dopamine,0.01337541419002413,0.21269498187995475,5,0
egg,0.16918420472953047,0.22136460747962033,7,0
oyster,0.14515434878549688,0.3175570056681649,7,0
nice,0.3288050115798623,0.10039193567583611,4,0
green,0.1400337109855729,0.23434034590543001,7,0
khera,-0.08437280605351997,-0.5373969867746524,3,0
van,-0.11205953011943143,-0.2897076809977764,6,0
database,-0.19668747531564307,-0.2772418424045871,2,0
milk,-0.09411075697123367,0.3404680951759254,0,0
patience,0.25172303010967656,0.025036874208878783,5,0
reconfirm,-0.006187345003268004,0.5307839108762211,7,0
circadian,-0.08589971439471554,0.24949300623095916,1,0
commercially,-0.08003313386509447,0.3773778074084865,1,0
accuracy,-0.041442379995009465,-0.14531284054339466,2,0
money,0.30447932264756716,0.04143847696459793,4,0
uncommon,-0.1644967225801205,0.11408957335407725,5,0
starting,-0.10857207816896679,0.0028780137671544697,1,0
contraceptive,-0.23422020089856593,0.0014621212981801085,0,0
scar,-0.033343069547806255,0.368982149386415,1,0
cunningham,-0.18896968259588537,-0.5044939632370983,6,0
basically,0.26804023170269214,0.07284566173217956,4,0
authorship,-0.13315120614074716,-0.41975520449741505,2,0
fund,-0.026406099979389756,-0.2580246439224737,2,0
qualitative,-0.15399254522546063,0.03527542971372532,0,0
intimate,-2.5725402525800463e-06,0.35750982466733416,1,0
distress,0.022393068291526392,0.2188257436609935,0,0
bias,-0.19474781563287255,-0.09683073188315294,2,0
asthma,-0.2028785494547591,-0.245862524571101,0,0
flu,-0.11948070598598144,-0.5941441708696067,0,0
louis,0.11174278098952889,-0.33352309813920783,3,0
synthesis,-0.18471218646731563,0.29730149236117465,0,0
methotrexate,-0.4784566431086306,0.22509088533313806,0,0
perception,0.09460498343970448,0.10777990572731813,5,0
earn,0.1871976987646475,-0.05725580484372667,5,0
hunt,0.3070316684232157,0.24570995419638392,5,0
masculinity,0.22747788725295584,0.1472268218998531,5,0
interact,-0.0016680488733233525,0.194641772061109,0,0
ultrasound,0.061626195894317864,0.1895286859051149,4,0
elevation,-0.23105769868396273,0.11260522554862316,0,0
accessible,0.23157463402475656,0.0593494589617465,1,0
controversial,0.011669674654920041,-0.20904280428355307,2,0
fair,0.1269856484408943,-0.3182412881054928,2,0
bleed,-0.17881775996160784,0.3543394395558053,0,0
empower,0.297083138915253,0.031752842040622745,5,0
strict,-0.06258383321783967,-0.11147975751536052,2,0
accident,-0.15162882687876295,-0.028907907758863066,2,0
golden,0.1436025623667081,-0.28597985933424336,4,0
bhasin,-0.17359616923867618,-0.48188715372674246,6,0
radial,0.2460257223029333,-0.05144427546347268,4,0
monthly,0.22222476535647565,-0.1080143607722135,1,0
cutter,0.2616897608439395,-0.02251761514358362,1,0
cookie,0.2792677691705289,-0.011241654922216968,1,0
alarm,0.2100081569621303,0.07598663550576865,7,0
wave,0.17434014278430007,0.09245301506020447,4,0
david,-0.0910709198373837,-0.4954911561611791,3,0
takeaway,0.25288756162812953,0.26983284087396764,7,0
historically,-0.052307202084209345,0.2663769433701593,5,0
samplaski,0.20123128121173567,-0.12979037214423983,3,0
usual,-0.18136247940689276,0.19317169917706634,0,0
optimisation,0.07589199175761385,-0.17273267096232506,3,0
push,0.2629242366415589,0.058915648697845595,4,0
molecular,-0.14321831835259896,-0.29119090226334593,6,0
compassionate,0.2577835453269242,-0.1890271856841822,3,0
modest,-0.2082901236745759,0.06060697395220288,5,0
harmful,0.15780916316663385,0.11125816551820474,1,0
cold,0.055422054441589305,0.2799365398818784,1,0
sweaty,0.22577363205464096,0.48657781669520067,4,0
"levels.48,49",-0.39131091077050606,0.19522806422589878,5,0
investigator,-0.046870510444124186,-0.3222708396238469,3,0
abrupt,-0.23692208239501442,0.34276657665140764,1,0
aggressive,-0.18509261834190446,0.12855614477185617,0,0
restriction,-0.13501786562060072,-0.0886530018441762,3,0
waiting,0.24217261807145807,-0.05971091823869806,4,0
robert,-0.0004161818204475187,-0.46596562554297793,6,0
telehealth,0.25427418819430514,-0.07490936845970156,3,0
infertile,-0.19136376170900007,0.08950443381224828,0,0
yoga,0.1960602889434196,0.21420676940831626,5,0
cooney,-0.35110592978488636,-0.39141030903747165,6,0
cecil,-0.2766304305311635,-0.35517119224368005,6,0
game,0.2331499602887322,-0.03706472225490114,5,0
career,0.19067865245834853,-0.18178310797734099,3,0
magnify,0.08490560901819305,-0.40842276264775296,2,0
meditation,0.10040297746154453,0.28106293236133173,5,0
goldman,-0.2966093074256051,-0.3823054291911058,6,0
emotion,-0.0339404153324887,0.057590953400611995,5,0
subset,0.4285158459216596,0.18963907100500485,4,0
electrolyte,-0.3667016484022911,0.16059218063460337,0,0
culture,0.3028790479271463,-0.02086079560566988,4,0
newborn,-0.38851203441990345,-0.10979959797112829,0,0
cerebrovascular,-0.32202622474169695,-0.09290948893950164,2,0
exhaust,0.29357970466039224,0.0836407519684512,4,0
infectious,-0.215103358357288,-0.3121392098145726,0,0
cheap,0.2785758107145238,0.15825667648826675,4,0
intramuscularly,0.10386224031971539,0.2496148009780435,1,0
black,0.2272357351845239,0.18146948414379913,7,0
hydrated,0.02016846470833388,0.1607973726181917,2,0
fairly,0.1511414567748905,-0.002861942932125346,4,0
microdosing,-0.11309251738186876,0.03408822872459322,1,0
dig,0.5291081544767833,0.023185356642003333,4,0
multivitamin,0.25006366599812907,0.19534124518473395,1,0
prasad,0.33385546516886194,0.3462588600651722,1,0
implantable,0.11041619987900043,0.31864580929937353,1,0
long-,0.1213057238397538,0.5349881382172962,1,0
infant,-0.28934689451246043,0.13701916739365563,0,0
chief,0.05767553734185217,-0.22998609605258197,3,0
nannan,-0.004402981978190329,-0.43091650875294824,3,0
prioritise,0.1359527099653035,-0.045342772830202695,1,0
regulatory,0.3749229675169586,-0.2704339422479406,1,0
compliance,0.05815766625497454,-0.1454783921169371,1,0
align,-0.12797823472850522,0.02996283536872177,5,0
subjectively,-0.33548414952990385,0.06368955204121332,1,0
erythropoiesis,-0.16448751152904645,0.31467387557411963,0,0
mimicking,-0.31753277544014713,0.21128607289058213,1,0
arnold,0.2156076482653467,-0.302764341056438,3,0
obvious,-0.14438372981003014,-0.07998862907465842,5,0
normalise,-0.10423383240829806,0.019035628891433475,5,0
frustrating,0.2456428342001649,-0.08251545523381475,4,0
attest,0.4865083620513482,-0.1034620162232888,4,0
nausea,0.08747861205336073,0.1859792215295063,5,0
correlate,-0.07282763751112663,0.1150882440846175,2,0
promise,0.21368137521622693,0.1259646748271782,4,0
double,0.15164246175943327,-0.05035903038974147,2,0
participate,0.11364780591539617,-0.23123949082729559,3,0
illegal,0.21398186606966763,-0.2763468143079504,6,0
substantial,0.12327926117386334,0.16660843227744615,5,0
pearlman,-0.0646073574038827,-0.23720343643646577,3,0
seattle,0.17872602262290938,-0.2028682247415374,3,0
midlife,0.023583115655158263,-0.24169982753663757,5,0
misunderstanding,-0.47258325145920244,0.1475424801870066,5,0
reliability,-0.2384727114422142,-0.17760816303860985,2,0
cutoff,-0.0655980582536457,-0.1417952082256009,2,0
piece,0.06271804340373366,-0.15725197682877476,1,0
puzzle,0.04779113608447153,-0.15529022897376,1,0
inevitable,0.14770671369792374,0.1594608115152475,5,0
senior,0.14503870028784507,-0.10082779148464092,3,0
controversy,-0.15609378271705554,-0.15472525524311878,6,0
conformance,0.1693602294185523,-0.34924993041455465,2,0
text,0.17085094898737552,-0.1655336918209823,4,0
bald,0.026121483572426087,0.35940201860353427,0,0
blog,0.11083302828702728,-0.27065718083466267,3,0
judgment,-0.10086220588873912,-0.13811644609195842,2,0
thomas,0.21736499698457806,-0.1435327559722595,4,0
divorce,0.29235702386564444,0.15545096009812842,5,0
ohio,0.3579585252386888,-0.14385634879905546,4,0
pharmacodynamic,-0.14974093925441279,0.15169165116528202,1,0
likelihood,-0.2243846220175682,0.16722314001677346,2,0
scenario,-0.17312838632871327,0.0817924511410203,1,0
extrapolate,-0.29602621416803787,-0.31927178823058633,2,0
sonogram,-0.4341285371311546,0.296326051167341,0,0
reader,-0.11207261242120826,-0.13319322155697844,2,0
salt,0.31315094250405,-0.0764341003377749,4,0
visitor,0.2340274259092586,-0.2757890060333221,3,0
air,0.18308274624868834,0.23329510590744332,1,0
inadequacy,0.1879412295842474,0.4897333462450004,5,0
streamlined,0.35889109932197594,-0.1847116764169546,1,0
temple,-0.07147745723809737,0.5398923013333057,0,0
howard,-0.03281863481048658,-0.34810624073162977,6,0
hallmark,0.20915080919274784,-0.047740326309904366,4,0
interrupt,0.0361416216122394,0.32822432793660533,5,0
colon,-0.22725241510123098,0.009461384161400131,9,0
roughly,-0.04119451455444945,0.16521251972007825,1,0
clin,-0.2588140430585391,-0.4069332251736413,6,0
bajic,0.3014474559097444,-0.10810747427032616,4,0
style,0.2508324188089243,0.0642433231060611,4,0
tact,0.34404812501642756,0.1972964939750107,5,0
accelerate,-0.10079503361260485,0.26830238599604,5,0
tricky,0.16748489346878945,-0.14479085655318977,4,0
lotion,0.15377750312497004,0.31973651256522134,1,0
removal,-0.21459083375042132,0.12166618144881655,0,0
mandate,-0.10704681779459231,-0.21164368054958768,2,0
ignore,0.09366379667549758,0.09254837779816447,5,0
beauty,0.2964179404528639,-0.008864676097173849,4,0
cinematography,0.1304303146065754,0.39027729709479386,0,0
citrate,0.029395461967743,0.24063807038121213,0,0
beat,0.26117624154659014,0.1596648382328001,4,0
healthbeat,0.31417960651282195,0.11428699812466199,4,0
anastrozole,-0.17498492510850608,0.2791191706463493,0,0
skilled,0.49151720633161944,-0.13733636548160966,4,0
knowledgeable,0.24817196182955487,-0.005991675112395967,1,0
ford,0.10431588518557763,-0.2771842820107806,3,0
hurt,0.1570228919697931,0.15090579689411449,4,0
sterilization,0.38808490469910245,0.314914009096485,4,0
moment,0.28446513162382886,0.11998813731127983,4,0
followup,-0.4001704899316741,-0.12532090132054688,2,0
fundamental,-0.1646082696602597,-0.1907990871940808,6,0
proportion,-0.26225196510743637,0.08088505608583495,2,0
three-,0.21340478742553073,0.49635295141333313,1,0
cdc,-0.06248365044973234,-0.21058892446707275,2,0
website.11,-0.3265500469596331,-0.3124298778588771,2,0
structural,-0.21162110913838064,0.18511661876319083,5,0
microdose,0.20452338621717805,-0.008404769702380039,1,0
texture,0.008226723342066162,0.47500498130340546,1,0
etiology,-0.2387910754940699,-0.1144119903188666,2,0
prolactinoma.6,-0.46316551563146835,-0.011335140435528922,2,0
preventative,-0.05995983034208996,0.21332258154660078,7,0
950ng,0.3205817057352643,0.2907685277883706,1,0
rounded,-0.022750923971152016,-0.3578686082359083,3,0
pull,0.2955890941903302,0.12544673374228565,4,0
counterpart,0.01205609423794199,0.43964367346563715,1,0
hba1c,-0.3198774435089719,0.12117048669883548,0,0
kim,0.19493982711047728,-0.043495133073068674,4,0
manufacture,-0.18656074102062759,0.09350401815092269,1,0
collectively,0.048277093933944304,-0.1940935773185485,2,0
pick,0.18341862397014327,0.11069506634656032,7,0
conserve,-0.42506204257353514,0.32555749269844025,1,0
median,-0.2704607498973876,0.033295987327462015,2,0
facilitate,-0.10218610137023974,0.10182501124848405,1,0
adjunctive,-0.1682430452138708,-0.25018581358549336,2,0
adolescence,-0.24028422592635743,0.09458767708607402,0,0
crucially,-0.47747726788771827,0.01886636720118309,2,0
normalization,-0.16448132250306566,0.21549624954562815,2,0
tightly,-0.22187689065635852,0.2524102386744063,0,0
implantation,-0.26469711699678133,0.040655182327808494,1,0
rollercoaster,0.2024961018294823,0.3794459173544746,0,0
bruise,0.10327819268976256,0.3043101905377658,1,0
soreness,0.09211169996499005,0.5036478430623386,1,0
fantastic,0.32592521704334454,0.017531775231491076,4,0
beautiful,0.4311886575832682,-0.22175123745765912,4,0
color,-0.08817201829006431,0.0959028646104333,0,0
adenoma,-0.3455333505274379,0.1849580578427313,0,0
bioavailability,-0.46506458610191087,0.1924235554923153,0,0
inevitably,0.17371050902509882,0.2565810325046823,5,0
thankfully,0.4355787222410267,0.039841273827274044,4,0
dietry,0.3549834524565575,0.16885649017266688,1,0
tackle,0.1942534604643161,-0.18697222589343565,3,0
translate,0.09178073189498342,-0.22708440092304538,3,0
constantly,0.12089761826758516,0.14407294512568028,4,0
integral,-0.06626486260643977,0.35778067153090165,1,0
enthusiasm,0.08802118403226063,0.29980808179062546,5,0
matsumoto,-0.1938977319350846,-0.4485982405873719,6,0
suddenly,0.3363504279350961,0.1219175624900284,4,0
determination,-0.17530647845288988,0.044627613139929766,0,0
eventually,0.18471531496778218,0.07718980332950559,0,0
men.65,-0.5508971101671598,0.05707677321446355,2,0
suggestive,-0.26003597541061135,0.04657129518505918,5,0
apathy,-0.0037522789569857124,0.4809894695915604,5,0
flexibility,0.4210263041223699,-0.08687530640522019,1,0
maximize,0.20237075802146084,0.09901289967044037,1,0
olympic,0.4370470150405957,0.27394427409021227,4,0
sweat,0.19617820642296882,0.15162554522601485,5,0
hypotension,-0.4399387672834226,0.19972212116251387,0,0
uncontrolle,-0.30593905333478727,0.13688160275867012,0,0
clickable,0.050841615880001995,-0.4298144377181479,3,0
stamp,0.06970493789403726,-0.4813572734258982,3,0
pandemic,-0.021884073271254717,-0.17154715604852291,2,0
radiotherapy,-0.221171932587448,0.4002216251249862,0,0
flashy,0.47595976256487144,0.2263036752489348,4,0
diminish,0.027684943279791922,0.22790376512120544,5,0
lobido,-0.39746981510205565,0.09869625406655877,5,0
tale,0.3505493410580511,-0.010569022894798687,4,0
catabolic,0.082705863670287,0.2831439672267722,0,0
commensurate,0.4188581216124821,-0.003711978861293143,4,0
worsens,0.04445128508802359,0.4505185050541411,5,0
miraculous,0.4619794095876835,-0.06588621461669752,4,0
breakage,0.18311105784273046,0.3905641732594762,1,0
climb,-0.0568412351080635,-0.3610203999484114,2,0
jim,0.36592533533239086,-0.1334557451674633,4,0
viagra,0.13213342549366522,0.2884111651253607,1,0
graph,-0.3337235701601751,-0.07132094127257994,0,0
congestion,0.3148349750420936,0.3158687473978378,1,0
feeble,-0.4582386325852978,0.029103295573170217,5,0
brittle,-0.23841929375165202,0.16105674748874874,5,0
generic,0.0962533084504269,0.10161978295031542,1,0
applicable,-0.24627773368628367,-0.03809128018516848,0,0
montori,-0.27702654434676527,-0.46897664574946585,6,0
poorly,-0.07198343479343826,-0.07275774936895628,0,0
remains,0.0680937541984246,-0.36583747200497807,2,0
wear,0.24820267371455082,0.18701878117932627,4,0
inflammatory,-0.34240533290770236,0.15279292540359182,0,0
download,0.22820744553410285,-0.2526528963009794,3,0
suppresse,-0.23966916160386084,0.4691052805668003,0,0
agents.437,-0.1472175480358509,0.4909979273986122,1,0
processing,-0.2578931585809081,-0.05537155493307274,6,0
hotale,0.35476074945755,-0.0842926633626606,4,0
calm,0.1334329127880736,0.3102527835987574,5,0
apple,0.25931695013074463,-0.15361096031741484,3,0
td.5,-0.3947650114983824,0.021463937041358475,2,0
undertake,-0.1610857452140589,0.014467670704181939,2,0
"td.76,77",-0.38403835720986923,0.1972540122246273,2,0
iowa,0.16869584661466083,-0.24050390517008627,3,0
bodily,-0.20831580417259335,0.2759973039483939,0,0
doesnâ€tmt,-0.3144328016906347,0.5312804163794309,0,0
dl.181,-0.3095666336596739,0.399070949028411,1,0
weigh,0.2047583252391635,-0.06128336667731053,3,0
sebum,-0.0742258646655512,0.3211750336787053,0,0
excellent,0.23765323458056267,0.02298854567464252,1,0
firm,0.13960375207919426,0.2494577220721521,1,0
acknowledge,0.218420928188663,-0.2701274687612147,3,0
known,0.11237873627004999,0.18656724456945648,5,0
ailment,0.4208401727769205,-0.21063762104748274,3,0
column,-0.17771242652877134,0.4229753983844479,1,0
mess,0.24586437027423572,0.4311505466149939,7,0
malaria,-0.315707449842445,-0.03899583459638677,0,0
knock,0.5101317906533338,0.13041625667260667,4,0
overuse,0.05227221343110241,0.43830111398371074,1,0
armpit,-0.007682104515426755,0.3339667590975235,0,0
reap,0.3865494426705083,0.27117740272002655,4,0
tune,0.23069204078373046,0.09678389779301881,4,0
frank,0.49216405716282047,-0.04446799075404077,4,0
firmly,0.30956005329799197,0.21178105014800835,1,0
epidemiology,-0.03347425144105718,-0.22624205422712623,2,0
propel,0.15887474520316938,-0.44901093018409305,3,0
torso,0.10199682145146989,0.44955306927413624,1,0
optimistic,0.32751739676834546,-0.1784623431308886,1,0
bottle,0.21641844437198562,0.11451808741746618,1,0
recommendation).5,-0.515213508167078,0.002935306021722411,0,0
usable,-0.5011249542057321,0.15786782947973577,0,0
youth,0.22509991694644418,-0.05237327902752065,4,0
thoracic,0.1644973514317662,-0.28174392038262364,3,0
ketoconazole,-0.06399683127861212,0.271552228899267,0,0
incision,0.12392777620547332,0.2741281878640246,1,0
suppose,0.189589953377558,0.14297647116887213,4,0
mentally,0.18709535394852014,0.133446330791439,5,0
emergency,0.12441278198618166,-0.06710151680154283,4,0
differ,-0.1389291617121956,-0.01134028920904621,0,0
perspective,-0.15486430507634685,0.0012229120513095855,6,0
eds,-0.3101092522805059,-0.395654309429271,6,0
school,0.14921813703300948,-0.2544029219367717,3,0
community,0.1783658917067372,-0.2181934380514231,3,0
flare,-0.06539056858487455,0.5804794796325417,0,0
oily,-0.027663381271152414,0.3130252774918337,0,0
gmc,0.15754253496676315,-0.3513197801597095,3,0
represent,-0.08902723789298807,-0.061443448402669104,2,0
doi,-0.2775331586736539,-0.48134665190163956,6,0
argument,0.46985968717024246,0.29417730093031275,4,0
genital,-0.1370417620113284,0.011616494711903978,0,0
endocrinol,-0.2949724397576899,-0.3702070616374163,6,0
default,0.4191921433355656,0.24140341933685394,1,0
friend,0.23936548966150056,0.06162648632542301,4,0
petar,0.30641465699431814,-0.10745548896313835,4,0
virtual,-0.07001733498511867,-0.08677578877502162,4,0
ancillary,0.002319041819598548,0.23395237225519827,1,0
convenience,0.20874298997696358,0.15669943079785137,1,0
mistake,0.12874229969754541,0.19140682018892874,4,0
info,0.05215366181156382,-0.29588498902802407,3,0
ear,0.017550506725496434,0.08876847467431395,0,0
publication,-0.058163366838254654,-0.21645499540553081,2,0
detection,-0.1363879516371256,0.22811991216978428,0,0
toxin,-0.20109849438230828,0.20454050809854982,0,0
unusual,0.027965356534360542,-0.03718001345049107,0,0
chemistry,-0.03200016062507093,-0.2633179990879332,3,0
parent,0.1736939177203901,-0.07534263824417727,5,0
analogy,0.21537217236556727,0.2605865283145972,4,0
nail,0.4241716937626682,0.05915593328693868,4,0
mother,0.05276202613386612,0.014566389665987304,0,0
battery,0.0684757499113814,0.01663080600137612,1,0
bothersome,0.16722072768780002,0.1793445929931778,4,0
aggression,0.18216239446132815,-0.001540092925746469,3,0
intercourse,0.03571145697590477,0.17610485059789063,5,0
covid-19,-0.04503001449266395,-0.2193606598174718,2,0
shrivel,0.06695306256756811,0.40567240176644087,0,0
afterward,-0.07567055061515027,0.3047669299414752,1,0
sting,-0.011425972635116226,0.40555603891091135,1,0
mix,0.2020136257369422,0.033965617646200166,4,0
objective,-0.011684603729488591,-0.15269954281938405,2,0
snyder,-0.08430567702847974,-0.4321892867675065,6,0
smart,0.24068428887835316,0.209607987876626,4,0
pmid,-0.26864358703680213,-0.4073448810505977,6,0
jorgez,0.052534355575619265,-0.18034127728881721,3,0
misconception,0.15900368876246487,-0.10803313333623654,4,0
explosion,-0.01916180970229459,-0.23664024189573485,2,0
athlete,-0.042817466521026026,0.2367095016722063,0,0
compensate,-0.12107207405371301,0.3434695241969383,0,0
gabrielsen,0.14256661829595024,0.07747668228547622,5,0
foot,0.1601848061209298,0.3403767773043713,0,0
retain,-0.02554410637500873,0.35399846810737307,0,0
blend,0.27466805365369623,0.02893189447464968,1,0
path,0.10577603042485874,-0.08767033535640732,5,0
glad,0.2826550885920624,-0.03851149810068921,4,0
killer,0.23959228051780757,0.18978774501821394,4,0
prolonged,-0.27705533927825204,0.21963912468792707,1,0
unfamiliar,0.35318815199510223,0.06501780252544898,1,0
dietitian,0.12840780335694188,-0.17403075291687986,3,0
plummet,-0.35525797475442605,0.13162387807577253,0,0
status,-0.181337521277902,0.03846617845686906,0,0
specialty,0.08476326885863594,-0.22252094650332424,3,0
workout,0.20838805548894984,0.2113016942045563,7,0
arrange,0.11442872975217139,-0.10244553139139774,1,0
counteract,-0.12973805591409593,0.3115853889293907,5,0
upmc,0.14599027124000194,-0.25967018102803313,3,0
price,0.12968835850560065,-0.1952391746125723,1,0
business,0.18619547217200524,0.020386503520508574,4,0
centre,0.076378953606239,-0.19317884092669366,3,0
deprivation,-0.16607944298626737,-0.0440768937062475,3,0
tooth,0.06536278228316103,0.3197641685645317,1,0
television,0.28681466177071047,0.03145197080356729,4,0
timeline,-0.17131593357896208,-0.006613823549862435,2,0
aside,-0.05492593575768975,0.16737374954763015,0,0
e240,-0.4252633782336142,-0.01723049876297709,2,0
dizziness,-0.12676619090670677,0.25831149062814585,5,0
wang,-0.29411599864704885,-0.5563844863284491,6,0
agent,-0.1354572447432676,0.15369555931613144,1,0
official,0.02573826358467694,-0.2043077462471859,2,0
characterise,-0.39894981090834836,-0.005714590159078249,0,0
score,-0.14838136220634424,-0.1504070234341105,2,0
region,-0.005243007551341381,-0.0674095331741448,2,0
dependent,-0.18163893010017082,0.10139278137709808,1,0
soft,0.07647068535344985,0.33561857701440195,7,0
passion,0.35409781773274085,-0.0023353097172545078,5,0
race,-0.0709867069923677,0.1557099627281519,7,0
context,-0.09271107900632952,-0.08431148764515796,2,0
motivated,0.27085775531470185,-0.0002662478132992444,4,0
phase,0.12153036933908207,0.205698116910696,1,0
colleague,-0.04699137588798105,-0.25143303310400245,2,0
unstable,-0.47733132826958613,-0.189420910183552,2,0
saturate,0.1653739861318946,0.12935912327698407,7,0
hyperthyroidism,-0.2433254996044729,0.22106953563133502,0,0
standardization,-0.01875455225627413,-0.2036750138460989,2,0
collaboration,0.00043291506114889733,-0.2834971976762298,3,0
reassure,0.2229316518520414,-0.043254081622144794,4,0
reassurance,0.4868846757858296,0.04492357092054588,4,0
unhealthy,-0.10934114343401886,0.19017528704040973,0,0
osa,-0.2999230691635466,0.10845803989274798,2,0
wow,0.3360980259464927,0.09943274946494395,4,0
anesthetize,0.20957461325787416,0.430116684159981,1,0
layer,0.020375918846979795,0.32200717090393133,1,0
myhealth,0.34563379453793197,-0.16416130750269903,3,0
womb,-0.2993641870673921,0.15096384947362843,0,0
muddle,0.3199219639611553,0.2793673614883095,5,0
thinking,0.21222284449834924,0.15223124281658584,5,0
positively,0.06266867995252695,-0.006834522056472311,5,0
strenuous,-0.026551192273619656,0.5109762398782558,5,0
task,0.17484046397913078,0.20926976710707407,8,0
satisfactory,-0.25870675379144226,0.10201210958278598,5,0
representation,-0.0038687237841373706,-0.17494590154206907,3,0
lut,-0.39253203904732703,-0.07005715334320463,2,0
metabolise,-0.30368320248529773,0.23547837136193916,0,0
accurately,-0.11985508524966552,-0.13341713103611055,2,0
false,-0.47413972434468843,0.0054134960169382705,0,0
house,0.2644372154292239,-0.2116473297612698,4,0
retrograde,-0.11997429437733442,0.402881556266347,0,0
dive,0.21331303733542686,-0.05510665728870959,4,0
dermatology,-0.09808867525122286,-0.17619147989032613,0,0
alter,0.0477998905157346,-0.06445725454770071,1,0
pretend,0.37917101048313984,0.09830425497596512,4,0
rehabilitation,-0.15504279865170084,-0.18037917649456678,3,0
connotation,0.5246788386747646,-0.059828786404812956,4,0
listener,0.3470642945778544,-0.09390374040495042,4,0
incredibly,0.1838328995810103,-0.07131069046288716,4,0
marijuana,-0.3386836727888855,0.17548835430861168,0,0
reading,-0.058588067908687425,-0.10376651444984679,2,0
arrhythmia,-0.3668694960963169,-0.17108526850679476,2,0
implication,-0.11566712936597025,-0.07094842170691995,2,0
conversion,-0.07157934256893246,0.25801249582112284,0,0
building,0.1957816428205596,-0.09372752550915393,3,0
drill,0.3251427928702024,0.22225652987524785,4,0
tumour,-0.23657803410346587,0.21795398403142835,0,0
june,-0.2564407093356483,-0.3644987393078582,6,0
stressful,0.16141687105773345,0.3519590667412563,5,0
workup,0.03652240849581258,-0.11584915747887471,4,0
advertise,0.20537769667613254,-0.07223664972348365,4,0
finance,0.34017667560494996,-0.08192561152393901,1,0
resort,0.11963079551268424,0.1849414893959194,1,0
longevity,0.22806936853603152,-0.02872358730585919,5,0
progressive,0.008943446564985975,0.1497252936408111,5,0
gluteal,0.16617959905309845,0.2774429223109696,1,0
renal,-0.4013086053634916,0.12332484444078333,0,0
electrode,0.07863081696798656,0.39597067532875807,1,0
record,0.14032342643869605,-0.0001588412139145811,1,0
hello@thescoperadio.com,0.39860189800254653,-0.10116202629719215,4,0
listening,0.48189048505730187,-0.12795788107453732,4,0
occasionally,0.07536208178592695,0.3020963679198325,7,0
silently,0.19849815977297022,0.4300207375196357,7,0
assume,0.17809847505254975,0.04356544861145871,4,0
whocaresmenshealth.com,0.5792115962260688,-0.15854262062029423,4,0
oversight,0.21762004656995987,0.04390781626673566,1,0
length,0.1348617742583996,0.021562970214807492,1,0
countless,0.32405481033980427,0.23250971260170752,5,0
spiral,0.23458904948235113,0.22670132212441227,5,0
minoxidil,0.05390408575747422,0.2485955111409733,0,0
steadily,0.08470187907013034,0.4860368225956564,1,0
combat,0.09939919312300406,-0.0984446536989118,5,0
monotherapy,0.04399874503787065,0.23476839170187228,0,0
subsequent,-0.20916226387793466,0.008066999474252885,2,0
"testosterone.54,55",-0.321526522542777,-0.22356275459968622,2,0
stability,0.0872977773210224,0.23219047605481863,1,0
fun,0.2808097549332476,-0.03139440131269374,4,0
lessen,-0.36946980037861465,0.008563957068101619,0,0
locate,-0.06267144529048342,0.27891587488633207,0,0
awesome,0.3242357015027839,0.10733209636525066,4,0
lymphatic,0.17223613010609826,0.26945843012208714,1,0
strain,0.10438742000503562,0.33415002023503426,1,0
magic,0.27541411232950225,0.08819999803176667,4,0
personally,0.12451693783524585,-0.12224015116397921,3,0
collective,-0.2564227729437082,-0.11096389427163877,2,0
tadalafil,0.10968452690648531,0.2757085015513085,1,0
prone,0.05612522794030391,0.13147145049827533,0,0
licensed,0.15677362326289104,-0.12423101947213065,3,0
discontinue,-0.14721279978753998,0.13007783684079907,2,0
readjust,-0.3316564348665246,0.41339246835565957,2,0
illegitimate,0.5061015634072595,0.11673952441682532,2,0
metastatic,-0.2748680933127602,0.06720099040885001,2,0
"old.6,14,15",-0.5090868753905743,-0.031023064096502666,2,0
danger,-0.07648617869049268,0.15926867361717126,5,0
giant,0.5120323274555869,-0.0044479320168294995,4,0
fight,0.03648252355137888,0.2840840207554953,5,0
surface,0.13921872719304043,0.19316537189048966,1,0
erythrocytosis,-0.17969174082267686,0.17653470178721403,0,0
practical,0.08372010718658178,-0.158214852499776,2,0
itâ€tms,0.20116694160680176,-0.20087551230083275,5,0
unsubscribe,0.36117497139964,-0.32505931662523,3,0
bulk,-0.15528858131014017,0.37193426817655095,5,0
sleepiness,-0.13345429375396367,0.405521610755715,5,0
shower,-0.011785510363043738,0.3466940759987051,1,0
nerve,-0.20418293386530767,0.22191836181641206,0,0
neuropathy,-0.25440276213604435,0.4079104496675932,0,0
discover,0.25791585881664536,-0.04538990998726902,3,0
unmatched,0.40075819945922403,-0.17318185416216325,3,0
eligible,0.2741586090671263,-0.13329005470202349,1,0
stabilize,-0.27460751495861246,0.07614921427859139,2,0
thescoperadio.com,0.38398279247965494,-0.11242065418579658,4,0
america,0.19964251159510502,-0.15288180278618918,3,0
sticky,0.09423183885504634,0.35904266044473476,1,0
viscous,-0.03708273301253071,0.5244209417145792,1,0
conversely,-0.24500608545209565,0.14069941436946093,0,0
page,0.13565896687456833,-0.16150974241473207,3,0
glucose,-0.252445660735018,0.08801665761027054,0,0
exceed,-0.18803580515517743,0.20894216087014506,0,0
counselor,0.3391996941961259,0.07854355298788175,5,0
neurotransmitter,-0.01268383084793985,0.21718673671117553,5,0
catalyst,0.43917701003172593,0.21628680941356995,5,0
maximum,-0.19015716896746893,-0.05056672607670521,1,0
irritate,0.0987546205052874,0.321478611566905,1,0
concentrating,-0.21761782660463236,0.4345874988725625,5,0
impossible,0.0990521040860695,0.1131235540228119,5,0
oligospermia,-0.12191835401414176,0.3572798790134184,0,0
accompany,-0.20303661505809364,0.053818364366931944,5,0
slowing,-0.1933655825502699,0.4423771050306867,5,0
excision,-0.2724555480948707,0.3968620802429672,5,0
gynaecomastia,-0.08558594513004107,0.3151659238387545,5,0
ped,-0.34791112060185136,0.10184228637235529,5,0
usage,-0.02636346841911298,-0.021994843261483633,1,0
tolerance,0.038381136178747347,0.002447752527012372,2,0
daytime,-0.08670302929455555,0.499504779184739,5,0
deeply,0.2793149640353897,0.007637887593740601,4,0
artificially,0.16688022767276028,0.2628055999145044,5,0
depress,-0.20866284373920596,0.21493276238143388,5,0
plasma,0.15216698345945,0.29137493607374826,5,0
vte,-0.3262190024599205,-0.03923106467663634,2,0
weaken,-0.28111115720386776,-0.028395393681293995,0,0
hepcidin,-0.22504627504024644,0.3359905609984802,0,0
negate,-0.11913317026213764,-0.1869539599421308,3,0
structured,-0.0780320352885002,-0.11003624636789935,3,0
broadly,0.32817922477860756,-0.29991910365008395,3,0
burning,0.4121335723435572,0.2767366444805508,4,0
discipline,0.019313585743646968,-0.31139541590140946,3,0
pose,-0.21091253691536044,0.17823146746109003,0,0
urinating,-0.21115370024825536,0.2940425040800706,0,0
western,0.09767051818907264,-0.21628617479005838,3,0
invigor,0.22879778852739813,-0.07532512825756683,3,0
glucocorticoid,-0.2702771478912104,0.13754022394104096,0,0
capture,0.3225999278173546,0.04358603468425111,8,0
sulfate,-0.12708784532939318,0.26773064241441585,0,0
rogers,0.1274332143573493,0.13291713318511775,5,0
checklist,-0.31057426648405045,-0.1355505899662056,0,0
foremost,0.4921915173880512,-0.1143225470664531,4,0
advocate,0.21731893735124663,0.07153645972146638,4,0
heck,0.5116821119841849,0.17009811019855994,4,0
fuzzy,0.2931052489737667,0.4481445164335116,5,0
financing,0.39616717725089734,-0.1321289545839565,1,0
craft,0.20323548922579884,-0.1864269185599728,1,0
pinpoint,-0.1076704784308473,-0.15394157895908572,0,0
conform,-0.45715098288157574,-0.02151914377000796,0,0
uterus,-0.2982934941035274,0.2782039271809401,0,0
pp.2021,-0.16815708320709133,-0.40452639930790446,3,0
death,-0.21062952444722116,-0.021296189561376015,2,0
billing,0.2658372708792888,-0.2201642773479971,3,0
cqc,0.18950451697475634,-0.21530225255502555,1,0
confident,0.2185721925171828,-0.005398450135899162,1,0
expense,0.3640615606710058,0.15309773167456814,4,0
glut,-0.08490656292949574,0.47474226867548847,0,0
straightforward,0.19505075675561748,-0.06576070760685064,1,0
prescription(s,0.26584128095373133,-0.27904439704951584,1,0
route,0.03190424065622586,0.18116393645049034,1,0
permanent,-0.02163802999409313,0.1878611154210894,0,0
excited,0.25554226672148694,-0.004150414431471606,4,0
extreme,-0.14372564604182514,0.19490054873474583,0,0
eau,-0.05814135722299779,-0.1801121726924154,2,0
aerobic,0.03916208715370228,0.2413304930337464,7,0
aromatisation,-0.14461657208851184,0.2565598121631365,0,0
attain,-0.3535052112513364,0.38692793822226323,0,0
ldl,-0.3172649392617,0.02802942890587772,2,0
sun,0.365274974746148,-0.16257302618338312,3,0
drawback,0.16776999079546415,0.16882697939666766,1,0
blind,-0.2786136090870986,0.03801244420978313,2,0
honeymoon,0.5131898180589655,0.2252135081026002,4,0
navigate,0.22378792799197514,-0.011528865278941654,1,0
tolerate,0.21069382553210392,0.24538237534117943,1,0
possibly,0.170645179242984,0.11440066346935979,4,0
strained,-0.3719548663174886,0.12219085971835221,5,0
lately,0.3055503801374205,0.059509271235543365,4,0
origin,-0.16805140074197392,0.3569019763479093,0,0
predominantly,-0.05338223382589925,0.32209168528856263,0,0
gentleman,0.42873883719094696,-0.05605186532091388,4,0
telephone,0.1540401857624323,-0.16799008914813102,1,0
embarrassing,0.29114882524761715,0.002958330143042698,4,0
normalize,-0.20288042074351958,0.06910426648179996,2,0
equation,0.09491765178271476,0.4828143297933345,1,0
metabolize,0.05719506511208779,0.24297301308801864,1,0
enable,0.25351885133387103,-0.20582452683382776,1,0
aid,-0.06442242359588364,0.18973172553066098,5,0
impulsive,-0.36309145125202774,-0.030729936332265544,2,0
classic,-0.30675724566443335,0.341764722706569,5,0
impotence,-0.24606568994284775,0.31658045937719953,5,0
shock,0.11553662997488001,0.3336710462152937,4,0
discourage,0.23006075308443993,-0.19001209515098355,4,0
asleep,0.08271739205489473,0.25225679958381286,5,0
copd,-0.3256782051580147,0.051039877297776724,0,0
coincide,-0.14881333467154415,-0.25470942996638013,2,0
slim,0.26017430923196344,0.2383452821842747,4,0
critically,-0.016847784172693003,-0.30798983423161735,2,0
fee,0.2280095621110729,-0.10901267606859727,1,0
derail,0.29950088732956087,-0.17180404326821488,1,0
toronto,0.16101948444777953,-0.5338570228816877,3,0
explicit,-0.1269529965970306,-0.22220668257666953,2,0
instability,-0.06062728774257543,0.36693844358605154,0,0
constellation,-0.2908175039602413,0.18344128944216903,5,0
observational,-0.23410038822625792,-0.10376165308008743,2,0
laziness,-0.04459034075320031,0.48735680613539345,5,0
moodiness,0.1529424385074702,0.2255713253723425,5,0
predictive,-0.43676775982113064,0.08259946411764553,0,0
skillful,0.39016249692091887,-0.06835579168706961,3,0
touliatos,-0.07984603893310172,-0.2437502685316084,6,0
curiosity,0.12046543415707898,-0.18473082254465892,2,0
george,-0.07165507375125055,-0.2569057728935933,6,0
mumps,-0.31555037609728015,0.12918361806077003,0,0
threat,-0.3293498457322414,0.3926442695997573,0,0
rear,0.39419980561075735,0.012877496339154911,4,0
gym,0.25135453328415847,0.14669243624340442,4,0
inactive,-0.3074032126275281,-0.14544146454315846,0,0
exclude,-0.17800395626240956,-0.024916622476406206,2,0
participant,-0.0713984164252866,0.19665756607287127,5,0
lutenise,-0.2216520551488132,0.26920589852424603,0,0
e242,-0.49804490820037467,-0.007532996930950088,2,0
smoothly,0.30679922249952357,0.17934454902792854,4,0
unbound,-0.1599621933378718,0.22826894774122525,0,0
anticipate,-0.06499615204325705,0.3355501835166801,1,0
regeneration,0.11271097245855861,0.3445332113253082,5,0
coordinator,0.29582374875120626,-0.1618587160969419,3,0
painful,-0.04364410379334979,0.2933179120529315,1,0
mike,0.04070941671732262,-0.3705673120353291,6,0
isolated,-0.28109057508631696,0.17859898342555897,0,0
music,0.2933186266145038,-0.2390249350818977,3,0
detrimental,0.1327340525282903,0.2206810385459083,0,0
dispel,0.07867479843312518,-0.20441748755782851,3,0
thrombophilia,-0.24351253460469902,0.0500158832500493,0,0
uncontrolled,-0.2348102388553314,-0.06500488765442926,0,0
scale,-0.12656448897622014,-0.1928534589024221,2,0
oestrodiol,0.01311311602483183,0.45005706864894873,0,0
titrate,-0.2262213984301075,0.016675329375701257,1,0
save,0.1453080299472199,0.10494202487377259,5,0
speed,-0.14158018991103316,-0.15666111979364428,5,0
https://www.ncbi.nlm.nih.gov/pubmed/37589949,-0.6074353985355896,-0.3923601205854642,6,0
deterioration,0.0738642311123315,0.23862248995721078,5,0
converter,-0.1421236710942859,0.5127855654385631,4,0
retry,-0.12848930794813113,0.5211218940117586,4,0
specimen,-0.21032202347369086,-0.1780673633015903,2,0
40y,-0.4532690313827423,-0.1342571426402812,0,0
60y,-0.454700254504975,-0.06878092193179888,0,0
45y,-0.473846120234622,-0.08423426995652195,0,0
69y,-0.42599332533884027,-0.026678751067362737,0,0
20y,-0.4860759492769499,-0.1176738698555946,0,0
50y,-0.45742761188407605,-0.08936024359843492,0,0
80y,-0.414639322090635,-0.009822748046310252,0,0
18y,-0.4917630972852644,-0.10700151608719438,0,0
androgel,-0.15572740620695943,0.19019221805174955,1,0
testim,-0.07831438897651538,0.36352394961778683,1,0
35y,-0.48796866593595023,-0.1322435003873083,0,0
65y,-0.4444796412428542,-0.040684842914324074,0,0
oil,0.021441107985291162,0.2883043523129371,1,0
ejaculation,-0.09181554539023289,0.25431191133712727,5,1
father,0.07923290790984754,-0.08383118030487077,3,0
watch,0.20447901821917316,0.06257546199453638,4,0
sensitive,-0.16183847707850768,0.17434418112134228,0,0
hpta,0.05754394473084962,0.18257740258358565,0,0
industry,0.13377769919188687,-0.09379293947579982,4,0
communication,0.11015338303884853,-0.16772277844218086,3,0
network,-0.013442062061809226,-0.28399688581355925,3,0
gene,-0.1482710476440598,0.0496249512029065,0,0
head,-0.004223200328370022,0.18362768797727028,0,0
burden,0.04497773269042506,-0.08137060589221562,2,0
gnrh,-0.2592872432398679,0.2351725556817974,0,0
persistently,-0.3120464990721375,-0.08040357727998138,2,0
assay,-0.16114560824029336,-0.1449541260266485,2,0
pediatric,-0.28242957256452134,-0.31615470355757547,6,0
childhood,-0.23084590449346815,-0.046024937505453244,0,0
bssm,-0.16421934560323567,-0.12725113584263154,2,0
grain,0.2020944298453916,0.3546348453527237,7,0
acute,-0.3161120021808683,-0.14548257707336723,6,0
worried,0.17004309503506143,-0.11711538111434207,4,0
assign,-0.015341781052108752,-0.13653589044115866,2,0
defect,-0.27524318976278006,0.1445370627214766,0,0
license,0.0692895946811847,-0.3151654522137972,3,0
allergy,-0.08011349925042026,-0.2563308688751846,0,0
widely,-0.00207132991742173,-0.1356096402928954,2,0
retrospective,-0.23896548356218614,-0.09746188842159918,2,0
rating,-0.418275030191608,-0.0880277867768804,2,0
cross,0.15699315283732973,-0.2702484581908162,6,0
blame,0.14984622829975425,0.058740179867767896,4,0
regenerative,0.19732515701763811,0.1391807921074294,5,0
series,-0.2095759570071308,-0.08665408463189792,2,0
validated,-0.2562571250171536,-0.19475094158179723,2,0
oftentime,0.22629867230946762,0.005886019943771601,4,0
minimal,-0.11717027338589897,0.17704526113453936,1,0
cua,-0.10757877211697837,-0.2681134971269298,2,0
incorrect,-0.060392799176145026,0.3903334115830289,4,0
hesitate,0.2205603216046728,-0.18622296846327943,3,0
button,-0.03903580606934645,-0.23863004772172391,2,0
mitigate,0.04693647198261364,0.2044385620466779,1,0
clevelandclinic.org/menshealth,0.5015152592623459,-0.2501718718944676,4,0
join,0.2735895121008271,-0.16916640622602172,3,0
pocket,0.20619656379251794,-0.055734350875315905,4,0
restful,0.1567021875069504,0.29785798273611486,4,0
environmental,-0.1877331974601053,0.10595204791422605,0,0
advantage,0.16877846145477893,0.07096375356115195,4,0
financial,0.07697265306285091,-0.1328520713737338,3,0
conflict,-0.12711734665254015,-0.07066209921216038,2,0
henry,0.07526585121835741,-0.25636185668157846,3,0
cedars,0.004739847037400758,-0.2668828902454805,3,0
numerous,-0.007898379909297822,0.15549216120861173,5,0
warn,0.03898905734953311,-0.1324961817012505,2,0
restorative,0.09031184973234252,0.24933002671053403,5,0
announcement,0.09110246506144079,-0.42213721724705167,2,0
awareness,0.08908112564196119,-0.13281558171905675,2,0
charge,0.19402092462327034,0.016802223140436143,1,0
underarm,0.011790137155750823,0.2904475846713089,1,0
coronary,-0.19421513950965896,-0.03561226450683704,2,0
catch,0.16228510320892958,0.21929136064988763,4,0
fill,0.1497895350545275,0.20559812977052994,4,0
pleasure,0.2335739623541689,0.02676199162716388,4,0
adapt,0.04342064255689768,0.18806764176752638,1,0
surge,0.11250867143189228,0.036548022520826395,5,0
tiny,0.15887223337536752,0.2066758902499442,1,0
factorial,-0.40226205400687415,-0.051192501330017924,0,0
multi,-0.1713784459185533,-0.0821324894736468,9,0
colorectal,-0.05193542171694947,-0.052409426341030234,4,0
hip,0.011256240588611051,0.25420714817875667,1,0
abdominal,-0.19892328442138504,0.1532968530453697,5,0
initiation,-0.2556166751028761,-0.0439907626450106,2,0
exact,0.12169276357840546,0.1729905974270858,4,0
pass,0.012683022751076665,-0.037306458777690274,1,0
flush,0.051764050092647125,0.19722863953012743,5,0
discomfort,-0.007700893975334898,0.26030098845508526,1,0
b12,0.03613498378853511,0.27397155263829087,0,0
popularity,-0.06183026468539346,-0.039036705518092615,2,0
observe,-0.19125563983460375,0.045382165811579986,2,0
groups.435,-0.4235183332078075,0.2397011810660194,1,0
physiologic,-0.19317044639691516,0.020873533711455092,1,0
folate,-0.15459543582781618,0.38352414981226435,0,0
leader,0.19092183961071052,-0.22319248099221822,3,0
restart,0.07463522590895086,0.17881030551354593,0,0
comparison,-0.08739750384505551,0.0055508148211458564,2,0
calculate,-0.21273502710501546,-0.03219874513694025,2,0
kocsis,0.024397143813254023,-0.3800777610318492,6,0
referral,0.10448208051627017,-0.046402115793161426,4,0
solve,0.2305587679461499,0.07780272090453047,4,0
universal,0.2576299052029344,-0.32947975163421706,3,0
correlation,0.09603763638629717,-0.06583091330512181,2,0
distinguished,0.4254494390501101,-0.15641591150383358,3,0
rarely,-0.03098614341937095,0.18161541034318865,1,0
treatment.2,-0.4720797583603026,-0.14846594421126963,2,0
trimix,0.21275660272343475,0.13738888677018432,1,0
pee,-0.2521770993487413,0.4963350603350113,0,0
stimulation,-0.05329922960585356,0.2732702999873038,0,0
trough,-0.14650297100719165,0.1802970802449261,1,0
pde5,-0.16321752822929633,-0.05524032663029529,2,0
conference,0.11947265253957302,-0.2698290286528616,3,0
presentation,-0.013533229103069751,-0.10198084959593906,3,0
sildenafil,0.12302472439551992,0.23767166822408162,1,0
grober,-0.15190495551306263,-0.24947982169378574,3,0
anymore,0.27535142280762304,0.0781763446141696,4,0
broad,0.12548191631632796,-0.051824046037971805,5,0
optimization,0.19948580429193236,-0.1012630216912361,3,0
rely,0.09560783617487764,0.12745013606986977,4,0
rcts).181,-0.3858423946825456,0.18188285620095176,1,0
guest,0.34269868722522095,-0.09951552852476102,4,0
urgent,0.07842142600005292,-0.05541904609543344,3,0
variability,-0.15405827801800542,0.009367868837223858,2,0
platelet,0.10074254643344693,0.3132739530672958,5,0
direction,0.1731356053411646,-0.06660309843667385,3,0
drastically,0.2020932588468076,-0.0285973032055371,4,0
luck,0.3639038922078373,0.25142586236976827,2,0
door,0.27500883607145327,-0.06427319791155002,1,0
crisis,0.16831377382419102,-0.015478078988733265,5,0
atherosclerosis,-0.12596424961685226,0.04460950918010723,2,0
modality,-0.07012746318331052,0.1378656763185651,1,0
trustworthy,0.4155588582322624,-0.19578416520419925,4,0
truly,0.18242581935987565,0.006210193623927203,4,0
sorry,0.20229243965201785,-0.2461697461407776,3,0
substance,-0.08534296507379245,-0.10706578576675761,6,0
session,0.19808757484186768,-0.01777124965441195,7,0
transport,-0.08493688318328856,-0.04181600650929968,0,0
implement,0.07404136141405541,-0.14169614463349034,3,0
secretion,-0.13810387168672322,0.2617175717208133,0,0
emerge,0.0018831690862219012,-0.11328794168785039,2,0
nutritional,-0.16641610787058597,0.2534162867185825,0,0
forwards,-0.1098811180216222,-0.31268128622228325,1,0
loop,-0.09541259507980666,0.32783156389816676,0,0
inbox,0.1107193974767136,-0.2971663063421922,3,0
regard,0.06306024507909337,-0.052686627879704205,4,0
lift,0.28515658919954806,0.13881963424756563,4,0
satisfaction,0.10601593750988328,0.15148887155568666,5,0
tertiary,0.010922291597886206,-0.3693779309052637,3,0
phone,0.011515029072117636,-0.12724377324079394,3,0
contraindication,-0.15040109395912646,-0.04447546731295357,2,0
conveniently,0.4274230166467934,0.08174528477537273,1,0
portal,0.26604643798052074,-0.06807603532894106,1,0
reproduction,0.014088986298933964,0.2694130362774066,0,0
fetal,-0.2340326068179073,0.17573517461378774,0,0
intellectual,-0.29943959752423654,0.3985501892590352,0,0
trust,0.23963258412597924,-0.08692589925913623,1,0
commencement,-0.2898212193411714,-0.08668814452212699,2,0
therapy6,-0.4200464091670016,-0.07423362113370394,2,0
scalp,0.018391983971028224,0.33189111816245,0,0
evolve,0.08272354323722601,-0.15106388533011994,3,0
conjunction,-0.028962638192580693,0.2317608717680106,5,0
herb,0.19816990980629198,-0.1777989140053731,6,0
interpret,-0.14743038104417067,-0.10638953311951733,2,0
restoration,0.23209066840598366,0.16293003508429266,1,0
sole,0.35617315076133144,0.11338371476052819,1,0
urologic,0.06352162696348854,-0.18531865980185738,3,0
excuse,0.48205298787526557,0.18845400970766546,4,0
perfect,0.12248051045750745,0.023758499746402272,4,0
pound,0.23704834397405553,0.1563143049311563,4,0
varie,0.00814046719165089,-0.06776523097647313,1,0
regardless,-0.11619478699321482,-0.027400380292526404,5,0
gonad,-0.07929180587460825,-0.0072649236361614095,0,0
td5,-0.38198660396116996,-0.1231138534408558,2,0
erythrocyte,-0.3058727489965761,0.5082114744216375,0,0
neutralize,-0.45675289210636794,0.11679820733503997,0,0
anaerobic,0.39502782459814767,0.37594768522895666,7,0
enquire,0.2601546071916694,-0.3457217273369865,3,0
core,0.16585312344659345,-0.06976740069103556,4,0
thirumavalavan,0.02041957538728592,-0.10501464296334065,3,0
discrepant,-0.43566316814707007,-0.22703104555995082,2,0
stabilise,0.032746631775561974,0.1891044033644686,1,0
anecdotal,0.30354359684361865,-0.30173265213993006,2,0
hgh,0.10725070006128491,0.19787816358228047,0,0
efficacy.40,-0.34652366855718225,0.04277756326084721,1,0
pubescent,-0.3382456761420903,0.31847504984969954,0,0
education,0.02792800989247544,-0.26424224275659647,3,0
rock,0.4542123215948259,0.09921968586729407,4,0
breaker,0.39281545230241705,0.3059258415552564,4,0
uncertain,-0.3409092991263294,-0.18369204856108354,2,0
sheet,0.12228484529102876,-0.4540685099608797,3,0
incident,-0.26261578366693544,-0.16880206114058602,2,0
feature,0.07827885012368617,-0.11867231732369109,3,0
parking,0.2583893900672695,0.005439435717651653,4,0
cushing,-0.5165924228073986,0.2600692680161255,0,0
ovarian,-0.2923118060891477,0.02858551509432871,0,0
interval,-0.03763657258287798,0.05932113428413921,1,0
endogenous,-0.12376083291082876,0.13676877316218902,0,0
joint,0.15120569424024763,0.1831765481935041,5,0
tsh,-0.2127525409258704,0.20157502668444197,0,0
editorial,0.12447741219197458,-0.35827068882092383,3,0
hypertrophy,-0.5250811685207452,0.2543321482738379,0,0
tract,-0.18258047511510792,0.09044602312613043,0,0
fasted,-0.17448741300283174,0.22655473742699375,0,0
buccal,-0.032915619077020106,0.31327504759441693,1,0
technique,0.05803511957986683,0.06254265989852174,1,0
chap,-0.26416785545519317,-0.380160007731281,6,0
ochsner,0.2512704541806261,-0.14551252908428955,3,0
narcotic,-0.32289970461107,0.09901219331096374,0,0
utilize,-0.07230004189379732,0.09600687578557919,2,0
enrol,-0.211171801090732,-0.129021970231054,2,0
sore,0.02857570943751424,0.3323017737528427,1,0
precocious,-0.3069224135030859,0.22349872892553885,0,0
elsevier,-0.2565143954110303,-0.3804777412159239,6,0
central,-0.15927435537891949,-0.09955619479031932,6,0
philadelphia,-0.273626150420451,-0.3764673905435562,6,0
a.m.,-0.14401582726223044,-0.205514980091714,6,0
ageing,-0.20564452067355543,0.016011690794707968,0,0
knowledge,0.10363315850670855,-0.16303748428626563,2,0
tender,-0.08633730787974614,0.3552545081436592,5,0
outweigh,-0.03907822702750232,0.045922864871512356,2,0
nervous,-0.028785631436167348,0.2067494510298085,5,0
complaint,0.106398716046019,0.13990650020539988,5,0
ideally,0.04927204477268331,-0.02271880779762555,1,0
background,0.2039104470191005,-0.23729639149061277,4,0
diurnal,0.016180757004088414,0.2799453411612882,0,0
replicate,-0.13296230616563653,0.3030144105180242,1,0
hypogonadotropic,-0.3259918755547301,-0.1073859063287131,6,0
mechanism,-0.22389540878933323,-0.12225579876084132,6,0
heavy,0.13535672869112023,0.20074743211554102,1,0
masculine,0.09740836509879408,0.1728661644843798,5,0
wish,0.11923436560532513,-0.05396475631582065,1,0
equal,0.15787709438007932,0.16439084703136825,7,0
normalising,0.28060432356512843,0.3150273095577982,5,0
tone,0.2791258120043068,-0.06966954341196652,3,0
occasion,-0.2015247519809385,-0.031915207550033416,2,0
recur,0.191421374014309,0.2631680575347128,4,0
definitively,-0.13153434324621405,-0.1425109531962768,2,0
timing,-0.08912659636944278,0.14058177308956446,1,0
biopsy,-0.26672933510958097,0.05672925119243527,0,0
root,0.20225308698002506,-0.038799852365013675,4,0
distinguish,0.00012857403350982592,-0.20163973528196688,3,0
consensus,-0.04689650640046294,-0.23112982903291132,2,0
serm,-0.20448131464422173,0.1878312569130331,0,0
post,-0.0353376965410668,-0.12526908559914762,3,0
veteran,-0.4012762819906129,-0.024141373800754068,2,0
reflect,0.16360152959127197,-0.08509466539256184,3,0
organise,0.1773600025053078,-0.1477021591896117,1,0
dre,-0.218888143867422,0.05912314370997755,0,0
wrap,0.4323932767413153,-0.010913925822160034,4,0
final,-0.020100795962958808,-0.27427162285380013,6,0
nuanced,0.20161971353110794,0.11522604201448773,4,0
cardiologist,-0.05376028708103646,-0.1826114441473551,2,0
predict,-0.13224915570503218,0.05463502799518789,2,0
pregnant,-0.04063410599613523,0.24590269972350806,0,0
pmol,-0.2862888265449508,-0.11503657375025365,2,0
limitation,-0.13001282220891947,0.011219230577233607,2,0
supervise,-0.09185331113887084,-0.16667343488243672,2,0
cognition,0.008862524289535871,0.1785600789699415,5,0
ovulation,-0.25019786277848655,0.17697386810594876,0,0
setting,0.024956202493694103,-0.1343019000368234,2,0
sharp,0.14879578806003746,0.18877728258459717,5,0
robust,0.06379766639727692,0.14050097719811938,5,0
making,-0.08598262435205097,-0.10167791167861609,0,0
spur,-0.4229288430104554,0.21361564332195657,0,0
bother,0.27703849213276716,0.01662626267198869,4,0
donate,0.1378963497613896,0.047251431951573136,1,0
unpleasant,0.12375447019224843,0.21448026501765063,5,0
sit,0.17695134470114154,0.16152633886595272,4,0
apart,0.04875880245687559,0.021757940285826203,1,0
suffering,0.10570016564040557,-0.2568503772141181,5,0
reductase,-0.110113521781677,0.28201353681123553,0,0
reversible,-0.09195452002181072,-0.03847681287290999,2,0
cuaj,-0.30475770219947285,0.04220693714992071,2,0
extensive,0.09507246701784164,-0.17654849475690365,1,0
light,0.08479416155974963,0.26898293835093123,8,0
cardiology,0.0238262571903105,-0.29430606607056964,3,0
local,-0.04461688729433453,-0.04113972817553988,1,0
guess,0.24905904639044418,0.08989489734510536,4,0
rapid,-0.14172822388892128,0.10024098311579391,5,0
manifest,0.04357205199241712,0.18037756497704074,5,0
harvard,0.1005599885297289,-0.17370113611013133,3,0
diligence,0.1624526336772088,-0.21787931544990075,1,0
rash,-0.011849364748345807,0.26351140933899236,1,0
outline,0.1399289612987046,-0.15320408927851975,3,0
valid,0.004612101733836532,-0.21523186187892815,6,0
spot,0.09143022023476102,0.16272896683176044,0,0
unchecked,-0.19939635056819074,0.32887027903544247,0,0
butts,0.42794485029997514,-0.2821820823277253,3,0
transcript,0.3119104326021776,-0.20435427015458296,3,0
urge,0.05859906077159138,-0.08168854385427571,2,0
surprising,0.16726230762010671,0.04774308984607466,5,0
dehydroepiandrosterone,-0.0589334365073479,0.18835778957833635,0,0
mri,-0.21963852673010717,0.04657624816792835,0,0
testopel,-0.0008395037599477292,0.4329002952171947,1,0
inadvertently,0.10972486164869558,0.4896100791123773,0,0
parameter,-0.1685428830290849,0.023233208175504783,2,0
vigor,-0.19094912218520863,-0.06317673855282209,2,0
director,0.0458763662069149,-0.25319824958872633,3,0
statistic,-0.14556329943396304,-0.03583464966309561,2,0
possibility,0.09556549345224642,0.07454052439050901,1,0
version,0.095283602896075,-0.15368789401807922,3,0
cardio,0.20854409620399095,0.20007607147413323,7,0
pulmonary,-0.28163543572679506,0.08734191356260841,0,0
store,0.16875367884682316,0.1956577599571494,1,0
vicious,0.25426958511621134,0.31493126995193144,5,0
personalized,0.1646453981727061,-0.12705950819075099,3,0
scientist,0.13003284559923117,-0.1355684355261901,3,0
causal,-0.18697173924656593,-0.3189084405591289,2,0
manner,-0.027849046677722082,0.12933440138726449,1,0
asanad,0.1755146036481535,0.051581356482017664,4,0
synthetic,-0.01920063474341024,0.20577748017611786,0,0
england,-0.07923160282878496,-0.26903490664452967,2,0
disfunction,-0.16579895668680072,0.5463657953399741,5,0
visceral,-0.1719606022680549,0.26113735264502025,5,0
infect,-0.4793392653405238,0.11173806893076878,2,0
|ꚛꚛoo,-0.24218370200708217,-0.030081453705120983,2,0
extremely,0.03958277877975706,0.10691281295986235,7,0
menstrual,-0.11906963199903181,0.281531263672852,0,0
e237,-0.4517119322030963,0.2872016977874574,0,0
sustainable,0.07959530892457306,-0.10793142415659257,1,0
rapidly,-0.00914608318138799,0.006462065008745585,2,0
quizdefy,0.3482939225732506,-0.28675047150358063,1,0
mortality,-0.23057306314282,0.027380934169040982,2,0
commence,-0.12960194656157906,-0.11134232728975711,2,0
alpha,-0.04589694971544037,0.3011092003011278,0,0
special,0.13353887694208658,0.16997281268455397,1,0
nature,-0.06383645114271891,-0.0205224546704593,2,0
demand,0.14783154352236327,-0.07327938808961615,5,0
minimum,-0.10395165971351307,0.16528878409463882,1,0
transition,0.13856372666038455,0.17556166589861924,0,0
predisposition,-0.33962235156455145,0.2132703100257186,0,0
prp,0.1290000028937285,0.26943148284291507,1,0
maintenance,-0.09466498203966321,0.13490456382564803,1,0
traverse,0.005633857384853921,-0.20376024504590834,2,0
micro,-0.2311929510365242,0.400890207446795,0,0
error,-0.07193154083813104,-0.16612375387917128,2,0
assured,-0.14435259208182144,-0.27845478481201785,2,0
dramatic,-0.11785584502463486,0.09104342736213245,0,0
plunge,-0.3527719031130898,0.32775110840205013,0,0
crystalize,0.15189412055206528,0.5310332071659096,1,0
recover,0.1534483284938874,0.06510095873930498,5,0
unresolved,-0.4263226689779125,0.17746757382180295,0,0
pursue,0.09372420024946031,-0.024151038467745398,4,0
culprit,-0.25135175103929697,0.3070943541597598,0,0
having,-0.19820671296592648,0.22621453853324558,0,0
anecdotally,0.28700677437644073,0.06055057869413159,4,0
multimorbidity,-0.21560097423677738,-0.17049101681445702,2,0
dollar,0.22233408949179922,-0.016715192642216572,4,0
limited,0.060058048633312794,-0.033002429035730835,1,0
personalise,0.1603708249044826,-0.19636131592483666,1,0
prevalent,-0.03734995208201848,-0.18572214760595646,2,0
uss,-0.3469534349808069,-0.06214202197879841,2,0
shift,0.06688931833715461,0.1248359885228225,7,0
bypass,0.0016275771115998536,0.28704479180780956,1,0
notably,0.2715565746861922,-0.15574510190004934,3,0
polycystic,-0.2126841063790168,-0.09958256860829601,0,0
relaxation,0.13054344384871305,0.12096955486823611,5,0
embarrassment,0.3114017022754085,0.15129754450173458,4,0
childbearing,0.37207325370070854,0.1296426348554258,4,0
wise,0.3083581956061522,0.015148929888880664,4,0
emasculate,0.4828931437311993,0.013438577982397532,4,0
therapyis,0.14999259919657015,0.465720028500582,1,0
exploration,-0.46824299312611234,-0.06158740413213802,2,0
purchase,0.2829565616435658,0.06703375667593027,1,0
highly,0.01623038700362727,-0.0031765439982513782,3,0
isnâ€tmt,-0.48764868739372647,0.22110837089412447,0,0
compounding,0.15539182132246024,0.17243502734429217,1,0
advertisementadvertisement,0.21273815168218618,-0.31191013350558167,3,0
overproduction,-0.07651026002684075,0.28547243900333036,0,0
repair,0.09287870442089727,0.2422500924267193,5,0
mature,-0.2251758106325903,0.09401393551208752,0,0
absence,-0.27089793483429275,0.02503157119716722,0,0
financially,0.359901455365693,0.009648969342255414,4,0
systematic,-0.15388407839955234,-0.30463093286317866,2,0
april,-0.22909080948084135,-0.33985029980766884,6,0
proliferate,0.31655393529535975,-0.3099360907437387,3,0
input,-0.5655151930505218,-0.12171037642977732,2,0
left,-0.22512793326108474,-0.1836709265319967,2,0
conceive,-0.09794079921101886,0.1607847909049962,0,0
manopause,-0.040256205907263545,-0.29521036529340533,6,0
circulation,-0.02027598905009262,0.28379055070543857,7,0
unknown,-0.18192451406406335,-0.030321196696793375,2,0
plaque,-0.18379729976396272,0.1482774189992914,2,0
embarrassed,0.401504959519935,-0.04406083280515373,4,0
pathophysiological,-0.1432488332473577,0.29606173521038043,0,0
anything-,0.06979716908143292,0.49754534586974153,5,0
whichever,0.07261849897462377,0.37597486360619936,1,0
section,-0.16041871362671692,-0.08770402256746837,2,0
importantly,-0.0031840729752866306,-0.09067884772647815,2,0
anti,0.09110819189728343,0.12800454475705106,7,0
interrupted,-0.03823055914611862,0.46571849431710044,0,0
rub,0.09781955777786698,0.2404108500683075,1,0
cag,-0.4338573483791917,0.12151233613898632,2,0
excellence,0.0719338867049792,-0.41434644617771177,3,0
teen,0.09416340536333322,0.22624337209205853,0,0
ordering,0.2851695019104437,-0.16222334162795907,3,0
obstruction,-0.3576780448355595,0.09977657928845134,0,0
boob,-0.07736625993319256,0.2771624339291172,5,0
hrt,0.11369161758671384,0.07548618263219631,3,0
precaution,-0.13679442072514283,-0.19543939215158848,2,0
essence,-0.12942340750945522,0.483805722612159,5,0
instruction,0.015115202672596405,0.03204321633383775,1,0
following,0.175398836513121,-0.0010789490578249873,4,0
tease,0.2846857704230029,-0.10830302130802981,4,0
adversely,0.19553433622483152,0.17058944143574872,5,0
yearly,-0.21617381330448524,-0.19448982519503974,2,0
pointer,-0.32557264200143027,0.3063020975625354,0,0
user,0.09284895736425551,0.007004211794364875,2,0
cbc,-0.20730802294207384,0.1469134182000606,0,0
illuminate,-0.29761351370448624,-0.161210936711656,0,0
hint,0.3380791861053079,0.25266638197281327,4,0
sustained,-0.0868649355347352,0.23303183477105296,1,0
pastuszak,0.22264151941078225,0.012762889615738722,4,0
prevention,-0.14331132714177386,-0.11275358772852753,0,0
unbiased,0.16764007387751106,-0.21208347706700514,3,0
pump,0.023948077510567635,0.23622546276648632,1,0
rct,-0.18366895690874643,-0.07041226881585506,2,0
finasteride,-0.02052510470126663,0.12751083323924425,0,0
pattern,-0.0006130802661597219,0.10307354278741906,0,0
ingredient,0.058175784381374156,0.13976972609631028,7,0
dhea,0.04213495330654429,0.1467634384077151,0,0
insert,-0.0168266167967993,0.2485105100807649,1,0
pinch,0.04963654056951906,0.6008534856440764,1,0
weekly,0.02700335343181417,0.16749778514398794,1,0
folk,0.16884908674586846,0.08566942025356263,4,0
milestone,-0.37331376014414197,-0.07619598796903002,0,0
minimise,0.0014275698934686047,0.20141332239425636,0,0
swerdloff,-0.22507569557082785,-0.5139197426894601,6,0
barrier,0.13259982178291166,0.16385139848506836,1,0
ahead,0.25372004126304387,0.03085428963891873,4,0
esteem,-0.042287807768159914,0.2687626706984216,5,0
hpg,-0.15358081820761915,0.2730706322755005,0,0
persistent,-0.1479773774291336,0.11366184282895142,5,0
warning,-0.1460678348608873,-0.05412381688310218,2,0
immune,-0.04475694399327968,0.2113558008888573,0,0
circumference,-0.19701754905050317,-0.05767671745039867,2,0
incidence,-0.22349348926935717,-0.051881841650159605,2,0
advance,0.019709434599345876,-0.11549543539749627,1,0
functional,-0.16295736447578407,-0.2485526845823384,6,0
interesting,0.1865316552451655,0.09083222700968183,4,0
element,0.15193887072630485,-0.11447318033120263,3,0
modulator,-0.22753184242904345,0.18167968718153826,0,0
sexually,-0.1560281632091566,0.08656347833515277,0,0
player,0.31604040901587166,-0.04625241713081127,4,0
breathing,-0.025514425027952373,0.25191205821285007,5,0
dark,0.1379808543971912,0.285351397687311,7,0
video,0.09484843941395836,-0.14354162778397594,3,0
fitness,0.18909567140775915,0.10145545659518418,5,0
uva,0.06442549779596632,-0.2484938869904261,3,0
travel,-0.0806674236756881,-0.07921740395250228,0,0
fruit,0.2205853491138651,0.3204061082949182,7,0
rhythm,-0.05192333862450536,0.24940361339608008,1,0
natesto,-0.045810525634191995,0.25755800204184376,1,0
metronome,0.4538880984598537,0.32495958715426676,4,0
february,-0.17051042418643736,-0.27594787955153943,2,0
apparent,-0.15560715903270905,0.16794309364495383,2,0
requirement,0.0627274383706901,-0.018158613770534654,1,0
pharmaceutical,-0.09964569027582888,-0.09522540541386033,2,0
suppression,-0.17335805794289938,0.19402641481928992,0,0
classical,-0.396030521601047,-0.08000846920051555,0,0
radio,0.3122023335314295,-0.06471655238261047,4,0
broken,-0.220279725362114,0.4553137547986511,5,0
swell,-0.1117065647952758,0.2926247806466975,0,0
institutes,0.06958504755614676,-0.3232425016938104,3,0
mark,-0.11414884294121862,-0.225873268746853,6,0
switch,0.2050835615200448,0.192587055875968,1,0
onion,0.1063263243061073,0.348900389133129,7,0
gold,0.0067603851754516305,-0.058009983361956646,2,0
reality,0.18801766942933787,-0.01852964380622773,4,0
related,-0.0328324587280391,-0.15499596548172154,2,0
appearance,0.10619903641164938,0.213726369900976,5,0
disturbance,-0.13747813057588598,0.17175808039875928,5,0
forgetfulness,-0.009846885320645751,0.504722059344255,5,0
introduce,-0.01150863480823442,-0.041379418896235566,2,0
mump,-0.2457267662648845,0.2054470725045955,0,0
shortage,-0.06305378625838118,0.28819925315472755,0,0
supplemental,-0.12625105080706348,0.05289565015711451,1,0
underproducing,-0.4283621228267827,-0.1439157732346428,2,0
expensive,0.23067916349072928,0.12091435067775562,4,0
buttock,0.04018037592021293,0.3428182069041171,1,0
shape,0.025561144647394746,0.29231292958931804,8,0
insertion,-0.05637374190633472,0.22574856049346206,1,0
luteinizing,-0.270958433861013,0.12897500995074454,0,0
impair,-0.09494430672901698,0.183976821875022,5,0
adaptation,-0.21763929944343882,-0.01389252274625414,2,0
backbone,0.33186884676971495,0.44744775302094764,4,0
clean,0.14348039100777765,0.2714213127000655,1,0
formula,0.1847976510706571,0.1497114124711044,1,0
stamina,0.022989320989856916,0.19666772265399882,5,0
hiit,0.2571953901932815,0.40316115807578773,7,0
opposite,0.1944625058638319,-0.027089927216153047,4,0
abdomen,-0.14887143045103984,0.2734193812891774,1,0
consistency,0.042099747469030696,0.08680232460189877,1,0
assist,0.06514225657723993,0.14822428148117114,1,0
nih,-0.25463608528821735,-0.30346391968030906,2,0
wake,0.14098901928394372,0.15130856901364972,4,0
independent,-0.126990545590842,-0.0643890208553802,5,0
phlebotomy,0.09145618259803413,-0.07197091674834687,1,0
marketing,0.24209752336241044,-0.04502658990302762,4,0
july,-0.07487281259589582,-0.34061845877410774,2,0
reveal,-0.15333798389232467,-0.10023560549292891,2,0
everyday,0.11772808639363865,0.1344496424336368,5,0
medlineplus.gov,0.453459296353598,-0.4203538949107631,3,0
www.fda.gov/drugs/drugsafety/ucm436259.htm,-0.3531068136144015,-0.3357924899611054,2,0
correction,-0.3827462664285754,-0.2528787344964806,2,0
cah,-0.3124452458039025,0.24985736554006924,0,0
antidepressant,-0.04110321316528884,0.12410529792661149,0,0
severity,0.14886407198526683,0.11931411024598801,1,0
escalation,-0.42464573104190867,0.07475124355174376,2,0
discontinuation.418,-0.08346254148771315,0.4642710211452418,1,0
buy,0.22161639025892627,-0.024361979920017107,3,0
bloodwork,0.026006522860124677,-0.08163147363267378,1,0
stock,0.06160542892892931,-0.09486033564246571,3,0
vs.,-0.193863386550728,0.27376497123162274,0,0
country,0.18423688488905376,-0.011382041904269884,4,0
endeavour,-0.015910533767322408,0.4435255711742138,7,0
sluggish,0.40540833084769007,0.1483010872724516,4,0
molecule,-0.014256326749507057,0.4777566375522194,0,0
rbc,-0.22158967139954042,0.32541105957792676,2,0
diabetic,0.03263994269347339,0.2491945620302528,7,0
interpretation,0.04184957141423292,-0.08830945913752188,2,0
to-1,-0.12253925472594124,0.5062368626895637,0,0
advancement,0.20250382739554573,-0.16185892442082422,3,0
extraction,-0.2616213086528788,0.3343602590895866,0,0
dedicated,0.30380261261522845,-0.005208456952723881,3,0
thinning,0.11903207342519688,0.22689311529305842,0,0
gum,-0.012483209226538729,0.3090037081890144,1,0
thereof,-0.4503026254420074,0.18269871192240517,0,0
selective,-0.18942257855212857,0.15784034485072765,0,0
treatable,0.04990508820959266,0.004407815699781119,0,0
mcdonald,0.41522733610560886,0.358004346650554,7,0
prostatitis,-0.4426986523679731,0.2634125284547591,0,0
venothrombolic,-0.36419978860426333,-0.262539349859438,2,0
chromosome,-0.25936944088339353,0.1752870504819805,0,0
shot,0.10823413445577246,0.20746125886877143,1,0
power,0.09164343837029877,0.07994966749868099,2,0
holistic,0.16498725648320378,-0.007798097530771579,1,0
evident,-0.20051392524324307,-0.138880889548672,2,0
kid,0.234372770684733,0.06732410882217159,4,0
dosing.221,-0.40936399543672247,0.31269464616496473,1,0
anybody,0.2301295659057944,0.1288269834086136,4,0
sell,0.17255445628062704,0.007902485087292884,4,0
zinc,0.08855268229074732,0.22011558112588725,7,0
overtrain,0.19848900777849238,0.4019622118087649,7,0
rebuild,0.3726229901072666,0.3389785780581061,5,0
skip,0.23354491601649038,-0.10304426826278393,3,0
lethargy,-0.06543392104025518,0.24255592638791548,5,0
shadow,0.052782900117281435,0.5325541648043622,5,0
relevant,0.09509855584462577,-0.19345930417481566,2,0
vessel,0.003936060703031334,0.21592071204111862,7,0
predictable,-0.09954546633762765,0.2541075967979608,1,0
progesterone,-0.1352628729358812,0.016980626319156557,0,0
menu,0.14620873836043632,-0.14020501846416375,4,0
increased,0.2945052930961374,0.3585464324071375,5,0
leydig,-0.16672484874650384,0.23886092809014053,0,0
autoimmune,-0.22709358989130596,0.1885316985490796,0,0
strongly,0.08580509837814793,-0.06522324608126552,3,0
extent,0.0423230344298827,-0.049113136426242154,4,0
basic,-0.07194868976517196,-0.14934820599700044,6,0
wearer,-0.17598300225672436,0.48658350529288547,1,0
underproduction,-0.18963930038861979,0.2593776186681371,5,0
intend,0.1522435753287827,-0.0891018064602404,3,0
sleeplessness,-0.26402486738914605,0.38008274022006144,5,0
library,0.054065374433213825,-0.2558334801540768,3,0
unsafe,-0.056525811412969924,0.20279774045121435,0,0
intent,0.47360621109080064,-0.01972309405461472,4,0
biochemical,-0.17760430707259486,-0.008169630340801969,2,0
testimonial,0.14008230807795033,-0.17397964897448429,4,0
profit,0.14901478757710218,-0.16017760386902627,3,0
theirs,0.021848186070204785,0.44852849777780224,0,0
alteration,-0.24448477015205297,0.10398373538029719,1,0
gear,0.5295541466530422,0.10115264352559823,4,0
driver,0.1950451292692309,-0.1190584612624685,4,0
roosevelt,0.15009630401947335,-0.2326225786061613,3,0
mixed,-0.1610597462296012,0.026932577191173996,2,0
haemoglobin,-0.28172892074079037,0.19527326056732508,0,0
rich,0.14085126596165073,0.2559092091631539,7,0
protect,-0.015299122752287,0.09080415273415547,7,0
renew,0.21362955047806723,-0.042991899811550424,3,0
aids,-0.23154359254549672,0.16295955245070526,0,0
abnormality,-0.17699236851649078,0.13359822057291337,0,0
myth,0.1406264072278152,-0.05518816187910317,4,0
normally,-0.1446091827883605,0.07271522836746279,0,0
consideration,0.014451255765736927,-0.0642214122999437,2,0
sufficient,-0.018095919271940323,0.11870207805514618,7,0
variation,-0.11395463463671957,-0.00875337967063711,2,0
boy,-0.05082829839166804,0.11762794611818352,0,0
stall,0.005470932997587288,0.48955678008098036,1,0
episode,0.1846908749332441,0.012941116338610312,4,0
albumin,-0.2380875624976259,-0.013712925194310756,0,0
detailed,-0.12054161510580763,-0.1017779041607,2,0
liquid,-0.003231751828421552,0.1420018679087593,1,0
detect,-0.14725402075331007,0.036335266981346044,0,0
informed,0.02875845251995684,-0.025564771064248527,1,0
cvd,-0.26838275857101035,-0.06102136405782363,2,0
minor,0.11319359403756915,-0.18234849080097737,3,0
investigate,-0.1370042284505739,-0.12709612308013069,2,0
unexplained,-0.22598089722231798,0.10763513687996784,2,0
southwestern,-0.19355335630172296,-0.3663657345962675,2,0
trend,0.02784864338660165,-0.15717845936019637,2,0
snapshot,-0.40958706286327506,-0.015042956868565127,0,0
solely,0.04377782479141057,0.0145276420972613,7,0
calorie,0.20369280564342296,0.17205907723220398,4,0
belly,-0.11598015923120676,0.18714943152953195,5,0
randomize,-0.20178993399747194,-0.12348221277874147,2,0
unwanted,0.05388600476286016,0.17273845269873153,5,0
inner,0.017037859818401675,0.3663437609583118,1,0
announcer,0.2155894416675192,-0.15987581945319182,4,0
shockwave,0.11012838783979052,0.13200033276409792,4,0
mouth,0.06133511379525493,0.20463652210126151,1,0
nonoral,0.3171116445684159,0.19639639764409164,1,0
unattached,-0.3359586393058034,0.08109319133442675,0,0
presence,-0.08663708599283806,-0.08512711102554382,2,0
improved,-0.08391552379628685,0.06473179729981675,5,0
pmcid,-0.2890399094356018,-0.4983083251474166,6,0
opt,0.1540347617780068,-0.027556176088387858,1,0
eliminate,0.15001139496326196,0.17118967998280601,7,0
intimacy,0.02086566970023823,-0.14345798164646592,5,0
sterility,0.34894658852039206,0.08528761160726218,4,0
chest,-0.015361626538724091,0.24170308551915715,0,0
caring,0.2240037944808993,-0.22595446683185566,3,0
birth,-0.08998794049514539,-0.0739218958075697,0,0
educational,0.10907397441360704,-0.28182610868266006,3,0
baby,-0.04867868931027999,0.10482706053213925,0,0
pathway,-0.03867600037399585,0.17981274583046647,5,0
strive,0.13796335229917614,-0.060267896433182776,3,0
attribute,-0.1498787736298046,0.10653851008189097,5,0
endorse,-0.06632504720324611,-0.35982568625908945,6,0
guarantee,0.11391316998340233,0.013433614541994744,4,0
henryford.com,0.19621860843876243,-0.3874290232865476,3,0
costly,0.2054951547778746,0.13432996283719825,1,0
original,0.042231124515454674,-0.1944086607017655,2,0
andrology,-0.04229132977257841,-0.2645581779730636,6,0
cumulative,-0.2597703479123359,0.06152720866858427,2,0
gentle,0.3885616115601865,0.3426645508589904,1,0
complexity,-0.12222422709497203,-0.17566432581575833,2,0
routinely,-0.048079649740886,-0.10087626521837373,2,0
vigilant,-0.3995057585092277,0.07583021917895412,0,0
gender,0.016554207056314097,0.200955159211184,5,0
unaware,-0.019968128195098876,-0.2232843489402162,2,0
preservation,-0.19982297678561278,0.031909614524511416,0,0
recreational,0.05895266887109535,0.34854152906469044,0,0
smoke,-0.14220938242657155,0.21477442810059094,0,0
immediate,-0.18129284558393344,0.06841754626009296,2,0
lifelong,0.058138401446142886,-0.09812310382434855,3,0
gonadal,-0.20264132375384633,0.19560691508654224,0,0
rarity,0.40978194524092254,0.26841582301517874,4,0
stand,0.09853316864731822,0.15914111260387784,0,0
trait,-0.12444948542513995,0.1162351624632851,5,0
appreciate,0.12118470194962165,-0.013819813733295468,4,0
amplify,-0.09617837540847174,0.20309934610425837,5,0
type-2,-0.29351557983305954,0.2247521921488643,0,0
utero,-0.3681929198737644,0.09947162693710017,0,0
respectively,-0.2540881888110294,0.08065737270094751,2,0
redistribution,-0.022878356595669506,0.32369380249870017,5,0
escape,0.3707898175505023,-0.11990740848859785,4,0
sufficiently,-0.40208960759901685,-0.1977296903136682,2,0
hypertension,-0.2289282640770627,-0.015065305334735862,0,0
monday,-0.2834456460294641,-0.3268078676923209,2,0
everybody,0.26448980301214065,-0.0076125696785914925,4,0
rebalance,0.4650459401085527,0.09944823361167619,4,0
pregnenolone,-0.1261594252254266,0.23245805690151525,0,0
burn,0.08008373458210911,0.22157734941824614,5,0
evening,0.13118782347953975,0.177755209426015,1,0
grin,-0.0557492943922649,-0.3141132439037739,0,0
concept,-0.055007893197733033,-0.1700406717922613,6,0
fluid,-0.12640877753916616,0.27589136648185897,0,0
overdiagnosing,-0.26877776637870043,0.43561251814394936,0,0
uncomfortable,0.1653452696468355,0.09435925540127119,1,0
insufficient,-0.18233752774124315,-0.0018516802215161315,2,0
thin,0.04678487956063079,0.24999952089340996,1,0
masterson,0.14153843876960348,-0.12404942229094267,3,0
sum,-0.2586396843673184,0.42183534309655346,5,0
tiredness,-0.08407952441557894,0.16345312057220632,5,0
spray,0.11356969378508454,0.21773918639995335,1,0
scan,-0.07444387424371349,-0.02860025099481525,0,0
heavily,0.19404011579829364,0.04353895806287715,7,0
host,0.21830213235054044,-0.1549988196833772,4,0
leave,0.10798887581636557,0.16891011848810034,1,0
previously,-0.1201299831180928,0.0487911049913274,2,0
pathology,-0.09558080180510452,-0.12210681767679507,3,0
dip,-0.08320146143636369,0.17396715148177985,5,0
resource,0.11807705505021354,-0.15518610960768608,3,0
inherit,-0.17834602772071145,0.1393669417077864,0,0
digestive,0.006094140160036744,-0.12084936174926726,0,0
circumstance,-0.0783985249390315,0.1015324874535494,1,0
unblinde,-0.28157177352603996,-0.17160742316325014,2,0
forever,0.29726867923043143,-0.0912938593166926,4,0
greatly,0.06885818590516686,0.20780664174863286,0,0
depersonalisation,-0.11158396032998985,0.4035883648267083,5,0
leg,-0.11270963499598581,0.10710494216474056,0,0
irregularity,-0.5060529169865517,0.2798849200015502,0,0
secrete,-0.21931584912914223,0.14629835829739116,0,0
conclusion,-0.02062875925194378,-0.1015085826126847,2,0
swelling,-0.10292462509160354,0.31447498359128767,0,0
shut,0.1286253204734613,0.1534229800167751,4,0
tip,0.10838269218984864,0.07533859598453899,3,0
overproduce,-0.02553410016606914,0.3790099185839438,0,0
imperative,-0.03875265805467047,-0.10776192015919299,2,0
delayed,-0.1855968754020044,0.18349583032578207,0,0
injure,-0.11722164952727601,0.2382539808457381,0,0
chalk,-0.3669694395582161,0.3676975204957947,5,0
reduced,-0.164543149359207,0.15443545177502402,5,0
disruptive,-0.5018710778373496,0.2427466642273241,5,0
ejaculate,-0.17508545624236915,0.2088907305519485,0,0
collect,0.016059439247236594,0.06034222499306188,1,0
effort,0.09350895126124865,-0.11491070349050685,2,0
traditionally,-0.10647312336779684,0.2261009751637046,0,0
supervision,0.05828507441230162,0.01811796610024146,1,0
penile,-0.07806193158138579,0.2615675342394024,1,0
suit,0.17538483425390208,0.09882765738217097,1,0
juxtapose,0.5508334363629481,0.07200336175641088,4,0
inefficient,-0.0668341430242342,0.43874050026109834,5,0
nostril,0.0016723912292565832,0.3112032283020345,1,0
subtle,-0.29845483603770545,0.05249671501680186,5,0
newsletter,0.1935572468042198,-0.16114922527064993,3,0
n=395,-0.46589177547373484,-0.002121605761937362,2,0
endurance,-0.08725419317573849,0.2641652965008876,5,0
tobacco,-0.20089248712462643,-0.0029120168026121104,0,0
negotiable,0.30278275582930686,0.10557805222716347,1,0
vattikuti,0.1508983984568425,-0.5744339894406806,3,0
nhs,0.17926167170660615,-0.033017493832220766,1,0
canada,-0.01477732204523572,-0.2964062858438889,3,0
marrow,-0.1875441373716238,0.3227339392623672,0,0
nerd,0.1983929765617253,0.4432009617900103,0,0
hyperlipidemia,-0.3756594544257062,-0.02468126541946793,0,0
qualify,0.13975363263738544,-0.09627507371062856,1,0
confirmatory,-0.21782774848770875,-0.15445311590464167,2,0
trunk,-0.2799238301749209,0.4268783481247332,0,0
lifespan,-0.008729681368194004,0.31916098837432916,5,0
subscribe,0.19015820990310808,-0.17269175313412852,3,0
dread,-0.5030046201112819,-0.07077447378180375,2,0
examination,-0.13806170549828545,-0.016473552705267583,2,0
pcos,-0.24914004101695342,0.1892162724157729,0,0
nmol,-0.13919554083224545,0.03084490354561913,2,0
cholesterol,-0.1317255473959701,0.11757627516373942,0,0
lundy,0.3201207992281736,-0.04152177377280444,4,0
category,0.04939210637564322,-0.23886335052488022,6,0
pharmacokinetic,-0.11546881740107273,0.1370380027715232,1,0
honest,0.23122598312427614,-0.012267248831001479,4,0
menopausal,-0.07925736847623785,0.24953733453627688,5,0
water,0.11238867488073744,0.20171170908054037,0,0
hit,0.1856488119971698,0.1250422227317556,4,0
organ,-0.11181447010331838,0.09116298757205467,0,0
commercial,0.15032871522142255,0.01984732074098015,4,0
complex,0.007391793240038003,0.09065600500144654,5,0
alongside,-0.06656228153027294,0.08294412097700038,0,0
waist,-0.10436510188328463,-0.04771441565398824,2,0
upper,0.028622875897986386,0.21035602475969906,1,0
confidence,0.04920517226183881,0.07449791155055682,5,0
mayo,0.0007523507409799673,-0.25874550055339807,3,0
alternative,-0.03499587744248578,0.12528471883302872,1,0
annual,-0.0497557034488347,-0.062286999540835955,3,0
endpoint,-0.173700032795956,-0.10833490269744261,2,0
actual,0.11997520995758217,0.01659483143306016,4,0
entire,0.06223392211652791,0.13499755946990788,1,0
weakness,-0.10384801596657524,0.1101879769763664,5,0
wait,0.23642793748407925,0.07410443738572513,4,0
job,0.21276835976508637,-0.017623033873364533,4,0
prescribing,-0.06064561974912869,-0.05121773111677707,2,0
cardiac,-0.07213001379824256,-0.1256746839443433,2,0
foundation,0.015404792452796478,-0.2044129542918688,6,0
modify,0.028588713880838338,-0.09849494290678222,3,0
noticeable,-0.07545949611566313,0.2106439615837117,5,0
deepening,-0.04120395242958014,0.2817782378640005,0,0
tenderness,-0.0953874844589571,0.2639322332405778,0,0
james,0.23843294636760012,-0.22617093493120113,3,0
eckel,-0.062236955697946655,-0.1595398013223567,2,0
field,0.05436530410048113,-0.13023154339084173,3,0
eating,0.11453843973118427,8.100349541428034e-05,7,0
medium,0.11040891868620734,-0.1315678271871869,3,0
google,0.06501303575884368,-0.07475369045416676,2,0
vegetable,0.19540639926328673,0.31214023587827083,7,0
block,-0.08675510089803413,0.20478687388255234,0,0
clomiphene,-0.09289898566672083,0.19322569241714152,0,0
hemochromatosis,-0.2662640322632831,0.19455069305895142,0,0
oxygen,-0.1373697854958123,0.1988600495936163,5,0
reward,0.15244856091243225,0.035629300914674304,5,0
nonspecific,-0.04518843255028317,0.35972867485555743,5,0
consumer,0.18803996575473314,-0.10508417844311209,4,0
attempt,0.010262995094566456,0.12878909255976864,5,0
regimen,0.08154046561191892,-0.03129324744469386,1,0
effectiveness,0.01969641803545259,0.04507298186356109,1,0
washington,0.12430917641632482,-0.2061670493790731,3,0
harm,-0.14726602546150383,0.12146433755523925,0,0
initially,0.0279495458988371,0.020436589822922832,4,0
fatty,-0.08608867207634104,0.2807611994512637,0,0
variable,-0.13646334959447695,0.09323448645699925,1,0
pre,-0.05835977222495899,0.012041495399666821,2,0
relatively,-0.15445317916716225,0.10154130145990788,1,0
optional,-0.3738781602543528,-0.09794654978097435,0,0
particular,0.002909264350005264,0.0034421932771730715,2,0
entity,0.38823805907142867,-0.147115636065867,4,0
testes,-0.14204327341585582,0.18756227958467334,0,0
view,0.17700669221539062,-0.10331388529511987,3,0
importance,-0.0034127783408021994,-0.0549248731155244,2,0
replace,0.08502346092012886,0.11318768246475326,1,0
consist,0.03778299383686368,-0.08321521976088393,1,0
complicated,0.12385261948302195,-0.031874557373376335,4,0
unfavourable,-0.3904721039275899,0.18718055452212284,0,0
concerned,0.1321908082424129,-0.07062573516515286,4,0
definitive,-0.1634803210708017,-0.02805533206112025,2,0
capsule,0.009095620356687465,0.2599173225499985,1,0
attend,0.1695934917097946,-0.026847691313030157,1,0
world,0.09300335196732448,-0.18627898529775144,3,0
attach,-0.08448294292470644,0.29836972194769656,1,0
calcium,-0.09446214052156816,0.15123969160122824,2,0
personalize,0.17161445427236954,-0.1239817606092298,3,0
thoughtfully,0.30056432047746023,-0.23630367933195043,1,0
intensity,-0.00989116291033208,0.20753707709607142,5,0
scrotum,-0.12999616857119978,0.2425022935665007,0,0
touch,0.07627101583697087,0.13989619682810495,1,0
definitely,0.11930125895221308,-0.06404834440617957,4,0
white,0.03973433416795343,0.25740740976733806,7,0
slight,-0.12191196734243222,0.1805654036816842,1,0
prevalence,-0.18037508378602599,-0.09568898745939396,2,0
enlarged,-0.10960237268943787,0.18325410144585483,0,0
challenging,0.09051307980177802,-0.07809187738681941,2,0
nasir,-0.12641906467016595,-0.039895567958881134,2,0
luteinise,-0.17218935534486626,0.1454651543923948,0,0
preparations.421,-0.29702359561958,0.33171753701925144,1,0
spend,0.1678084137858905,0.01644291597117727,4,0
ed)will,-0.4174790878535057,0.02027764066907198,5,0
unlikely,0.012756554646559113,0.1424003869893419,0,0
instance,0.08097228073157206,0.09796268472234063,0,0
getting,0.16245512023823785,-0.019281721020014346,4,0
spermatogenesis,-0.17117733047985212,0.11148710525186266,1,0
assessment,-0.005316500658605768,-0.14421935269252384,2,0
willingness,0.4510369496201337,-0.15579271081105217,1,0
tie,-0.028384907001488668,0.1364682822167541,5,0
exacerbated,-0.46911442671051873,0.07128799244250388,2,0
device,0.09154300556365984,0.2071963992710357,1,0
rebalancing,0.4565405515657114,0.2591579382821071,1,0
vascular,0.07124910669661946,-0.09657771496791435,3,0
hospital,0.18878005373536466,-0.3101464419185717,3,0
website,0.1281776675699684,-0.15913427990183146,3,0
happy,0.15054626437766724,-0.01594332413225219,4,0
division,0.09513130640718649,-0.3862239162154345,3,0
compound,-0.040837534411723005,0.13352164461864224,1,0
transfer,0.08164676465598834,0.21290828636631995,1,0
location,0.16116285738534641,-0.029026868871917508,3,0
hypothyroidism,-0.20734608641470847,0.16529970612232894,0,0
action,0.03496132870260397,0.11175289306124882,5,0
set,0.11965701130274835,0.047000180332824604,1,0
discussion,0.057857033288716615,-0.07217622742867583,1,0
national,0.07943009391011868,-0.2405305643428327,3,0
dosing,-0.11349664383810915,0.14388958120103634,1,0
irregular,-0.05197327038601212,0.28753559178896304,0,0
intense,0.0954265564973011,0.4947701219948175,0,0
surround,0.0318870496443793,-0.12411079727008008,3,0
canadian,-0.07914267792002277,-0.2305457380319799,2,0
forward,0.16860376579183617,-0.0614330677022602,4,0
hypergonadotropic,-0.30855946029539366,0.14481213163067114,0,0
safety.30,-0.24189402338303628,-0.20663150383051482,1,0
flood,0.2091699680760725,0.282186865026549,0,0
sedentary,0.04840364002145683,0.2617042635037261,5,0
dedicate,0.04608245638263237,-0.1392791511340341,3,0
depressive,-0.15885446493273997,0.0433782970257018,5,0
utah,0.24450927497273517,-0.15671262407699993,3,0
educate,0.1626854533275357,-0.03556744666313047,3,0
fashion,0.028258063538365026,-0.17938090563082199,2,0
sort,0.20380630947701656,-0.013666979034032046,4,0
recognise,0.08431237341920451,-0.04562220161924411,1,0
obviously,0.18824148651142855,0.11458253449649058,4,0
walk,0.17224717753346275,-0.045285917105954844,4,0
quiz,0.13736311388190575,-0.038207713539589336,5,0
invasive,0.006280624411204463,0.07501293900906561,1,0
definition,-0.04980553989004803,-0.11106927090527534,2,0
commitment,0.06994120096191701,-0.08598549430314874,1,0
prostatic,-0.25387676191992,0.11149018039115938,0,0
stick,0.12846070337065574,0.10678118431893786,1,0
i.e.,-0.12660415458248606,-0.019607018021017247,2,0
click,0.20412931062230807,-0.08583612469567015,3,0
expectation,0.09916809809426022,0.1476845236353407,5,0
course,0.04461184259746237,-0.04442851293482569,2,0
amory,0.20778124499771536,0.09544944942589925,4,0
decent,0.4225777651376051,0.04326268689407297,4,0
specialized,0.10045874512320076,-0.11915990349701974,3,0
height,-0.1575850884718567,0.19938821112132477,5,0
contrast,-0.15933470365361285,0.18113604836681144,0,0
butt,0.3271102128223895,-0.15663793485592734,4,0
documentation,-0.14845199639502465,-0.1968376915004268,2,0
abnormally,-0.17096518802888883,0.03658543728006257,0,0
accept,0.07947976713798989,-0.06605788935072253,4,0
states,-0.030256418023838428,-0.17243538030879113,2,0
temporary,-0.038078032242930056,0.19647978133148045,0,0
adam,-0.01100538898303802,-0.07762544024173021,3,0
comment,-0.09436978853756682,-0.050493390876191833,0,0
immediately,-0.043541091820599856,0.08394019530814192,1,0
comfort,0.1811934496151111,0.1288324359424699,1,0
startedinjectable,0.3113152544066714,0.2860991100669409,1,0
diminished,-0.32094032071109824,-0.24751350059876148,5,0
increasingly,0.08401528003216598,-0.09154216974762287,4,0
cmp,-0.3108890727397584,0.11466365030167223,0,0
propionate,0.0482223597374779,0.3531731404187105,1,0
conclude,-0.029318917751727985,-0.10142061207719685,2,0
audio,0.2267962633287995,-0.13647181669765734,3,0
reaction,-0.15755939924450665,0.20568120993282457,1,0
slightly,-0.024249024094342264,0.11103687751891121,2,0
baylor,0.14448997092975277,-0.19156673681553618,3,0
british,-0.03889103826434229,-0.31964660471022066,3,0
discreet,0.13581632658090675,0.3425393267985882,1,0
absolute,-0.12830703262551682,-0.026660031625702237,2,0
mimic,0.03667594096405067,0.21033485495320625,0,0
afraid,0.35374965801343705,0.050467401738769554,4,0
environment,0.15959903681208643,0.030714639819178696,3,0
primarily,-0.0878696036617119,0.18133282877566995,0,0
unable,-0.07942226000854204,0.18132948708422644,0,0
inhibit,-0.13118398638306006,0.215513751235302,0,0
accidentally,0.16312371693951982,0.33293056822859046,1,0
transference,0.04120419261091307,0.22622929510913686,1,0
menstruation,-0.06615072545865636,0.09853928660061756,0,0
cause(s,0.1625267276619221,-0.2513825813255576,1,0
public,0.1063223526838745,-0.21820659007908766,3,0
handpicke,0.23456681639854568,-0.39652504221034085,3,0
sinai,0.04567394684235289,-0.28838519267553386,3,0
counseling,-0.13926915706478718,0.0667921652717146,5,0
relative,-0.1272120608346941,-0.057862478910522715,2,0
podcast,0.24674266536865114,-0.14806902159029658,3,0
overlapping,-0.40602251471670414,0.023901120105426294,2,0
complicate,-0.13043459948579106,-0.04990894504259346,2,0
disrupt,-0.03488805987740667,0.1858038956670734,5,0
bph,-0.2992682361404098,0.024215216884897018,0,0
misuse,-0.09554397504773379,0.0369856662114289,0,0
million,0.17129735640660684,0.15286818864219523,0,0
therapist,0.26231584330852414,0.13740591885389217,4,0
methodology,-0.11601392142846093,-0.12677110548335707,2,0
behavior,0.08704882256042334,0.04506071426802762,5,0
dress,0.14954104391824033,0.37635718369147464,1,0
anawalt,-0.12210619830882433,-0.14980484991522405,6,0
enanthate,-0.016632970281153552,0.1909487711185307,1,0
boron,0.17222008600144958,0.4151953951093572,7,0
clarity,0.15173510188575187,-0.03965018828696433,5,0
certify,-0.033988050749967566,-0.2054452870229781,3,0
board,0.019092436314065243,-0.29273229692699837,3,0
unequivocally,-0.19327412189864837,-0.20804286039487668,2,0
vascularity,0.02365882964313364,0.5583159921707315,1,0
future,0.0427705277032678,-0.03509305682939874,3,0
accumulation,-0.19519902376169543,0.2367697397742091,5,0
orthopedic,-0.21347616253998963,0.35700572229629596,5,0
face,0.11809813892690121,0.10242626548946386,4,0
funk,0.5026154755489856,0.3015670400941933,4,0
causative,-0.49627062637715225,0.061567202823892477,5,0
unclear,-0.08373205789131526,-0.057220287169304954,2,0
nonsmoker,-0.06142907244363426,0.4248426877801122,5,0
overeating,-0.13251165347465169,0.34918103750812085,0,0
resemblance,0.3336569651586046,-0.3105195693763583,4,0
vigorous,0.21882137596672788,0.1702696007760634,7,0
discrepancy,-0.33460682439939105,-0.1672573721366942,2,0
bioavailable,-0.20579526308419285,0.09953651857985649,0,0
slew,0.4269008089783982,-0.13524169891957996,4,0
metabolization,-0.0026196728909827927,0.498198581386386,1,0
percentile,-0.3884222840389249,-0.16476114660998065,2,0
dilemma,-0.27672603947978736,-0.274531196600342,2,0
roman,0.44442238524327815,-0.11976751077381363,4,0
dl).437,-0.1042380605111459,0.5396795201573644,1,0
periodic,0.13404169789618828,0.00657301003709478,1,0
correctly,-0.021459561703652395,0.1806021748641308,4,0
infrequent,0.07843898567445423,0.29367970840774654,1,0
couple,0.23517061161270916,0.0924883410486326,4,0
document,-0.04739619190538948,-0.12121328420309926,2,0
science,-0.050359655617976416,-0.24839631035054874,3,0
college,0.12808973130156243,-0.2857401743048279,3,0
admission,-0.2452605440695195,-0.4451895896781174,2,0
nanogram,-0.1043157351451761,-0.07548247850270028,2,0
meta,-0.17553694230438918,-0.13224957052924455,2,0
androgenic,-0.053600050496017064,0.17871750904975084,0,0
hinder,-0.016433142957202804,0.6010259181750851,0,0
resistance,-0.10702714833660411,0.12399433378046006,0,0
receptor,-0.13475835917086457,0.1401611201754424,0,0
implant,0.05731875571202068,0.21691401449755665,1,0
thank,0.2483365465789755,-0.106399197304434,4,0
memory,-0.08945982816354756,-0.006492696405104732,5,0
platform,0.19815798124529094,-0.07353621807615596,4,0
scientific,-0.027047831307320854,-0.32610330249598146,3,0
shoulder,-0.09311425779454371,0.1763931622014529,1,0
clearly,0.0028979174028918486,-0.012406606118708753,2,0
headache,-0.09890362915459877,0.2345500170535256,5,0
downside,0.17006602261799794,0.13824987710144102,4,0
recovery,0.004114548649703597,0.14505302904086093,1,0
stuff,0.26012116262753315,0.10498432666032287,4,0
overview,-0.04617281475851607,-0.14196569973145945,4,0
situation,0.08921323200172103,0.03188316973406152,4,0
dietary,-0.019542702258345094,0.09846744611115041,7,0
brand,0.033315033651458104,0.10475504056556881,1,0
useful,0.018969724104188304,0.11376725873775241,1,0
united,-0.043569730343620126,-0.1611694615648083,2,0
write,0.07084219180211598,-0.229371130017355,3,0
resolve,-0.011804664401681389,0.10652603647967804,5,0
haematocrit,-0.1948167806996545,0.1203426702458873,0,0
hope,0.18580012828347933,-0.11141789473221379,4,0
acquire,-0.21576154862153757,0.13731668796678212,0,0
nose,-0.04832220168506889,0.1921863780725097,1,0
oxytocin,0.11758036049185461,0.5524525856918417,1,0
enjoy,0.1741376623700997,0.03572140075672441,4,0
threshold,-0.0952350648822905,-0.05696980435107679,2,0
physically,0.03173167277565597,0.09338707958208577,5,0
social,0.00938381194669107,-0.08888851478865195,3,0
indicator,-0.0696311130136868,-0.046259936786041636,5,0
fine,0.2204266056990737,0.13448351877148845,4,0
cite,-0.10627357029535055,-0.29667870975194727,6,0
wrong,0.17257505208865248,0.042910230980614354,4,0
warrant,-0.13179915275471996,-0.10177459644435821,2,0
intervention,-0.10635416063296921,0.07229143817685157,2,0
appropriately,-0.05134852034090775,-0.013811328002800303,2,0
frequent,0.06239536777469372,0.1732105264018362,1,0
market,0.1279961507305496,-0.00817780636062182,1,0
rectal,-0.17964602427791615,0.04967884734234383,0,0
message,0.20533723433752557,-0.09843642416613835,4,0
majority,0.058626354259594254,-0.010289214113257563,4,0
beard,0.02560019147637401,0.2537632947838195,0,0
lung,-0.1911195679418421,0.057692600307458014,0,0
assistant,0.07106672978532998,-0.1607502306031009,3,0
atrophy,-0.12886867511053984,0.2055019666586046,0,0
update,-0.03764821498457701,-0.22980202204818995,2,0
structure,-0.05079399243798553,-0.0332514239295881,0,0
technology,0.04449709372819699,-0.1644180276361162,3,0
exposure,-0.12061944586695574,0.20863803692242588,0,0
negatively,0.03762769665701467,0.13601378961787808,5,0
consumption,-0.006846851432650219,0.23751411934315306,7,0
summary,0.017912606023034988,-0.21925679458030026,2,0
opportunity,0.14007311853184076,-0.030147155320405336,4,0
realize,0.07341123356519696,-0.0021379993944357916,4,0
depth,0.05116950320709883,-0.09292755002974795,1,0
distribution,-0.051262375502448734,0.024840565257810327,5,0
volume,-0.21128118541746468,0.08985952876857202,2,0
preclude,-0.6042306270696208,-0.0014556456571757444,2,0
bph.59,-0.39417636697109937,-0.24774271342375032,2,0
date,-0.027439924433793055,-0.23918542969727474,3,0
regain,0.15815430952568274,-0.0015031785542951295,5,0
obtain,-0.013735917347869282,-0.0604334948769245,1,0
dihydrotestosterone,-0.1292093005279027,0.17232909534160643,0,0
clumping,-0.10964973904596967,0.5033645374319968,1,0
nope,0.5249107980929157,-0.11286582128581787,4,0
news,0.11005361124904764,-0.21722054627256815,3,0
send,0.033273639736779693,0.16839062755064896,0,0
cortisol,-0.051884417981601656,0.23429059644867473,0,0
transdermal,0.03739452104633514,0.23404973635185045,1,0
chorionic,-0.12897401918329943,0.15765376240840842,0,0
never,0.15185059695748693,0.09414872153441446,4,0
messenger,-0.21560790543435301,0.2721493857803054,0,0
aveed,0.29180677915752823,0.17252567937286378,1,0
smoking,-0.09000433961122499,0.10981598964165244,7,0
deciliter,-0.12120946679285752,-0.04289959941582252,2,0
exactly,0.1990131797268447,0.05865699970712456,4,0
booster,0.08054756674988924,0.04450172315250989,4,0
ester,0.06003555238846805,0.1965828053323488,1,0
advertising,0.11296757428977552,-0.19049625597222575,3,0
hiv,-0.2275560819775905,0.11790211201554081,0,0
impersonation,0.4679615294521563,0.11332487639941156,4,0
internet,0.05318802719163845,-0.1995924914338885,6,0
imbalance,0.00034874902995585326,0.043463869191184036,0,0
society,-0.08316564720666744,-0.2764501875393535,6,0
table,-0.11093628224386909,-0.10135200358634869,2,0
serve,0.12185505514941045,-0.11429386810441174,2,0
initiate,-0.09119083382919115,-0.14298314132451023,2,0
precursor,0.03062308891884258,0.199964609265134,0,0
claim,0.07632519978965129,-0.09781846901700199,3,0
interfere,-0.07648468739912206,0.1419162234204456,0,0
consume,0.14602656804075329,0.24970520489209136,7,0
chance,-0.009469801657689004,0.13132077089386668,5,0
maturing,-0.29764691464056686,0.25747625990040457,0,0
pubic,-0.14983365066601106,0.21369193088142915,0,0
connect,0.15986594745195662,-0.052168533723347905,5,0
examine,-0.10833467454997947,-0.062436523591417444,2,0
clinically,0.02988175021866303,-0.07143966746737268,2,0
muscular,-0.05937714156700404,0.17956129655468708,5,0
away,0.0824956867851256,0.16895332575384023,1,0
index,-0.15533789985984023,-0.21109593563875764,2,0
subcutaneous,0.0137587308010278,0.23800159167470475,1,0
preparation,-0.10852679067706555,0.2107213993265754,1,0
finally,0.0792686102207453,-0.001960093188415796,4,0
incorporate,0.08857866609777132,0.09901179408445805,7,0
qualified,0.22131497459069452,-0.060300483577327396,1,0
intake,0.08293116816199698,0.14261046879617556,7,0
semen,-0.14143460428779217,0.1524161108839523,0,0
reliable,0.08760359669780782,-7.946276342217203e-05,1,0
loh,-0.17147950063112857,-0.018104210380121003,2,0
diagnostic,0.03321880994298403,-0.18646938815491587,2,0
aware,-0.06409500564216333,0.017323069791615783,5,0
train,0.16727279574370776,-0.07748821456812689,3,0
counsel,-0.08580345994890524,0.02157616222453281,2,0
reevaluate,0.4464900121192577,0.11132162846214247,4,0
sudden,-0.056635273031507845,0.09075057661068445,5,0
replenish,0.16259044364973801,0.15833704721798195,5,0
mission,0.13015309946109727,-0.23098138688001746,3,0
cessation,-0.1893700363017725,0.01377629986490846,0,0
conditional,-0.23876307113028702,0.019126129511534612,2,0
muthigi,-0.10413913254775742,-0.0327725857740982,2,0
invite,0.0842466835471252,-0.21432180324007782,3,0
unit,-0.5054072656118694,0.07003139989571684,2,0
originally,0.02237948230422691,-0.12237624018792742,3,0
demonstrate,-0.1615991654504035,0.06671837148692661,1,0
ideal,0.10915410164986714,0.145631573037085,1,0
dabaja,0.06585472656026385,-0.11261629459999753,3,0
inadequate,-0.14254548976436998,0.10906400891337649,0,0
inconsistent,-0.13368235044012747,0.0009686447760982089,2,0
analyze,-0.07445366339850898,-0.14146551390434528,2,0
inflammation,-0.24038893847379475,0.23649355976965594,0,0
healthier,0.37415036409459707,0.015502479425933455,4,0
osterberg,0.42671449834371067,-0.06384165221536095,5,0
unlike,-0.07348925068196586,0.10959175008552828,0,0
pure,-0.35245274895509543,0.29798203340501533,2,0
spurt,-0.21551207940747838,0.3694323114777449,0,0
reteste,-0.38824004579213467,-0.2318459390060497,2,0
strategic,0.3000449780709397,0.05229012525820398,1,0
densitometry,-0.30402428430818734,0.4286690639858135,0,0
commit,0.15103249050716044,-0.010715916976901194,3,0
delay,-0.14358235069431563,0.1777016949280939,0,0
barometer,0.12653999685559594,0.3737536314123726,2,0
huge,0.2463323207779456,0.08003203790314432,4,0
prepare,0.0701648259827684,0.25186347269938947,1,0
account,-0.04197837715681854,-0.055875140458417155,2,0
aged,-0.08072993664172728,-0.12733059375786368,5,0
analog,-0.07338154558972391,0.4420695679114061,0,0
persist,-0.042546909790532536,0.3323599032307034,5,0
headspace,0.42616073131630783,0.25646869598037275,4,0
injection).445,-0.22112928731317041,0.4253677636413717,1,0
enlist,-0.2582507540754811,0.28575540922667664,0,0
pronounce,-0.2842105359942173,0.10613843763973273,5,0
disproportionally,0.30968287098147823,-0.27934560238867706,4,0
select,0.0655381017220151,-0.03185800232613524,1,0
aua,-0.028520437932330788,-0.19483157299051088,2,0
member,0.055937992459065604,-0.1630689803265862,3,0
archive,-0.3563269464825023,-0.2310227827995461,2,0
count,-0.10340607066556956,0.18171445145692786,0,0
search,0.10926114230582337,-0.14831023327945694,2,0
average,-0.026090349384719075,0.01480070041434939,2,0
signal,-0.08154687637022798,0.21778542960918273,0,0
endocrinology,-0.2000348936545662,-0.34757182056491076,6,0
conversation,0.19076765481790806,-0.003536726540124709,4,0
dht,-0.0522786589632016,0.19562413060493056,0,0
interlink,-0.20317390248586814,0.547160248212047,0,0
simple,0.09896362739874706,0.052226830252924954,4,0
pharmacy,0.14424412020618924,0.035817552793111745,1,0
run,0.22983129113819661,0.04792244110194515,4,0
partner,0.15807493693641889,0.02303335281455851,4,0
attache,-0.2864016551999253,0.3654181327631379,0,0
drink,0.0742763866272896,0.26774674303311014,7,0
association,-0.07286556799238786,-0.1974113269729442,2,0
struggle,0.19934828088436127,0.04494206992708644,4,0
vitamin,0.08058870093732032,0.15428870200493577,7,0
practitioner,0.01283502968388006,-0.0840025278984759,2,0
super,0.25865119461393515,0.01997306056429867,4,0
wonder,0.22088123706037432,0.05689135876826052,4,0
international,-0.09306863131344698,-0.23170949648501046,6,0
track,0.13315546009651746,0.035886941689109386,8,0
attention,0.032093840176049875,-0.09023133253764222,5,0
inside,0.057407234355141154,0.26274968562040296,1,0
ago,0.19870791492005968,0.06837058403786182,4,0
essentially,0.12979167464190053,0.08457758509936279,4,0
plenty,0.19190617996320125,0.15382615640196362,4,0
academic,0.0835089381306041,-0.18768440403268374,3,0
lowering,0.4446011711392738,0.02192947684870295,4,0
comfortable,0.2136129266788594,0.061516372280891775,4,0
gut,0.32044200911434223,-0.11522121657024917,4,0
word,0.13110673016825458,0.09539306375872407,4,0
certainly,0.10034491246953585,0.0349819336893288,4,0
recently,0.06022248371401367,-0.12680723799632548,2,0
consistently,0.07331499175907677,-0.04544071813615781,2,0
contested,-0.34225311243593604,0.009132098864644531,7,0
retention,-0.06910408711049913,0.27013420959795387,0,0
journal,-0.08674996108474571,-0.27050689844650805,6,0
adiposity,0.3471171947961873,0.20859018777972466,5,0
break,0.07951819388289653,0.12146588459330208,0,0
inappropriately,0.053923894247763164,0.5154954930408447,5,0
ultimately,0.027533149559029753,0.030691406522993108,7,0
infarction,-0.26409861013801067,-0.037730688955516206,2,0
myocardial,-0.2617762210584397,-0.02253676752860611,2,0
innovation,0.24386493198144835,0.16769064360936295,1,0
abuse,-0.14170289669336036,-0.04614147056795098,0,0
noon,-0.3348019107443692,0.38625860509923104,0,0
separate,-0.051330578395562064,0.15309401700128075,1,0
nutrient,0.08106794696325079,0.12950861508932174,7,0
spike,0.040230941476632524,0.21863847575653542,1,0
frequently,0.006478500171687047,0.0354400738133117,4,0
supply,0.07468596888199669,0.20029076447765606,1,0
fracture,-0.0978071215476355,0.07880231557867425,5,0
adjustment.28,-0.38076369799740617,0.2399905284889462,2,0
modification,-0.09560895660135092,0.07046934444067396,1,0
mainly,-0.04613053885629131,0.009703744708718256,0,0
transform,0.15842777659149113,0.14434361366084622,0,0
popular,0.19846479833607664,0.00903916491306309,4,0
|ꚛꚛꚛo,-0.30963152997519744,0.007178907325059518,2,0
skimp,0.4187636598023948,-0.013773934453512054,5,0
factual,0.5241233784493237,-0.12665130526490692,1,0
guide,0.14381151469658124,-0.06635717663080355,1,0
careful,0.03305505753796262,0.06476305747860578,1,0
psa,-0.14901751900359989,0.005370599352241721,2,0
validate,-0.05474045931740594,-0.09067486845609685,2,0
preexist,-0.18517720389144152,-0.16836109956846487,2,0
breakdown,-0.17842948138133333,0.01530691850684675,2,0
enroll,0.2666906957306494,-0.13793605737476128,3,0
counter,0.17773209902955875,0.11792832105673073,4,0
brag,0.4829090128927241,0.147846599566881,4,0
cleveland,0.11906356155149395,-0.17780977104752663,3,0
institute,0.03012580028890257,-0.288166796800107,3,0
artery,-0.10048752697270592,0.07327278876722196,2,0
finding,-0.054151621415599815,-0.12257183840029337,2,0
needle,0.062184168684357166,0.27712214010948616,1,0
insulin,-0.10714211795395934,0.09053775593185315,0,0
initial,-0.048527040632022345,0.05722307940631764,1,0
iron,-0.0989888361101885,0.17708713533627288,0,0
success,0.08130397644298329,-0.03843835107895959,4,0
eye,-0.10442372361228021,-0.013498248926022917,0,0
insight,-0.054388813224030406,-0.07065629727779621,2,0
regulation,-0.031144406229474914,-0.007871597631177516,5,0
thousand,0.1805571205503173,-0.0870248148059671,3,0
mount,-0.058344264060773296,-0.2405539151944761,0,0
dad,0.5367842284032766,0.1362861403702773,4,0
reasonable,0.08964759063474928,-0.03242176763469037,4,0
okay,0.24916089195640964,0.03959670450064608,4,0
premature,-0.1249532650018728,0.1648737071275301,0,0
successful,0.1371644912044359,-0.007199834226793989,4,0
company,0.17862722368495965,-0.16675782947472245,4,0
circulate,-0.1530720832642203,0.13491891895902905,0,0
chemical,-0.09947330931728453,0.031245621283878044,0,0
suitable,0.06788890690884843,0.13208910092980475,1,0
welcome,0.24984597359169056,-0.11924587591757457,4,0
state,0.09113106002911277,-0.03860535295774719,2,0
relieve,0.13347179234791706,0.10599736084199303,5,0
m.d,0.0382436744047441,-0.24677604985642682,3,0
register,0.03221206677834089,-0.242148985270746,3,0
absolutely,0.24045569637112144,0.012184535581576792,4,0
trauma,-0.2345924765855916,0.1844390147504281,0,0
hypothalamic,-0.21463960064970328,0.10793479883297005,0,0
failure,-0.23373035883022455,0.031935685052322,0,0
training,0.10259351646248589,0.10141657007509114,7,0
hyperplasia,-0.25431191218685706,0.09425349511813515,0,0
cover,0.14354695991348515,-0.016932915129259363,1,0
thigh,0.027202900750331986,0.3129462584759282,1,0
subject,0.03172541679276308,-0.1515200206581574,2,0
etc,-0.02034118558274222,0.15694001315459444,0,0
antigen,-0.2272334599542977,0.05720504970068364,0,0
alopecia,0.04923497528117344,0.18755001664962465,0,0
ail,0.3468297786889818,0.0037676783501036336,4,0
axis,-0.12341133278696172,0.1459137523739341,0,0
deal,0.22458873853391761,0.08919216238972781,4,0
confirmed,-0.45861539450936656,-0.16215932876519998,2,0
minimize,0.12152795630557855,0.1113251076840184,4,0
standpoint,0.11739187429931396,-0.13120154485317295,4,0
quit,0.09388113379525122,0.1900986982188881,7,0
impetus,-0.1994490425188295,-0.29678281262166084,2,0
cent,-0.3818561467148053,0.09321270925514523,0,0
differently,0.07535917728847581,0.15028188901480333,1,0
inhibitor,-0.18319074342129518,0.06387065067903781,0,0
regret,0.11894776777337424,-0.29977624359073923,4,0
disadvantage,0.20361475185214647,0.20572530142846057,1,0
shrinkage,0.13240008748937454,0.14839908718357359,4,0
thoroughly,0.07605946531754149,-0.07683000522224002,5,0
large,-0.024347057642767064,-0.027838830535105476,2,0
override,-0.0844960263456427,0.3389647219805848,0,0
thirty,-0.24474798474338824,0.25208529588476397,0,0
inability,-0.08842545318580844,0.2119763768918037,5,0
https://themenshealthclinic.co.uk/microdosing-trt-the-future-of-testosterone-replacement-therapy/,-0.028839540528987195,-0.6979740028078998,6,0
considerably,-0.5118023969425934,0.2023931039906293,2,0
troy,0.2876817543295758,0.0816857435110728,4,0
percent,-0.0862187074085405,0.04299283295511942,2,0
email,0.18223281805760957,-0.12723437032121188,3,0
space,0.09443654382806889,-0.019971596325847312,4,0
absorption,-0.026301186681097575,0.2590800085949039,1,0
nasal,-0.017560019415219924,0.25366368674454215,1,0
opinion,-0.00732674838604503,-0.06209861504619217,4,0
undecanoate,-0.05703219221475307,0.23785907517294894,1,0
encompass,-0.07916533712845888,-0.19361086057823884,3,0
department,0.09410898806984903,-0.2746144794984615,3,0
digital,0.024108891358859453,-0.01581018017250227,4,0
trip,0.3057837394460834,-0.08455766380539037,3,0
relief,0.12533441259444897,0.09153012515915716,1,0
ratio,-0.1251348301989184,0.06147756343060039,0,0
duration,-0.11186841056181587,-0.019043519293490675,2,0
percentage,-0.051655117733205795,0.09714944620202252,2,0
mention,0.18958700269387085,0.06858765187405616,4,0
estimate,-0.18433899082004337,0.10924848886021434,2,0
advanced,0.05439047415801285,-0.18427423324118247,3,0
marker,-0.07445744475875639,0.03727010106326179,5,0
single,0.1496208499700084,0.02867660033980506,4,0
telemedicine,0.19766368736667647,-0.11161440390474134,1,0
caution,-0.007175733964755516,0.04212237593904621,2,0
challenge,0.07858389246924957,-0.013518848623037219,2,0
experienced,0.13202440929965936,-0.1287077002772136,1,0
near,-0.0018465012817086596,0.01857817845217379,0,0
suspect,-0.10079884120731487,0.0478422273194178,0,0
progress,0.081900222616731,-0.006466503012668347,1,0
basis,0.06733234560448911,-0.012594340043714233,1,0
easily,0.055433816670116876,0.16325602582805687,1,0
line,0.19289481281846635,0.05759810653101432,4,0
highlight,-0.03119596498761605,-0.1375589248158035,2,0
advice,0.12852073193688895,-0.08991652516359831,3,0
unfortunately,0.12904825224062058,0.04714289843159125,1,0
ascertain,-0.37453472907201557,-0.17977941099713277,2,0
versus,0.042314307195725244,0.029481234243445786,1,0
biological,0.05565265748582052,-0.04416055268643295,5,0
slide,0.5420097491263286,0.2319875182252672,4,0
thickening,-0.41284899830291233,0.27918944014992847,0,0
lessened,-0.24921195407632074,0.45503999461020816,5,0
physiological,-0.07192412477698062,0.07118723308706773,5,0
globulin,-0.17403916569802227,0.1862115309245242,0,0
past,-0.0022476469165029563,0.036064841837269296,2,0
service,0.17015764522097634,-0.1544472821502126,3,0
night,0.07231308774436203,0.11374464040520656,4,1
population,-0.10545829958901873,-0.10094012298083337,2,0
home,0.10457584211423705,-0.025619996315661725,1,0
damage,-0.10835643124112626,0.15326044731647803,0,0
malfunction,-0.5180014266271546,0.1310222834521712,0,0
endocrine,-0.16399239557479192,-0.20481544225833265,6,0
kidney,-0.1935718276811718,0.06976060569720505,0,0
surgical,-0.04544609417130951,0.02815560272873974,0,0
depressed,0.051841982406503825,0.11054324822232516,5,1
flow,-0.051318751587816146,0.2154809475435399,7,0
dangerous,0.11893537480521138,0.08388292589055032,4,0
recommended5,-0.4303351781717135,-0.09969609507429196,2,0
tom,0.2298016862360968,-0.002792111392735401,4,0
opioid,-0.19268028107982121,0.06303807296562199,0,0
whilst,-0.06584722283200181,0.11375074853963249,0,0
secondly,0.46623106778282897,-0.15327253092955412,4,0
specifically,-0.01601530809037378,-0.048288805059471994,2,0
purpose,0.011319277080391758,0.014494489980236457,2,0
baldness,-0.010370168465685796,0.22774229062734835,0,0
somebody,0.21952873064128495,0.01817156436249665,4,0
prefer,0.13474118479774247,0.07149901562935818,1,0
journey,0.19892067099772048,-0.032430550269210705,1,0
target,-0.0027624480690148514,-0.015096015336163353,2,0
fog,0.1386070074109928,0.11031129498163066,5,0
multiple,0.023890754482778002,0.021702377587140203,1,0
dry,0.07982738158251383,0.257505190810175,1,0
listen,0.23597916917578574,-0.09474104522107821,4,0
rise,-0.01941856068960602,0.02504999135593891,2,0
prescribed,0.17107491850957096,0.2452519174360128,1,0
minus,0.29640950028337437,-0.054386357799074976,1,0
specialize,0.15621117108892904,-0.09968562120494943,3,0
gynecomastia,-0.13497494202182247,0.1354272527272061,0,0
cut,0.03301838193934621,0.05461168610063235,2,0
disagree,0.16795595136612604,-0.17997670236778152,4,0
frustration,0.4785047854653152,0.17532245717957845,4,0
reliever,-0.32471353451736645,-0.12006652383509937,0,0
hematocrit,-0.09061991174389787,0.10296018149535692,1,0
tumor,-0.23083836155727772,0.1444811216047013,0,0
define,-0.08248294791519374,-0.02095197638533059,2,0
abnormal,-0.15525079443724035,0.07513911831022563,0,0
steroid,-0.1319430832199618,0.16289703835066874,0,0
infection,-0.22117626065055412,0.13310704133857557,0,0
hey,0.25549591478648565,0.08711371865121569,4,0
bmi,-0.1899320164995768,0.025823875198683472,2,0
consequence,-0.07444234024127613,0.01819991776963201,5,0
u.s,0.0490788308572028,-0.1470864960341066,3,0
lipid,-0.2592165560189763,0.14459039598202575,0,0
slowly,0.023298153286498403,0.189007220590563,1,0
physiology,-0.12866607924350412,-0.1616788011198621,6,0
vital,0.08644339167064648,0.08930697740224919,5,0
traditional,0.12069271393617166,0.007933148774664452,1,0
criterion,-0.07688967716938769,-0.020669566223964847,2,0
professor,0.051229836342488934,-0.22371579508982278,3,0
worth,0.11983834618670162,0.07271345007613747,4,0
idea,0.11776974034979588,-0.04114209838111011,4,0
clot,-0.0851419633539804,0.11699366453323326,0,0
benign,-0.2155338476500946,0.1551922769340094,0,0
previous,-0.0401962229903408,-0.0782108916810981,2,0
bear,-0.05110222707132697,0.1329407868286273,0,0
screen,-0.049179211928215005,-0.16438535280269853,6,0
repeat,-0.07790718027277892,0.0897503350972506,2,0
hear,0.24879631465972898,0.010892036869986197,4,0
connection,-0.1077099952501554,0.09677886363155094,0,0
anabolic,-0.04700982806082323,0.17660662649233683,0,0
preference,0.12612413010840953,-0.016161106890432285,1,0
plus,0.10219618792732957,-0.01773189193886422,1,0
wet,0.2691696507879051,0.4675977377784395,1,0
tool,0.01714187328347678,-0.09218671702773232,2,0
enzyme,-0.09741061360074305,0.2264821309756054,0,0
critical,0.08200570726667171,0.0630993943929179,5,0
figure,0.07741837272251562,0.07505807824651113,4,0
visit,0.16696650858087253,-0.10326159750251175,3,0
shelf,0.027210300527749667,0.4286023478634621,7,0
fully,0.12613692928451747,0.060093283292624165,1,0
and/or,-0.048367425531617374,0.04173051763709483,5,0
acne,-0.02607345489984873,0.21935956701196663,0,0
program,0.08862935555677136,-0.08782545529256985,3,0
family,0.10308866082832246,0.009197524782837078,4,0
measurement,-0.14176772864701678,-0.027309116672121506,2,0
urinary,-0.17022588983577525,0.07464459919537501,0,0
lean,0.10805322677971946,0.12812862535049255,7,0
steele,0.3110472289127605,-0.04005372284993577,4,0
interviewer,0.19590503979912385,-0.006052083891439772,4,0
penis,-0.005392601927621911,0.2811049401348869,1,0
medically,0.016784966372727347,-0.1705261679267433,3,0
cure,0.21147964551354181,0.0160068878762603,4,0
reverse,0.13874685851484578,0.03874019520910403,5,0
thought,0.11509023413059355,0.06575265333667221,5,0
advise,-0.09484843512734728,0.020079137922463297,2,0
insomnia,-0.007060793725345805,0.2525578624738903,5,0
john,0.16680393118759582,-0.29546958496394093,4,0
steady,-0.06433204121542176,0.20347653896946435,1,0
share,0.1392374520898195,-0.11069117659500032,3,0
completely,0.1944219766284163,0.10534001370353951,4,0
alertness,0.33031421728492544,0.35927475347396753,5,0
far,0.11549310355234167,0.058462816309490837,4,0
wide,0.06818345791734756,-0.056970928141124776,1,0
engage,0.0818158430045237,0.029919400857310915,7,0
prioritize,0.19957411217726262,0.12480731449785658,7,0
obese,-0.10880178921094204,0.02307180681552743,0,0
pet,0.3194835345634052,0.4208755247636519,1,0
spontaneous,-0.25371837115575624,0.22411194682347169,5,0
proactive,0.13443221341287545,0.05303410196241414,5,0
swollen,-0.028721965741055462,0.29114920378445985,5,0
tailor,0.0856746412556128,-0.01475965327379569,1,0
stage,-0.014294929530798015,0.11252469612131547,0,0
investigation,-0.19861890866088744,-0.11162918989932753,2,0
preserve,-0.007666417936590962,0.12136674553093478,0,0
content,0.14859240329140347,-0.09550472514036801,3,0
adequate,-0.0640171111457549,0.12152515282402318,0,0
adulthood,-0.12083035395607773,0.07126819671398422,0,0
agree,0.13970001614792119,-0.14348010925093632,4,0
ameliorate,-0.14291604856508433,-0.3213803490680928,1,0
quickly,0.13719954929803102,0.1194243882358013,1,0
injectable,0.03148431958065608,0.16100481868979666,1,0
mitch,0.2708623189759019,0.06410908968540807,4,0
remove,-0.04718060070644132,0.27252619570408393,1,0
request,0.05604453328451346,-0.03764175337760429,3,0
untreated,-0.12929618566997525,0.07160781305496125,0,0
polycythemia,-0.06910922559089065,0.10384840594389766,1,0
value,-0.043848279960301294,0.022730684446143033,2,0
|ꚛooo,-0.2904889067844507,-0.23526986993213284,2,0
applied,0.11389420219999995,0.5226000800410596,1,0
concluding,-0.3159511067098149,0.3532653145432893,5,0
cost,0.16987010494290128,0.027068295189319948,1,0
state.434,-0.4445250707459786,0.16886770179569036,2,0
design,0.007660829211191653,0.009791435191987278,2,0
err,0.5054132631052898,0.2626053107541793,4,0
let,0.206889290661134,0.08798618232549353,4,0
insurance,0.1732230196872589,-0.05737110551893658,1,0
decision,0.08519160763738842,-0.060329267677217725,4,0
genetic,-0.1869870432675194,0.12226267541757276,0,0
female,-0.11475156854148219,0.12688691622375523,0,0
hold,0.13797123325997196,0.08651461637617655,1,0
placebo,-0.14155075454759883,-0.05107231575759161,2,0
properly,-0.020900402633520013,0.15124455746501828,0,0
safely,0.0720216902464829,-0.009615630147315845,1,0
outside,0.031023484659206412,0.026088359700943923,4,0
frequency,-0.08242038833016081,0.09290659490900179,1,0
congenital,-0.24051106232706052,0.126172663608103,0,0
sensitivity,-0.15802449781609762,0.14822071061687908,0,0
e.g.,-0.10796457240508726,0.1159598144687911,2,0
feedback,-0.03314719810898175,0.05215197644965543,0,0
igf-1,-0.2653755869011697,0.06877077749000239,0,0
book,0.021227531106747157,-0.15208503134146076,1,0
supplementation,0.038484044379000895,0.05543485479314927,1,0
habit,0.10926541551387402,0.10854562102337145,7,0
enter,0.07670037053898694,0.11423391619605844,4,0
tablet,0.041634530413292146,0.30304207216111756,1,0
typical,-0.024024250180812976,0.05851808217543709,0,0
urological,-0.0244130271317087,-0.20520637811776296,2,0
deficient,-0.09605395166539028,-0.018134999589866065,2,0
elevate,-0.036082112061304926,0.20529843329594563,0,0
effectively,0.011430737866479669,0.060796964090756064,1,0
pro,0.06512649459621431,0.10773990935059705,1,0
scripps.org,0.4219998862692819,-0.17193497437107794,4,0
suppress,-0.02533282648533726,0.17026586817611084,0,0
lethargic,0.4027307486472318,0.4079801409029315,4,0
henceforth,-0.5177573813304107,-0.01368633719432263,2,0
rebound,0.5222504050036334,0.2208171229843151,4,0
ease,0.11298167444310699,0.17662032049193144,5,0
excessive,-0.09687489113577857,0.16789125152520767,0,0
kallmann,-0.2508756055652218,0.1353455314559853,0,0
questionnaire,-0.10227877994361316,-0.05286946524148752,2,0
panel,-0.02269554557302302,-0.1376911722878572,2,0
screening,-0.1849608803500553,-0.01995647523603663,0,0
clear,0.04966987056471677,-0.037391797919347144,5,0
procedure,0.035422202783276596,0.08952537224102039,1,0
half,-0.002764134800138572,0.08316383820222757,4,0
sample,-0.06694384367068291,0.02937421929839907,2,0
therapeutic,0.0026246444745081235,-0.027239382606764152,1,0
area,0.03729544661592135,0.08135391239545045,1,0
motivation,0.06752451294047303,0.2167263694880995,5,0
nutrition,0.1271740182146002,-0.02228348645187021,7,0
detail,0.12116437854134593,0.03929678319520922,8,0
instead,0.05516947405737229,0.15360287641587717,5,0
fit,-0.0020691056932826933,0.09444949651924948,1,0
recognize,-0.03053469808649215,-0.0673870586053098,2,0
label,-0.06743536371589469,0.05140430327106826,1,0
open,0.009734674473627983,-0.006814281690011638,4,0
deep,0.10018147459536936,0.08660529714079467,5,0
adrenal,-0.15897683797409512,0.14298737883900325,0,0
klinefelter,-0.23988824997553315,0.1474776617066621,0,0
rest,0.051635798229159056,0.1412100812238158,5,0
irritation,-0.005172372570880268,0.29620159610296126,1,0
gradual,-0.00024092717474056088,0.024321592176785544,5,0
mild,-0.06729933746591364,0.17562901268595116,1,0
love,0.25515007302765025,0.009292976058481112,4,0
worry,0.11955256718716706,-0.0019523187718393426,5,0
proper,0.060026680484822015,-0.002479324322200495,5,0
additionally,-0.02944054646591368,0.032958826168674134,0,0
shrink,0.055428285953225236,0.20989409022187916,0,0
analyse,-0.31762476494025454,0.33298731503736345,0,0
describe,-0.08027760026300444,0.043735463055064976,2,0
return,-0.00990539507752385,0.10254187941361224,1,0
external,0.01866927859912403,-0.017368335876979623,3,0
expertise,0.1101411645442732,-0.15912519173973583,3,0
devise,0.39215427323097546,0.2292382480049845,5,0
debate,0.38173791829769266,-0.0888829894504276,4,0
recognition,-0.12656207018319013,-0.33331821625270325,5,0
con,0.054255572069400564,0.08521214096052576,1,0
site,0.042872200826718325,0.11398355341962606,1,0
fluctuate,0.005255748875922711,0.11928120167885724,0,0
monitoring,-0.032348587802479616,-0.07238656966435839,1,0
continue,0.0233928087154597,0.006319983943841591,1,0
link,-0.025710549585594985,-0.005448852895191006,3,0
hot,0.008794840299518665,0.10799661843915462,5,1
follicle,-0.07718423584618851,0.16982273752732222,0,0
arm,-0.0372530152247187,0.2193635607930493,1,0
paper,0.0062156877226874595,-0.17203398614769458,3,0
internal,0.014549366361101828,-0.11836533479891174,3,0
approximately,-0.12149171135670675,0.056040322946915036,2,0
cypionate,0.005722874724106544,0.17026609037346738,1,0
pretty,0.24426311919357052,0.029569262502669117,4,0
prove,0.09054465590447218,-0.017261436584874237,4,0
closely,0.02623982282417608,0.08223674903964015,5,0
pay,0.25376081162686837,-0.01795447043734475,4,0
enlarge,-0.12353352048272326,0.216986161481229,5,0
overtraine,-0.41541546742060953,0.2934505271911251,0,0
additional,-0.1286148555108544,-0.03133581210573025,2,0
miss,0.09832492460930023,0.021355953812238086,4,0
cycle,-0.056721520168389696,0.13318818612145278,5,0
rule,-0.012679084175470534,0.09781409114341702,0,0
picture,0.05018057454351415,0.06966533188024954,4,0
stickler,0.5726748257967317,0.12276698717047806,4,0
peak,-0.0679144324211319,0.14190093217438723,1,0
choice,0.04341443266787791,0.0655582896453183,1,0
fall,-0.07378206741497902,0.008450376834475302,2,0
dwindle,-0.23484343963902402,0.3846659078111575,2,0
prior,-0.012928064881918727,0.020984587512981955,1,0
scott,0.27675089065224506,-0.05884505492229492,4,0
tissue,-0.06866359497390427,0.21953742229183018,0,0
estradiol,-0.17371572931925994,0.09339331128083182,0,0
laboratory,-0.06661825458278485,-0.17317919841658466,2,0
build,0.05337892258816368,0.12076590893673526,5,0
contain,0.01630570993942251,0.1172830420589975,7,0
evaluation,-0.021686027514349556,-0.13298462145960677,2,0
clomid,0.14407152987511454,0.16547093677138666,4,0
extra,0.0286875562340028,0.17469492014576568,0,0
hand,0.09495586990880174,0.1972091972187069,1,0
customize,0.17833262185655305,-0.015257144279215228,1,0
author,-0.0794787150082134,-0.2868967836009709,3,0
symptomatic,-0.14204385825676424,-0.00412884752714932,2,0
trigger,-0.047345866510179246,0.21930247511673479,0,0
complication,-0.049125650355134456,0.06286106862606612,0,0
intramuscular,0.020659129410932682,0.2536502172909996,1,0
mineral,-0.025776385017460664,0.12097598197573153,5,0
interested,0.009445697998933663,-0.05039793614275344,2,0
inform,0.011463573694052171,-0.1349426900010173,2,0
formation,-0.16793428164077306,0.199461499305567,0,0
carefully,0.0464868147804926,-0.031124517793889073,1,0
underlie,0.018760614199901982,0.07675179564996253,0,0
builder,0.22641814795399995,0.21307701628503198,4,0
feeling,0.10474675991359651,0.1617822240939875,5,0
influence,-0.003567844403875927,0.06705386732312998,5,0
yes,0.16232308109663351,0.010719240146921657,4,0
optimise,-0.009161463085078122,-0.006376802198577378,5,0
rotate,0.11314346786601392,0.3967159847033123,1,0
self,0.06404206272431896,0.15796636611834317,5,0
vitality,0.11537328474527207,0.024262655581358813,5,0
learn,0.1796857703917117,-0.04752974418868795,3,0
bind,-0.13149516686732998,0.12592994867701793,0,0
quantity,-0.019980705151404096,-0.013052676955040197,5,0
prolactin,-0.2051313762833291,0.13603474403968974,0,0
easy,0.15062294215113378,0.08821637553359221,1,0
rate,-0.16045264631566855,0.0907483828420075,2,0
period,-0.07694796542907141,0.08532918233924235,5,0
surgery,-0.04336919836125259,-0.09108232186590384,3,0
estrogen,-0.10243822756398072,0.12399411605221701,0,0
explore,0.0974774792351406,-0.05666477235710294,3,0
illness,-0.15573036867065895,-0.007110032119068059,0,0
understanding,0.005325739315318765,-0.017527171670869562,2,0
characteristic,-0.12450906995625978,0.08099931323939523,0,0
remain,-0.0858732343402999,-0.0038047157291033174,2,0
exist,-0.08188749725295866,0.033407597866433436,2,0
convenient,0.1416851064753929,0.027747704759542625,1,0
application,0.016693805914285608,0.1891384113204167,1,0
hotaling,0.21173822900387368,0.008140825157915385,4,0
ovulate,0.3763013334931474,0.29714012677123053,4,0
combination,-0.020189179262846982,0.0395128880341452,5,0
office,0.13085092506909918,-0.11093926671721836,3,0
soon,0.11960443127481277,0.030648829823316796,4,0
hemoglobin,-0.13542017552269123,0.0371633734946654,2,0
small,0.04993891899039316,0.14440258891429616,1,0
hormones-,-0.4193975033430197,0.3397390897342056,0,0
regularly,0.06752892063015661,-0.006041254431595382,1,0
physicians,0.06634868170901746,-0.4259559019240801,2,0
averse,-0.07515845326350552,0.4650159841911598,1,0
guy,0.19053400943211674,0.07420555908467512,4,0
notice,0.1292449837700391,0.11349019943199044,5,0
similar,-0.06353861566042036,0.05340073187194948,1,0
usually,0.09252597111307423,0.1428027580345213,1,0
anemia,-0.167800320815967,0.011826372719335421,5,0
hour,0.035705253867356394,0.14823017976725353,1,0
individualized,0.07907902545411774,-0.0480144079924153,1,0
hypogonadal,-0.17711111310928268,-0.03970999109226335,2,0
private,0.15555815623149996,-0.07803309054944008,1,0
excess,-0.11123034292853477,0.1501259403994349,0,0
major,-0.04307257681160618,-0.03532622955440113,2,0
obstructive,-0.1622123805300399,0.10625442463912771,0,0
degree,-0.023152079817876484,0.07558266075966262,2,0
wellbeing,0.1461308760390302,0.12571595519251313,5,0
reduction,-0.1243902159307232,0.15410024664499014,5,0
aim,0.06788671179026312,0.07537114049105093,5,0
overweight,0.016513837086708002,0.12485357512765197,0,0
story,0.23193699655525843,-0.05395890156536772,4,0
consistent,-0.0796247680128943,-0.014806216819505941,2,0
efficacy,-0.08448838738638197,-0.02614372960882693,1,0
close,0.006325893025655676,0.019847960345669664,1,0
alleviate,0.0725369169422293,0.1594838188901165,5,0
nearly,-0.017590499535427993,-0.13058808821327944,2,0
rare,-0.12341869813060438,0.17284539728685844,0,0
adverse,-0.15274221584624167,0.05375815052171086,2,0
attributable,0.22154124576536882,0.2703254698210619,5,0
human,-0.033586959694426766,-0.054612040337171035,0,0
researcher,-0.0034511218501241787,-0.11801273492486966,2,0
cream,0.08212447352591615,0.23784046030303255,1,0
attack,-0.10654100084646544,0.0096270330661118,2,0
severe,-0.029547106459202572,0.048916660541372635,2,0
little,0.1842655810726571,0.08274487903781595,4,0
fsh,-0.08956779755799746,0.22007174306494817,0,0
moderate,-0.12343668087656547,0.03710782972805488,2,0
shbg,-0.13648856582484273,0.11226507173723396,0,0
university,0.09377216282589987,-0.28159647765419404,3,0
hcg,0.010848388898088368,0.18789840643655453,0,0
stable,0.024309801203970815,0.11056841949863855,1,0
baseline,-0.09736986339000092,0.06291723943020808,2,0
limit,-0.0053199675313548985,0.09986349503349413,7,0
strategy,-0.11113327514409116,-0.05033541439581792,1,0
remember,0.14304707008332884,0.09808925323973174,5,0
endocrinologist,0.051876318092141396,-0.10423856580062649,3,0
bolster,0.3412191285875307,0.3181697945684876,1,0
fail,-0.13099239151574857,0.08768550681051554,2,0
gradually,-0.08631650127891441,0.1472662674204769,5,0
guidance,0.10964308056048502,-0.04231291002089265,1,0
beneficial,0.14344955471006185,0.06324914761229271,4,0
crucial,0.02870719192366352,0.09980048471347036,5,0
underlying,-0.03202701392761261,-0.0010478231976402124,0,0
draw,-0.010607966144879867,0.07295870371682413,2,0
overdraw,-0.28070364438160345,0.33540505840913354,1,0
twice,0.06442747387865809,0.2452532437528063,1,0
consultation,0.0857519538232894,-0.030043617468584752,1,0
troubling,0.22514870577694954,0.10802661444398164,5,0
delivery,0.040962800679765474,0.12349602009781523,1,0
main,0.10488459133798526,-0.052118315415682626,3,0
essential,-0.005352453329944984,0.12798562983415307,0,0
prevent,-0.03279575533861757,0.08822368284528852,0,0
allow,0.041986842579560424,0.09959950115176404,1,0
release,-0.08019891492018012,0.22725478443577668,0,0
yeah,0.25785893016074735,0.03899736645367719,4,0
oestrogen,-0.07467572985088884,0.18349625154990504,0,0
bring,0.10004090925351389,0.0003518040298480501,4,0
publish,-0.12438522508110918,-0.28112189075463145,6,0
metabolism,-0.049452738991637504,-0.09368755445869709,3,0
convert,-0.06851927217125824,0.1711884825555098,0,0
hard,0.202826312960509,0.07431097304640132,4,0
enclomiphene,-0.032078227536688445,0.1210243099647325,1,0
aromatase,-0.10652685435034645,0.16092855603490575,0,0
decade,0.00897648000315024,-0.10498674561514522,2,0
quick,0.16974038591681326,0.032133874516538215,4,0
advertisement,-0.04436428087912573,0.049039641354256515,0,0
manufactured,-0.39577948834204285,0.3391870370196541,0,0
believe,0.12404008726142518,0.0039828782568372256,4,0
food,0.13658543756372465,0.13446032547261078,7,0
fluctuation,-0.019117448792471153,0.16835632101898731,1,0
non,-0.0010093285701012246,0.0767772708670439,1,0
group,-0.10619214642271879,-0.06955484082224736,2,0
person,0.05997265986992961,0.036925524223226217,4,0
pellet,-0.04502214226417014,0.18397747569652245,1,0
reference,-0.15376120091148496,-0.17021731697405892,2,0
place,0.12187512868351798,0.10110532360466498,1,0
desire,-0.03558916808707377,0.09716473679719526,5,0
product,0.05445455378239955,0.06089681174385599,1,0
mind,0.030907395195941687,-1.6407383931827554e-05,4,0
thorough,0.10881984140687591,-0.07210505197802439,1,0
big,0.1578838530277055,0.08165279456929274,4,0
enlargement,-0.11445634369509955,0.12103846790731734,0,0
aspect,0.01702345990661104,-0.011355784741056288,5,0
sound,0.19936787840114567,-0.04876610931826907,4,0
true,0.1762164999008829,0.019880704937223114,4,0
undergo,-0.08701974734818761,0.0378676806647821,0,0
accurate,0.02523900503839317,-0.05363029379272593,2,0
discriminatory,0.23856099458647512,-0.29720300724939286,2,0
compare,-0.107389537606014,0.04815327895204207,2,0
orthinne,-0.45899332303243945,0.1406393807816231,0,0
management,-0.09835993329875635,-0.14363541627078566,6,0
short,-0.011284801600028923,0.1885576392753596,1,0
interest,0.08581588861387322,-0.10954589008121311,3,0
tend,0.052556477794375236,0.03478429982774228,4,0
adjustment,-0.04190685622246061,0.10598421980080402,1,0
personal,0.08697794459044492,-0.1025835704628724,3,0
list,0.10062895984717725,-0.09055220624912803,3,0
currently,-0.10341793891028277,0.038544535050822545,1,0
consult,0.1478003329355493,-0.08091441409945442,3,0
candidate,-0.0029983373065567186,-0.023638387054260534,2,0
alcohol,-0.04268704352325527,0.22295562239738506,0,0
alkylated,-0.3686919720605962,-0.2021416794389465,2,0
clinician,-0.05827550108017033,-0.08434312547838717,2,0
real,0.06923517348973292,-0.12340032704982092,4,0
helpful,0.11321702680964102,-0.07507038011402714,4,0
fix,0.11200286242479392,0.04566112505709089,4,0
ready,0.19572017207658413,-0.05016917129202491,4,0
report,-0.06107261655330986,-0.012017320215156559,2,0
urology,0.09895581013293225,-0.2702102662437444,3,0
solution,0.06924674308974174,0.08289623216336289,1,0
oestradiol,-0.10210379504484106,0.1972894535722303,0,0
literature,-0.05684089025477466,-0.1186184018033288,2,0
profile,-0.06362915294837063,0.04898469705116104,1,0
despite,-0.044117415781648274,0.03605732968015503,2,0
conduct,-0.06974394705685458,-0.13201953624300602,2,0
matter,0.12161877499759739,0.07838956848691578,4,0
bit,0.2376080290555829,0.04491800132564611,4,0
speak,0.05116921722336173,-0.11322617115128512,4,0
concentrate,0.061098888744791406,0.0995606464837313,5,0
composition,0.01741698854322137,0.004219584071733469,5,0
routine,0.06438356681867638,0.06083683152135629,1,0
administer,0.000453890302400263,0.14783109162831845,1,0
access,-0.019064106831332816,-0.17485808989710303,6,0
supplement,0.08867243055662888,0.011470904877200898,7,0
diet,0.10336531653327784,0.1653262886391328,7,0
turn,0.13294353032944092,0.013479152891557012,4,0
establish,-0.054544268159148354,-0.010060415614835769,2,0
weak,-0.10824423791063857,0.013633503838560478,2,0
emotional,0.05780221119061202,0.07824973898836778,5,0
anxiety,0.004164058558508544,0.17721010615481889,5,1
tired,0.20182445546827785,0.1450941276112739,4,0
explain,0.04076185693679733,0.02438033251355069,4,0
trouble,0.0738599838213144,0.1849095745414504,5,0
congestive,-0.5492227777565006,0.1192741961944087,2,0
encourage,0.07127613503386673,-0.022877556214420024,3,0
source,0.13894601500441026,-0.011349563636072101,7,0
fda,-0.08161343719881724,-0.0317198299503791,1,0
adjust,-0.0808418419167073,0.029769418541956603,2,0
number,0.04093837494345268,0.041455128331077604,4,0
energised,0.3647332001355846,0.40174257920904477,5,0
end,0.04551651256574011,0.03902086769293608,4,0
happen,0.02858294815405132,0.11696804459258224,4,0
difficulty,-0.032321348494871116,0.16780615752383105,5,0
difference,0.02166533418738743,-0.005491124588308588,4,0
reason,0.05745908582893931,0.044935575775359254,4,0
balanced,0.06736863132377298,0.1909015367535217,7,0
act,-0.0005496130548820288,0.17483611839479238,1,0
standard,-0.04288760056972908,-0.06216190589337069,2,0
middle,0.032437541376603804,-0.041957785910353894,4,0
recent,0.019012814776029976,-0.05811911498775063,2,0
chemotherapy,-0.21749593958669772,0.11370234286200379,0,0
response,-0.05743986864044915,0.06946150170464704,5,0
carry,-0.025482987762738718,0.0945740790031571,1,0
direct,0.07618541487942082,0.058103331497515016,1,0
flash,0.005381477995112052,0.0847598254791682,5,0
choose,0.06498374019258348,0.032390946906774895,1,0
grade,-0.1792325459569328,-0.061771383502403965,2,0
identify,-0.02661504772124791,-0.035041607477410905,2,0
disorder,-0.22944274688457492,0.003832990221663477,0,0
datum,-0.058932244029422313,-0.06584029877356154,2,0
child,-0.00698677805027831,0.07917641870091302,0,0
refer,0.01814032047177164,0.01660295751240501,3,0
grow,0.09337658522074276,0.05559692045165305,4,0
androgen,-0.1536202046853831,-0.038277642481528776,0,0
metabolic,-0.1954862456324167,-0.0451189273535394,0,0
irritability,-0.03819587932763157,0.21391194976625197,5,0
pain,-0.0442862112276769,0.22701002413444205,1,0
probably,0.16128660965274552,0.08794428454371922,4,0
exam,-0.06194830081775412,0.07215052470153004,0,0
respond,0.018804030692954332,0.10194667919366447,1,0
active,-0.026767090883525965,0.039972271809926616,0,0
addition,-0.015113042926028473,0.04844484305487655,5,0
negative,-0.056380967462161695,0.14480051908562613,0,0
difficult,0.04099658387655335,-0.014185606904478922,4,0
serum,-0.15826328046747548,-0.05724342115860053,2,0
bloodstream,-0.056102601806133925,0.23349111906845443,1,0
optimize,0.11188857980580444,0.052886731612201504,1,0
absorbed,0.2422747561747009,0.40126495955288,1,0
young,0.035270456332467316,0.04222856423776351,5,0
utlized,-0.3683020290029133,0.4185658479237764,0,0
patch,-0.0034915101331933125,0.24498811830043407,1,0
thyroid,-0.13862699978403156,0.18117387800509838,0,0
order,0.08185263059025541,0.022539481663680437,1,0
practice,0.012230662716297911,-0.16784592558088904,6,0
liver,-0.165565090944827,0.10441570512998523,0,0
topical,0.00821456658802153,0.21499365273778048,1,0
significantly,-0.07614023235708518,0.0017675224221672782,2,0
andropause,-0.02857916587858962,-0.04682081563517417,5,0
unique,0.05833049844460826,0.007351758690554537,1,0
meet,0.003985571293681569,-0.0444582783592772,1,0
voice,0.02408496997749662,0.18129717700452,0,0
formulation,-0.08570196189001868,0.05818051859806929,1,0
point,0.010508087602308282,-0.044914647284464496,4,0
correct,0.06140127752819609,0.04965034641392637,1,0
sugar,0.0889931490253436,0.199831597193666,7,0
center,0.1392788294172063,-0.22656995931202037,3,0
dose,0.016345183234207424,0.17049024988627437,1,0
hypothalamus,-0.18007478455349157,0.2042652041264741,0,0
daily,0.003157136957713176,0.09149833908502651,1,0
performance,0.07040711805306639,0.0990441304910046,5,0
address,0.06621685740902321,-0.043439119273925006,3,0
american,-0.06422321500495783,-0.2203226012529477,2,0
expect,0.03129027220271723,0.03878099430827896,5,0
ongoing,-0.007685026319619146,-0.04371425575636935,1,0
later,-0.03921871632443631,-0.022062894612834817,0,0
worsen,-0.0898252314326824,0.15406775168733222,5,0
wellness,0.1511913332067995,-0.06356679736969652,3,0
uncover,0.4447067588159116,0.3000632650533183,5,0
determine,-0.07452732779262544,0.029860512270352513,2,0
ensure,0.03340821749914256,0.01606307498433022,1,0
prepared,0.49940766530540226,-0.1040846308364603,4,0
history,-0.07947875883101578,0.0034538991477676365,2,0
necessarily,0.1825960304263957,-0.029885263933001914,4,0
sense,0.09759588087910975,0.16515658612545317,4,0
complete,-0.043469846990927916,-0.025782713558508356,2,0
simply,0.029255253339167984,0.0738620651999628,7,0
inject,0.08162364018424048,0.1944935339337578,1,0
promote,0.08127831384927757,0.1101480299948431,7,0
radiation,-0.2301593456905122,0.10238815146015497,0,0
positive,0.06203596297924248,0.09206820106559617,5,0
luteinize,-0.16096042563333332,0.09907198158962031,0,0
stimulating,-0.42772230265007094,0.3802486296000779,0,0
osteoporosis,-0.12419374877940337,0.10377373825385437,5,0
postmenopausal,-0.3814989513377532,0.3436578289215401,5,0
growth,-0.028845497435617207,0.17201468255567062,0,0
answer,0.09197503301314185,-0.046361564955417725,4,0
eat,0.13950091283591198,0.1881803518100047,7,0
poor,-0.05574284426382525,0.13998727508336928,5,0
present,-0.09809165565920332,0.013939661748762124,2,0
cognitive,-0.06361563532651125,0.04081088169701795,5,0
commonly,-0.02805488631755162,0.10028882406335085,2,0
outcome,-0.0047415069649896415,-0.10891762577038859,2,0
combine,-0.05235294431874642,0.08532130735537491,1,0
swing,0.07626317425089449,0.13490681121360867,5,0
dosage,0.029756599614435268,0.13552207436997782,1,0
approve,-0.05196768728180537,0.05216339222328249,1,0
schedule,0.03083798366796766,-0.06425990197973411,3,0
strong,0.029403922983243968,-0.012633904299679977,2,0
facial,-0.020578174316602887,0.24226739704783418,5,0
secondary,-0.1885098631009941,0.1000249525432785,0,0
signs.(moderate,-0.48739354888484077,-0.1685693634973452,2,0
play,0.07744545033321006,0.0876700697476452,5,0
gonadotropin,-0.1627270490568614,0.14626170659166918,0,0
comprehensive,0.017015220133345457,-0.03866775962774482,1,0
oral,-0.008146415170369764,0.19315987639346927,1,0
contribute,-0.08963400088583565,0.06613542915536291,0,0
topic,0.10202955374366093,-0.0669941980420971,3,0
variety,0.09025606318088536,-0.004248603199225826,4,0
concentration,-0.13589368522340137,0.12364967524972152,2,0
morning,-0.00887724502249195,0.11484489081688799,2,0
size,-0.006464631630330833,0.14845094175444112,0,0
improvement,-0.02769284908309844,0.07083854402789036,2,0
lab,0.05779109193360031,-0.08921866961906008,1,0
slow,0.03810793177941557,0.20292127391267073,1,0
chronic,-0.13893002200634916,0.07138580271250035,0,0
elevated,-0.10410423620454469,0.14160468563904335,0,0
directly,0.05439288268225818,0.12455352610700218,1,0
red,-0.0869230209417708,0.13353758079107314,0,0
evaluate,-0.030644418216609185,-0.051348755426362205,2,0
approach,0.031449961454669814,-0.05623189249155476,3,0
achieve,-0.03552987806667611,0.025035371657244156,1,0
administration,-0.065516706335818,0.04483790836603222,1,0
fast,0.07927805097574568,0.10335704805189898,1,0
particularly,0.012881234814442621,0.09341845247496079,7,0
decide,0.12684042085677194,0.029375129229373784,4,0
live,0.15941764590925933,0.003071977003430422,4,0
absorb,0.05952546476398796,0.23803678482886195,1,0
responsible,0.026300657492199477,0.13154519500592382,0,0
onset,-0.1827220500530049,-0.14069526167713214,6,0
bad,0.08931700837800163,0.06609706596266092,4,0
guideline,-0.10072560473533174,-0.20425235540590422,2,0
minute,0.10510280137581215,0.10518065191918635,1,0
puberty,-0.14675270355869663,0.04189475085372993,0,0
relationship,-0.008989704160320244,-0.031731941558435985,5,0
exogenous,-0.07151946339319341,0.12820453777222052,0,0
assess,-0.03984050383073646,-0.013390764340102865,2,0
scot,0.26983427119828873,0.051225801229636325,4,0
actually,0.10622917474965814,0.06441903458764466,4,0
regular,0.06919270473434361,0.043063243599420646,1,0
strength,-0.014586345651466647,0.08658150747442958,5,0
mental,0.08634705425074082,0.06452249586137072,5,0
monitor,0.005564467375803541,0.025193928399032506,1,0
week,-0.0015222749226663941,0.12985852736845416,1,0
enhance,0.09589360367716052,0.11918162824787616,5,0
potentially,-0.050163646526889594,0.08078726000664749,1,0
reach,0.0758679852795884,0.04002796405150048,1,0
event,-0.15326688404859673,-0.06422657959960178,2,0
stop,0.08735121617705771,0.11888023543123857,4,0
sure,0.1742077207935857,0.060995542239725954,4,0
want,0.17613880627595274,0.07230358646008973,4,0
fertility,-0.021209366544294943,0.07978149784517863,0,0
prescription,0.10164436527323928,-0.05751621086328332,1,0
appointment,0.10912123175041707,-0.10838457574299402,3,0
defy,0.17584557271522458,-0.006683704200906732,1,0
appear,-0.09244001149874702,0.012962920594976626,2,0
pressure,-0.01876589542510387,0.10888896581687921,5,0
syndrome,-0.22273480106004007,-0.03047081689158599,0,0
placebo.53,-0.5125023947813984,-0.10294490771968481,2,0
sperm,-0.03264858924426195,0.15700641608612603,0,0
apnea,-0.10484925751242417,0.13772323217398777,0,0
begin,0.049425713374755396,-0.014289008213350956,0,0
psychological,-0.03186059900093191,0.08290050592761775,5,0
safe,0.07237228805897737,0.027063926988019547,1,0
possible,-0.023404780666477273,0.008684634517504118,2,0
online,0.012807523861645291,-0.24854837781594882,6,0
apply,0.01199686915226055,0.24409824878591366,1,0
analysis,-0.179887318131631,-0.07052579657788463,2,0
stimulate,-0.11645674305613528,0.19982330506941282,0,0
ovary,-0.10405399249201217,0.05498027670918223,0,0
system,0.03347568861146644,0.030039123699368595,3,0
lose,0.11991561460010573,0.12764492506917724,4,0
clinical,-0.10036188281847698,-0.20583678235174718,2,0
cell,-0.10990709300351122,0.19932704810357826,0,0
skin,0.0030131823041526463,0.2259598955818982,1,0
read,0.015410879307693123,-0.04355081723968617,3,0
recommend,-0.06457902819495925,0.05673792857496782,2,0
drop,0.024614397209844808,0.06084594713633491,4,0
available,-0.05536120854245259,-0.12572207852652698,6,0
ability,0.017812339931524743,0.13021198814760143,5,0
protein,0.05176120590466106,0.21341402768781303,7,0
add,0.06461691299223343,0.08413445977218625,7,0
protocol,0.01016663728444811,0.03711611493866664,1,0
testing,-0.022112108578965575,-0.094416780173025,2,0
physician,0.08401363218730043,-0.11380208775558086,3,0
hamper,-0.4614469315570201,0.27957115833505103,0,0
development,-0.11348877388724694,0.061410980934453234,0,0
new,0.017843690340372354,-0.04942186254130652,3,0
goal,0.10420675610316069,-0.0038921687010771548,1,0
control,-0.010988067290169542,-0.024586001067775132,2,0
likely,-0.02462758117442213,0.08793710837368736,2,0
receive,-0.025229282476439626,-0.13123079967689627,3,0
case,0.023424122543038255,0.06862149046523107,4,0
healthcare,0.07259544580009682,-0.03408514901212713,3,0
necessary,0.03149711903924438,0.0851097139921689,1,0
article,0.004471935000196067,-0.12629709912582762,3,0
create,0.10326472471723996,0.1147876963282338,1,0
generally,0.05031588894423078,0.05256528585054088,1,0
today,0.14345680096745403,-0.06209131963233002,4,0
density,-0.06460166726018854,0.13761506182011457,5,0
ask,0.14331358549949744,-0.04214329625385702,4,0
adult,-0.1474361949913128,-0.13778197675855233,6,0
reproductive,-0.06207676810578862,-0.08226265111841362,0,0
stroke,-0.1337130683780574,-0.04423813073413273,2,0
team,0.10261245620603157,-0.14596899322448875,3,0
support,0.0652268037818584,-0.10100891116435962,3,0
halt,-0.43835242304040717,-0.17314693517321475,2,0
occur,-0.09755720818903411,0.11688567341147842,0,0
testicular,-0.07700848854451628,0.07882000672354042,0,0
type,-0.056438486578029905,0.05941115632126885,0,0
plan,0.10908048244267621,0.027860574276853543,1,0
evidence,-0.12424012915398419,-0.12685865953277262,2,0
brain,-0.09977857106289864,0.14594677188244334,0,0
confirm,-0.05619148992446863,-0.07727576065328749,1,0
information,0.09392854669982523,-0.12708983827493253,3,0
infertility,-0.11640683748111523,0.07873327191219273,0,0
able,0.11447525322443855,0.10695985748406396,4,0
accord,-0.02229175651721392,-0.07902721685676575,2,0
method,0.004227272677393363,0.10199541937218803,1,0
month,0.026569191451263453,0.0857775087290109,1,0
cardiovascular,-0.13713642987366473,-0.07622656232088468,2,0
urologist,0.12118852427373539,-0.10263531101184986,4,0
review,-0.048817006005635086,-0.21018315954658479,6,0
deliver,0.10282993497432985,0.06802619750412621,1,0
maybe,0.2190191527374259,0.0256891261311443,4,0
stay,0.06527499689731044,0.002612610099900479,3,0
obesity,-0.1595555908207614,-0.07498147268391685,0,0
progressively,-0.5661126617593648,0.11109843106168009,2,0
erection,-0.04428822314024452,0.159104025587103,5,1
drug,-0.022571901952328007,0.015440925386424975,0,0
diabetes,-0.13152497014715914,-0.05962385778285493,0,0
smith,0.17414570734953702,-0.028887375782570408,4,0
activity,0.04203957359298256,0.12725806298813008,5,0
regulate,-0.046132125346006844,0.20321636711324237,0,0
appropriate,0.026954695234434296,0.04126611254370794,1,0
seek,0.13054096045021782,-0.028320526262658886,4,0
recommendation,-0.1863174090225641,-0.05574030608271832,2,0
checker,0.4331846902026108,0.3049843139494522,4,0
fat,0.01194885914595624,0.19410346349987784,5,0
try,0.12231743827413284,0.11953279762218628,4,0
kind,0.21581118162290658,0.09133851930244598,4,0
trial,-0.10492498872817625,-0.12085949140880581,2,0
develop,-0.08864587238258906,0.02619175686405677,0,0
current,-0.03277327924697666,-0.0763339238679789,2,0
safety,-0.06055147324940477,-0.12280511984197577,2,0
medicine,0.017502635043373422,-0.1302434905474006,3,0
understand,0.07616551963127059,0.018658346663505222,4,0
injury,-0.24100208537006276,0.007311787581450833,0,0
especially,0.05454352834580022,0.1025494040939533,0,0
lower,-0.06370587774843603,0.14102904229149676,0,0
note,0.00017430678369946654,0.03216396635835904,1,0
boost,0.14535237210438595,0.0948506009741856,7,0
perform,-0.0208118806295744,-0.0023952154628392726,1,0
optimal,0.02561644987050324,0.07302588070211091,1,0
gain,0.05488824244508192,0.0948569413259041,5,1
specific,-0.06695664851842745,0.015023497719730943,2,0
late,-0.016924954761603574,-0.12130058910322487,3,0
form,-0.029832950484267047,0.07227723106514689,1,0
prescribe,0.03204875584548355,0.07633370537757513,1,0
suffer,0.05042659375269283,0.04568488358726233,5,0
statement,-0.094830225324565,-0.09968377611869045,2,0
without,0.024678877958505867,0.0396116307126261,1,0
day,0.09718639360852326,0.13531833648003436,1,0
involve,-0.008646362122110876,0.013763742863104424,1,0
professional,0.1364421032574562,-0.0657484348192545,3,0
indicate,-0.08899895220974906,-0.014365778457984946,2,0
impact,-0.08048957223782802,0.020271288619453987,2,0
pill,0.08553374836871175,0.13629756673676616,1,0
shrunken,-0.28737913945304705,0.4364738594108305,0,0
gland,-0.1289021286245967,0.19245730240456757,0,0
exercise,0.0698448799153695,0.1443764864688427,7,0
typically,0.01920225735358459,0.14559102504965166,1,0
raise,-0.04408534756436802,0.09134101190390417,0,0
focus,0.08995507470279202,0.002618335808785991,5,0
fact,0.0809270012895918,-0.07362785236557513,3,0
intricately,-0.16952931650545752,0.4757518133629898,5,0
free,-0.12115550930321335,0.07544764780341841,0,0
cancer,-0.16902497119950022,0.003476968379395864,0,0
maintain,0.026553982082078858,0.12175733990414041,5,0
step,0.07558570326689416,-0.025832877510944485,3,0
discuss,0.03670965866857209,-0.059001974998665926,1,0
year,-0.05924981944434402,-0.05609760180785345,2,0
expert,0.011762376441893463,-0.15712558537696675,3,0
base,-0.05688697363178446,0.02117091566480089,1,0
sleep,-0.024463793652729784,0.1328441796170757,5,0
require,-0.04793145884330128,0.04657964115851726,1,0
general,0.0740606098820595,-0.05933413399773828,3,0
restore,0.10512411867923867,0.08918818147179895,5,0
stress,0.011996905951695546,0.17478135817549645,5,0
breast,-0.1363894193147891,0.1473444514818687,0,0
potential,0.009325694237291472,0.051312577057355965,0,0
early,-0.015737377340441665,0.05739180504294495,5,0
concern,0.011657999456254599,-0.06155913623764441,2,0
different,0.09606820567921018,0.04749131664281976,4,0
example,-0.03790909581509486,0.0047832561642700035,0,0
come,0.1481415677779657,0.05394812001954654,4,0
offer,0.09853794590507899,-0.014215762206188885,1,0
specialist,0.11034697705765371,-0.11139621152061922,3,0
depend,0.03223727816715201,0.12266715857479735,1,0
talk,0.20196111929019164,0.024014074785437087,4,0
injection,0.08503039735120103,0.1972080640765483,1,0
quality,0.04524684623677394,-0.007912358237586053,5,0
menopause,-0.0040682633163035015,-0.06409360295558177,5,0
key,0.01984746003193514,0.05532404976211525,5,0
depression,-0.03745021713800938,0.1460139802242428,5,0
woman,-0.018852046799123036,-0.04064554559714983,0,0
weight,0.007768926319988925,0.05824384812299584,7,1
diagnosis,-0.11436794996723106,-0.10986619595924856,2,0
gel,-0.025263204490113298,0.19793260461689385,1,0
research,0.008890353688042115,-0.18963503021623496,3,0
hair,0.015737148341952018,0.22193707497187143,0,1
pituitary,-0.18499379038562658,0.17111232093145076,0,0
people,0.17144508202403694,0.07969922022072236,4,0
testis,-0.15643684567323898,0.09290419047547334,0,0
consider,0.005985873060530442,0.016426325748859095,2,0
diabete,-0.13683684245641164,-0.09818279471161208,0,0
overall,0.049798075324331066,0.06373749720799532,5,0
testicle,-0.042071805051305027,0.13819366990536106,0,0
significant,-0.06364811401506239,-0.028464873222167567,2,0
sign,-0.07322820769210621,0.05423997780300473,5,0
question,0.09170224075993619,-0.10273952818098223,4,0
prostate,-0.16881006327078074,0.009307573860931343,0,0
suggest,-0.0343874498742592,0.005248769872669846,2,0
measure,-0.09503131755569334,0.004898967617383523,2,0
vary,-0.04124566368134881,0.06460962784902,2,0
check,0.058438016712442524,0.027289652371337746,4,0
aging,-0.026312093960679878,-0.04106333780919071,5,0
right,0.20152958340484695,0.05458957430455156,4,0
avoid,0.08900476849643107,0.17943905732822696,1,0
follow,-0.031450659658672185,-0.021768075247526334,2,0
decline,-0.0643529707714436,0.006946475705794789,5,0
feel,0.15910434732257026,0.12622416177434412,4,0
look,0.14127676199654596,0.02358831691502667,4,0
tell,0.18465607635543474,0.05737209012164666,4,0
work,0.14422414094620564,0.005693151363162923,4,0
associate,-0.0978366582692429,-0.008935386782988917,2,0
lot,0.17038816286990724,0.058525983654340225,4,0
lack,-0.04099796250491376,0.11793463332526645,5,0
way,0.12462695724136068,0.07163565824739859,4,0
common,-0.04453504878457472,0.0715898505110069,0,0
manage,0.03679042719120212,0.06178577746730415,5,0
individual,-0.03746751584970983,0.018872804736846188,1,0
benefit,0.04114365219332722,-0.007084765821500064,2,0
provide,0.06272250988780206,-0.04225189797394867,1,0
think,0.18545236917585117,0.03566580117379411,4,0
role,-0.03279504541102769,0.03568124305604822,5,0
hormonal,-0.01423799003293941,0.06562420957585485,0,0
term,-0.02930056507882041,0.02167488522654353,2,0
clinic,0.10043948205558234,-0.13581112091741,3,0
disease,-0.1476711127591858,0.022551408108087333,0,0
effective,0.06586692482966312,0.0501833638569054,1,0
old,0.005050303991948271,-0.040336452930358646,5,0
function,-0.14935606964521445,0.07387441911437041,0,0
factor,-0.0965642552782964,0.04930761509265599,5,0
haul,0.5004503315419494,0.2056726396079039,4,0
know,0.07062924955630458,0.023254809725722816,4,0
great,0.09388647420849709,0.03318990184887729,4,0
balance,0.05750995270702154,0.07334085861928719,1,0
primary,-0.04035251354159192,0.02629430682605364,0,0
loss,-0.057685504926341905,0.10731597639547062,5,0
total,-0.18392313181423775,0.006883611018782054,2,0
naturally,0.0111895953906389,0.07852221914497307,0,0
mean,0.04151977458281986,0.09680666727475154,4,0
medication,0.02244433515030684,0.1260852366686127,1,0
physical,0.010748738818649368,0.07418242959475366,5,0
sex,0.0005894997544141412,0.11337387801712327,5,0
contact,0.056388731064174864,-0.014304033784616409,1,0
lead,-0.004643828466679222,0.07487238362432956,0,0
issue,0.00838977476584876,0.004347611902678003,5,0
natural,0.006755763482836946,0.13936171457749116,0,0
storage,-0.07538686586785374,0.41060345775050167,5,0
libido,-0.04735674452254221,0.10932493917852831,5,1
study,-0.11675973361541754,-0.08371092003787048,2,0
thing,0.19345655294884476,0.08819748777459897,4,0
care,0.12672182524492687,-0.12768892409791324,3,0
sexual,-0.1015262619945515,0.0037985853562778832,5,0
mass,-0.0363723690645694,0.11238219917042314,5,0
treat,0.01231573322900553,0.004448701694331834,2,0
deficiency,-0.12014345467362263,-0.057043109153750146,2,0
bone,-0.08075809748645685,0.12343078465308975,5,0
healthy,0.03987795347378497,0.04889790286478337,7,0
reduce,-0.0665349377182432,0.16096791796301826,5,0
time,0.09655307239545186,0.058662095330034796,4,0
muscle,0.016591101154042984,0.15226377836512295,5,1
heart,-0.01596003870774677,0.024066566151490318,2,0
process,0.09494178261597648,0.04992410775685045,1,0
range,-0.001806893236713347,0.05659085775065789,2,0
produce,-0.02750546338851268,0.14439840163240228,0,0
affect,-0.05696464909318051,0.0977261329218474,0,0
decrease,-0.1280837612994539,0.13600517071362897,5,0
certain,-0.031601975448209134,0.07795150221883836,0,0
diagnose,-0.059446000362602995,-0.005428498597832659,2,0
fatigue,0.014444198950662892,0.14973712198537614,5,0
energy,0.09350572072808026,0.13749468714264357,5,0
option,0.07672148662508921,0.034387623280433016,1,0
improve,0.026256125675141666,0.046459660418731,5,0
effect,-0.04058617749635437,0.035966579183759506,1,0
mood,0.010204441584277276,0.1676296515154901,5,0
find,0.09993081544585224,0.02822784393127337,4,0
provider,0.07701977132742706,0.010863275042069968,1,0
start,0.10295793399799699,0.05838235044565016,4,0
normal,-0.08597063340426951,0.07180194708674961,0,0
long,0.014882909839398722,0.09545495743691414,1,0
good,0.10309021680619947,0.01761488520718223,4,0
use,-0.008004119021872725,0.048905613130445294,0,0
life,0.06960323637769295,0.010410227797891468,5,0
problem,0.0014789354848154918,0.08495339835598123,0,0
hypogonadism,-0.15878163247048757,-0.11225500626568782,6,0
erectile,-0.02714044802783583,0.06515373799315627,5,1
relate,-0.0470445949451567,-0.017776117914567832,2,0
risk,-0.1489973589279454,-0.009923231423508167,2,0
experience,0.04681071054204779,0.052381614122142255,5,0
dysfunction,-0.06341904149825776,0.028031163328338677,5,0
production,-0.07208871602269273,0.18627328433613613,0,0
body,0.010522689628931542,0.15370988086348467,5,0
doctor,0.09471116573476711,-0.03091456945248231,4,0
test,-0.05180189671504397,0.03291410747623129,0,0
lifestyle,0.08577975906284005,0.038466519621991595,5,0
change,0.04206947162107293,0.07307575349231997,5,0
age,-0.09821062418604484,-0.02421096908340496,5,0
therapy,-0.03294556318563133,-0.03967682329244764,2,0
like,0.16084137580956,0.10164322384254437,4,0
increase,-0.09461728959146203,0.11268127264440418,2,0
medical,0.10906143232738837,-0.14151881701484442,3,0
result,-0.0529439143617582,0.03190076301628367,2,0
male,-0.09882152325162825,-0.07874346721984597,6,0
high,-0.03862321992894587,0.0796438902081298,0,0
help,0.11577713101350187,0.09964621460741681,4,0
condition,-0.08112158754552126,0.04998623889465443,0,0
replacement,0.02944952485829893,-0.053152285555082036,3,0
need,0.08520912584435156,0.017687856939173824,1,0
patient,0.03558423582094345,-0.004435044315641736,2,0
important,0.03756741297207444,0.06531320483746045,4,0
drive,0.05735248029573181,0.11150942823721104,5,0
symptom,-0.02387654780076678,0.048875215119925555,5,0
health,0.06472851810160363,-0.08377105319402148,3,0
blood,-0.05737825547490775,0.11883484083569602,0,0
hormone,-0.014587302998165916,0.07955837427827293,0,0
include,-0.03274923228762286,0.06926799953928951,0,0
cause,-0.05534889991189845,0.1508375773542951,0,0
trt,0.07458738269572461,0.047896815447919114,1,0
not,0.06571954653503886,0.043362378372362585,4,0
treatment,-0.0005649959924185956,-0.038018557243447736,1,0
man,-0.00745786059584145,-0.018328809494464353,2,0
level,-0.055585689470249285,0.0774212050073906,0,0
low,-0.00127599013433655,0.005905202030644726,5,0
testosterone,-0.035119132741048616,0.038883882122991265,2,0
