node,x,y,is_AMS
(aspen,-0.07274648455734073,-0.2800159828016914,0
(bayer,-0.07055796062692501,-0.4073712608044602,0
"(besin),gel",-0.003578742301360963,-0.4076447611451458,0
"(ferring),gel",0.0032005129852374697,-0.4014958189940748,0
(nordic,0.007762413346976296,-0.4808395192071715,0
"(prostrakan),gel",0.01791525179180039,-0.4149754692832315,0
"+1,150%)—likely",0.08880989479714388,0.09206806678530381,0
.in,-0.1194194583258675,0.11188218839689079,0
/memory,-0.25328211763958336,-0.2294768961760498,0
1.publishe,-0.017302400453117966,0.4222302372357936,0
10division,0.09476355369159341,0.3408614395788171,0
11division,0.09231547957717591,0.318389539496409,0
12department,0.039726316696833956,0.27930184917703016,0
12nmol,-0.09319961116413118,-0.08902613050286794,0
13a,0.2471744563589704,0.3390351279330329,0
15nmol,0.3498865721902448,-0.222189307362469,0
1688%—a,0.2212868033724088,0.09051170335966388,0
180pmol,-0.30169957068845304,-0.02983911004523743,0
18y,-0.2952941113201581,0.16006747160416854,0
1gm,-0.029217227482907972,-0.4628101771604126,0
1improvement,-0.16082333719042405,-0.2643075085620347,0
2021;15(5):e234,0.021070688641006252,0.22384431391583237,0
2023a,0.37675491014984425,-0.8137797342514825,0
20s-30s,0.12879051700437694,-0.29889102459759903,0
20y,-0.3001096225754193,0.16632068463701274,0
24emory,0.4179247072452944,0.04552428834571095,0
2838ur,-0.22957223980679162,-0.01822188965500738,0
2improved,-0.17965987165704053,-0.2684662849089507,0
300s,0.22060844735432536,-0.2260792816506446,0
35y,-0.2978959358442825,0.15570721245531619,0
3improved,-0.24559422469723802,-0.33304156948263947,0
40s-60s,-0.34672463500364387,-0.4282672921724403,0
40y,-0.31000075691336826,0.16043529817106483,0
45y,-0.34241687457631054,0.1168039785430182,0
4636(4men,0.4094727678843989,0.047121935562329076,0
4improved,-0.2783115412838122,-0.3199621868611953,0
4ml,-0.051144784053155465,-0.45872895177713746,0
50s+,0.2833769931510871,-0.12575160018363238,0
50y,-0.3331446196509285,0.11628813186455399,0
5increased,-0.3612867651087556,-0.3354619973644794,0
60s,-0.3465168033124075,0.07203176945772372,0
60s-80s,-0.3432429282718027,-0.432105700948613,0
60y,-0.3155325071242789,0.09626704944731639,0
65y,-0.31700685119282274,0.09352797169254186,0
682x.143317,0.09616755799860785,0.41288880112805454,0
69y,-0.2839921561825314,0.07594061584668331,0
6increase,-0.3777390356016481,-0.3081826715550965,0
700s,0.2902886366547641,-0.35971498116621586,0
7improve,-0.36341909101989434,-0.27889881990865983,0
80y,-0.28322662975474194,0.06297043782417985,0
8improve,-0.3318235376269835,-0.2635403562426821,0
950ng,0.0013910804982470999,-0.3461323680207802,0
9increase,-0.2823414558282751,-0.16278496485157065,0
@anaveciana,0.14351022487365697,0.143542848895557,0
a&e,0.14335167204464583,0.15290208066416677,0
a.a,0.09198023288169409,0.37397029151313604,0
a.b,-0.1953338644661606,0.365902493406141,0
a.d.a.m,0.0645026985415759,0.19073945840658327,0
a.i,0.18448371847260864,0.5139106741042448,0
a.m.,-0.022304913808795346,0.3387213004052548,0
a.r,0.2178661774063133,0.4689233881219609,0
a1c,-0.2810642169260343,0.1615350956257078,0
aas,-0.35192510540411076,-0.13127068933370148,0
abbott,-0.017660048303602974,0.22234530855901094,0
abbreviate,-0.14397239077735893,0.10619334765424548,0
abbreviation,-0.02699565766165445,0.2089197467323771,0
abbvie,0.03029640562557003,0.3026048882959561,0
abdoman,-0.05571436774559136,-0.24458147327261792,0
abdomen,-0.2618180868345077,-0.1843160928626783,0
abdominal,-0.2979983951900609,-0.2631536977750183,0
abdulmage,-0.010233799142755125,0.5173267592389397,0
abhinav,0.1443993220001048,0.18134620175165023,0
abnormal,-0.2751970779838658,-0.08986242839691808,0
abnormality,-0.2983559232591531,-0.16893191282993214,0
abnormally,-0.2194037375505911,0.04010182655441615,0
aboriginal,0.2762773967495726,0.12229395831056242,0
abraham,0.18986221354135077,0.40902939002298755,0
abrupt,-0.20130879616129552,-0.2252098944558745,0
absence,-0.3439896946009822,-0.003966182811749363,0
absent,-0.22885198758543543,-0.16740484689326127,0
absolute,-0.16599815734192386,0.04888757293862941,0
absolutely,0.2754186318061349,-0.04926806323232621,0
absorbable,0.12582662794998192,-0.31728557859769096,0
absorbed,-0.06841288840631415,-0.4571566839838099,0
absorbent,0.06921926295294346,-0.3123324191258445,0
absorption,-0.1225556419787339,-0.30983187332240775,0
abstract,0.05078477419245888,0.2762576731076471,0
abundant,-0.03753476105869116,-0.22373772543901982,0
abuse,-0.10894776795033796,0.19402539426185453,0
academic,0.17692653058273852,0.21141160939517928,0
academic/,-0.024270445386260376,0.0689252941811497,0
academy,0.0521242821304959,0.2266440263953547,0
accelerate,-0.11485956691352857,-0.07576527311825747,0
accept,0.13739061201923064,0.0952598257328185,0
acceptable,0.1814120164727194,0.014043239007800397,0
access,0.41364967577650374,0.2659917152353582,0
accessible,0.10958460288042657,-0.11717301163008238,0
accho,0.39751987747393264,0.2054690138588874,0
accident,-0.13924023460269389,-0.02307822440184343,0
accidental,-0.19680287460376572,0.07435223287142366,0
accidentally,-0.03959022477652244,-0.24441987061558182,0
acclimate,0.23095630255821403,-0.3960661534063568,0
accommodate,-0.07238659706928377,0.21895507163987243,0
accompany,-0.08596028781815884,0.003062850577705503,0
accomplish,0.12908012696714044,0.03912133971753119,0
accomplishment,0.10063881635633873,-0.20045133674254492,0
accordance,-0.0869546809398919,0.13371565469802352,0
accordingly,-0.18266168799885257,-0.08004916521758929,0
account,-0.034372728642826235,0.044603103926744235,0
accredit,0.26847901970303195,0.08316183774644546,0
accredited,0.14363418055531887,0.22068110055619697,0
accumulate,-0.2910259095545912,-0.12463294684889206,0
accumulation,-0.07592194115236181,-0.44004045647688383,0
accuracy,-0.07598183644598995,0.01792052664665749,0
accurate,0.1427611529347065,0.022873385792108382,0
accurately,-0.16608819628396843,0.12821963126718677,0
accusation,0.07989383069798392,-0.18291304831595157,0
acerus,0.06289724293401595,0.3858607933228616,0
ache,-0.028626384364991268,-0.3450525051193616,0
achievable,0.11663616427897362,-0.18722890328785613,0
achievement,-0.16001725886308016,-0.03339466933408943,0
acid,-0.17594668321270276,-0.13888090924344051,0
acknowledge,0.3222057189062074,0.24048460794874485,0
acne,0.018439709734532538,-0.34868245206466364,0
acoustic,0.022965197763734093,-0.26385989641974267,0
acquire,-0.3428583569698385,-0.09585759065203196,0
act,-0.360353780995569,-0.3251925944967527,0
action,-0.13351929331977697,-0.17868812907406986,0
activate,-0.06402367113186577,0.16272039168576383,0
activation,-0.01914176783635469,0.05263065298542753,0
active,-0.21742317383357102,0.04462575006021046,0
actively,-0.05691716803764128,-0.07570161587546154,0
actual,0.2059899720992816,-0.08870794003022263,0
actuality,-0.10939913325125572,0.05028972506304059,0
actuation,0.060967086055412165,-0.17884382747662284,0
actuator,-0.03206981675701427,-0.374762102744472,0
acuity,-0.08645332529843544,-0.10097786335217293,0
acute,-0.1632187872433339,0.2815381317352988,0
adam,-0.028146128743265292,0.08405781229480552,0
adams,-0.08759047517599584,0.4535361722017359,0
adapt,0.003941419798485612,-0.15365879081479172,0
adaptation,-0.08310948457011531,-0.004641679536047195,0
addict,0.31124563672131117,0.17911024682983984,0
addiction,-0.4205709865220862,0.06777647977216104,0
addison,-0.3097479435438135,0.11070190020456602,0
addition,-0.0978245960964554,0.08017767844174134,0
additional,-0.2492693037933979,0.08235509529169774,0
additionally,-0.03429565009080394,-0.016241544578951373,0
additive,0.13420702372939322,-0.15963791924489942,0
address,0.4032776165026417,0.37687969760344,0
addressing,0.11809302133477571,-0.3967478795108774,0
adenoma,-0.36287447858321875,-0.056596850705167685,0
adenomas,-0.5329486096090323,-0.24447041989782303,0
adequacy,-0.09021176883297861,0.07076669170347097,0
adequate,-0.1262420011572499,-0.04509210627895364,0
adhere,0.031763898227401166,-0.20594418784617832,0
adherence,-0.038279066559274696,-0.036249178519694336,0
adhesive,-0.08885064906069202,-0.3226573264539669,0
adipose,-0.21093005622474528,-0.07603334028544584,0
adiposity,0.12966178790733493,-0.08365588914518456,0
adjudicate,-0.24717584511635218,0.023353167968394022,0
adjunct,-0.1807566342435408,-0.23603597943929638,0
adjunctive,-0.009130424179309463,0.21108506102898095,0
adjust,-0.09411297943384143,0.0038755795613394455,0
adjusted).446,-0.11395365069962504,0.01632123142342504,0
adjustment,-0.19417644958048103,-0.048257248814614684,0
adjustment.28,-0.10333454142821473,0.07063869844742122,0
administer,-0.446295388675258,-0.45059392642550244,0
admission,-0.11493761008925191,0.37867380228430075,0
admit,0.12138591482471339,0.18700316636959635,0
adolescence,-0.1452484352990908,0.05004624861121133,0
adolescent,0.004038816607725371,0.1872189135477152,0
adopt,0.10316255673451681,-0.16233271539240568,0
adrenal,-0.5468559113534892,0.12764518838751762,0
adulthood,-0.2462700251733406,-0.17543375992582164,0
advance,0.042073187188380545,0.048455359385096056,0
advanced,0.15528653007998056,0.18780019433711279,0
advancement,0.30304465640103434,0.03402761581206759,0
advantage,0.21422095287862378,-0.18440805517652858,0
advantageous,-0.15417992765641342,0.2089806587213621,0
adverse,-0.3227685451280469,-0.39339587997170516,0
adversely,-0.08273820888892988,-0.031161299854799977,0
advertise,0.17024904342517916,-0.1491448051553433,0
advertisement,-0.2399700244507383,0.11570011572630551,0
advertisementadvertisement,0.14511059668311543,0.47472048338528217,0
advertising,0.1417998819904454,0.24602529910958013,0
advice,0.1684318325245273,0.09348445022723044,0
advisable,0.024344977494316113,0.1040809915948012,0
advise,-0.12670449192400043,0.0522951761633569,0
advisory,0.04590853328717125,0.3704444709855857,0
advocate,0.20891833551722022,-0.019983738939606106,0
aerobic,0.19528989300815172,-0.4425518543408617,0
aesthetic,0.16867810150967588,-0.264573551837952,0
aetiology,-0.30821771099519313,-0.1435719486790227,0
affected,0.32294780203915335,-0.13475029113379808,0
affiliate,0.26350089885679284,-0.0013050459746174804,0
affiliation,0.15287695082812386,0.05346913000048123,0
affinity,-0.16502813558001656,-0.1142991211382431,0
affirm,0.37881605397723034,0.012763401928493023,0
affordable,0.10881617580755076,-0.14285829786177542,0
afraid,0.11626932824846417,-0.024522972962719308,0
african,-0.2114388938494726,0.03412210073136315,0
afternoon,-0.09474397078053502,0.11928996698795626,0
afterthought,0.21035619612652334,-0.10216394004778534,0
afterward,-0.09688905605199909,-0.35951164822523357,0
ag030644,0.1814763089850849,0.32007839416878064,0
aga,-0.152244681273136,-0.1353663572140744,0
aged,-0.10897299911067033,0.31002370427414744,0
ageing,-0.20301255624592893,0.04739702259878154,0
agency,-0.031547811647376536,0.15321713521180066,0
agent,-0.15852165449316416,-0.17385596065600564,0
agents.437,-0.13245686495586473,-0.23590035085737776,0
aggression,0.08833259129460959,0.02033385204641763,0
aggressive,-0.17341125245794808,-0.08440672311457895,0
ago,0.2098369000455168,-0.09797507924898956,0
agonist,-0.048796147310036564,-0.2502753349020828,0
agree,0.08442240220420974,-0.0169732760993218,0
agreement,-0.12050180525613723,-0.040542446842711494,0
ahead,0.13386633582747776,-0.11641371863924081,0
aid,-0.02270492195575665,-0.22308698641098676,0
aids,-0.3560735285716344,-0.06021063631469197,0
ail,0.28330850417810216,-0.03503190958068415,0
ailment,0.29915764538867773,-0.0706357573938225,0
aim,-0.16623360841568072,-0.011351714732151037,0
air,0.03740039158859756,-0.19075555241658854,0
airflow,0.07421161725785885,-0.19133772034744884,0
airway,-0.05090148858963359,-0.23463909311121567,0
ais,-0.1873015700539375,-0.19728680403757812,0
ajpregu.00360.2012,-0.022633739191103123,0.5287553491972066,0
aka,0.04698601188135447,-0.017288871301332755,0
akhil,-0.21378120641391032,0.3716057205455866,0
al.4,-0.0808223855958612,0.2564395596070015,0
al.446,-0.1635917130199688,-0.08077494326429914,0
alabama,0.2799599863362686,0.29674714085111986,0
alan,0.23092658079624068,0.22710496415166062,0
alanine,-0.552790236966604,0.017747390474007318,0
alarm,0.0762364148233729,-0.07834626419334884,0
alarming,-0.11583027029963006,0.06361046235625356,0
albeit,-0.1985395880379791,-0.030386421508283884,0
albert,0.15456127686932394,0.3159799741225074,0
albumin,-0.3048581669919088,0.09220443112460953,0
alcohol,0.10630060916972559,-0.5078931137306011,0
alcoholism,-0.41064265907671943,-0.18568200671224694,0
aldosterone,-0.22238233181414566,-0.1231574138477387,0
aleksandr,-0.00324769716284309,0.10710929211556212,0
aleksic,-0.17524200282122154,0.3254841346258705,0
alert,0.1354011911247027,0.1783437910206847,0
alertness,0.5043310658076707,-0.16349465119154152,0
alex,0.15555117689963563,-0.04739592579385559,0
alexandria,0.3064952043978314,-0.05367086932490846,0
algorithm,0.1342462836780275,0.29176287912644033,0
ali,0.13868343949378384,0.19486538698805433,0
align,-0.09556540717836887,-0.09986830455582626,0
alive,-0.002483031646908169,0.08810994331916087,0
alkaline,-0.5459588448001595,0.007804861280451532,0
alkylated,0.4900217288443843,0.33205006493526756,0
allan,0.09737452437290259,0.6107488267781769,0
allegiance,0.07167310522769481,-0.0436490659227266,0
allergic,-0.029379581737373657,-0.19188545179761085,0
allergy,-0.03337185554385462,0.2520808420062175,0
alleviate,0.02451411608750233,-0.38935777933877,0
allicin,-0.034467994650825964,-0.31182312523380146,0
allow,-0.4780597855858248,0.12174872867778339,0
allowance,0.10740897615132007,0.03472283354412866,0
allude,0.2559173963195547,-0.049026930114515144,0
almeida,0.2579482415498306,0.33490386159670177,0
alongside,-0.130553793483312,-0.04544136060841695,0
alopecia,-0.09656397312468534,-0.17107586731800958,0
alpha,-0.1251821782264522,-0.21785703600877396,0
alprostadil,-0.11661162065551986,-0.39923058268519257,0
alter,0.025142890856166774,0.02604995360766232,0
alteration,-0.08858035239256053,-0.22483242044037688,0
altered,0.03974077898001087,-0.27372375252690545,0
alternative,0.017731705889679185,-0.38178705429465537,0
alternatively,0.044144759642518704,-0.15976657567827868,0
altitude,0.011007018743002719,-0.21178536455661168,0
altogether,-0.050564351060275924,0.004998504577181476,0
alvin,0.0406648460425457,0.44953229126070576,0
amalgamation,-0.12678578295100454,0.08821921102292819,0
amazing,0.3217276495767439,-0.04445066535506977,0
ambiguous,-0.2690409270002763,-0.13790435623469333,0
ambulatory,0.3210344074288978,0.25894600653737027,0
ameliorate,-0.2777400617479235,-0.22124906517415296,0
amend,-0.2107226442316197,-0.19811253550625896,0
america,0.06663250839617577,0.0795362513326916,0
america(r,0.2521882049390178,0.39241121318595934,0
american,0.07377872747172963,0.2913549594301882,0
americana,0.16690112960688022,0.26670119168615547,0
americans,-0.025752338713402604,0.1477481513464891,0
aminotransferase,-0.527789581135846,-0.008006887701628199,0
amory,0.10710260058514191,0.054325889032989266,0
amp,-0.02159741533911608,-0.4687379560359924,0
amplify,-0.0952772573305823,-0.11931269021541162,0
amygdala,-0.0034121565400167986,0.1619723627927284,0
ana,-0.046790918137175515,0.1656318172492429,0
anabolic,-0.22045347579539695,-0.15300304346040253,0
anaemia,-0.041339358831229266,-0.3007248415190103,0
anaerobic,0.2584011584556542,-0.3990851586626599,0
analog,-0.15117127897845697,-0.49036160822333746,0
analogy,0.12579320414481687,-0.23011205146884695,0
analyse,-0.5861696633345796,-0.10317315545053907,0
"analysis,372",-0.13661920024651147,0.2364051478166771,0
analyte,-0.051850729816669085,0.032082816850091636,0
analyze,-0.07938507617420422,0.039752067596380496,0
anaphylactic,-0.1709015535836911,0.06914387241948898,0
anaphylaxis,-0.24421002536614766,0.12036033911859377,0
anastrozole,-0.21876103786387116,-0.13327000456101085,0
anavecianasuarez.com,0.14047500587462514,0.1419030394407133,0
anawalt,-0.08536877712494866,0.31564884032242807,0
ancillary,-0.07927297984504998,-0.21990466242131027,0
and/,-0.24211271371358584,0.14974164944960888,0
and/or,0.09932171510166399,-0.030224165708485563,0
anderson,-0.24525266578380092,0.4687538636755281,0
andr.12770,0.07200052871563786,0.33344310035245217,0
andre,0.04266374530702454,0.4421479239006618,0
andrea,-0.19624823479360654,0.44822345545928344,0
andriol,-0.15404705879309483,-0.23349598305474853,0
androderm,-0.10826959191112806,-0.23358819366419623,0
androgel,-0.062625502260269,-0.06208270489222591,0
androgen,0.4538182705170095,0.35707676408623584,0
androgenetic,-0.06144876315189,-0.10108694818007508,0
androgenic,-0.21543702936746176,-0.18052676500011475,0
androgens,-0.011083060356464615,-0.13136569041780974,0
androl,0.10794634311179649,0.42925829424825057,0
andrology,0.05966947767700548,0.26369021444453405,0
andropause,0.5615952006459365,-0.3690142575974062,0
androstenedione,-0.23821265579908343,-0.15040126962958256,0
anecdotal,0.27792126971532805,0.2058483189080438,0
anecdotally,0.0972126109062561,-0.13086145137317226,0
anemia,-0.350488194574304,-0.335490388932604,0
anesthetic,-0.22608260229747154,-0.2597596681575912,0
anesthetize,-0.021176773342072866,-0.3116762920455112,0
aneurysm,-0.33584089827959157,-0.2593715753937757,0
angelini,-0.23919555254159672,0.38337318149553523,0
anger,-0.00018236387136764398,-0.08810288097641159,0
angina,-0.14160480701333025,-0.32508468248659583,0
angiography,-0.26110521590571245,0.07414756704934261,0
angle,-0.06068143449609311,-0.3267295030603388,0
angry,-0.28397737634415676,-0.0033783360787844234,0
animal,-0.12113105666538493,0.14292324943246354,0
ankle,-0.15135768004323477,-0.26717548398813223,0
annal,0.07319554191664565,0.4400462177788824,0
announce,-0.041457952210916235,0.11551762897990836,0
announcement,0.17216057161468246,0.10740764637755754,0
announcer,0.346766268163497,0.1231383521451381,0
annual,0.009458935458934427,0.037093002824128994,0
annually,0.16468226434305627,-0.11210732180733768,0
anomaly,0.022565895343079994,0.2392333806916625,0
anonymity,0.2853088831448977,-0.10018363070509778,0
anorchia,-0.36644100032251287,-0.15674835627544972,0
anorexia,-0.2945643025122422,-0.03904398296027759,0
anosmia,-0.11109614223714595,-0.2856140390451618,0
anschutz,0.08939865952908307,0.3868975686035009,0
answer,0.7741563850447174,-0.22880564534626696,0
antagonist,-0.18116912972323584,-0.25237532445305233,0
anterior,-0.3491487160865372,0.051946780194181696,0
anti,0.07411488056799485,-0.17964028449322086,0
antibiotic,-0.15794782395750592,-0.2758347693607152,0
anticipate,-0.11480857767716064,-0.05903849608217324,0
anticonvulsant,-0.2474507449947298,0.032744944358449,0
antidepressant,-0.04068359806842653,-0.025851276008142583,0
antifungal,-0.058514693887505194,-0.27558449055027334,0
antigen,-0.4195794013051698,0.07362690561592444,0
antioxidant,-0.05487209401596389,-0.2586104885115232,0
antonio,-0.11596702149022954,0.48162466320199204,0
anxiety,-0.03506400047162523,-0.440720641860349,1
anxious,-0.21876242807276094,-0.11761415252552769,0
anybody,0.19317211216338018,-0.09384855356338861,0
anymore,0.3647312027496994,-0.12614915276506952,0
anything-,-0.3090162843354899,-0.06538081495858575,0
aorta,-0.3393562787224289,0.06368423199713398,0
aortic,-0.21007845932868877,-0.23000358414102293,0
apart,0.06040939923160848,-0.17108770851053642,0
apart.432,-0.06469712515744712,-0.20162887355735543,0
apathy,-0.02676649279001422,-0.1759711084147439,0
aphrodisiac,-0.010334042794430818,-0.43085124187476104,0
apigenin,-0.145123545449421,-0.27697557486147784,0
aplastic,-0.5527774529054023,-0.1716014844527541,0
apnoea,-0.1427020132071257,-0.019207438699808392,0
apology,0.24677675309086025,-0.3615275350868279,0
app,0.32235939022909443,0.12123406663106626,0
appalachia,0.334838361225786,0.10924753317014248,0
apparent,-0.004957010670012727,-0.10515394419226688,0
apparently,0.33120812630279783,-0.07961026167127312,0
appearance,0.24073799912159624,-0.4344338687453938,0
appendix,-0.021838075565371522,0.09268089141967244,0
appetite,-0.1916618925723995,0.011071471006589608,0
apple,0.25889539468165845,0.09497280265876067,0
applicable,-0.20082685863679517,0.038805505684891675,0
application,0.046826331926884575,-0.3366359748660572,0
application.228,-0.06283801774043991,-0.1921378276617304,0
applied,-0.12231026586577347,-0.2839776853759392,0
appraisal,-0.044491522821117464,0.26899487436434283,0
appreciate,0.03259508694141923,-0.08225674657641549,0
appreciative,0.23932312648372184,0.047781180865872325,0
apprehensive,0.05063245241365086,-0.19054927187934978,0
approach,0.4235680761197838,-0.32163027840101394,0
appropriately,-0.1817317950747751,0.028214304348719563,0
approval,-0.16065860144235009,-0.18843471853440094,0
approve,-0.06567499038689581,-0.1506119598792948,0
approximately,-0.15312355229681407,-0.005719466112597134,0
apr,0.1202426022507387,0.30487065141170105,0
apr23.doi,0.026883630150385293,0.5417125542702731,0
april,-0.09263279112502514,0.37820722898964587,0
aquino,-0.04679132298628451,0.2787772307050536,0
arash,0.002482445349707236,0.06839362475507504,0
araujo,0.03977909688208463,0.4415203469889318,0
arch,0.09526540031631701,0.5335662128962435,0
archinte.166.13.1380,0.12758465101493305,0.45284414148432245,0
archive,-0.08864732987374965,0.20166737828660491,0
area,-0.2256400880264739,0.22582825106994558,0
argument,0.18636390840180883,-0.09110671164056802,0
arise,-0.07509968906338176,-0.08573998877966157,0
arizona,0.2691857286117468,0.08830951246266334,0
arkansa,0.3990173802401523,0.15313147858679838,0
arlt,-0.04098066693025469,0.5941367178729072,0
arm,-0.15470510257353318,-0.1100823428194942,0
armpit,-0.14793732662655873,-0.32288492720089074,0
arnaldo,-0.21406038126400492,0.472824518867534,0
arnold,0.2344451042531055,0.18948266379706097,0
aromatase,-0.24204544192189303,-0.17054470238326275,0
aromatisation,-0.22809691241416097,-0.16232881765592896,0
aromatization,-0.18836637337698606,-0.09381486128468022,0
arousal,-0.10542552231996695,-0.0032568297016566028,0
aroused,-0.1927446282050603,0.055110161987819276,0
arrange,0.12047311523042084,-0.16970566382841012,0
array,0.08092055823505005,0.11971559646067703,0
arrhythmia,-0.2148272048114018,0.05385172518519147,0
arrive,-0.02295529767699177,-0.13366363682670998,0
art,0.11739983406135393,0.22161151166037893,0
arterial,-0.2738723502658868,-0.2308416713651087,0
artery,-0.15955549401216632,-0.03848651643474331,0
arthritis,-0.1788184909213485,0.27172790725042273,0
arthur,-0.04265863731598848,0.2203575689884561,0
artificial,0.09274735993717238,0.03161109932286262,0
artificially,-0.06866984730732652,-0.5121031866417091,0
asanad,0.1069008023434415,-0.2829556876868941,0
asap,0.17416668076276104,0.2764740009068502,0
ascertain,-0.1458465654745172,0.22388883940717175,0
asempa,0.013605397132122847,0.0028153561513636267,0
ashkenazi,-0.4137723768180717,-0.2977168368993572,0
ashley,0.1746951537454601,0.3232320475638868,0
ashwagandha,0.09489927838192909,-0.12195659191301378,0
asia,0.25885006375809083,0.019003913381750913,0
asian,0.09933368808951394,0.19771403031313092,0
aside,-0.05594199235468623,-0.17115229934856435,0
askmayoexpert,0.12442617901926611,0.3674669913311864,0
asleep,0.03351144379216855,-0.127357345376104,0
asmh,-0.1821332057477396,0.207997622980688,0
aspartate,-0.5342360580980356,-0.00062400741655019,0
aspect,0.00021675982825251333,-0.13491568644485297,0
aspirin,-0.13655725643152022,-0.008271928413162639,0
assay,-0.032270818771159435,0.11298024305291884,0
assessment,0.06247286027684339,0.16016345031794987,0
assign,0.004699126188896064,0.10756537014956992,0
assist,0.05774249006342108,-0.18821432973095925,0
assistance,0.0013446869300799882,0.08406556394822909,0
assistant,0.07734164955138036,0.10553092879597481,0
assistive,0.08139115177062345,-0.24069220799537164,0
assoc,0.015587663875496276,0.2272449346619605,0
associated,-0.12155449049171242,0.006721928673168006,0
association,-0.3250906083233292,0.19425634088077817,0
assume,0.07218034465937836,-0.07550149207066954,0
assumption,0.4761871489444617,0.007786641250284851,0
assure,0.05101353546584131,0.13626286337588772,0
assured,-0.03234779544167671,0.1036111078066828,0
astella,0.0926044711477913,0.3981742629297891,0
asthma,-0.05944469928666379,0.3035567445447249,0
asymptomatic,-0.28548197059388275,0.04378014259992599,0
asynchronous,0.2731340175269153,-0.07483249073566565,0
atherosclerosis,-0.08994343431462812,-0.07528963647737229,0
atherosclerotic,-0.36036719282685176,-0.012280487463644057,0
athlete,-0.11316850414515951,-0.09936175668973538,0
athletic,0.21285472459633242,0.11299131451006504,0
atlanta,0.20681075831870802,0.15230864479885894,0
atrial,-0.13156575279816826,0.047118931083620454,0
atrophy,-0.11101885085014848,-0.13406480330988033,0
attach,-0.25330109554750224,-0.30826553329394485,0
attache,-0.45223790692965105,-0.15625994864191733,0
attack,-0.48902606603476545,0.21252826335435968,0
attain,-0.41949137328806674,-0.007348542240752548,0
attempt,-0.0737843656753286,-0.12380672488779382,0
attend,0.152331389619188,-0.07420056128570293,0
attention,-0.0064898988384670024,0.08198320770273627,0
attest,0.2290493455237932,0.04378053838785789,0
attitude,0.05440162144393699,0.035110315523045124,0
attributable,0.33181921278379445,-0.17885188750960915,0
attribute,-0.22459912201615131,-0.04095282619519259,0
aua,0.05895298978055317,0.15268281907729395,0
auaer,0.13105038184047707,0.12101095012061555,0
auchus,-0.1103474801929863,0.47638092252684594,0
aud,-0.39394303115239704,-0.0028215005180657307,0
audible,0.020494849886334512,-0.17868486407453207,0
audience,0.3456335983130381,0.06623475139613774,0
audio,0.1264412980639659,0.08181918999248004,0
august,0.033493367995060024,0.41278353202785467,0
aurora,0.10804452631969227,0.3886088704914106,0
australia,0.11004972573896198,0.12306511883091115,0
authentic,0.3510633438202975,-0.05482515830978419,0
authentically,0.22749688364134518,-0.08158282649862296,0
author,-0.008841109442705762,0.27723075600647734,0
authorship,-0.027565953303350044,0.1371101970511881,0
autoimmune,-0.4439050670575976,-0.006325834818311261,0
automated,-0.1615212814025479,-0.23596318384313766,0
automatic,-0.18865761851037444,0.07858202281009506,0
automatically,-0.07220824082036438,0.05335381036862767,0
autonomy,-0.13253316759814415,-0.24908475353831014,0
auxiliary,0.0440172964303642,-0.13819426458123005,0
availability,0.17618098119011166,0.06266339284589176,0
avanafil,0.053289191570247495,-0.36690502314516754,0
aveed,0.14697658198623945,-0.16161559121219513,0
avenue,0.27860706170262356,0.1918031747588789,0
average,0.5689017987624914,0.08868165290498078,0
aversa,0.033436945584695565,0.3397593544027324,0
averse,-0.015098952531745948,-0.30078522602369046,0
aversion,-0.10588408665881459,0.10002659875567807,0
avocado,0.10844878240006413,-0.27257639243733517,0
await,0.1220392960874377,0.042210864912498564,0
award,0.09473271916260044,0.15458216315903062,0
aware,-0.012284125337507737,0.011301573747000838,0
awareness,0.006415947906446939,0.030888093559799826,0
away,0.08185994543196004,-0.165731230204399,0
awesome,0.22624110844535603,-0.07427549912829744,0
awful,0.44550487537498934,-0.04190539967802935,0
awkward,0.21613351647747092,-0.4058501846238492,0
awkwardness,0.16368550395915316,-0.09713990258453024,0
axilla,-0.12403873660396322,-0.14702804600180092,0
axillary,-0.22383436205013924,-0.04545666532370622,0
axiron,0.10605069597981208,-0.2027080891283787,0
axis,-0.31588273739710065,-0.055075128805955734,0
ayurveda,0.15966399362036005,-0.045365647761358305,0
azelaic,-0.1614965774769539,-0.26777230261713825,0
azoospermia,-0.27897297208514593,-0.18715823533693743,0
b.a,-0.12479442819885733,0.3046595579604677,0
b.d,-0.1378958647077945,0.4927015353975677,0
b12,-0.06113261558841608,-0.24463133346812457,0
baby,-0.07958540717621344,-0.05153888391245094,0
bachelor,0.13275837011287964,0.10190451487971922,0
backbone,0.3023797041281185,-0.25535696851132417,0
backfire,-0.05445732992472332,0.003674508688310548,0
background,0.21250594312962762,0.16992850699270126,0
backseat,0.22083917165751768,-0.20131817619733483,0
bacterial,-0.3267427048092567,-0.02982356964204088,0
bail,-0.057949651119569165,-0.4854570107912935,0
baillargeon,-0.18630262454830002,0.12963543864977511,0
baillargeon373,-0.32205892031916017,-0.009412261347799274,0
bajic,0.2901825929584663,0.05194500880611411,0
bake,0.09514310317477351,-0.2819623754067973,0
balanced,0.026514331169786177,-0.24703909248699674,0
bald,-0.04945116679312312,-0.1973299870665197,0
balding,-0.03892233249225302,-0.2336063427046304,0
baldness,-0.0797242591066064,-0.12063978271463352,0
balk,0.24758399602487716,-0.03441137399438613,0
ball,0.09397998031850707,-0.21846720444512308,0
bam,0.2439679943653068,-0.08002727509013842,0
ban,-0.13866936986265688,-0.10385987066954844,0
band,0.03528915144441653,-0.22762764593322152,0
bandage,-0.02070933282670522,-0.28713541320962704,0
bandinelli,0.06726761425116198,0.5411318328302684,0
bank,0.32812377975418605,0.14181711657228147,0
bann,-0.08763316065917008,0.3557823457968894,0
baptist,0.46316588635354644,0.19271876059131493,0
bar,0.23894441809975508,-0.12032636041227851,0
barat,0.04105838009200118,0.22860105427621552,0
barber,-0.24858851567749965,0.4206914152751916,0
barely,0.08249885087401805,-0.2270503280016463,0
bariatric,-0.10584654190833084,0.04571491050724567,0
barne,0.056377348932148616,0.3702018059795794,0
barometer,-0.07606854204974126,0.2387337800565722,0
barrier,0.006382254424721498,-0.17909083509182244,0
barth,-0.24011631835048364,0.5052515662864769,0
bartke,-0.1590493931319446,0.3765214980126517,0
barton,0.3732665892891374,0.3040696067277677,0
basaria,0.0679223419481939,0.4170061726742673,0
baseline,-0.2063166473371387,0.025676256574873994,0
basic,-0.05273248277267477,0.2708028543594783,0
basically,0.12169463797407463,-0.12025062809290733,0
basis,0.15292110504055387,-0.051477802157746444,0
basket,0.33017023409793694,-0.06309578760818496,0
basophil,-0.2530773661785373,-0.4063970881098892,0
basson,-0.041393133336267304,0.5737885493243586,0
bath,0.07663263503361761,-0.051240533329500675,0
bathe,-0.16122913550691875,-0.3260601157941378,0
baton,0.49625108622916214,0.21806782042028544,0
battery,0.04725712721512324,-0.028509715873598955,0
baumgarten,0.2825700912424033,0.21995195972934906,0
bayer,0.01736777381501431,0.3027358564158513,0
baylor,0.12292609364580909,0.2247919231901832,0
beach,0.10743423721713086,0.0612771908820302,0
bean,0.13049770824953566,-0.21119743199950508,0
bear,-0.1636792150331733,-0.05359540550624949,0
beard,0.008559323649846098,-0.20208596371637527,0
beast,0.36748430867944826,-0.06407820582754326,0
beat,0.3251622846211532,0.027618851102247606,0
beautiful,0.24929815674322317,0.05106055320156773,0
beauty,0.21452775804923638,-0.040039209887509745,0
bebb,0.2264480259468271,0.4364567929817719,0
bed,0.25950721455838877,-0.18466653237442485,0
bedroom,0.18950443664703254,-0.0021846438023223115,0
bedtime,0.03296885032772782,-0.21467580358644067,0
beef,0.1692327055812375,-0.3066066209408189,0
beer,0.20980917861828505,-0.2536478483677785,0
beeram,0.16558128336552713,0.2856249013579418,0
beginner,0.13948421734271327,0.2693665903807013,0
beginning,0.05294745203569056,0.04933415203118173,0
behav,-0.0484933461237916,0.4089267018270208,0
behavior,0.005104858846671591,0.0011241739135303172,0
behavioral,-0.13223126370299837,0.01673661772596328,0
behaviour,-0.27223573408556245,0.055404038592181036,0
behavioural,-0.2877200678191502,-0.2390812918422097,0
beiza,0.044367269382975465,-0.09396195713228105,0
belakovskiy,-0.02022911382435717,0.12155058385149556,0
belief,0.2123462447675109,-0.06439075466552008,0
believe,0.22703998133126577,-0.1272817825358749,0
believer,0.059835342521633014,-0.13362793401361736,0
bell,-0.030326851524582973,-0.09653321460101894,0
belly,-0.18124732539133864,-0.26112251486429194,0
benchmark,0.04187785499865469,-0.04606143470281583,0
bend,-0.10989065765816398,-0.27244930453945637,0
bendable,-0.009447512635771156,-0.3711328691925984,0
beneath,0.2104411856632273,-0.002685233084373819,0
beneficial,0.1871514388757877,-0.22781008285324045,0
beneficiary,-0.15939333994422342,0.06760632102318445,0
benefit.6,-0.17196383929738332,-0.004532867162879082,0
benign,-0.2884294737443932,-0.05826208415293802,0
bennett,0.19411228094115549,0.323460302951732,0
bent,-0.15431902715454102,-0.3587612211792018,0
benzoate,-0.26585028672343214,-0.06430055001668614,0
benzyl,-0.2631057086611036,-0.0662713169312112,0
ben‐shlomo,-0.05397889693893448,0.4847130502896171,0
berman,0.19427172157442768,0.5357390069519323,0
berry,0.1589333129798147,-0.2837950433261593,0
bespoke,0.2728225004493438,0.001810008111959209,0
bet,-0.06262142499101882,0.016708197039276316,0
better,0.3894523466480622,-0.11420481608362475,0
bettie,0.2530979656498041,0.01763274848176812,0
bettoocchi,-0.29942034368000603,0.4401576832242912,0
beware,0.2976782949896146,0.0919829645776554,0
bhasin,0.03261670194619454,0.42835767124085317,0
bias,-0.05773755838966497,0.051354052410249894,0
bibliography/,0.12880569823831878,0.3126727771206276,0
bicker,0.42887747440573504,-0.0698100041796158,0
bidirectional,-0.1781985110704997,0.13369986737945685,0
big,0.450776946340944,0.09798931186405414,0
bilateral,-0.3133811107331451,-0.1736038282739703,0
biliary,-0.2644519729192228,0.1751141034017145,0
bilirubin,-0.488194010401329,-0.01532834560417815,0
bill,0.18996489597126853,0.13773658812233106,0
billboard,0.2758086722958377,-0.13475133331517777,0
billing,0.20998445123512188,0.14331044444260146,0
bimix,-0.08549258355378009,-0.1539861197688669,0
bind,-0.22456917839551405,0.06649679611386325,0
binge,-0.1522582479026707,-0.08521103218327074,0
bioactive,-0.03126835346683349,-0.2971636743159836,0
bioactivity,-0.2649590452680714,-0.09640159181995621,0
bioavailability,-0.38772890328289994,-0.02488604884207463,0
bioavailable,-0.27127312563898714,0.09337524278433994,0
biochemical,-0.19232166483304106,0.11015845809956802,0
biochemically,-0.16538823800934724,-0.20949933440013085,0
biochemistry,0.00028340326625841635,0.18125721887910515,0
bioequivalence,-0.20517139376391555,0.054793037565340465,0
bioidentical,-0.17656566417929492,0.23256353155836823,0
biologic,0.1423929510127264,0.12724205747854417,0
biological,-0.00881317870994539,0.09494856302114595,0
biology,-0.3719456963487689,0.07151419665026665,0
biomarker,-0.21004316623177108,0.008267328583570616,0
biomedical,0.12755377860380754,0.07235831735825275,0
biopsy,-0.12281028860730527,0.0173972220053438,0
biorepository,0.04871849291518728,0.2735122348875243,0
biosynthesis,-0.44485487836711135,0.10489536789095891,0
biotech,0.3206547535835589,0.27427492915647256,0
biotin,-0.26194666176528486,-0.2519409689467041,0
bipolar,-0.24496822436565047,0.04200757332944829,0
birmingham,0.29284613141359134,0.2968551577448288,0
birth,-0.13331008975466235,0.11840387721462431,0
bit,0.39547522892339415,-0.19576493303630196,0
bitch,-0.06601356200048687,-0.24866054825196454,0
bittoun,-0.1892150134494284,0.3000438943148332,0
black,0.06984854970771068,-0.11741972617603375,0
bladder,-0.20996302257236416,-0.13314117151143778,0
blah,0.27767037309280446,-0.25076227509134286,0
blair,0.02578611521364878,0.14767296772541155,0
blame,0.08483176435415728,0.007431907927712199,0
blanket,-0.34995162504244903,0.2135528086426057,0
ble,0.06495157646699906,0.572573169392875,0
bleed,-0.22203021757610286,-0.22471150546919835,0
bleeding,0.01807894599411493,-0.19623896711038583,0
blemish,0.21824736729107289,-0.32768608253105114,0
blend,0.06517075343787773,-0.10718857862873366,0
bless,0.4510637927791338,-0.2930442357541748,0
blind,-0.02334558037103148,0.3083811116011679,0
blindness,-0.11484998395234523,-0.2829950156500999,0
bloat,-0.1425269861295664,-0.08936940068661998,0
block,-0.18448865358119326,-0.19395018145344778,0
blockade,-0.27031742623890864,-0.07250382297675875,0
blockage,-0.15695492826909832,-0.18257691227038064,0
blocker,-0.1447266946595784,-0.3128238253875481,0
blog,0.11426004869724585,0.2434732786719868,0
bloodstream,-0.20609722873372,-0.317522820301836,0
bloodwork,0.07670910374800362,0.040802906758255555,0
blossom,0.27777477800228856,-0.041398073395502895,0
blue,-0.0396913269372913,-0.16290541409651021,0
blum,-0.0007769966660606266,0.45451238779677333,0
blunt,-0.1330416931640245,-0.2426469532960502,0
blunting,0.02322005863703429,-0.026402763971102784,0
blvd,0.5573441181928203,0.15587530006421518,0
blye,0.798501215062364,0.148483327846955,0
bmi,-0.27707091270495027,0.03132660460096929,0
bmis,-0.19475152047584923,0.10096050582096158,0
board,0.035424705336495284,0.3341116526993702,0
boast,0.08296406196966066,-0.15063040340617997,0
bodily,0.28710441960869126,-0.6619091853177561,0
bodybuilde,-0.18555038674014832,-0.3110206775529029,0
bodybuilder,-0.0943854653300909,-0.021512118742374894,0
boil,0.10639403802927776,-0.30097340992230315,0
boiler,-0.005599324292973806,-0.4753276529644106,0
bolster,0.3022411585058017,-0.2223569685664277,0
bolt,0.10557136209543877,-0.16530682492240234,0
bolus,-0.05692713936953833,-0.3931570626612658,0
bombard,-0.03838560320395144,-0.1521644874681691,0
boob,-0.15448966426315566,-0.17830604060467015,0
book,0.029577569403701296,0.14930205824008122,0
boom,0.07420310460475614,-0.13297417784013157,0
booming,0.23075885345417219,-0.07026145917307983,0
booster,-0.006423538631602575,-0.1611609798146933,0
bordal,0.08506447226428553,0.17729758175441124,0
borderline,0.09926182587633509,0.06246241139177725,0
boron,0.08909088273344423,-0.2772351840792469,0
boston,0.06324826493098393,0.3578130813848157,0
bot,0.15546372604148478,0.15042880841700937,0
bother,0.2473023127109572,-0.07203594477426645,0
bothersome,0.16390635372705217,-0.4725425527156015,0
botox,0.08486024059866017,-0.4038568393646209,0
bottle,0.08654334850845499,-0.08352962199044939,0
bound,-0.19772853495594886,0.16189601970560183,0
bovine,-0.1459850645580604,0.207039416569701,0
box,-0.04746422717621746,0.07383863949527644,0
boxed,-0.2548698325486489,0.04668660428797002,0
boy,-0.09945838904501687,-0.42929014325237946,0
boyle,0.04258770959131158,0.22366032079664888,0
bph,-0.35520812183408423,0.01857001920997124,0
bph.59,-0.1866409468457838,0.2247514386679132,0
bradley,-0.09420264736963108,0.1330989459590168,0
brag,0.3478607685086978,0.01670494390819408,0
brand,0.020688466422447267,-0.11282674286722655,0
brannigan,0.13991857419770184,0.3511894372227012,0
brca,-0.2259305923624488,-0.06983395819265503,0
bread,0.07058583275730065,-0.28961627396800993,0
breadcrumb,0.2604095645671199,0.18836986333346695,0
break,-0.011689425609104161,-0.05157376355968995,0
breakage,0.08423651024853283,-0.12426917449081255,0
breakdown,-0.165163432473577,-0.048138544495797984,0
breaker,0.1323814129598741,-0.1291008358820838,0
breakfast,0.06244449989476943,-0.1971230504598799,0
breakout,-0.0013469362782252481,-0.02074879933484536,0
breakthrough,0.25264271026296514,0.164353852647792,0
breakup,0.1700696022285457,-0.18536204599377484,0
breastfeed,-0.17074746903494317,-0.2843042328534878,0
breath,-0.22589798267169775,-0.16889346530002636,0
breathe,-0.09750450771618915,-0.15314625766680762,0
breathing,-0.12628018829198626,-0.10832269507561419,0
breathwork,0.08188688638010072,-0.04804931315681917,0
breehl,-0.17071246188392683,0.39301140358610664,0
brenda,0.03801703281500107,0.37373849764993566,0
brian,-0.08443795072617408,0.3769867111235475,0
brief,0.057408233298783834,0.19838310998779948,0
briefly,-0.41917006635833226,0.5031026329173319,0
brigham,0.2453986492864931,0.3083066109810071,0
brilliant,0.3616522121306395,0.08019003781842236,0
bring,0.7072960931549126,-0.17194843568905394,0
brings,-0.16565199998159136,0.08200492461488636,0
brisk,0.2514171254376857,-0.23554517773008038,0
british,-0.03839363290425086,0.34768412422270517,0
brito,0.030096334134961673,0.4560355700899139,0
brittle,-0.26966083003204633,-0.4591626017017073,0
broad,0.053550447214897524,0.025920363872165116,0
broadcast,0.11312244776509164,0.18092536450874908,0
broadly,0.1604374928580049,0.21060021103451307,0
broccoli,0.14681066205995513,-0.2818936244964421,0
brockport,0.35318853111912984,0.27177530961306023,0
broderick,-0.0016163978971178827,0.12062887399231356,0
broken,-0.16995570619876352,-0.10341879321241688,0
brother,0.2165180316630877,-0.05160436292745518,0
brown,0.15376257536611382,-0.22580104185065022,0
browse,0.0933127987595164,-0.16730290197695302,0
browser,0.25647376603417227,0.09856164532949162,0
bruce,0.17011178567184584,0.3906753623245316,0
bruise,0.010760486027815055,-0.22492301994722647,0
bruising,-0.13619476907289452,-0.2795073283857966,0
brush,0.15841284465994337,-0.2500111275594817,0
bsc,0.23848850704380342,0.25023615308832353,0
bssm,-0.1504348954169828,0.08800008090632921,0
bubble,-0.07775944557418393,-0.30974075549355895,0
buccal,-0.07065779053936447,-0.30501034059670806,0
buckle,-0.07634630437210924,-0.32713813903839456,0
budget,0.26007063272599656,-0.08995990482368674,0
buff,-0.0019941798205377467,0.13341494445846586,0
buffer,-0.37947693599638405,-0.21628791257243488,0
bug,-0.04494398059855803,-0.13537348693279777,0
build,0.28371659563637436,-0.1811413333422976,0
builder,0.38946721205086715,-0.16265410887606002,0
building,0.1503447799019616,0.11704056783003187,0
buildup,-0.11993685473039942,-0.054244858660986,0
bulge,0.124172596527355,-0.10725381905342786,0
bulimia,-0.2878837514478547,0.012351892170136344,0
bulk,-0.18651713616132537,-0.36125271215370086,0
bullet,0.20720777408617097,0.08637471795919931,0
bullock,0.21196015323127532,0.1490292739384802,0
bullough,0.32433724661424895,-0.0333103769995793,0
bump,0.2065374356633934,-0.35784000653533704,0
bunch,0.16622647772270258,-0.3150550368644171,0
bundle,0.3202431492462703,-0.10238519142485676,0
bupki,0.36727345065670847,-0.04406525373873598,0
burden,0.031179922687963615,-0.003726796894776559,0
burlington,0.26330509785876965,0.40096006960145864,0
burn,0.03463999875824595,-0.22360269860515533,0
burnett,0.017754560811860373,0.23294090540131387,0
burning,0.37670966833390757,0.024148356372947575,0
burnod,-0.19927098545156952,0.29927461785696374,0
burns,0.04126596033246046,0.33996439431637415,0
business,0.1855975071716343,-0.03859295924185582,0
bust,0.2986611466713249,-0.13950463884802125,0
busy,0.26574410859065417,-0.026121521607826544,0
butt,0.3565436204227987,0.0615571249563095,0
butterfly,-0.34293936792503493,-0.08294743980301633,0
buttock,-0.12089007138677439,-0.33124157314303876,0
button,0.07362156997327955,0.22327079419161974,0
butts,0.2542347177825787,0.13581588904314296,0
buy,0.2744768358911286,-0.08688907796618216,0
buyer,0.29507363968886396,0.035341900714868466,0
buzzsprout,0.30928191552391626,0.1818419894843948,0
bypass,-0.1049053249606408,-0.3263540349278094,0
byproduct,-0.32484824244326577,-0.1425203225499005,0
byron,0.32916404971698005,-0.029917971594378624,0
c.n,-0.18043063367438433,0.4531120652326265,0
c.p.t,0.013562772191133565,0.2494009667248236,0
c1995,0.24520890996265815,0.35542168137765,0
c2025,0.18665274841487853,0.34052128687020056,0
caban,-0.16756123887072408,0.3979426230207046,0
cac,-0.16923241570062536,0.11650967658456854,0
cad,-0.20845196408581562,-0.05059656712732843,0
caffeine,0.05453296424741403,-0.39340916775116463,0
cag,-0.008850562137049576,-0.2690025311326321,0
cah,-0.3742558248683343,0.026099885028279285,0
calcification,-0.2983221460319464,-0.07877685887978421,0
calcium,-0.13873288037200768,-0.01292728404478291,0
calculate,-0.18121814657878543,0.20026030010541512,0
calculated,-0.1349769633828336,0.14393568411710006,0
calculation,-0.21557242062064774,0.13839807149139965,0
calculator,-0.19583568862525189,0.030165016629660178,0
calendar,0.13518949326498586,-0.07027577729642086,0
calgary,0.07112839937091224,0.4670398889737861,0
calibrate,0.1221332478925762,-0.07642528220651289,0
calibration,-0.006353713537102633,-0.02689600779996806,0
california,0.18166359218378467,0.18572453286944313,0
calm,-0.026674586498382075,-0.18793594980433107,0
calogero,0.012015449023155649,0.37075562798452977,0
calorie,0.2481847526617596,-0.28982067023344976,0
campaign,0.20892444178463102,0.11596900541992104,0
campbell,0.20072183701897223,0.45330607246853055,0
campus,0.06868849344760343,0.27144732173174274,0
camry,0.3166807603327268,0.022489426743653323,0
canada,-0.016785857454653472,0.3177490794971467,0
canadian,-0.047288023934117566,0.14267848644899764,0
canandaigua,0.3653708778926217,0.27447730212411037,0
canary,-0.09769563426270718,0.06392037610119534,0
cancerous,0.024031951032454025,-0.221558332294445,0
candidate,-0.2773760396233449,0.25607949156423865,0
candle,-0.06603294226111939,-0.07808472789385891,0
canine,-0.04578692393410184,-0.22291955876946457,0
capability,-0.3662688635475129,0.3721047330824357,0
capable,0.3210145081496653,-0.14870494771519885,0
capacity,-0.00397868904279973,0.01629044284718391,0
capogrosso,-0.05218271554723797,0.33806800832964273,0
capsule,-0.08926764288131246,-0.23484230087585642,0
capture,0.02103893774147317,-0.048745389027696956,0
car,0.2550791351768123,-0.07345835671620764,0
carb,0.0630748483195355,-0.27633877501663456,0
carbohydrate,0.05677117098124351,-0.3410262735421913,0
carbon,-0.22717774046717237,0.04913216379931424,0
cardiac,-0.06085937993590551,0.142068533812071,0
cardio,0.22561067680954577,-0.31713188303891043,0
cardiologist,-0.06084783627069991,0.21539638891224602,0
cardiology,0.1106597731376766,0.2559236411192526,0
cardiometabolic,-0.23990573900833903,0.2941800749407448,0
cardioprotectant,-0.161367637187213,0.22365369822478973,0
cardioprotective,-0.04529598346126343,-0.062374898739208116,0
career,0.09300148583153568,0.12168056393489696,0
careful,0.12109231213416505,0.013812016341749883,0
carefully,0.032171753693430304,0.013976578783544616,0
caring,0.2127027223449941,0.016648608806758065,0
carlomagno,-0.23516099457938666,0.3852373665360247,0
carolina,0.1941738703821279,0.177129917891407,0
carrier,0.1420168455746435,0.32778452041042355,0
carrot,0.15112019572000557,-0.2807122925386748,0
carry,-0.025458927944596702,-0.06360921648218387,0
carson,0.08052377687287056,0.4427267728669951,0
carswell,0.288650138164973,0.008768256233109561,0
carter,0.18290026641594165,0.002453026676679684,0
cartoon,-0.0774291351064738,-0.2521654811967303,0
carvalho,-0.29577334239917324,0.4424634692483369,0
cascade,-0.28217754232663483,-0.08523686068848318,0
cash,0.23664499718739385,0.007229567281681331,0
casual,0.07329759146662262,0.02774702938303886,0
catabolic,-0.05253046779890134,-0.10540056155104839,0
catalyst,0.12763792183031852,-0.13566091974821903,0
catch,0.15283800616587,-0.23175550843446477,0
categorization,-0.3090371989327573,-0.24905647845548395,0
categorizes,-0.06717480564554008,0.08190044182985881,0
category,0.16576203175172857,0.33048892873962454,0
catheterization,-0.16279101448149866,0.10204878190993662,0
cau,0.17132869545340393,0.2630232025463146,0
causal,0.006349187050149889,0.07876294156496783,0
causation,-0.16631867828236654,0.044122641870500065,0
causative,-0.2196049953439401,0.18405884648231724,0
cause(s,0.12790645983420262,-0.14793250011255552,0
cauter,0.012988795180187595,0.2597021306651026,0
caution,0.004696691474838754,-0.11128451300475535,0
cautious,-0.10578693088732694,-0.08214870467115715,0
cautiously,-0.18904714455414723,0.07332178996940064,0
caveat,0.36476539915947076,-0.2731734928084837,0
caverject,-0.1655243742815423,-0.5583274270665929,0
cavity,0.04195921305215049,-0.35626124568886114,0
cbc,-0.3167450855227578,-0.16439463230001894,0
cbt,-0.21036702821967407,-0.280738145801388,0
ccjm.91a.23064,-0.1426015855457831,0.4103615778144242,0
cdc,0.04726910380698983,0.12353128582492262,0
cease,-0.016340199996499518,-0.0808371169986125,0
cecil,-0.05968964452732889,0.6438583517557434,0
cedars,0.030410426377213855,0.2025684397153944,0
celebrity,-0.016413038038169483,0.08074691477105012,0
cellular,-0.09601399837195038,0.17544229797125296,0
cent,-0.29792520737022443,0.12711983367970686,0
center,0.3872601878444137,0.24244009271646969,0
central,-0.14477902697832137,0.18786916084493838,0
centre,0.07516301750551824,0.07096322631330078,0
century,0.25357825078571833,-0.06754252161042366,0
cereal,0.09255017645164897,-0.3477585005780034,0
cerebellum,-0.502675371745776,0.032465354436075344,0
cerebrovascular,-0.19185842279415413,0.03630154826169894,0
certainly,0.18428904161217827,0.04174497702934278,0
certainty,-0.00890202579795249,0.16696342089201385,0
certification,0.07673726980833384,0.08260520580916454,0
certify,-0.018407692222432697,0.22985676016235104,0
cervix,-0.23371584916206362,0.05890321962487435,0
cessation,-0.29227380098569905,0.1368679860353247,0
chafing,0.27320288229385525,-0.21184648418398422,0
chain,-0.2021519603008375,-0.09953044914446826,0
chair,0.14951510288467595,0.09421111069174262,0
chalk,-0.442723058105234,-0.31398637920494027,0
challenge,0.008898331068207877,0.006264874718560118,0
challenging,0.284152363887309,-0.0794271606279731,0
chance,-0.05308244347663654,-0.1122663237211588,0
chandrashekar,-0.20164286509615068,0.49222215600244157,0
changeable,-0.22644241534666432,0.09760571718591551,0
changer,-0.020601005669901966,0.08283678485679076,0
"changes.5,16",-0.08589897509155377,-0.28084926216075257,0
channel,-0.037543659502212216,-0.17586411009499345,0
chap,-0.053950784935660585,0.5108595692174809,0
chapter,0.19611909989498996,0.2258598163857632,0
character,-0.0751664953630124,-0.25586670846135184,0
characterise,-0.2226074185518829,0.2716586967215298,0
characteristic,-0.1999795330287494,-0.19350164546816112,0
characterize,0.18818048532934525,-0.16488676993745335,0
charge,0.12345143704237103,-0.12900193995196363,0
charity,0.1984043535813475,0.14403926727859862,0
charming,0.0368692558601185,-0.08233639389076305,0
chart,0.2687057610174793,0.0688057016527565,0
chasing,-0.4918772537494586,-0.2801819264106036,0
chat,0.26290478200600564,-0.3122558253365209,0
cheap,0.14575229074111923,-0.10656896361705112,0
checklist,-0.2541067461881015,0.13056411376648908,0
checkup,0.32513564816448864,0.4911350650086122,0
cheek,-0.07884374064585964,-0.3443635933608592,0
chemaitilly,-0.036417289956245553,0.4759849630665497,0
chemical,-0.053305194855789245,-0.07875163182024271,0
chemically,-0.03798846632200312,-0.10199042656062753,0
chemistry,0.037825407829261526,0.27049150103309827,0
chemotherapy,-0.4927561138653701,-0.07992857790694845,0
chen,-0.21356103008774377,0.20749337496527523,0
chest,-0.10618193116646142,-0.24854523991706234,0
chew,-0.0854302421337809,-0.3353670381250574,0
chicago,0.035576642653419095,0.21889313444469163,0
chicken,-0.034606785664346745,-0.21137490027892006,0
chickpeas,0.11871114064203205,-0.2957537312962173,0
chief,0.04750210661949476,0.1590652954206461,0
child,0.15641786497980384,0.2878118763998569,0
childbearing,0.22640888662783026,-0.13827850208513062,0
childbirth,-0.1236717530834294,0.21425033309208988,0
childhood,-0.11577201197740508,0.0991392037472065,0
chiles,0.16167647552300274,0.42641639549256166,0
chip,0.028489590743577965,-0.36350753898813115,0
chitchat,0.27213564087089104,-0.3072761782555182,0
chlamydia,-0.27474246794671253,0.17561973525091792,0
chloride,-0.424112739242733,-0.05341804193518008,0
chocolate,-0.05204044926124826,-0.19612297091135178,0
choice,0.06572138747941231,-0.273160904728786,0
cholesterol,-0.42258280780016655,-0.06086823261929557,0
choose,0.06846759023706335,0.04374402555041166,0
chorionic,-0.26359009790961874,-0.30531169325241275,0
choy,-0.04658048560385368,0.09583374449185203,0
chris,0.14101184800292976,-0.0642369898701238,0
christian,0.10591137046689193,0.31437091501913583,0
christina,0.05438374770288543,0.5097361137612991,0
christopher,0.22199948531615923,0.5790236294621706,0
chromatography,0.05622958910178224,0.1337304393776989,0
chromosomal,-0.3525961002897212,-0.06651083409267287,0
chromosome,-0.36578051815218127,-0.17869412776832572,0
chronic,-0.7422243962588756,-0.2724970580642007,0
chronology,-0.46854017986643437,0.12554185455157324,0
chung,-0.2078804720805313,0.41517908545836607,0
cialis,0.014853810630830036,-0.2812916280365041,0
cinematography,0.0573791344027771,-0.12492287714692958,0
circadian,-0.019459220218672618,0.0205606559790233,0
circle,0.1771813005812167,0.09261160807739344,0
circulate,-0.2680225982564802,-0.011658387986659939,0
circulating,-0.0883807401670099,0.4965064602310465,0
circulation,-0.07020979466236707,-0.29487543029534646,0
circumference,-0.14394224670739558,0.11065113569439085,0
circumstance,-0.23574475155472027,0.24369980119882134,0
cirrhosis,-0.3338402075265915,-0.09808664280186541,0
citation,-0.04281084302994127,0.20428339776328108,0
cite,0.12152440658159752,0.3465320355404583,0
cited,0.061769837222802854,0.30730025827836477,0
citrate,-0.01130309633542388,-0.33926449763917144,0
city,0.2242558375524771,0.15171919719926583,0
claim,0.05309036822390426,0.04457812391996843,0
clan,0.1961818872750215,0.058655878335781376,0
clara,0.36760164429714326,0.29908120626590556,0
clarification,0.015309073135323103,0.1597401078004251,0
clarify,0.09880787973607753,0.14642281402759302,0
clarity,0.030683941959093967,0.06564153609634121,0
clarus,0.10368053259959766,0.43279680319913627,0
class,0.05524282475472247,0.09642286151459065,0
classic,-0.2998783536859949,-0.09189839389747999,0
classical,-0.5925859228355331,-0.02077056323539032,0
classification,-0.3489334628291316,0.13422899109938718,0
classify,-0.473811283163034,-0.20437381340972663,0
classmate,0.10365313984716397,-0.3313873263454782,0
clean,0.06433434933646281,-0.28743568893484095,0
clear,-0.25696340285951796,0.2276514680122059,0
clearly,-0.09430603352995821,0.055479252066999676,0
cleveland,0.31651555097149237,0.2538406053547619,0
clevelandclinic.org/cardiacconsultpodcast,0.18883248113797418,0.07202480610801147,0
clevelandclinic.org/loveyourheartpodcast,0.2148937162550097,0.020683520487597494,0
clevelandclinic.org/menshealth,0.3722826669159332,0.013059695294278527,0
clever,0.11447043132768893,0.07562316859990946,0
click,0.1816678840798902,0.11294880514469587,0
clickable,0.10069803164801022,0.20771643159559428,0
client,0.1818727162866229,-0.05030083455022757,0
climacteric,0.1520887610197116,0.3887993687826971,0
climb,0.041360032646105466,0.2355592014423242,0
clin,-0.02469912545456303,0.39603424275632615,0
clinically,0.10383889496778007,0.01909603967043876,0
clinician,0.7082702252929292,0.47473573045643797,0
clitoris,-0.17695045897765804,-0.28393541379011394,0
clock,0.1935267766730928,0.1903784007342097,0
clog,-0.12498218465220247,-0.06995825662814721,0
clomid,0.23640487771478694,-0.32700490030757906,0
clomiphene,-0.17467294581264717,-0.20852965020594966,0
close,-0.020835830155636177,0.07605369168712971,0
closely,0.04562508246666326,-0.15575168839377693,0
clot,-0.34303791457996036,-0.1769098191328483,0
clothing,0.007656787833857928,-0.10003810029573894,0
clotting,-0.12626415130024948,-0.09960256180349805,0
cloud,-0.12138962642579063,0.061376570497456914,0
cloudy,0.007633679932894294,0.018012162658628688,0
clue,0.11715594505145319,0.24336525507639292,0
clumping,0.0344374936079688,-0.3456862323215663,0
cluster,-0.02626281885227591,-0.002585332653778597,0
cmaj.5,0.0848231659863534,0.14257929885405082,0
cmd,0.04359910749674526,0.2518423694364331,0
cmp,-0.39257877735008656,-0.13702556206653385,0
coach,0.1940038430879655,0.04203831991664999,0
coaching,0.12240302851694645,-0.3952020990238795,0
coagulant,-0.13181636995813648,0.029549216075652255,0
coal,-0.09566991909279839,0.06085281683024737,0
coarse,-0.11999107211628741,-0.34299783280973856,0
coaster,-0.25592232695734074,-0.03855680871086257,0
cocaine,-0.25657380987680545,-0.08890673344675806,0
cochrane,-0.08101351318201179,0.29319879708362606,0
cocoa,-0.017700319444769224,-0.11889374214536995,0
code,0.32176189610435674,0.09473427194924636,0
coefficient,-0.11367660556454098,0.14333640525337016,0
coffee,0.12289938771813214,-0.3323956552686791,0
cognition,-0.1465468056501523,-0.11409514952575245,0
cognitive,-0.1463836555508817,-0.006918422584006667,0
cognitive/,-0.18582644152908562,-0.32113980038457773,0
cohort,-0.09313353613501672,0.24172526994043453,0
coincide,0.02881497185118517,0.0703847273160084,0
cold,-0.049333401271631334,-0.17878950920653244,0
collaborate,0.04782417554064843,0.17077372653631684,0
collaboration,-0.0006197669972761044,0.2607742287952419,0
collaboratively,0.16174829256909246,0.036082001826865655,0
collagen,-0.23300292694018626,-0.31017750875066774,0
collate,0.06114286096435859,0.24527073467164,0
collateral,-0.4884444683000689,-0.0023712189616531677,0
colleague,0.016147111381403324,0.1942610689732282,0
collect,0.014326173160226727,-0.09971452708874508,0
collection,-0.0953137126722047,0.26130033165480226,0
collective,-0.17344524356231658,0.0888700089358893,0
collectively,0.05670985053137373,0.11432888613011678,0
college,0.14466526713466096,0.26627253556466857,0
colon,0.19528177815931824,-0.16048230829674365,0
colonography,0.326398834987192,-0.15156637239321824,0
colonoscopy,0.32622023889897866,-0.15693697865696032,0
coloplast,0.013143542394834031,0.34960500175495873,0
color,-0.07035243067571562,-0.07062820014662688,0
colorado,0.09635540446301222,0.3645442366870036,0
colorectal,0.09780876473942919,-0.08817578038699424,0
colorful,0.14432652224706546,-0.29545810834519864,0
columbia,-0.001755732036251475,0.3735808042556612,0
column,-0.1351382413495585,-0.16837562591984473,0
comb,0.2881476984050781,-0.24452891283436912,0
combat,0.08604180556699406,0.031734254560639066,0
combination,-0.17088883433553478,-0.019956140710709752,0
combine,-0.23689719293346512,-0.0009654395017573654,0
combined,0.2682956084218017,0.11600983359100457,0
comfort,0.17719710193356789,-0.24108942058555818,0
comfortable,0.20150632632363374,-0.13110963609400397,0
comforting,0.3488881866934515,0.11047484714993777,0
commence,-0.35129665137746385,-0.19430738115787205,0
commencement,-0.36146984155470635,0.13429220919396134,0
commences.2,-0.19040927252471387,0.13878782270600507,0
commencing,0.12062320361049468,-0.05903754076524601,0
commensurate,-0.0706348097604562,0.060932120925917266,0
comment,-0.018746279410393123,-0.019236181318870095,0
commercial,0.14031500676629066,-0.14263991031446982,0
commercially,-0.049142059001466364,-0.34821108029536296,0
commission,0.19969033296402974,0.2132149200751162,0
commit,0.2654583211837633,-0.05387802828868554,0
commitment,0.10602099753292407,0.0036352137034340913,0
committed,0.15415640401649305,0.019753750477102077,0
committee,0.008623701153582648,0.11277990663030331,0
commonly,-0.1464411422645759,-0.13602905094152776,0
communicate,0.03991718379199765,0.030118059368252823,0
communication,0.19002500233213618,0.07662549966706401,0
community,0.21893687910957793,0.15435194312226305,0
comorbid,-0.23421910663809872,-0.0049386758638547325,0
comorbiditie,-0.1459455108182421,-0.022357627271894484,0
comorbidity,-0.21733783613618135,0.22156220001289945,0
comp,-0.11280189419475452,0.555182132241415,0
companion,0.26107845128453994,-0.16224300267099873,0
company,0.23712445289648482,0.12743865835225981,0
comparable,-0.3214532947370676,-0.18549880148704626,0
comparative,-0.10337797161486498,0.03946311564476681,0
compare,-0.3251354789034256,-0.01388543473676042,0
comparison,0.017489659365231346,0.033614159809303885,0
compassionate,0.3266826224151776,0.11400281109359404,0
compatible,-0.037955719159517155,-0.2573684809554632,0
compensate,-0.07300496824804227,-0.15688105450888645,0
compete,0.003498413460679271,0.2878205421525638,0
competition,-0.12180789786869403,-0.09791374693416643,0
complain,0.11404670725844639,-0.06464445450764462,0
complaint,0.022495863004314633,-0.09295920709884185,0
complementary,-0.072183251259652,0.25604495183809683,0
complete,-0.29692318290760844,0.1739983206673067,0
completely,0.2519408791205953,-0.1943110762668609,0
complex,-0.1789615416295344,-0.0515974389231031,0
complexity,-0.02771954544828669,-0.230130096889593,0
compliance,0.06919718693155612,-0.021459854486297024,0
complicate,-0.0459891048495429,-0.01845954039243443,0
complicated,0.2506383585605091,0.09528027557066347,0
complication,-0.37663560787396955,-0.11317387987352659,0
compliment,-0.35555452344674776,-0.015990737298697162,0
complimentary,0.038460043710569554,-0.05440113537702496,0
comply,-0.054574500777190435,0.13586774834345589,0
component,0.04568385440002501,-0.10711885663978489,0
component.438,-0.29428934500108855,-0.018543958168989058,0
composition,-0.07121693275684697,0.12329033754998613,0
compound,-0.01060519555271758,-0.17241073726036385,0
compounded,0.0942711809579223,-0.327985645996158,0
compounding,0.1214339966670619,-0.23029620056277253,0
comprehensive,-0.6745162698842165,-0.22049175939892257,0
comprise,-0.2545317745572285,0.16713529159002444,0
compromise,0.06027755768131754,-0.30919112450433794,0
con,0.3773703421003248,-0.1565972760525443,0
conaway,0.046203284900916464,0.39226052863916444,0
concede,-0.1556120183457445,0.06383414418879223,0
conceive,-0.14459112055605464,-0.10720095425230507,0
conceiving,-0.21962816517493788,-0.23022252287080847,0
concentrate,-0.0059087191620015925,0.03996884149793721,0
concentrated,0.2885911536311147,0.04417221931596818,0
concentrating,-0.17449237689450103,-0.15947422713644663,0
concentration,-0.5935319950161653,-0.4455927284324175,0
concept,0.03147804018671633,0.23450556331786548,0
conception,-0.03650579335917862,-0.08887418401855657,0
conceptually,-0.3119927275758702,-0.2447545801263646,0
concerned,0.23453224359772687,-0.07840446414150837,0
concerningly,-0.2804206528090919,-0.171313854253613,0
concert,0.21954061645915252,-0.29211490510529886,0
concertation,0.20042490675597427,-0.22797443701505174,0
concierge,0.24927597145993247,0.03946692533292731,0
conclude,0.013352588295915546,0.0754874914076441,0
concluding,-0.0031010884489828887,-0.19467337241490296,0
conclusion,0.010772569991196445,0.27187801653590765,0
concomitant,-0.221460909576511,0.05926984744892541,0
concurrent,-0.20644232781858873,-0.058341352958103124,0
concurrently,-0.15572729247475753,-0.023446745042205584,0
condition.3,-0.04163857721382146,0.11124055161674853,0
conditional,-0.17599239844341483,-0.07569534272522875,0
"conditions.5,7",-0.35207323094859905,-0.024870467389239627,0
condorelli,0.01226065435102947,0.36613721186337955,0
conduct,-0.048669444676731094,0.11996729851187798,0
coneeny,-0.028023856475361823,0.3660183999296086,0
confederacion,0.16255874007483534,0.2659412366630673,0
conference,0.0912308381963113,0.1573841251386318,0
conferencing,0.21328467838061826,0.0967936093345176,0
confidence,0.029556309937331743,-0.16424751838761922,0
confident,0.17568566444824915,-0.07614780830304559,0
confidential,0.3255308830959667,0.014256189262466336,0
confidently,-0.010214474312987824,-0.06767032462459167,0
confirmation,-0.12792905639189014,0.02478008525494018,0
confirmatory,-0.1790388651649277,0.11385627194368118,0
confirmed,-0.31787340554164534,0.22658663336939872,0
conflict,-0.11180016385056805,-0.01858859324931454,0
conform,-0.22733037215899468,0.005850145448849678,0
conformance,0.01797809088083684,0.07476873615185423,0
confound,-0.21369174443212036,0.08487610322882358,0
confounder,-0.20223025131066658,-0.06407677188679138,0
confuse,-0.029802837481617463,0.05330562718861926,0
confused,0.06024045572188193,-0.04153317577624362,0
confusing,-0.1579096256293363,0.09294531930531437,0
confusion,-0.0244113499351652,0.11294599354768979,0
congenital,-0.5267432105296742,-0.04431986094252942,0
congestion,-0.012097854062729417,-0.10248264047684684,0
congestive,-0.19500380773842635,0.35062467432755995,0
conjunction,-0.09018855109275584,-0.3095367155085779,0
connect,0.18037153230072583,-0.17203431898466165,0
connection,-0.26751702039669417,-0.08956894968760196,0
connotation,0.2642751014486363,0.034470490472544475,0
consciousness,0.018326877724083524,-0.31404066266341263,0
consensus,-0.016142069707825755,0.23689551227788042,0
consent,-0.16165776049630548,-0.1468538960010979,0
consequence,-0.11612773557398993,-0.009312116958448491,0
consequently,-0.26569438962429076,-0.189032357076599,0
conservative,0.12331899626210233,-0.09463312266941375,0
conservatively,-0.22978960830078574,0.15736836545653338,0
conserve,-0.23918007636151642,-0.16463291897307758,0
considerable,-0.022383034461722816,-0.05301541247778,0
considerably,-0.16420510422518442,-0.25384782893525065,0
consideration,-0.09707002367243929,0.05065212390881936,0
consist,0.07045176941107581,0.06264150171860981,0
consistency,0.0011407509782415462,-0.06890909013976963,0
consistent,-0.19720578290377602,0.07890204495592022,0
consistently,0.1573827635188294,0.008022455244056812,0
constant,-0.015986399446678165,0.017198778638719717,0
constantly,0.10313725194570378,-0.06729713802713601,0
constellation,-0.21449357491993568,-0.5187348630599461,0
constipation,0.030333738521199548,-0.30856775584913143,0
constitute,0.09751427029460404,0.1222977171106393,0
constitutional,-0.3170625941720938,-0.20116003103260152,0
constraint,0.06343088015592747,-0.14875018819783584,0
constricted,-0.07357811675445708,-0.28444130619246755,0
constrictive,0.10000032420661464,-0.2318746871382531,0
construct,0.17700127955688422,0.14438263897081247,0
consult,0.37778197422013327,0.13667367938179759,0
consultant,0.06571327002978009,0.40639127649512774,0
consultation,0.2209811393839143,-0.4085758808451551,0
consume,0.06673886224725503,-0.26717087901272835,0
consumer,0.23878912602637858,-0.0008626837208674778,0
consumption,-0.01568707720486548,-0.31222069658187906,0
contain,0.2385565302256671,0.343480559666644,0
container,0.015054350372259028,-0.15470133516140847,0
contaminate,0.1653603691125381,-0.08202587467341264,0
contemporary,-0.1346033335279573,0.17989942128364875,0
content,0.21452973292878794,0.010287813135605034,0
content.5,-0.10451231679826149,0.23465608693875287,0
contentment,-0.17504190476952133,-0.23609332196479416,0
contested,-0.04697490720857234,-0.10898929795956766,0
context,-0.03899778311490369,0.07904078405110929,0
continually,0.09865485857172297,-0.08022819982675236,0
continue,0.047882461718526885,-0.46560428059595466,0
continuous,0.07329943513707184,-0.2224093013120251,0
continuously,0.011020287869282564,-0.1955399883463567,0
contraceptive,-0.2905528293735922,0.07389133393704207,0
contract,0.1943648555289857,0.20426813486779682,0
contradict,-0.16093998851128213,0.0798399685881781,0
contraindicate,-0.2641370150319875,-0.07575328361587512,0
contraindication,-0.23828497940566387,0.17255299893440995,0
contrary,0.011090372726194855,-0.054789004101772454,0
contrast,-0.3485584007335532,-0.05982462987063944,0
contribute,-0.2964281624594346,0.011843952661421669,0
contributing,-0.0448145463339378,0.14547470268435045,0
contributor,-0.03324028884923437,0.09708870215149415,0
control=,0.15242216839661574,-0.042443957075247264,0
controversial,0.062477172514939054,0.15392748609072365,0
controversy,0.009339031831644418,0.19280842875549337,0
convenience,0.11973846114521196,-0.14767276236544105,0
convenient,0.36142250284246913,-0.03622753997751789,0
conveniently,0.3202490536381401,-0.27752125851147375,0
conventional,-0.09230650967811761,-0.1420578545273816,0
conversation,0.3589865665728382,-0.39069146195630466,0
conversely,-0.2287468375299501,-0.11379533525873559,0
conversion,-0.10358240393683131,-0.1544058235235401,0
convert,0.022847660392647295,-0.2116504347460945,0
converter,-0.22887933481306302,-0.2134688122939564,0
converting,0.04529022088797434,-0.27399163359733525,0
convincing,0.18295347329752165,-0.26886081109841425,0
con’t,-0.31487714369449255,0.02515780603099396,0
cook,0.015097235159344321,-0.3284017476099691,0
cookie,0.2558684625281427,-0.2172916723199871,0
coolidge,-0.09285898379045356,0.18762251132697272,0
cooney,-0.03637428826274611,0.619432567826213,0
coordinate,0.20613455502516842,0.5075470043664829,0
coordinator,0.31532587297079273,0.035377233807627056,0
copay,0.5122545552214549,-0.15241575017858036,0
copd,-0.27330421212172573,0.034421200043260144,0
cope,-0.1083875053807409,-0.18615239067850073,0
copper,0.022929208662631265,-0.16031723231933587,0
copulate,-0.12488136317159117,0.0938189161438016,0
copy,-0.06582099051276369,0.14116289147591174,0
copyright,0.10469491322592277,0.1180836973970398,0
coralville,0.2852512765357117,0.130967234694432,0
core,0.18413082118179933,0.030327915241040282,0
cornerstone,-0.07926586276117659,-0.27589857988989,0
corona,-0.1046130299174264,0.311336778221073,0
coronary,-0.1940806600970899,0.019141754738941065,0
corporation,0.2554908067296498,0.3909484086837158,0
correct,-0.11077526910502004,0.012540365355409686,0
correction,-0.14884887118039247,0.15231172092534656,0
correctly,-0.10010536119006193,-0.14261087435029457,0
correlate,-0.01561538790475974,-0.04326688851637714,0
correlation,0.10482898048985535,-0.04095394153295094,0
correspond,0.09590721188097903,-0.11652995256644656,0
cortex,-0.27749778881761755,-0.014026023369604367,0
corticosteroid,-0.2750569594967223,-0.07324882891536147,0
corticotropin,-0.32834698914516575,0.043866357237451865,0
cortisol,-0.22853258143252353,-0.25119776031527236,0
cosmetic,0.09275568460446601,-0.43055132465643725,0
cost,0.2652120420014394,-0.11157821802876632,0
costly,0.16542584601088803,-0.1736297048839176,0
cotton,0.05563733772835931,-0.2673192853828768,0
cough,-0.2540448635052681,0.1448865214485036,0
coughing,-0.2238649314915603,-0.026461660568556575,0
counsel,-0.21254681709811474,0.11509147934640838,0
counseling,-0.2746302862147519,0.07186887604938665,0
counselling,-0.3171992844475532,0.1880063924007804,0
counselor,0.1099555433485005,0.03188962531070572,0
count,-0.28472825726770973,-0.5251355169198874,0
counter,0.14710185137292497,-0.200503591977801,0
counteract,-0.1886748908374891,-0.24392354669471134,0
counterintuitive,-0.1878399364357693,-0.11292858520908122,0
counterpart,-0.14775712064768878,-0.16311306189247587,0
counterproductive,-0.09383980941702565,-0.07691579414195425,0
countless,0.27168365240533693,-0.12347593719765255,0
country,0.1633423327221742,-0.0631480822756086,0
county,0.33377322496462536,0.17132158379381654,0
couple,0.29234827620597675,-0.11978809396213563,0
course,-0.09927345390187298,0.12059883238417883,0
courtesy,0.053885406181281216,0.16943477293797524,0
cover,0.16557813552848208,-0.006654481963785965,0
coverage,0.3099683640467619,-0.04396279488558628,0
covid,-0.04120760947685763,0.15704268050168815,0
covid-19,0.01476912637377906,0.2871727736952414,0
covington,0.4927801180102803,0.21464210801669759,0
cow,0.23251601543001996,-0.039026313526508864,0
coward,0.09490742915885139,0.4366213980381129,0
cpap,0.054145038568951614,-0.2269573359627018,0
cpt,0.30443127528236263,0.15140065274488504,0
cqc,0.09441246696783097,0.10207782114135773,0
crack,0.24443807779751553,-0.0873421268796409,0
craft,-0.13881648474975747,-0.4758423197063786,0
craniofacial,0.02976899071065534,0.2406552396086056,0
craniopharyngioma,-0.569742286265935,-0.12753759463402517,0
crank,0.10864326131170246,-0.305282856588682,0
crash,0.05332664186844136,-0.20000519938739794,0
crazy,0.34076918802127426,-0.172474219903753,0
cream,0.08339796772819859,-0.4581235037652795,0
creams,-0.26555458721832653,-0.3546771093127529,0
creamy,0.07045981616884175,-0.3790878118755625,0
creatinine,-0.4273508058582973,-0.027100696911643254,0
creation,0.08642200736176193,0.0856089239812632,0
creativity,0.07416671005939558,-0.0865253569140137,0
credential,0.1192845677028653,0.1590745116753199,0
crisis,0.08237832467849618,0.030259603095157923,0
crisp,0.18718374221792666,-0.23597578187043947,0
criteria.411,-0.13830072396443854,0.017066778364485162,0
criterion,-0.0770852807748934,-0.0030813008138896457,0
critical,0.03546756719585087,0.005287663650778583,0
critically,0.02433783499074313,0.08444615205640386,0
critter,0.024727465653583674,0.0388211349698599,0
cross,0.09549333182823797,0.19504272541360315,0
crown,0.034095184898613656,-0.19704452689369537,0
crucial,-0.03559784865927436,-0.40696743288036896,0
crucially,-0.3132215615632515,0.04118107467717841,0
crude,-0.2170461564584634,0.06543980228216,0
cry,0.1985280168266967,-0.019092887622141137,0
cryptorchidism,-0.3335482524522698,-0.13111918158061134,0
crystal,-0.057926264068440175,-0.13480561592264906,0
crystalize,0.023367923512422638,-0.20148066797877076,0
crystalline,-0.010618729760313738,-0.039155142802638446,0
crystallised,-0.12506852281438918,-0.31122210416947743,0
crystallography,-0.10954957086461252,-0.0668430902017022,0
cua,-0.0191381388818959,0.18111548100435196,0
cuaj,-0.22529284659249754,-0.0501926791494561,0
cuban,0.20795715182361701,0.02449833799890104,0
cue,-0.08654786905256318,-0.17676127484046683,0
cuff,0.11411612094633468,0.015309720042086248,0
cui,0.26128083846805195,0.23396391877858733,0
culley,0.08332324244271898,0.44407597492244644,0
culprit,-0.4281932487266908,-0.1465208093048645,0
cultivate,0.09595719762347137,-0.10284256542635362,0
cultural,0.01233905253371596,0.012651326916005415,0
culturally,0.19043419075479856,-0.04114601222032254,0
culture,0.25534037992745806,-0.055261593911286974,0
cumbersome,0.06310367368200508,-0.28009093586607486,0
cumbria,0.19587294444590167,0.1523926992875032,0
cumulative,-0.2780667330307982,-0.03887470966811008,0
cunningham,0.03482847605820395,0.43326463005529453,0
cup,0.09953891702055213,-0.41810523547725553,0
cure,0.2767979246166981,0.07400197794307556,0
curiosity,0.033902489096601686,-0.0009913514410453024,0
curious,0.343109769615588,-0.06782554367799393,0
curr,-0.012029152796080777,0.5113537798934534,0
currently,-0.17197878300985622,-0.05685358339066422,0
curvature,-0.13235470553380627,-0.2613934905115272,0
curve,-0.2579417753709064,-0.3337765553412615,0
cushe,-0.3073157118748434,-0.030675137334525336,0
cushing,-0.5021880381525842,0.11191917668899397,0
custom,0.17154381405913377,-0.21082983109997905,0
customer,0.028079856867610466,-0.039691710241802576,0
customise,-0.06736393659506182,0.06417593675843566,0
customizable,0.2639083855696363,-0.045818559681299414,0
customization,0.2843621258334637,-0.28925832153104286,0
customize,0.324005765060185,-0.1409098155222132,0
cut,0.1647685949520386,-0.1923625194066844,0
cutoff,-0.09042510407988873,0.10880734330385819,0
cutter,0.2553704247792131,-0.2142376407813971,0
cvd,-0.2006766704047408,0.13455643607603482,0
cycle,-0.11522066230567757,-0.19159358832998552,0
cycling,0.015127209740190875,-0.3231954624572911,0
cyp3a4,-0.21133005377857272,-0.24980566911295232,0
cypinate,-0.12207150982746341,-0.16040249448235394,0
cypionate,-0.10701697620218772,-0.19742649404727092,0
cypre,0.12175384592593248,0.23609862108577082,0
czub,0.11633683096764652,0.21693406462385226,0
d.c,0.2896529010327449,0.06878417964907219,0
d.c.—has,0.18329033868924607,0.07847215350844924,0
dab,0.22610425477133647,0.12404120558408174,0
dabaja,0.24599297991729996,0.19201241169530647,0
dad,0.33558832272090316,-0.16472887798680655,0
daily,-0.05098386902000361,-0.6737269892400455,0
daily.432,-0.06902812216995888,-0.2677562070364758,0
dairy,-0.07833807561575658,-0.06853325798697232,0
dalhousie,0.08759833491382034,0.47732140896250347,0
damage,-0.41136816259167885,-0.12880403726112713,0
damaging,-0.08813456524944642,0.02727531941627452,0
dampen,0.01236447301017025,-0.24798463942859536,0
dan,0.09371132047961983,0.3265620147145934,0
dane,0.2854498787585509,0.171317916904932,0
danger,0.01874558987148911,-0.08703165240694188,0
dangerous,0.03366335298979258,-0.14884261540982172,0
daniel,0.0975509773659161,0.26247175694443287,0
dansville,0.3633825344597587,0.30459927674222503,0
dark,-0.015244162599344146,-0.2271157019001849,0
darn,0.21840989675028974,-0.28376782018294106,0
data,-0.09656544602699764,-0.4180660628329384,0
database,-0.132462386049947,0.21832673842805392,0
dataset,-0.06206160982867925,0.15033052265118213,0
date,0.027617685417184307,0.2883481366488495,0
datum,-0.14842746146177696,0.36017649111965994,0
daunt,0.2232647454360356,-0.2987974875408138,0
daviau,-0.03210916198460448,0.36635148393098405,0
david,-0.018529071933600007,0.3524412017356166,0
davisfor,0.25922843265493595,0.5172818241943259,0
daytime,0.11253442961414746,-0.4159760581349742,0
dc10,0.019931943422892746,0.4057302273834138,0
dea,0.03735973127709033,0.14514598865112713,0
deactivation,-0.013883257703823202,-0.06595409522247883,0
dead,0.267690734564026,0.03841137572659895,0
deadline,0.24352748234853522,-0.18607808073923246,0
deaf,0.18229990722977132,0.020056544288160515,0
deal,0.21937641534133304,-0.19423469242515853,0
dear,0.23381802098044366,-0.03376313645093314,0
dearborn,0.2775250352588774,0.3080463336412112,0
death,-0.2251411186043916,0.14265266534805837,0
death.64,-0.21253509823290978,0.16842210086171674,0
"death.70,71",-0.34577501505008507,-0.028201592926098334,0
"deaths/1,000",-0.41952831739612284,0.1596335539702045,0
debate,0.22082168381543854,-0.4806914847690191,0
debilitate,-0.1046927332520758,-0.013599548157509878,0
deborah,0.15663774359641952,0.4188812961491795,0
debunk,0.05279690716224191,0.09189948650970456,0
decade,0.05443408965840784,0.24387379801393888,0
deceased,-0.18190990996363438,0.08069333295297287,0
december,0.07781297892967631,0.35650824750355586,0
decent,0.40247048488809906,-0.19489504549695363,0
deciliter,-0.26327055907104746,0.18388486794113643,0
decision,-0.3962462719270481,0.417527556774064,0
declaration,-0.05404160440327095,-0.2217321444837197,0
decreased,-0.02463716104383631,-0.08391475256280605,0
dedicate,0.09466438814524565,-0.013739701261739776,0
dedicated,0.3781005636369892,-0.14529469339909099,0
deduplication,-0.07210014404058417,0.07120905697800747,0
deem,0.06639355561052289,-0.19641498299149435,0
deep,0.12026239192703558,-0.0877486565632901,0
deepen,-0.2863420412318404,0.13764943806038266,0
deepening,-0.20125082773251463,-0.1357409843676257,0
deeply,0.2285096465386566,-0.03544897111930849,0
default,0.07693714407120791,-0.19869598940282307,0
defect,-0.42993781272387166,-0.16540110133147076,0
defer,0.039850310651287774,-0.030886957625256773,0
deficient,-0.40938278532328626,0.19962758323453464,0
"deficient,2",-0.21914149090372687,0.018309552942836354,0
defied,-0.13996632402515352,-0.13595004296304294,0
define,-0.19817582750635415,-0.005161446913070596,0
definite,-0.19970268790796095,0.05194426034362456,0
definitely,0.3653469122427826,-0.09752347978974761,0
definition,-0.07783942789434979,0.0671521504945778,0
definitive,-0.18778194086810654,-0.03573456148067742,0
definitively,-0.05763892258486071,0.05784389037370207,0
deformity,-0.17181418160093834,-0.26745633485864956,0
degeneration,0.05870996395239545,-0.31871219634420894,0
degree,-0.08424371355765194,-0.1422323829178099,0
degroot,-0.131802111992853,0.4288431969424004,0
dehydrate,0.03348302063470161,0.0328420864983038,0
dehydration,-0.020726684196083114,0.036136576184846836,0
dehydroepiandrosterone,-0.11362240738829046,-0.16884220811491218,0
delatestryl,-0.08116302159350182,-0.17458830434463846,0
delaware,0.2280477701572754,0.08760763566502842,0
delay,-0.2345909221858569,-0.11037165862681028,0
delayed,-0.20836410609417463,-0.2369057750666798,0
deleterious,-0.45409718092801216,0.12989457980150373,0
delicate,-0.04475460907426595,-0.12630047212364814,0
delicious,-0.15963758252698387,-0.28259949513533705,0
delivery,-0.39157849820749574,-0.4488662786327796,0
delphi,0.019358859935315487,0.06706300675949192,0
delve,0.2168933464530183,0.05827393726469987,0
demand,0.05478696272713577,0.011141298709904268,0
dementia,-0.07580787487494291,0.11949947214683618,0
demographic,-0.10272994582269424,0.11903382827345665,0
demonstrate,-0.22789406202487614,-0.025244442143554768,0
demotivate,-0.050275445848738325,0.06339495682383947,0
dennerstein,-0.25310782405973925,0.323916841393329,0
denote,0.3652138740659592,-0.02075776421713782,0
dense,0.09861709546388621,-0.306451665753784,0
densitometry,-0.2729544412393225,-0.36797285065805263,0
dental,-0.02330495845347436,0.1531564560413287,0
deny,0.07333517107893786,-0.09617344346413317,0
deodorant,0.09182859157073983,-0.1077061001059781,0
department,0.07324630930449007,0.4091845737044133,0
dependant,-0.3225089607886566,0.1349266498669672,0
dependent,-0.13126471568384207,-0.08104420229293335,0
depersonalisation,-0.15428375318234824,-0.20318534694462057,0
depo,-0.08399283999197803,-0.2317607612143065,0
deposit,-0.2447501589417071,-0.11683267812785395,0
depot,0.240478795189069,-0.17031119150645213,0
depotestosterone,0.03615064925712899,-0.1835594746231539,0
depress,-0.21913793335013548,-0.4510557735352592,0
depressed,0.06310119353057599,-0.22362048150452457,1
depressive,0.057066657281872,0.062245277402293665,0
deprivation,-0.1330156676308358,0.1255958645530231,0
deprive,0.044593404736620344,-0.2117982221429254,0
depth,0.02332609852197559,0.016374839699660176,0
derail,0.4584839844932775,0.08989151184750115,0
derive,-0.04547411639501122,0.15661260055029835,0
dermatologist,0.10893978887138049,0.06571308795851422,0
dermatology,0.002392729139281446,0.137065653982032,0
desai,0.21607605477442804,0.2857433298203254,0
descend,-0.2873105208155906,-0.13851078014584406,0
descent,-0.3501487505211392,-0.29704949730873276,0
describe,-0.34491160667964843,-0.04856453687982562,0
"described.446,447",-0.16896828838855885,-0.04611174977755274,0
description,0.33765076155324175,0.014857034392729338,0
deserve,0.18862990773101307,0.016785546241710986,0
design,-0.0753262135223434,-0.10778016630820608,0
desire,-0.4663993498135364,-0.5512253213504839,0
despite,-0.0878684198750711,-0.04248620828428771,0
dessert,0.0020651318444737097,-0.2867189761068617,0
destination,0.025440895289993992,-0.6030336477434871,0
destruction,-0.3856475043268921,-0.06591354909966955,0
detach,-0.10880647866583325,-0.3466902331705307,0
detail,0.06316740173353938,-0.02711363652229566,0
detailed,-0.08529150571856253,0.049159255657827215,0
detect,-0.15795060011662576,-0.02051734485781069,0
detection,-0.010188763945088221,-0.28015724234420714,0
deter,0.12065096346635244,-0.2525798311215304,0
deteriorate,0.04192277209397808,0.06948432754836517,0
deterioration,0.10543339215597304,-0.15270521810040077,0
determinant,-0.1625910056587433,0.14812148001615505,0
determination,-0.15688653965941302,-0.0535115477081039,0
determine,0.6110316018517722,-0.519044424085599,0
detrimental,-0.04379124331787988,-0.007400028628628209,0
detroit,0.3445839963251084,0.34325566263627305,0
detrusor,-0.3681266102905741,-0.06658418640197539,0
devastating,0.028072527242259823,-0.07188505940554893,0
developmental,-0.439887336391011,-0.108083063246902,0
device,0.09122972863128939,-0.2809195073311708,0
devise,-0.4082866931688885,-0.35038502232932267,0
devote,-0.071546469243814,0.00247937686354038,0
dewitte,-0.047466487697748055,0.30513351534365574,0
dhaliwal,-0.053507467914701415,0.3005289560741294,0
dhea,-0.021531017138439232,-0.24772803154031342,0
dheas,-0.15400869861576624,-0.19446658459925312,0
dhindsa,0.08422786535566126,0.30512549698086067,0
dht,-0.27846458009255937,-0.3555524378270245,0
diabetes.wang,0.07130149007753517,0.5097138912966154,0
diabetic,-0.08359238682514472,-0.24852796908465757,0
diagnostic,0.07126699775384639,0.2267413096996979,0
dial,0.012229358370358587,-0.0318995218015303,0
dialysis,-0.07621880650856742,0.14776119631154047,0
diameter,-0.11285351123479914,-0.2191016450406967,0
dian,0.09937004618103784,0.423043708456361,0
diana,-0.06654869455169167,0.46854275028718384,0
diarrhea,-0.42468857350941996,-0.16775012127272723,0
dictate,0.1790175325970121,-0.1760928800781578,0
dictionary,-0.09228555855750034,-0.052041640326529554,0
die,-0.0494965467826936,0.35953221128424057,0
diego,0.2575685645816691,0.2647687836311559,0
diem,-0.15573713558434055,0.3938763212800544,0
diet,0.4071948082804481,-0.45580168449127817,0
dietary,-0.028112192961411937,-0.1113159519415802,0
dietician,0.032775535214919924,0.06191056603171971,0
dietitian,0.04341281381234833,0.14822454988160005,0
dietry,-0.06976573039734767,0.39512095971618943,0
differ,-0.010765578591669161,0.10923429298984422,0
difference,0.4468318114849771,0.24728691996783886,0
differential,-0.25212745198399195,0.06917550838603462,0
differentially,-0.24299325978333258,0.23463196966166397,0
differentiation,-0.04676221036905627,-0.09105979846429418,0
differently,-0.22106971181496243,-0.2835483984215183,0
difficult,0.1091988337637768,0.05034100360219261,0
difficulty,-0.2269423990603529,-0.669055448478574,0
diffract,-0.06317853074707881,-0.1626221058902123,0
dig,0.2542184628933834,-0.08974819644889322,0
digest,-0.007737523083235879,-0.146703260684133,0
digestion,-0.22351407171074383,-0.3113152787750349,0
digestive,0.056398734368483486,0.14357927750945165,0
digital,0.07805430051778973,0.003895868287759455,0
dignify,-0.3833944205533118,-0.12350768366717634,0
dihydrotestosterone,-0.2590193528010323,-0.23699512514812915,0
dilate,-0.10156874850290687,-0.3121494973142951,0
dilemma,-0.13455690376582893,0.043018705769724094,0
diligence,-0.06617622815734399,0.05930423710035669,0
diminish,0.03294110099705201,-0.17887226624939323,0
diminished,0.46987962984915543,0.27886714812257013,0
diminution,-0.2465506639359252,-0.05505004921136674,0
dinner,0.01965790246314304,-0.18581592162129626,0
dioxide,-0.22641883512990713,0.0535284834179242,0
dip,-0.005308186533809553,-0.08056649134511487,0
dip.fipt,0.16307907869263472,0.17150086730582892,0
direct,0.21314108914936683,-0.14301100696078467,0
direction,0.11118192349138663,0.045735331006175134,0
directive,-0.038511327808479406,-0.031045560928048183,0
directly,-0.09112263713576638,-0.2872267066080056,0
director,0.08907486603675406,0.27721157556013204,0
dirty,0.19932616362454228,-0.055135864655676624,0
disability,-0.16498225823845708,0.16438895939732132,0
disadvantage,0.06492131701021286,-0.25556056843935165,0
disagree,0.3873104896996445,-0.001499973596196984,0
disappear,0.2610407969027604,-0.17146886927546634,0
disappointed,-0.20712382568649917,-0.03230218307720257,0
disappointing,-0.03645857112900171,0.05507484770272636,0
discharge,-0.33543618374741546,-0.06002969465657662,0
disciplinary,0.19143823289847164,0.16382342575426304,0
discipline,-0.004543398327859065,0.22975489545717717,0
disclaimer,0.11111928203727123,0.1523698000918157,0
disclose,0.0988802027019229,-0.035248991045584134,0
disclosure,-0.08661692005141104,0.12519000781626932,0
discomfort,-0.09644488941149933,-0.33217279983508197,0
discontinuation,-0.1146245736252854,0.087355953003591,0
discontinuation.418,-0.11189288513100552,-0.14735289663661727,0
discontinue,-0.24941706681504938,-0.10035699454532991,0
discontinuing,-0.18978092702481597,0.050612623482356754,0
discount,0.2926773847735972,0.012145773073901021,0
discourage,0.38843018913595057,0.13695719197279144,0
discouraged,0.23095282649165735,0.08405012226636753,0
discover,0.20422290779446128,-0.06004366821424634,0
discovery,0.07822617308285078,0.09451211074251746,0
discreet,0.14686955966000523,-0.13471301845238845,0
discreetly,0.32160668319418645,-0.07097160933253394,0
discrepancy,-0.2407398992221227,-0.09893834868367608,0
discrepant,-0.1396069035562832,0.07475485339512218,0
discrete,0.152182232510509,0.031466163091308424,0
discretion,0.3888662673279104,-0.2656068667529579,0
discretionary,-0.22511401794467023,0.030922623635517028,0
discrimination,0.2534911472426992,0.19229921982729473,0
discriminatory,-0.12529670186401323,0.15396049911686216,0
discussion,0.08455071924865148,0.04233869307498922,0
disfunction,-0.13387200535509797,-0.3929799938789815,0
dish,0.025798493754164844,-0.2352393221604739,0
disinfect,-0.02303918299913166,-0.3442187894140011,0
disintegrate,-0.06722194193978978,-0.21013360008111898,0
dislike,-0.008765449617739276,-0.24685526852866874,0
dismiss,-0.0916523546807664,0.020150812999919065,0
disorder,-0.47026094953353664,0.1731323546066555,0
dispel,0.0610559586368472,0.0856965936259641,0
dispense,0.034021020318032176,-0.05723465767886254,0
dispenser,0.01683659301226461,-0.42029731300659867,0
disperse,-0.02326677020284847,-0.32056783440347714,0
displacement,-0.09418360494751132,-0.30075484084231124,0
display,0.12753117853679435,-0.1593883111048602,0
disproportionally,0.28154119783186604,0.3707868250258211,0
disrupt,-0.13110222766366134,-0.03495052512499877,0
disruption,-0.247223064854814,0.12668864874791028,0
disruptive,-0.4097552801669302,-0.02331049243961229,0
disruptor,0.018663428626004033,0.18090867037490674,0
disseminate,0.17293467134942664,-0.04047106872345426,0
dissolve,0.010100636972190971,-0.12181542188402839,0
distance,0.03144416786164724,0.1011359325975551,0
distinct,-0.17757562978831412,-0.22637709395922032,0
distinction,-0.23238137234402562,0.0024764814779471692,0
distinguish,0.10831417338468663,0.1895022821414447,0
distinguished,0.2844102016879498,-0.1675619740876629,0
distress,-0.034540626518412505,-0.04453779531904806,0
distressing,-0.028782132752248613,-0.2140630143959405,0
distribute,0.2200576652757949,0.017637789100173884,0
distribution,0.07608395913445845,-0.05675872394131082,0
disturb,0.0037239242069820296,-0.19409172759537854,0
disturbance,-0.10364760505647923,-0.17859270576156291,0
diurnal,-0.11270609623356222,-0.039813780545226975,0
dive,0.1661272589142019,0.010213158519461493,0
diverse,0.2748275183961026,0.16482679838238565,0
divide,-0.1900953904665432,-0.1414957521745459,0
diving,0.2716552982682708,-0.08284228147384431,0
division,0.1286399183018187,0.3638584905991244,0
divorce,0.1769374837239776,0.1640819073029112,0
diwan,0.11660508835441616,0.16083824016010076,0
dizziness,-0.29843542937114037,-0.18149619850933527,0
dl).437,-0.31117080010613163,-0.323801872870581,0
dl.181,-0.27489561566244386,-0.21455875429268279,0
dl.427,-0.10596471672054246,-0.07133820625390286,0
dl.436,-0.36191525568808697,-0.27388811974562194,0
dna,0.20025073422563203,-0.14112987665698376,0
dnv,0.26240763243703713,0.17336569998770007,0
doc,0.3516910953543518,-0.09796439679311934,0
document,-0.03651696250927286,0.17605485797916232,0
documentation,-0.0541551812471195,-0.014906498694667395,0
doesnâ€tmt,0.3762777510322881,-0.8618992984153432,0
doi,0.003982512038649733,0.45105526120885836,0
doi:10.1016,0.1819689496629765,0.38332350006907945,0
doi:10.1056,-0.07244392077067727,0.5300247008311613,0
doi:10.1111,0.0759289735930975,0.33296677911349526,0
doi:10.1210,0.030266695791465847,0.35051049808423457,0
doi:10.3949,-0.12660496124494103,0.4244598205820575,0
doi:10.7326,0.06267062773512183,0.4254662502701209,0
dollar,0.20007636559294292,-0.04995673802405405,0
domain,-0.04608339454672387,-0.06959601471469311,0
donate,0.06545155710958071,-0.02506883282301765,0
donation,-0.12426768890561206,-0.019905875807782854,0
donohoue,0.004118332091425086,0.4777131067488581,0
donor,0.0690116866981152,0.07106918246385314,0
don’t,0.12098290107749735,0.1338126102376472,0
door,0.2813421186288652,-0.15899258823045068,0
doorstep,0.33051601611822656,-0.04615853940146097,0
dopamine,-0.06761473912074498,-0.1839279491595348,0
dopaminergic,-0.17706346205166326,-0.21921683600662448,0
dosage,-0.045168065210564615,-0.1983044034634721,0
dose,0.444384401073667,0.2570032449690479,0
dosing,-0.19351937091405644,-0.0952182688722785,0
dosing.221,-0.2806667719914778,-0.27539379184707113,0
dot,-0.10970575411129262,-0.11217550481910075,0
double,0.10501092127400585,0.12788544549057068,0
doubt,0.1373395794879105,-0.1231224862782275,0
downhill,0.22001787412942592,-0.0017202271780123197,0
download,0.1445226225682561,0.12022203004638773,0
downplay,0.04455629249003092,0.06398966601870468,0
downregulation,-0.21245615609466592,-0.24498822348152893,0
downside,0.08898915639345242,-0.18404864715814961,0
downstream,-0.15776223824945296,0.00749462547538184,0
downward,0.09111072246172032,-0.06423158466427345,0
dps,0.257704290241466,0.25698841404613687,0
drag,0.33103605964963895,-0.09266141087340132,0
drain,0.16489287603769964,-0.23308746610625455,0
dramatic,-0.14125042364081677,-0.16019046608308177,0
dramatically,-0.10122214871653615,0.2250764146630083,0
drastic,0.11810128612532697,0.0720193767210914,0
drastically,-0.011330844608647434,0.06046902510487266,0
draw,-0.15032127472957874,-0.15797014482047902,0
drawback,0.012461361465877676,-0.23059180081688987,0
dre,-0.14357342223025954,-0.03291665719926248,0
dread,-0.30999327609880434,0.2836676988022127,0
dream,0.3754008977730123,0.04996498820240924,0
dress,0.08090020928607748,-0.34487114254121815,0
dressing,-0.0677618964130316,-0.2044169339575313,0
dribble,-0.3178352822925091,-0.14159105495515723,0
drill,0.1950752123454202,-0.1767125602242065,0
drink,-0.019104215834378255,-0.4021719715570054,0
drinking,-0.03325675866103829,-0.17977703206322626,0
drip,0.04938282870249179,0.029884994515564457,0
dripping,-0.06888728589839037,-0.09889364039225146,0
driver,0.055738401530856,0.17985773852326883,0
drug.430,-0.11908746600990645,-0.13083132706833295,0
drugmaker,-0.0314116057530553,0.1994719007399125,0
dry,0.03628243765760363,-0.29734560352742095,0
dryness,-0.2795775698528506,-0.47658181827851287,0
dubious,0.1990067728891723,0.17813002192433447,0
duca,0.03662452017899249,0.36057632054600836,0
ducharme,0.07463886003663692,0.07909754671937283,0
dugdale,0.021338798556282755,0.3639798619492314,0
duke,-0.32961705066655317,-0.3405332679844603,0
dull,0.21050162125454244,-0.3307271132731321,0
duplication,0.16275714753181458,0.13510052627884878,0
duration,-0.1762779914857652,0.07937614840159037,0
duration.443,-0.24760725863185135,0.14307374357169453,0
durland,-0.14313211702445724,0.20115702884142714,0
dutasteride,-0.012925823480629395,-0.16717718182386151,0
dwindle,-0.5154599429314028,0.5772801725212279,0
dynamic,-0.023158907858423523,-0.00021873823072861802,0
dyslipidemia,-0.35926508127170326,0.20514714569249248,0
dysmorphia/”bigorexia,-0.2527178260266592,0.08277719492582597,0
dysmorphic,-0.24482239896216132,0.05498304308844683,0
dysmorphophobia,-0.22297324115645756,-0.19617249496066128,0
dystrophy,-0.3921131133970514,-0.16513660277480163,0
d’etre,0.3285116362465116,-0.1340290802466672,0
e.g.,-0.23776511009057685,-0.11596830870988148,0
e2348692,0.2628296740811724,0.33621635382726506,0
e235,-0.1556612275238162,0.10738473822348266,0
e236,-0.21890972695620559,-0.04228407162283219,0
e237,-0.3641554599978403,-0.18216377418127086,0
e238,-0.2758843552970596,-0.044477275566096895,0
e239,-0.23127865668200345,-0.2218948360141814,0
e240,-0.23838683457148627,0.015983511168427236,0
e241,-0.2959109918219113,-0.026585154470118316,0
e242,-0.22677832119749491,0.01175282291043433,0
eaa,-0.05240394848861779,0.3239150054779568,0
eager,0.11942567701130623,-0.3056721104185913,0
eaif,0.25116930226403134,0.027887985219811597,0
ear,0.03511219892322684,0.023762755122330562,0
earn,0.07544971403051694,-0.018742782654283936,0
earth,0.3747154339377521,0.08431217687098257,0
ease,0.18655893118856365,-0.3227955946719115,0
easily,0.030845178593049652,-0.24209260832487697,0
east,0.3595013606739935,0.32380858245795385,0
easy,0.43663425428323605,-0.2612078607940532,0
eat,-0.09269235981377351,-0.10986823065898695,0
eater,0.22470960271902704,-0.1540125683471364,0
eating,0.01998672994784753,0.02837349921469643,0
eau,-0.02620386062400849,0.16230802752262993,0
eau;2025,-0.30462820189829887,0.3833431738600595,0
ebb,-0.04504840334647308,-0.5160180967608542,0
ecchymose,-0.12688869560586186,-0.17139466743608975,0
ecchymosis,-0.17121278659498057,-0.24027356005110623,0
ecdysterone,0.033931072785253785,-0.41742487235214637,0
eckel,-0.00651714906795713,0.26057567965543854,0
ed).52,-0.3018130704300697,0.11931993361982643,0
ed)will,-0.2420783314298441,0.28832377084650235,0
edema,-0.04447160156448276,-0.2320382895517666,0
edex,-0.17528652991854535,-0.5552583497238279,0
edge,0.05363173634877091,-0.03956958815033202,0
edit,0.028441456213204517,0.2675418754606644,0
edith,0.22730926184364664,0.2274552992635253,0
edition,0.30083947840381337,-0.13418833535024138,0
editor,0.4086256180821477,0.08705608483197509,0
editorial,0.10656704047743532,0.3919033201210281,0
eds,-0.033207225691279804,0.5192329725024204,0
educate,0.10352038562706589,0.007661338857424361,0
education,0.1559924174729571,0.22737804497011993,0
educational,0.16115511752655323,0.18448505573484836,0
edwards,-0.2130656254913054,-0.09664724931645102,0
effectively,-0.04915100253669727,-0.2751486483185279,0
effectiveness,0.06052611556595788,-0.15228795914998017,0
effects:-,-0.210633824143876,-0.26103754833461484,0
efficacy,-0.07971171070556367,0.063745814463746,0
efficacy.40,-0.03848220339350722,-0.18263656509748372,0
efficiency,-0.03390526121619472,-0.009816581458871937,0
efficient,-0.03771408918448017,0.018580100268345282,0
effort,0.13115214833232208,0.05181614110936992,0
egg,0.0942070351799032,-0.2347960830202619,0
eggs,0.13659726424044477,-0.24426170139985787,0
ehrmann,-0.18697140987865163,0.3952043656719533,0
einstein,0.16673577354375138,0.2979040909522906,0
eisenberg,0.11211318483357552,0.17017656111539298,0
ejaculate,-0.2033655468894991,-0.025619422995038228,0
ejaculation,-0.21078845146862596,-0.20664377129424602,1
ejaculatory,-0.3167751811704002,-0.1351352696745775,0
eje-11,-0.02999169824169898,0.4461912310342953,0
elastic,0.08819395482641659,-0.2900985555295629,0
elasticity,-0.36575508689156594,-0.30167813868823196,0
elbow,-0.029859350334226063,-0.2788913724840116,0
eld,0.22884946961609703,0.19262262075155004,0
elder,-0.1599995122580796,0.1867198719610533,0
elderly,-0.03505549511347807,0.2611381420050441,0
elect,-0.2739549757557092,-0.14539116667095653,0
election,0.2838620927811116,0.016081458976236824,0
electrode,-0.23972852738985073,-0.10849171104674889,0
electrolyte,-0.40978887382890555,-0.06505146242158749,0
elegant,0.19834818201510265,0.035822932258862676,0
element,0.09401212224552033,0.09576764771385401,0
elevate,-0.20182954114124949,-0.2525161795010119,0
elevated,-0.26803597793060197,-0.22641984350725458,0
elevation,-0.1752892284672117,-0.008064935264037799,0
eligibility,0.1324942668758422,-0.053844608290558066,0
eligible,0.18605997904809946,0.056459313223514655,0
eliminate,0.11506087791120899,-0.24288974628129598,0
elimination,-0.1894084694462842,0.10238782622817812,0
elixir,0.22779149321630512,-0.040918736223759127,0
elizabeth,0.10619924820072658,0.41605876732658204,0
elizabethtown,0.18189366379886499,0.22263178817755705,0
elmwood,0.3464786091618425,0.3025243384016816,0
elsevi,-0.019138514636434272,0.4586424721655908,0
elsevier,-0.05734244599141821,0.5123833754203407,0
elyse,0.7969936892263816,0.15667967285419346,0
email,0.3142954862144461,0.3032044082312708,0
emas,-0.24597084511246853,0.19754589285725818,0
emasculate,0.20303300502942045,-0.16122822942775586,0
emasculating,0.18493143690776903,-0.09851803401606887,0
embark,0.027287942709584595,-0.04641178400325522,0
embarrassed,0.26319079507259074,-0.2106801188317926,0
embarrassing,0.3410639404319047,-0.07888762946993674,0
embarrassment,0.04477542597373594,-0.19153850638705663,0
embase,-0.06530886474815865,0.2703139257861358,0
emboli,-0.191301472683684,-0.014462583823855865,0
embolism,-0.15453371781861597,-0.06276889332994814,0
embrace,0.009668009682441482,-0.11278669511386664,0
embryo,-0.044417401612051446,0.04678698162816127,0
emerge,0.02143281985844362,-0.02000760519772535,0
emergency,0.050638164245424375,0.07124016131282356,0
emeritus,0.06394366222436176,0.242013567629084,0
emily,0.06954405736023975,0.3838800779410411,0
emory,0.3161143478596412,0.1406319873614041,0
emotion,-0.012625859691025951,-0.009130021788651634,0
emotional,0.05497056872669446,-0.1616760741969942,0
emotionally,-0.001003190171093592,-0.1285231769378524,0
emphasis,0.21387067159465684,-0.09500609353743195,0
emphasize,0.038903280051989036,0.08800390712308641,0
empire,0.34529488985699086,-0.0007480694216883378,0
employ,0.22407437904194355,0.16321425095785166,0
employee,0.00016181485670382784,-0.014205324656771623,0
empower,0.1622983706787486,-0.04941348705594864,0
empt,-0.11931860621783767,0.10084415877828763,0
emptying,-0.30054009989134906,-0.18463340515772453,0
emulsion,0.03726006466107451,-0.4008648753862318,0
enable,0.16524831446645616,0.019509273244438637,0
enantate,0.0004883353209864052,-0.4909297599410817,0
enanthate,-0.12170019030384382,-0.23045875034367558,0
enclomiphene,-0.060604907410823965,-0.4532549569543838,0
encompass,0.001930266931137157,0.00723021720558669,0
encounter,-0.35493974275766144,0.1853321955781484,0
encourage,0.06674866839531006,-0.0007394793910375192,0
end,0.5306069034928419,0.2761868216112953,0
endeavor,0.21836939026383118,0.31258792783334316,0
endeavour,-0.05313863044967889,-0.18881204350993328,0
endo,0.04640911435286431,0.32495705325197616,0
endocrine,0.009186673241359808,0.3326140078814529,0
endocrinol,-0.06017626264316309,0.4034123519390916,0
endocrinologist,0.11576308437908704,0.15480068190413632,0
endocrinology,-0.21632223412013288,0.5245356070493975,0
endogenous,-0.286246606061697,-0.11851682203505665,0
endorphin,0.055022822933535616,-0.21419968307383377,0
endorse,0.07764677719286871,0.3217309438592938,0
endorsement,0.13793015709488854,0.12593720229683214,0
endothelial,-0.16321914915637917,0.20923408877219363,0
endpoint,-0.1449323941346372,0.08383314214475229,0
endurance,-0.0372587833524347,-0.15765943237767596,0
endure,0.06269933091890255,-0.04644573376240906,0
energetic,0.09819627575475488,-0.004317675621597329,0
energised,0.1885925090491983,-0.4701728620474597,0
energize,0.027381800158714838,-0.1312559713144064,0
enforce,-0.04489447110367288,0.24026943810972767,0
engage,0.0585078200382978,-0.06553516441695587,0
engaging,0.1741472704040243,0.06638587673614632,0
engelman,-0.029600014566328985,0.4228495274310938,0
engine,0.23887096065715668,-0.20432275444927678,0
engineer,0.15693359835789178,0.015242459109310796,0
england,0.014968054566078663,0.3831357303583869,0
english,0.11446323771071967,0.19917807435308962,0
enhanced,0.04895274752939096,0.01191686512463889,0
enhancement,-0.14983004966838068,0.11439787187727271,0
enhancer,0.013089705229412931,-0.21723439950581738,0
enjoy,0.11286730731609003,-0.14340330269266852,0
enjoyable,0.10578178811300576,-0.27031045949811244,0
enjoyment,0.028053673906292674,-0.17465209851969968,0
enlarge,-0.3007255654921968,-0.22116762330264872,0
enlarged,-0.21312180706210687,-0.3315210890264622,0
enlargement,-0.45600271268536763,-0.1861600510491828,0
enlarging,-0.23195084070261562,-0.19327279472995681,0
enlist,0.44268079825692497,-0.3714271602319582,0
enquire,0.2198111385520836,0.04862818476540204,0
enrol,-0.11472020352758433,0.22514712280424712,0
enroll,0.28926690751821293,-0.04410407745991712,0
ensure,0.5902733409867409,-0.22809846130954872,0
enter,0.04686420741813379,-0.17372347803870594,0
enthusiasm,-0.013789455690708177,-0.27622937039848106,0
entire,-0.013143798256664058,-0.1163901861263953,0
entirely,-0.07574943055034716,0.18725085998012936,0
entitled,0.1763923956383772,0.07169708956088368,0
entity,0.44395072268757596,-0.21488178759074952,0
entry,0.12450402590622558,-0.14148016961507684,0
environment,0.10563623748486511,0.013534992606162642,0
environmental,-0.007897822038029472,0.05343355088408153,0
enzyme,-0.2192728448597815,-0.194560393163315,0
eosinophil,-0.2564622588985635,-0.40414355608231706,0
epic,0.3500474232133534,-0.08076310207294805,0
epidemiology,-0.0481390092399292,0.1615151603054138,0
episode,0.049080398587415926,0.0768216760557231,0
epistaxis,-0.207993371889246,-0.3731672572561637,0
epo,-0.5461215513425763,-0.19589989610061434,0
epub,0.024447977837005818,0.43429833207671437,0
equal,0.010546418702614212,-0.11873523853944544,0
equally,-0.043418027478100474,0.07473780380184082,0
equate,0.14912786378355206,-0.03770098813578811,0
equation,-0.12644065259778073,-0.27023018154954825,0
equilibrium,-0.0370331609478612,0.16388967084598174,0
equine,-0.1737631495593941,0.18789760177841167,0
equip,0.05487755964885314,-0.014506784785825858,0
equipment,-0.005919952017869135,0.07248303900264455,0
equivalent,0.13018595197621147,-0.011636434266023295,0
equivocal,-0.1746325052947535,0.024501023047567873,0
er.2017,0.1203334688533357,0.4783005559874652,0
erect,-0.13030018370321797,-0.10798153564040751,0
eric,0.6009984213846661,0.17674666049198023,0
err,0.7211502198587113,-0.45390676511992,0
erratum,-0.0657769667364107,0.1493279491133052,0
error,0.10099604346641541,0.06800136486495248,0
erroremail,0.2953674329474091,0.25814399328100884,0
errorinclude,0.21626420607119226,0.3224379611268726,0
ershler,0.07691913122520183,0.5935122452694759,0
erythema,-0.1171604719702833,-0.22738346237588064,0
erythrocyte,-0.3195219247700435,-0.31891641854991987,0
erythrocytosis,-0.2799102980527517,-0.15264036024530225,0
erythropoiesis,-0.3600492147856289,-0.11624069955733271,0
erythropoietin,-0.4893293957321132,-0.23220347424617638,0
escalation,-0.21738124268154138,-0.1490734572916168,0
escape,0.3885987723771279,-0.037075715098863295,0
español,0.1913606650747417,0.2198580427104173,0
essence,-0.016171317001781964,-0.23989318642252222,0
essential,0.3594972930641089,-0.4519305306545081,0
essentially,0.155476636410009,-0.13510699765786005,0
establish,-0.06157571977606249,-0.09411946579547942,0
established,-0.0941863914728413,-0.2060083905910469,0
establishment,-0.008349663424472827,0.01060781270148318,0
esteem,-0.0770128766418713,-0.4482060399158486,0
ester,-0.050416008303856744,-0.32855665685514285,0
estimate,-0.2730002142067226,-0.08143329252454297,0
estimated,0.3664405838755725,0.3851618121127524,0
estradiol,-0.22026816963489232,-0.0315717612409841,0
estrogen,-0.19739736181956505,-0.3833328619607017,0
etc,-0.07095125199773428,-0.09145090237803614,0
ethan,0.08170209723580298,0.3277420235456289,0
ether,-0.15571058828228523,-0.06682271812252523,0
ethically,-0.44155575588116314,-0.1304482316932591,0
ethnic,-0.21977403423683306,0.2482923294857956,0
ethnicity,-0.26090949082492304,0.11382218816026646,0
ethos,0.08928802515610894,-0.14737819841483848,0
etiology,-0.20940920570122318,0.15775094398759448,0
eugonadal,-0.22117216169598414,-0.09509355343956151,0
eugster,-0.12273130353812566,0.4587265259307646,0
eur,-0.04586541163636953,0.36610880895831677,0
eureka,0.31651034261082645,-0.1696866032369435,0
european,-0.03445122245842177,0.21740665335040968,0
eurycoma,0.07835167083753687,0.016993916035267672,0
eurycomanone,0.08853721652557098,0.03483976967616011,0
evaluate,0.2443478622300892,-0.003361128962310857,0
evaluation,0.4121370518505423,-0.41280580082528107,0
evan,0.15176991683042906,0.24721307200982282,0
eve,0.01168460114536232,0.32654670543843123,0
evening,0.11271812293174008,-0.03251372386033853,0
evenly,0.1932691781535186,0.09792057306066457,0
"events,363",-0.21139777627680792,0.24557838547316016,0
"events.72,73",-0.04761537024030813,0.2458138986318848,0
eventually,0.06894970658854278,-0.11145136971731766,0
everybody,0.2343245678219085,-0.05983653713401685,0
everyday,-0.14683261300420378,-0.08585061141270618,0
evidence).10,-0.0741407753654646,0.27776701077286,0
evident,-0.08786267294931505,0.17934480166996086,0
evoke,0.04508412107120928,0.024925145771472645,0
evolution,0.08519728117911016,0.09006980148896618,0
evolutionarily,-0.013102208612167638,-0.16065940354860128,0
evolutionary,-0.0911770489304913,-0.06498919841607749,0
evolve,0.0841040472440244,0.07390436399671313,0
exacerbate,-0.2111734723555597,-0.06830199099421941,0
exacerbated,-0.3958780144566505,-0.07434664861128452,0
exacerbation,-0.0869370215915613,-0.24324155651002458,0
exact,0.07178137498154787,-0.03808916110706099,0
exactly,0.2855213852877271,-0.17291153464175557,0
exam,-0.4020461192154188,-0.10387645199106353,0
examination,-0.5115486208679364,0.45431797386251027,0
examine,-0.24097558305673678,0.3642489982585376,0
exceed,-0.19192404079979783,-0.12073497051505355,0
excellence,0.06668708605665723,0.11888307324610423,0
excellent,0.15916283663454298,-0.08171951345883542,0
exception,-0.0029767231946665213,0.05657531173093891,0
exceptionally,-0.03335192596842253,-0.0010749918718175994,0
excerpt,0.031865166115223845,-0.24852718216816827,0
excess,-0.11698117246387288,-0.5879397171394832,0
excessive,-0.46799370615996766,-0.3030942586644909,0
excessively,0.05314367550831135,-0.18495606766638,0
excipient,-0.10678052847133208,-0.1586782549461466,0
excision,-0.27359199902430875,-0.19461603255332002,0
excitatory,-0.09451094136338876,-0.22368999356159422,0
excite,0.055145373351559855,-0.0457185916814177,0
excited,0.24673403872802768,-0.12003256618972415,0
exciting,0.1136395168307268,-0.0403325413647831,0
exclude,-0.23252814560483048,0.12447408084168311,0
exclusion,-0.2560036910382298,-0.049320704103743514,0
exclusive,-0.1280176988296783,-0.17727746999133764,0
exclusively,-0.2771939605919774,-0.021243896180584698,0
excrete,-0.25972046459819664,-0.1401439444183211,0
excuse,0.2529476198038691,-0.005960969529875707,0
executive,0.03787611400981053,0.34459078455298353,0
exemestane,-0.20723625057411943,-0.040738634336486924,0
exert,-0.05506039278159519,-0.050609387327251176,0
exertion,-0.14903658769542916,-0.22694262805213783,0
exhaust,0.16128635356765295,-0.07330131900486972,0
exhaustion,0.06704834908915676,-0.17337905117542476,0
exhibit,-0.1639331368512487,0.020763864165997205,0
exist,-0.16475592068785838,-0.10927788492360715,0
existing,-0.11682075589173947,0.04595088672427553,0
expand,0.18649115541361355,0.08246468144601868,0
expansion,0.0878911262649286,0.06818565937926449,0
expect,-0.10651801164170409,-0.1233340277331281,0
expectancy,-0.05879940064669079,0.10626382573705093,0
expectation,-0.05169763952910149,-0.05669903743795062,0
expected,-0.2715684518357908,-0.24574901995688755,0
expense,0.23514474463402935,-0.1559161056537075,0
expensive,0.2830724294567,-0.22431683312927664,0
experienced,0.20511254721255928,0.07344802600780632,0
experiment,-0.021291981919508166,0.3180649977958094,0
experimental,0.2710693115132229,0.17803539514554345,0
expertise,0.1919794534521783,0.21529159499532743,0
expertly,0.42028799925685956,-0.03781975779022092,0
explain,-0.08553820390777177,0.11334373603988332,0
explainer,0.11982766705105034,0.28286744245986284,0
explanation,0.08832454594837888,-0.11170521777781195,0
explanatory,-0.23563791570733741,-0.20174016793528443,0
explicit,-0.03163192439126535,0.08636714445447842,0
explicitly,0.12720082220360002,0.06858420157013924,0
exploration,-0.32152943866735945,0.10186939294811195,0
explore,0.16938998642082587,0.022828368445748797,0
explosion,0.029349045000935704,0.09117811809154244,0
expose,-0.0047494739908492956,-0.22129973965031913,0
exposure,-0.21669154276986807,-0.07776157408132589,0
express,0.058710628781663624,0.07624878021827036,0
ext,0.49548459330920985,0.21084615804507867,0
extend,0.43300557019855873,0.1762389002874117,0
extensive,0.23810911086562092,0.09420401572786444,0
extensively,0.20363987534380557,0.20643244990687232,0
extent,0.02907697805106521,-0.06315905332532686,0
external,0.0684981578144661,0.029507312517789323,0
extra,0.01758187161313472,-0.21085045098607605,0
extract,0.08544704719807968,0.08046937844714856,0
extraction,-0.14385053246974588,-0.1314132570209074,0
extraneous,-0.09060579166282554,-0.013721312423243443,0
extrapolate,-0.10900061316609615,0.077709246505954,0
extreme,-0.18268534416457718,-0.07076224418522783,0
extremely,-0.10043699818715397,0.017199412342694634,0
extremity,-0.24163097200026457,0.02211273015535995,0
extrusion,-0.05801562990050375,-0.1464050944119927,0
eye,-0.06989060964241862,0.07627855223979739,0
eyebrow,-0.37190622604655266,-0.02066328036643319,0
f.c,-0.28916544586821585,0.3778621054022797,0
fable,0.07294948973830255,0.36381867356350023,0
face,0.10442050423791321,-0.09428242560150643,0
facebook,0.3844627148133107,0.02889380600098612,0
faced,-0.2342497035356573,-0.2385205892897919,0
facial,-0.15393712724449965,-0.2963243100845909,0
facilitate,-0.05059713847141588,-0.1019016516955259,0
facility,0.020739657400502032,0.0909101795352019,0
facs,0.2525840027558586,0.1466111269833592,0
facsm,-0.03676155199769542,0.22224985251729096,0
factorial,0.44599161823445427,-0.17590544974742783,0
factory,0.2716726227397702,-0.3565637340712525,0
factual,-0.411044974351706,0.219329288660582,0
faculty,0.20184494730983576,0.1667834708282275,0
fad,0.23158485846100366,-0.09145176697300739,0
fade,-0.24093042444058976,-0.06307258101296608,0
fail,-0.22499756691299175,-0.1299103442567136,0
failure,-0.2978439651604938,0.2071977500584193,0
fair,-0.04385906661785915,0.06462433315527755,0
fairly,0.21473084803478212,-0.11891227004266777,0
fall,-0.43711353498924965,0.47638178416028637,0
false,-0.3372502007441033,0.11218099432739244,0
falsely,0.006492735053978268,0.0661448040605658,0
familiar,0.19882939301270638,0.02213297367022127,0
family,0.055291143522956755,-0.05330015232250827,0
famous,0.08583990430548723,-0.0544911888341314,0
fantastic,0.1855341227374402,-0.02335881687583483,0
fantasy,0.03252308762069524,-0.022870784701397345,0
faqs,0.09299710972145159,-0.028914351888523208,0
far,0.059409095241184824,-0.03717190630592624,0
fare,0.09616131638311684,0.3846632014680235,0
fashion,0.0669753029075587,-0.14530621708746344,0
fasted,-0.13254460853849462,-0.13945757998067684,0
fasting,0.03266821989438167,-0.31729696650529743,0
fatal,-0.20846336935525153,0.036186901222894426,0
fate,0.08147933855174655,-0.08516681126269678,0
father,0.07816866841469965,0.1217014059580574,0
fatiguability,-0.03598993858749045,-0.4639753299769375,0
fatigued,0.3160977777363601,0.05275713540131317,0
fatty,-0.17451838748374346,-0.18545271774535907,0
favor,-0.15292343134700237,0.10180369977406421,0
favorable,-0.20480335884176,0.08012854987005356,0
favorite,0.22667980764933363,0.028647607124425486,0
fda,0.09820353759130283,0.37348907722378016,0
fda‐registered,0.30097551259697636,-0.11163130978163033,0
fear,0.08508837180442261,-0.026623791036816363,0
feasible,0.02165953722416403,-0.13866460239787393,0
feat,0.03542940132762321,-0.18778070178964246,0
feature,0.17151976217495932,0.07509441522848011,0
feb,0.12389841823175876,0.3372997121282321,0
feb;9(2):249,0.0951389975483319,0.2757976907078377,0
february,-0.07841101152123878,0.30970848824841735,0
fecal,0.23943765454822744,-0.18428504439850868,0
fee,0.22897067242618185,-0.144916130639172,0
feeble,-0.09485843142320305,-0.3958871773738555,0
feed,-0.14470046757276997,-0.236921986470785,0
feedback,-0.04698603357212977,-0.0767459922407535,0
feeling,0.06339366459128985,-0.12531998777139894,0
feinberg,0.2716729024731398,0.2751160237036207,0
feldman,0.08558580111898932,0.5534144946219577,0
felix,0.11237747339035184,0.4433470761182154,0
fella,-0.2976316889455885,0.35625048146283783,0
fellow,0.11997257170627187,0.0887228173257136,0
fellowship,0.12657293382391438,0.16203099114852396,0
felson,1.0,0.36405898336188036,0
female,-0.3486678062091374,0.14957787033279468,0
females,-0.40386100991314694,0.01577732016011768,0
fenugreek,0.11841868114436928,0.08523882347250443,0
fernández,-0.06345149875406164,0.287759809770608,0
ferreira,0.2617370990782034,0.3314097749245304,0
ferritin,-0.4630325910005863,-0.06243940187607618,0
ferrucci,0.06500538970038891,0.516066008357748,0
fertile,-0.1959709368340754,-0.2502577241478912,0
fertilizer,-0.061197285692723216,-0.03894674132049015,0
fetal,-0.18182134242491552,-0.17244156760862092,0
fetus,-0.15410362285581986,-0.1516640156933018,0
fever,-0.2478800101803832,0.10674881762402379,0
fiber,0.008236444064222465,-0.13048021996505757,0
fibrillation,-0.13319221890785404,0.05614950600972738,0
fibrous,-0.13888985562497308,-0.22342668287160614,0
field,0.18522490303652137,0.167586970044045,0
fig,-0.33124977047249365,-0.13338297803449528,0
fight,-0.025764295637247452,-0.20852323821724816,0
figure,-0.13481571922678035,-0.11367678403695602,0
fill,0.06688137775633926,-0.16308279247307786,0
filter,0.06286826564576352,0.3233417340927585,0
filtration,-0.41737688381844035,-0.029858786906726678,0
final,0.03180437492865986,0.23802193584503784,0
finalize,0.10991604785590531,0.248510698782051,0
finally,0.06175803150156236,0.030268345233527713,0
finance,0.19889732567455595,-0.061339998526775075,0
financial,0.06976360630306001,0.08987071288547768,0
financially,0.0826641790865902,-0.0424360526099866,0
financing,0.26758439631057684,-0.10028013024144579,0
finasteride,-0.04108622153592168,-0.06927689579913109,0
finder,-0.0866034769872684,0.06518845134140487,0
finding,-0.09361545295638309,0.15545512305764414,0
fine,0.18462563072751262,-0.18336196736665702,0
finer,0.13246501431773108,-0.25564447309920046,0
finger,-0.04832572406316481,-0.13938004029343645,0
finish,-0.004851079804786842,-0.28986717976983667,0
finite,0.14420366606445434,0.4084102278154602,0
finkle,-0.20592853289649657,0.18689926091755152,0
fire,0.023360002886552534,-0.22577763926504002,0
firm,0.05524088189672211,-0.30270397839842234,0
firmly,0.08792585154900473,-0.19043428292149925,0
firmness,0.0014375210411767634,-0.1225250961155843,0
firsthand,0.13540185688470904,-0.2492385350559997,0
fish,0.024130330679853918,-0.27190904753649303,0
fit,0.1522532509393839,-0.12224709633818118,0
fitness,0.13903176114584306,-0.13928209625611088,0
fitzpatrick,0.21482473355298234,0.43093393146492637,0
fix,0.23343543061833785,-0.17834509472308363,0
fixate,-0.06368660346684388,0.11371563555625351,0
flag,0.006601345925875164,-0.007040865775932749,0
flagging,-0.3418398771629326,-0.11198438756906094,0
flammable,0.032056822745691035,-0.2804332996870351,0
flank,-0.15078952071540047,-0.14541626090437657,0
flare,-0.045036593948687996,-0.29360101237495717,0
flash,-0.08453075956708948,0.08259745247302894,0
flashy,-0.0253531963162872,-0.10823003084639515,0
flat,0.15138111635213447,-0.21722107600310367,0
flatten,-0.3151758956417312,-0.2354698951396063,0
flavonoid,-0.15303217945357311,-0.306114583224642,0
flavor,0.056433222701236886,-0.327738213190112,0
flawed,0.2189151723356341,0.1839902338102769,0
flexibility,0.14967712154209134,-0.0004392123526808184,0
flexible,0.30689692109341393,-0.1370257800185247,0
flight,-0.07944828684904129,-0.13240485044083336,0
flip,0.10520302445181065,0.08877193918624285,0
float,0.05095777018510129,-0.10397637333087846,0
flood,0.10763463016643632,-0.19241068011072154,0
floor,0.2811776149754914,0.23582240192014037,0
florence,0.30156358394209803,0.054066831615201386,0
florida,0.13002281077859157,0.0613877489923618,0
flow,-0.1702064684351304,-0.1636148607932727,0
flu,-0.035023304600699044,0.4432563138558306,0
fluctuate,-0.059571729073006424,0.03870953238349391,0
fluctuation,-0.21317736973567714,-0.3466925621505882,0
fluid,-0.17683490718278644,-0.27366361919130006,0
fluoride,0.16193032462413348,-0.21110124196246022,0
flush,-0.06926670304113529,-0.09417778302067695,0
fly,0.08830318321774625,-0.0036035993646597137,0
fnp,0.9979643238128694,0.3706899640467206,0
foam,0.014361777372197482,-0.07032751423064089,0
focused,0.07032537858425962,-0.06394779199882437,0
foetus,-0.27325448343874537,-0.15277452731227226,0
fog,0.1278325174071164,-0.17511435299082273,0
folate,-0.12807059802856566,-0.2931731198768578,0
fold,0.38463160230431825,0.08752617301189165,0
fold.415,-0.20189062427268933,-0.1598599530649716,0
folk,0.2733907644539686,-0.19885048251278445,0
follicle,-0.195578689251412,-0.5606118801466942,0
following,0.13226376971320394,0.010621806585553667,0
followup,-0.2056585159844529,0.10256693029418666,0
food,0.40403418798950036,-0.22657845359883821,0
foot,-0.11562093672669654,-0.36170538637750554,0
football,0.37787654267323056,-0.03879158213049249,0
force,-0.024203477876819177,-0.07600328201776389,0
ford,0.21550028303699528,0.23342332164427226,0
forecast,0.08943746285491198,-0.3170930003895391,0
forehead,0.014055146694622923,-0.17980739942206148,0
foreign,-0.33058801242216423,0.14712329119488562,0
foremost,0.3000258208250111,-0.07679120685167916,0
foretell,-0.03929001245932853,0.1250050356259363,0
forever,0.21975469527808442,0.1169485064932501,0
forgetfulness,-0.040739050371711424,-0.32767964419450424,0
formal,0.17926982838785757,-0.13574419327341514,0
formally,-0.3032202948610214,0.04671429462334622,0
formation,0.20435924043730713,0.04994924236977288,0
formula,0.11280722512722974,-0.17907051973793092,0
formulate,0.07017753827330853,-0.26132970648821724,0
formulation,-0.12700653425175568,-0.08179883686108035,0
fortesta,-0.14579815592414808,-0.24417530644831434,0
forth,0.24942873323268602,0.0040685119942146025,0
fortify,0.2524963495336551,0.08334798044987647,0
fortunately,0.02463432319981238,-0.006229727467420326,0
forward,0.14660488118835127,0.01043540694440136,0
forwards,-0.08250542540811238,-0.04046404421993851,0
foundation,0.17740418471692593,0.19999517020027502,0
foundational,0.15723068098725848,-0.07909304939636581,0
founder,0.1319859501322294,0.1996985237754713,0
fountain,0.26366803738265415,-0.03843477998532824,0
fraction,-0.09558841059172951,-0.03315910535349472,0
fracture,-0.017535540147477605,0.1054271863447523,0
fragile,-0.14869602014194502,-0.05392953154929911,0
frailty,-0.08677359989566015,-0.05532439800918145,0
frame,-0.11118285481566532,0.13289898561776498,0
framework,-0.029630147877571084,0.32938806902100776,0
france,0.04152099579114144,0.35652710120354486,0
francisco,0.125546577388158,0.1249073041996722,0
frank,0.25182886061120924,0.008731613805807706,0
frederick,-0.02777095642519935,0.3873674962987792,0
freedom,0.2608240432799055,-0.23557551219404713,0
freely,-0.021308699263316352,-0.04846747695326381,0
frequency,-0.189408639638651,-0.10559214718751343,0
frequent,0.019009879280487498,-0.2426742315998112,0
frequently,0.2469277543242617,-0.23646481723911,0
friday,0.19725219226014395,-0.01061438626789701,0
fried,0.029866885829552582,-0.35579049370885263,0
friend,0.307169459934417,-0.17111926671807215,0
friendly,0.1558570058675885,-0.11387827715181466,0
frisky,-0.3015401628243242,0.3529701697595285,0
frog,0.10405356991916222,-0.3859655044049347,0
frontal,-0.38926494596841027,0.05055386875941425,0
frontier,-0.12317595862594677,0.4107668998073324,0
frsa,0.2681041095633097,0.2615566052937929,0
fruit,0.07929903312439972,-0.21881877939890257,0
frustrated,0.34629389495841467,-0.02314057295330678,0
frustrating,0.12113207233789912,0.0591242300949985,0
frustration,0.3335338246844655,-0.22814511554125783,0
fruzzetti,-0.11680235547630641,0.09113775138171128,0
fsh,0.5224734996906637,-0.2799620928441888,0
fsig,0.3313470673366129,-0.07485407794258325,0
fuel,-0.05881865139966152,0.134500197204259,0
fugh,0.1900894051946844,0.5268607596864453,0
fulfil,0.145835769553262,0.1709254965977412,0
fulfill,0.3184162895226503,0.07988450297163152,0
fulfilling,0.20555361023084665,-0.2303706414952354,0
fullness,0.041432469885291534,-0.004343079854993665,0
fully,0.06722747416969138,-0.14115440741998406,0
fun,0.06824962696386305,0.05318692060750664,0
"function.59,60,62,63",-0.3834067388839155,-0.10144372174791927,0
functional,-0.08034711655146425,0.283688144653103,0
functioning,-0.06066761513285585,0.0035973972312701636,0
fund,0.020221965517521416,0.2713280098250333,0
fundamental,-0.09352743851566685,0.2684648676228384,0
fundamentally,0.17595866584627873,-0.272088843613376,0
funding,-0.052352648739845166,0.16437192230376352,0
funk,0.23955255035963055,-0.22435196366159627,0
furthermore,-0.08511149529194428,-0.013851370294504978,0
future,0.06396463357643568,0.06300230754330294,0
fuzz,-0.022766112713820376,-0.028056264286980447,0
fuzzy,0.42092752195130984,0.09459746416297538,0
g-100,0.2992682259849433,0.23713730530959715,0
g.diabetes,0.05787156470126347,0.4720543163601361,0
g.r,-0.0066325343235780565,0.44146341617784135,0
gaba,-0.05588006993775813,-0.07014892542260621,0
gabrielsen,0.014282730212502927,-0.1103172185189018,0
gabrielson,-0.4106255068360032,-0.18082255696383953,0
gainswave,0.22535047309192327,-0.2262910614264449,0
game,0.059684327092062804,-0.07720400549429202,0
gamma,-0.5248140492731743,-0.001644628762702046,0
gao,0.2578942000282633,0.23205855409149162,0
gap,0.006321406077989402,0.2871610807036255,0
garage,0.2783509290143565,-0.04480064749445137,0
garbage,0.3370356819321009,-0.26770503315238636,0
garcia,-0.11859415042223682,0.053836375333589134,0
garibaldi,-0.031109242612150718,0.46654007154614574,0
garlic,-0.0036556064175106403,-0.2752551885218452,0
garner,-0.053691989086039796,0.24006344781456534,0
gary,0.1253668963459345,0.26383099690703843,0
gas,0.24078191917149516,-0.19249457318223867,0
gascon,0.31120584785041,-0.10920961514233776,0
gasoline,-0.11283586590376156,-0.1581490328511192,0
gasp,-0.029034850022445192,-0.10790045156342683,0
gastroenterologist,0.2971742160319626,0.02737716920838375,0
gastroenterology,-0.09018576401974432,0.20961317515975272,0
gather,-0.17781879846879772,-0.3508201704777079,0
gathering,-0.04672570827385725,0.0684748882743415,0
gauge,0.18375441285145136,-0.1550960102009606,0
gauze,-0.00018297952361501227,-0.30406844300852576,0
gear,0.11759112095027588,-0.04570081496749099,0
gelatinous,-0.03944533062695825,-0.1958906446184198,0
geme,-0.003667013869962668,0.4524938082068659,0
gender,-0.1602198653538086,-0.12604219295015995,0
gene,-0.22297923105702083,-0.015942167315760616,0
generalizability,-0.13717343888038186,0.06951364834093729,0
generalizable,-0.12302971983934108,0.08455138046661291,0
generalize,-0.027010101701630616,0.017668340069487982,0
generate,0.32492686294249395,0.18192477245643254,0
generation,0.056431059256549815,0.04360474527453097,0
generative,0.15994427200183173,0.11224290696482428,0
generic,0.05706824992214121,-0.10576439385920013,0
generous,0.10582197799359136,-0.050919593586497607,0
geneseo,0.32376925233753256,0.33133287612147533,0
genetic,-0.4766477022557776,-0.36663132927425884,0
genetically,-0.01446236258783697,-0.2519268793769704,0
genital,-0.13768688922096065,0.03286331608032773,0
genitalia,0.1438842393706668,0.0014508577611143032,0
genitourinary,-0.09509343839221235,0.14410486171656253,0
genius,-0.054973501532232995,-0.0014402843259157892,0
genotype,-0.31421387859413286,0.028375462950014033,0
genotypically,-0.3391496146350971,-0.21596709709957715,0
gent,0.3355165948112242,0.03546735975254272,0
gentle,0.13225536309768887,-0.16578247727523024,0
gentleman,0.39974769015304484,-0.022747771676033177,0
gently,-0.00983199480444883,-0.1256904726179706,0
geographic,-0.05460647158538085,0.11532085475233846,0
geography,-0.13360375117968437,0.10371091064561763,0
george,0.017458444222762496,0.38643400997205535,0
geriatric,0.09129897134222002,0.22159095092694386,0
geriatricians,0.09079115463140916,0.005568989389586482,0
gerontology,0.07388511397971712,0.20499095654466676,0
gestational,-0.09679662663589922,0.09603531096135622,0
getting,0.33335244099092953,0.13043821745175313,0
gfobt,0.26662090635957086,-0.18259958109956342,0
gianfrilli,-0.22192518958910992,0.39500881995004716,0
giant,0.2340133939347355,-0.015596100545190388,0
gilbert,0.1378871629107705,0.37367460393198154,0
gimmicky,0.3181033356058464,-0.2966030853421263,0
gip,0.2902773725319716,-0.22725755804583872,0
girl,-0.3185691922787456,-0.030995130912221277,0
girlfriend,0.3236380677116911,0.017398257966510556,0
glad,0.25153402593757507,-0.014154042254271965,0
gladly,0.24600762864553377,0.23061771454670316,0
glass,-0.03193445273104149,-0.1840181880531291,0
glenn,0.07280554322396741,0.45506436745296386,0
global,0.2534505005183384,-0.08575827001635761,0
globally,0.11790216611456159,0.11337271029570016,0
globe,0.3438520301810108,0.028412172457459015,0
globulin,-0.34943794706205905,-0.08473402688201538,0
glomerular,-0.417683423489343,-0.03330242715010136,0
glp-1,0.14257561731248602,-0.34127546425311034,0
glucagon,0.08064891455672984,-0.306158742704388,0
glucocorticoid,-0.29997945792013586,-0.0529235302968316,0
glucose,-0.3655906060126221,-0.0951277956636042,0
glut,-0.03353216625574138,-0.14053554644825855,0
glutamyltransferase,-0.49845493302706534,-0.012934031464553072,0
gluteal,-0.06470045544752506,-0.3329441732148668,0
glutron,-0.20733499022191343,0.30510278930180595,0
glycemic,-0.2748503114637372,0.12946630883549198,0
glycoprotein,-0.3660084101953441,-0.2361542685362219,0
gm117080,0.029624590683290215,0.3725287329178237,0
gm117325,0.02479049223237351,0.37136547237463097,0
gm118619,0.021415588465916444,0.37376380283200705,0
gmc,0.03778325829795559,0.23911879845101977,0
gmt+0000,0.2033336181299225,0.5109932025853906,0
gnrh,-0.3645708122075989,-0.1251616457196469,0
gold,0.05365584703333121,0.10073144000442098,0
golden,-0.008917784740532982,0.0705639271909217,0
goldfine,-0.10348863597616151,0.4756510492668045,0
goldman,-0.04108455931030709,0.6209378368210313,0
golf,0.4319902506500851,-0.25053837868502793,0
gomez,0.19612139314248214,0.016370466920925128,0
gonad,-0.32943176935617635,0.18861475518532983,0
gonadal,-0.27522513925021463,0.001799661158077916,0
gonadatrophin,-0.05043502353109963,-0.28502504252183525,0
gonadotrophin,-0.13544750890189852,-0.3179928251813074,0
gonadotropin,-0.4581555319819943,-0.5278541134449942,0
gone,0.2345382080654704,0.0750479089829609,0
gonorrhea,-0.27864441188799727,0.17365900449828278,0
goodbye,0.1631476630871161,0.23727407116652222,0
goodrx,0.3165336143029019,-0.06220325067936042,0
google,0.11061115880226491,0.09154733136080237,0
gooren,0.043007600818149666,0.334663338295505,0
goserelin,-0.46604309297868346,0.10065755660015853,0
gout,0.13770855254348535,-0.3455556843025239,0
government,-0.011537655174344649,0.03001958170650891,0
gps,-0.0174022100290685,-0.08464515897449966,0
graciela,-0.07601914865549596,0.46889874226387407,0
grade,-0.3982474973261483,0.2675926816207377,0
gradual,-0.026620548274759563,-0.1679087509520977,0
gradually,-0.3068367828609745,-0.2973606900908164,0
graduate,0.06616579366066001,0.15038316070331603,0
graft,-0.17784487114518405,-0.34174028885569707,0
grafting,-0.1552084715944709,-0.3790381477092509,0
grain,0.07300768308412206,-0.2793133746575476,0
gram,-0.10105010520608179,-0.03473126233938744,0
grant,0.07871418367770645,0.33609047441900297,0
grantmyre,0.18847774662114125,0.41425413804717093,0
grapeseed,0.06680428976160496,-0.22691071974568278,0
graph,-0.16766584594813322,0.002622036194633661,0
grapple,0.002383735922635058,0.12103133386934481,0
grass,0.42811430002729245,-0.2558707049532969,0
grave,-0.46176531750117766,-0.11805604266534071,0
greatly,0.13131839378689952,-0.412821986703046,0
green,0.07062224650048952,-0.1544946267637266,0
gregory,0.06774165886993899,0.28230644252750997,0
grin,-0.027385346666234302,-0.12769618365484403,0
grip,-0.2733244033002473,0.2167397557953987,0
grober,-0.05540799909528613,0.19071642993735005,0
groin,-0.18357425410329825,-0.12361425182845016,0
groot,0.004377972155637667,0.5381567582506317,0
grossly,-0.39528459044940883,-0.17953171965928913,0
grossman,-0.20762330038265686,0.3772062367357932,0
grossmann,-0.08655345753704911,0.4457450825147833,0
ground,0.16462460497759293,0.08673442453941362,0
groundbreake,0.2700700919731229,0.15796551278945564,0
group,-0.26793472856484873,0.25505736465065776,0
groups.435,-0.1964980514695244,-0.1475345669297909,0
grow,-0.5554476687508094,0.2749579088628146,0
growth,-0.49882276405479703,-0.4336522733529422,0
grubhub,0.2153485653161983,-0.1922761992256823,0
grumpy,0.01986432370995429,-0.19072839234686506,0
gso,0.07241186922225201,-0.26688732119949704,0
guaiac,0.25577885260117766,-0.19590933889266607,0
guarantee,-0.014165866407278602,-0.049340437326293264,0
guasti,-0.05202681799869811,0.25434755790317753,0
guess,0.2101074449189697,-0.11081773061093389,0
guesswork,-0.3132939519683169,0.06633490215111516,0
guest,0.22723773506507142,-0.006260546654329279,0
guidance,-0.019892561827286357,-0.10663855031053243,0
guide,-0.34387464496110276,0.3619618841480592,0
guilt,0.18088540481540552,-0.062345060233444494,0
gulf,0.3307232589253935,0.09963590252409138,0
gum,-0.05025677946422,-0.333376305152695,0
gumline,0.0066962599957977355,-0.2825951041593385,0
gupta,-0.13006172051899434,0.2473073933594039,0
guralnik,0.08540430232647811,0.6007020181042021,0
gurney,-0.09293091408231333,0.2493458846713309,0
gut,0.24241633452429767,0.07091029130059492,0
gutter,0.32698204960995003,-0.10025480010521935,0
guy,0.5585314501950834,-0.061354963061413484,0
gym,0.24741147215492476,-0.16287088712572725,0
gynaecomastia,-0.11204607621489834,-0.24203100854902992,0
gynecological,-0.05474350369258348,0.20509537227066382,0
gynecomastia,-0.31515027363701537,-0.09236085221827697,0
h.s,-0.1803624280721939,0.3632732910340581,0
habit,0.1343707836822162,-0.025511066356550635,0
habituation,-0.16048397321580074,0.049665435775215996,0
habitus,-0.0162693666384892,-0.20101332464173638,0
hackett,-0.19493983265509693,0.2823132406855005,0
haddad,-0.12862577982738618,0.45488596718417906,0
hadley,0.15576025388256526,0.2440719113134806,0
haematochromatosis,-0.358235196689095,-0.1011489640166076,0
haematocrit,-0.2963320109231183,-0.011901519750325305,0
haemochromatosis,-0.4678549220363632,-0.1371639716404146,0
haemoglobin,-0.41334928088668244,-0.040976377920141624,0
hage,0.07354310378103439,0.2789836080957987,0
hairline,-0.11620898566805915,-0.2742869078523184,0
hairy,0.06385994559081626,0.0016934474012445376,0
half,0.3219591604984358,-0.5588933131604422,0
halfway,0.10489178599583154,0.0758450610590826,0
halifax,0.06648201622325269,0.4800671037036046,0
hallmark,0.19191456596756773,0.07976116428407865,0
halting,-0.1831968818092914,-0.24515121252138095,0
hand,0.004904409787081603,-0.23658823011811778,0
hand-,0.014832644969433588,-0.24094006889497951,0
handbook,-0.12899963725955113,0.11536224543027813,0
handing,0.17415009654131378,0.2966942425646271,0
handle,0.14091615479159453,-0.005618558037572778,0
handout,0.16945095784228908,-0.035054500995254985,0
handpicke,0.3494379345528159,0.19481535756638335,0
hang,0.1938081295055602,-0.18761284147203042,0
hany,-0.09772317700661091,0.39426280535907143,0
happen,-0.08660492757752429,-0.7634162025019094,0
happiness,-0.10334957057612523,-0.16274047026585747,0
happy,0.01767060696127856,0.021830950482657967,0
harbor,0.18305908616190725,0.254336873944052,0
hard,0.17891856670503092,-0.29146790946857265,0
hardening,-0.19240722493055504,-0.16989152140515046,0
hardly,0.33895488112881395,-0.2634139235561171,0
hardness,-0.05521877167105821,0.17349464562160377,0
hardy,-0.07224643268227586,0.4602176245476169,0
harm,-0.15468966032530734,-0.12450197887645359,0
harmful,0.08918361448677807,-0.09291475125973099,0
harmonization,0.10868920939761226,0.1376173545297755,0
harvard,0.06703276398737877,0.10215706482272847,0
hashimoto,-0.6348532616604746,-0.033726021036448665,0
hassan,0.15574568116793192,0.43544750396098236,0
hassle,0.05558422802410757,-0.35856073566774016,0
hasten,0.05480741488764202,-0.32005504365057924,0
hate,0.1802356216009401,-0.08369613149796643,0
haven,0.20668074405767506,0.3225432642949862,0
having,-0.2740917950645647,-0.036408851379900554,0
havoc,0.09653152778183165,0.3133927931192455,0
haye,-0.24964661426975132,0.32555518563895774,0
hayes,0.057075618120015395,0.4508484484183374,0
hays,0.03301480620594594,0.27045121863174687,0
hazard,-0.02915121484554039,-0.13676678111101212,0
hazlett,-0.1366951691522948,0.10135254627817243,0
hba1c,-0.37346895037810085,0.005851182477521867,0
hcg,-0.058590815712818725,-0.17905735044435908,0
hct,-0.20921681613763415,0.02196138632031893,0
hdl,-0.35539296977783474,-0.07050350804109096,0
head,0.024633128518556025,-0.08722846685930111,0
headache,-0.23104092090747907,-0.17190541161162956,0
headline,-0.1228235219328391,0.23222977524074173,0
headquarter,0.13448506390152226,0.06712633729333795,0
headspace,0.36485310655006087,-0.3446448339709974,0
heal,0.19223053171938595,-0.08100782638502112,0
healing,0.28484180649373425,-0.13733363411909483,0
healthbeat,0.32450986363032575,0.03227793690982198,0
healthdirect,0.22039477661271722,0.1692664958351033,0
healthful,0.21338838770859092,-0.136683942441576,0
healthier,0.3265935059417847,0.2918519307114743,0
hear,0.3556032444802826,-0.06332213907644148,0
hearnshaw,0.01945905154903779,0.21603284277833368,0
heart@ccf.org,0.1916784519052669,0.0208540772873324,0
heartbeat,-0.2400511577184768,-0.15503863994176895,0
heartburn,0.2760491353185294,-0.2731675062674941,0
heat,0.060526732615008155,-0.27000376632609413,0
heating,0.0856834391058078,-0.48618287177188096,0
heavily,0.13604790199279415,-0.03157274485292873,0
heavy,0.045765969610095214,-0.2150304327283167,0
heck,0.3469328664947495,-0.05114798124270918,0
height,-0.215224215211358,-0.08340988521984305,0
heighten,-0.09984031795423425,0.12830204398769787,0
hello,0.5535428891235293,-0.1135180992337155,0
hello@thescoperadio.com,0.28400143986939563,-0.007613317023236509,0
helped,-0.2196826467665912,-0.2925960424349647,0
helpful,0.14579971914970866,0.13343587496316625,0
helping,0.2792649252902156,0.24891434467086915,0
helps,-0.3671682537960232,-0.21690788083505025,0
hematocrit,-0.3398210774096084,-0.13879560868449278,0
hematology,-0.06043853107192401,0.20967202302976212,0
hematoma,-0.0423033851802522,-0.09866685373539001,0
hemochromatosis,-0.3254955412223696,-0.12865407183398367,0
hemodialysis,-0.2663125551081882,-0.32165980993142085,0
hemoglobin,-0.2900428250278167,0.0538784552329762,0
henceforth,-0.4523737637631846,0.19992268950201117,0
henry,0.26999356261891483,0.1944222026310039,0
henryford.com,0.3413589811047156,0.20540034493944506,0
hepatitis,-0.19249598638990423,0.08606953122017821,0
hepcidin,-0.14326340357620718,-0.12329578189291295,0
herald,0.10004140090910502,0.16918081070794266,0
herb,0.2350679003840635,-0.0058387133083087055,0
herbal,0.21743082258385493,-0.23282424555455997,0
hereditary,-0.3926348835033714,0.0712340183627044,0
hernia,-0.11642261326530404,-0.014052998309925138,0
hesitant,0.30534001371081765,-0.01315267330757015,0
hesitate,0.2866156559460827,0.14399403443686704,0
hesitation,-0.0741063003970886,0.006567687113167848,0
heterogeneity,-0.00797535332681427,0.09047176381769241,0
hey,0.4258329763782817,-0.2701091335465419,0
hgh,-0.040554933071770494,-0.26880571821881316,0
hhsn272201200026c,0.10755654019328563,0.3202657758778504,0
hhsn272201700060c,0.11065176541767742,0.317528583824956,0
hidden,0.15258105018171467,-0.033228169637472375,0
highest,-0.13041420068149787,0.06614155391458561,0
highland,0.2989003220446559,0.24227414470791542,0
highlight,-0.01973517431498824,0.13714850364066908,0
highly,0.10382341863834342,-0.08431349265369406,0
hiit,0.10383119140109835,-0.2876965357014538,0
hike,0.1717799882572733,0.03993707566045332,0
hill,0.23446469799265976,0.48107653910404663,0
hinder,-0.12272132700063028,-0.3651518464003135,0
hint,0.07742684087324689,-0.01190211762288051,0
hip,-0.10354240183613309,-0.2273945447641651,0
hippocampus,-0.4590311202484368,0.04471277693441642,0
hirsch,0.1875269472455994,0.5156675588411443,0
hirsutism,-0.24677008395914962,-0.1848053531086222,0
histiocytosis,-0.3654210394277721,0.12996847296214994,0
historical,-0.37410776627142084,0.059490547620633286,0
historically,-0.07990159480821658,-0.20893767438241848,0
history,-0.4889325213325084,0.23259803605821747,0
hit,0.2324457050547251,0.005268312956628011,0
hitter,0.22789809178948098,-0.0575006414056866,0
hiv,-0.3714689982176597,0.021581699977063655,0
hmg,0.25085970225000453,-0.13931913807965038,0
hobby,0.14666831951583015,-0.18411794556194738,0
hocking,0.3612073112193254,0.12663432290927337,0
hodis,0.05371216141665313,0.44510491336180485,0
hogenmiller,0.1894367803049934,0.5187718470273315,0
holahan,0.030208176084560896,0.18619499611493612,0
hold,0.10599241175064611,-0.11466540156212301,0
holding,0.2556159839309746,0.3867244077605846,0
holiday,0.03083167997438488,0.07486737048564562,0
holistic,0.15152146227042843,-0.15156995519201563,0
hollow,0.046136967091350796,-0.23433692648484813,0
holmes,0.1224628018819804,0.38223488263744626,0
holy,0.3709305512915527,-0.05229022300714823,0
homa,0.3049676804072731,0.4622548158903831,0
home,0.09521350834732017,0.06388998765242707,0
homeostasis,0.0053465336154430556,-0.11862712030336527,0
homogenous,-0.015786795140815626,0.12375636689149261,0
homologous,-0.14681466962011597,-0.29883314802214195,0
hon,0.24060199258357542,0.24809704040722116,0
honest,0.23626812292157126,-0.02613713525194011,0
honestly,0.3520594405591441,-0.14780198343569526,0
honeymoon,0.349255299320088,-0.2073943897233713,0
honoraria,0.06933945168784235,0.39633430906293327,0
hoop,0.0668262931324625,-0.06622183705697945,0
hop,0.21007269910274515,0.028919123378028332,0
hope,0.23785836755024245,0.0228666498028512,0
hopeful,0.2897982411158536,-0.03068648045670675,0
hopefully,0.02660456199432585,0.16746799275554564,0
hopelessness,0.1539725469690853,-0.06020089464550057,0
hopkin,-0.28884244652403845,0.035476883026679853,0
hopkins,-0.1748206157522817,0.055480638326308285,0
horizon,0.14065488539950086,-0.15557197373415255,0
horm,-0.046440572686318814,0.40678904547936556,0
hormonal/,-0.4990742399328389,0.0926521797864862,0
hormones,0.12500728827997756,-0.06476888293915967,0
hormones-,-0.3899976959094592,0.14062236029998057,0
hornell,0.2518718862738429,0.23238581125872343,0
horny,0.23521962000724003,0.16331517829440634,0
hospice,-0.14843543296993883,0.18973797537221324,0
hospital,0.17975334591007178,0.2482502884742696,0
hospitalization,-0.10695725336707941,0.6064072273135389,0
hospitalize,-0.04438728014820362,0.21105113157354857,0
host,0.15413484318975523,0.02922401271309011,0
hostile,-0.2383239331360413,0.0834517944982394,0
hot,-0.4325110069750205,0.0023418116675214843,1
hotale,0.4927218375207669,0.22884463567034566,0
hotaling,0.37751481625641903,-0.05820436240607569,0
hour,-0.5057386316744508,-0.525980349429314,0
hourglass,-0.24067193936142564,-0.3043564080349647,0
hours.424,-0.13865574544914913,0.13645688750715496,0
house,0.15211833887471596,0.12699637720829626,0
household,-0.26006355506438616,0.1283836998534043,0
houston,-0.08244710128398097,0.3343730619582595,0
howard,0.05686952703212208,0.3213379309082,0
hpg,-0.28310096004370205,-0.10055996931686655,0
hpta,-0.26108759699553025,-0.2616340448831357,0
hpv,-0.2194539482065319,0.1632869944148548,0
hr=0.84,-0.20972978184041993,0.1789791725375296,0
hr=2.02,-0.172656313781593,-0.03259825593918363,0
hrt,0.004589629789439492,-0.31439234506581215,0
hse,0.15126945806314201,-0.23855392508564102,0
html5,0.2639763756209808,0.07023931777578787,0
http://dx.doi.org/10.5489/cuaj.7252,0.014585262014312846,0.21909510173232752,0
https://medlineplus.gov/ency/patientinstructions/000722.htm,0.42317398486401236,0.109849223138561,0
https://my.clevelandclinic.org/health/articles/24101-testosterone,0.2131345499898654,0.3770487938938172,0
https://my.clevelandclinic.org/health/diagnostics/24215-testosterone-test,0.031827360245053095,0.3634236512063233,0
https://my.clevelandclinic.org/health/diseases/24897-low-testosterone-in-woman,0.23387648892778554,0.38570407654717914,0
https://themenshealthclinic.co.uk/microdosing-trt-the-future-of-testosterone-replacement-therapy/,-0.1774876729152212,0.6491644999209899,0
https://thescoperadio.com,0.35167813628828903,0.012676302454309125,0
https://whocaresmenshealth.com,0.3940697296586805,-0.011586376623996166,0
https://www.auanet.org/guidelines-and-quality/guidelines/testosterone-deficiency-guideline,0.17522684812996328,0.238008757542979,0
https://www.cdc.gov/labstandards/hs_standardization.html,0.02726593678555906,0.00027357052192398656,0
https://www.clinicalkey.com,0.02921569553767088,0.5006060034879812,0
https://www.endocrine.org/patient-engagement/endocrine-library/hormones-and-endocrine-function/reproductive-hormones,0.22708297405053776,0.39762329823125575,0
https://www.endocrine.org/patient-engagement/endocrine-library/hypogonadism,0.21781875737991047,0.3692090714561428,0
https://www.facebook.com/whocaresmenshealth,0.43007807092998673,-0.023707983525158044,0
https://www.hormone.org/diseases-and-conditions/low-testosteronetestosterone-associate,0.07129945857611439,0.056595996429704414,0
https://www.hormone.org/your-health-and-hormones/glands-and-hormones-a-to-z/hormones/testosteronelow,0.11644972151034493,0.06702350074117418,0
https://www.labcorp.com/tests/004226/testosterone-total,0.1896311378994158,0.375030598712926,0
https://www.mayomedicallaboratories.com/test-catalog/clinical+and+interpretive/8508,0.20108529278646317,0.363081545125629,0
https://www.ncbi.nlm.nih.gov/books/nbk513278/,-0.1859727259549635,0.2901656954098742,0
https://www.ncbi.nlm.nih.gov/books/nbk534827/,-0.14498008197300813,0.44151017474708315,0
https://www.ncbi.nlm.nih.gov/books/nbk549843/,-0.16289816904437235,0.2689710765684972,0
https://www.ncbi.nlm.nih.gov/pmc/articles/pmc1476110/,-0.09189227245068972,0.34305797919002956,0
https://www.ncbi.nlm.nih.gov/pmc/articles/pmc2645631/,0.1366849362729864,0.44442954816832553,0
https://www.ncbi.nlm.nih.gov/pmc/articles/pmc6266690/,0.009462665375407351,-0.09337000098508044,0
https://www.ncbi.nlm.nih.gov/pmc/articles/pmc6571549/,0.06808306635950115,0.5155566590780566,0
https://www.ncbi.nlm.nih.gov/pubmed/15638872,-0.15569227642385025,0.33751800512759705,0
https://www.ncbi.nlm.nih.gov/pubmed/18270261,-0.11697016338810881,0.2990872249354012,0
https://www.ncbi.nlm.nih.gov/pubmed/23482592,-0.07998220417960654,0.3382229840666692,0
https://www.ncbi.nlm.nih.gov/pubmed/25384570,-0.16035638967615634,0.4237225443968027,0
https://www.ncbi.nlm.nih.gov/pubmed/25523084,-0.02557528441092643,0.4188106521879432,0
https://www.ncbi.nlm.nih.gov/pubmed/28434676,-0.12378885148111271,0.3503037226557098,0
https://www.ncbi.nlm.nih.gov/pubmed/30862651,-0.3599785093979109,0.2116987449740361,0
https://www.ncbi.nlm.nih.gov/pubmed/31496147,-0.04367622853667491,0.37390295621566255,0
https://www.ncbi.nlm.nih.gov/pubmed/37589949,-0.1985465385357431,0.4026524514387094,0
https://www.testing.com/tests/testosterone/,0.18537211615319507,0.2377263900448753,0
https://www.upmc.com/health-library/article?hwid=abo6506&locale=en-us,0.40546376886624186,0.09968301565780135,0
https://www.uptodate.com/contents/search,0.20959889827550127,0.3139823923525982,0
https://www.urologyhealth.org/urologic-conditions/low-testosterone,0.1903207502665037,0.39337361021440753,0
https://www.womenshealth.gov/a-z-topics/polycystic-ovary-syndrome,0.01136775292378279,0.23452768648487624,0
hub,0.0991437686960604,0.04550382754545131,0
hudson,-0.2159006722966767,-0.12629952394344643,0
huge,0.32826667405215404,-0.1954131181712467,0
huh,0.3527067034027381,-0.2807990831431942,0
hum,0.21728949682366053,-0.2719400647109649,0
human,-0.11236678866782712,-0.47564529327591537,0
hump,0.3801148564123712,-0.11340956774578596,0
hunt,0.05335927004614587,-0.13301475735465568,0
huo,0.20590507708898684,0.45754978455191914,0
hurt,0.14069806977587698,-0.25500353417913496,0
hwy,0.4760996413468134,0.20179403297599435,0
hydrate,-0.04180683346203708,-0.19114420698374912,0
hydrated,-0.06810887366893875,0.012043431299918961,0
hydration,-0.11507210707954188,-0.18556524689350176,0
hydro,0.1320844173826509,-0.3677615149877193,0
hydroxylase,-0.4961653614737868,-0.3659190056161038,0
hygiene,-0.040153291182018706,-0.09461703446615803,0
hypercholesterolemia,-0.2941476440072913,0.20006910536462638,0
hyperestrogenemia,-0.1543001508365829,0.036896302157868426,0
hyperestrogenism,-0.35138531742665147,-0.14907001817829857,0
hypergonadotropic,-0.19889086575714174,-0.014480601785323892,0
hyperlipidemia,0.05700712263015069,0.21529751641553135,0
hyperplasia,-0.33190359805840375,0.040474931122632,0
hyperprolactinemia,-0.31107594677140027,-0.07883457404363181,0
hypersensitivity,-0.2664677307947195,0.23174372259277629,0
hypertension,-0.22567762778405917,0.1945403178187193,0
hyperthyroidism,-0.3987784229530475,-0.11190916180893357,0
hypertrophy,-0.36755757903532327,-0.1525795455799052,0
hypo,-0.266374662487055,-0.10550354453866786,0
hypoactive,-0.2823141678167923,-0.3333567657568997,0
hypoallergenic,-0.01742813604648624,-0.3800369177404349,0
hypofunction,0.013167474198914841,0.479776621474108,0
hypogonadal,-0.29723015671679753,0.11292801803155927,0
hypogonadotropic,-0.21535914997557026,0.2363083337329941,0
hypoparathyroidism,-0.3282177967824358,0.012570096441415256,0
hypopituitarism,-0.5296456767720302,-0.08864193425866435,0
hypoplasia,-0.324792727209302,-0.07830369105456333,0
hypotension,-0.19037630646856482,0.03171830554486294,0
hypothalamic,-0.33324500307685984,0.044407727139568406,0
hypothalamicpituitary,-0.3333022268347238,-0.08629610628224901,0
hypothalamus,-0.5521390895636507,-0.5185395240188978,0
hypothalmus,-0.0008460022841636655,-0.40142818658186874,0
hypothyroid,-0.03669087831606754,-0.09709940568124696,0
hypothyroidism,-0.48232431821754435,-0.055117768001232276,0
i-80,0.3127167909151569,0.12009073283262882,0
i.e.,-0.15664251193702522,0.12271071453655388,0
iatrogenic,-0.4270207559804847,-0.1260490637446625,0
icd9,0.3325499583279613,0.12280921713506252,0
ice,0.06152888940703838,-0.15753865822267304,0
icon,0.4164036997646812,0.02028586860847709,0
ict,0.08194341456435442,0.31771756232627996,0
idaho,0.36582134661040566,0.11906445250969241,0
idea,0.22212783173650416,0.05501595512134972,0
ideal,0.0682737487562359,-0.1826134691207616,0
ideally,0.04585825138813869,-0.00978166644074841,0
identical,-0.14268656718148465,0.13145556827981686,0
identifiable,0.03161334222054849,0.1182741864920735,0
identification,-0.017054327761440547,-0.028219679051002297,0
identify,-0.41117031846352636,0.3852700319107898,0
idiopathic,-0.47770032904126497,0.09699962477290111,0
igf-1,-0.22567599496187368,0.07099805196470989,0
ignore,0.030462509240214715,-0.05491231314571972,0
iief,-0.05685777358221549,0.12923279013525682,0
iijima,-0.14529254206200626,0.46106247337823825,0
ill,0.06408885278844227,0.17140942973611153,0
illegal,0.5688183993523181,0.21207604586561019,0
illegitimate,0.2339645684665641,0.2823703114665324,0
illicit,-0.16803113465501815,-0.07225868885881152,0
illness,-0.1562536378258593,0.2519102355274697,0
illuminate,-0.25499018436419824,-0.02568545580401187,0
illustrate,-0.12624085523665507,0.1798915180465315,0
illustrative,0.07823365289601987,-0.12592735484809675,0
image,-0.014125929039591182,0.1624533297268786,0
imagen,0.33332359200136374,0.27425570973088353,0
imagine,-0.04533774892763223,-0.18343553071105945,0
imaging,-0.16788960968181804,0.12030791523845036,0
imbalance,-0.5045886998859018,-0.19096169948767727,0
imitate,-0.05554545871407268,-0.16520294805914446,0
immediate,-0.4381801495285393,-0.03149344595965412,0
immediately,-0.029524556461189542,-0.08877578851594153,0
immensely,-0.0010822527903348645,0.17578342365876312,0
immersive,0.20171071980707497,0.06910213206955385,0
immune,-0.2210099663181831,0.009801482119532641,0
immunity,-0.393802182743499,-0.20403035505439726,0
immunoassay,-0.05584216360316552,0.046113335873620036,0
immunochemical,0.23115166192320097,-0.20875627065290828,0
immunodeficiency,-0.389169935998098,-0.03150319710700973,0
immunology,0.02285350139703449,0.34357085906413226,0
impactful,-0.1425839357096806,0.2288806662820551,0
impair,-0.08348984756636707,-0.31468367299070854,0
impaired,-0.20484521621311655,-0.1420676451504783,0
impairment,-0.26184454802455637,0.09342648658619374,0
impairs,-0.26716461727614443,-0.08312268938631302,0
impart,-0.042034067719988986,-0.0005037265076969013,0
imperative,-0.05028019676130987,-0.008177971033610279,0
impersonation,0.3976922283562334,0.027664228433787918,0
impetus,-0.0972035506147005,0.36341410192688534,0
implant,-2.229458997889588e-05,-0.3108492472776994,0
implantable,-0.08018491705269117,-0.3633189111573807,0
implantation,-0.11681020886446267,0.03524828793861236,0
implement,0.1360989600104061,0.1997372907085037,0
implication,-0.0935439130534862,0.09180826563910398,0
imply,0.051954122051723936,0.10755133638835576,0
importance,0.014635103437928966,0.10033929135060464,0
importantly,0.060174980042177965,0.09784861580543956,0
impossible,-0.009789243318488142,-0.028141790141744675,0
impotence,-0.2688424799443446,-0.2881367762607955,0
impression,0.21741988742481322,-0.13961881146349808,0
improperly,0.0898828695829467,-0.179001240333798,0
improved,-0.08286480165726581,0.04548934585916084,0
improvement,0.18814677718833678,-0.516546444447665,0
improvement.297,-0.221116004995285,0.08279222135362999,0
impulsive,-0.2024250950183862,0.0869580873575685,0
inability,-0.25896949925378226,-0.22253996789944544,0
inaccurate,-0.025493468713829626,-0.0671103038505664,0
inactive,-0.13783606802945003,0.108327646876008,0
inactivity,-0.1663952575284687,0.1070349687119906,0
inadequacy,0.08620024386776325,-0.2680389536338453,0
inadequate,-0.3333844257597717,-0.005222581594324544,0
inadvertent,0.05446436503689504,-0.20893102559913565,0
inadvertently,0.132152074354857,0.24062381192159005,0
inappropriately,0.13652260490819648,-0.27728918545080217,0
inbody,0.06643700632467596,-0.05459801933809375,0
inbox,0.21815675585292688,0.14228834975992943,0
inc,0.12798470860546174,0.09394308502478207,0
incentive,-0.06827810039519903,0.130152215652107,0
incessantly,0.051396985382652596,-0.02627583481015325,0
inch,0.1470128963542248,-0.08931421909437146,0
incidence,-0.23289104023695342,0.10371643420344775,0
incident,0.10221523734545764,-0.09702239175675507,0
incision,0.03572188062094447,-0.20744534118232572,0
incisor,-0.05776113987975561,-0.2882955041243169,0
incl,-0.3042587643314261,-0.14660007018213397,0
include:5,-0.23883411215962397,0.23758783676952297,0
inclusion,-0.17791922791812323,0.06424232709152251,0
income,-0.26108400920603875,0.12478797184380083,0
incomplete,-0.1738748290981371,-0.03892306527627963,0
incompletely,0.047048345398490996,-0.04371760020555078,0
inconclusive,-0.16150592535358585,-0.3456190950899551,0
inconsistence,-0.09850187964725936,0.11304334329032517,0
inconsistent,-0.1597570380242847,-0.05108786720721857,0
incontinence,-0.1382169941189286,-0.04859364769860861,0
incorporate,0.09961842627624293,-0.08569348083661094,0
incorrect,-0.1857764543628355,-0.15109950540788467,0
incorrectly,0.16293089354906404,-0.35155150275787206,0
increased,-0.030641662678879498,-0.23841233640369458,0
increasingly,0.21352056081023688,0.1290542464606087,0
incredibly,0.13788805551579086,-0.018466751897533634,0
independence,0.07497873364238172,-0.16215669946162392,0
independent,-0.04385028066732009,0.14297932247371345,0
independently,-0.10356881904894068,0.16554424166661857,0
indeterminant,-0.42025815439196773,-0.18327029681047788,0
index,-0.05641676889457989,0.23474400335489268,0
indexed,-0.12005593932327302,0.3399774154737125,0
india,0.20192374933836052,-0.04371248572337182,0
indian,0.04441867385195902,0.19540700320738072,0
indication,-0.08649879782279875,0.14715768078020464,0
indication.1,-0.23382809752648856,0.17703045073876175,0
indicative,-0.0904884908395196,-0.001378671773870243,0
indicator,-0.034153750256383224,0.07048989435584505,0
indirect,-0.07928119536484224,-0.09656752246631731,0
indirectly,-0.35043048076845007,0.026251206653085276,0
individualised,0.2870204114982858,-0.1589831767462376,0
individualization,-0.30704663784042935,-0.12442058720181631,0
individualize,-0.11410357185751109,0.17559265546281877,0
individualized,0.0890358367210887,0.09574479234237235,0
individually,-0.017360060390623034,0.1319112861785958,0
indoor,0.05241232706932355,-0.23549158022012023,0
induce,-0.21292122181508855,0.19495647474836042,0
indulge,0.17094524739332506,-0.1800066867099719,0
induration,-0.35843877464311963,0.005099490390267134,0
industry,0.17345106854052791,0.02964146822050817,0
inefficient,-0.057178996160091526,-0.10817162706948337,0
inevitable,0.050733354992867886,-0.13797372696819618,0
inevitably,0.09913173905999723,-0.3103913498987425,0
inexpensive,0.2566340543984655,-0.1786038691040338,0
inexperienced,-0.057616848087004374,-0.4068681844580083,0
infant,-0.19427876921409065,-0.10608202053153527,0
infarction,-0.2495716187981805,0.049173569496975655,0
infect,-0.44785431696181793,0.14424189156318468,0
infection,-0.45104434871465293,0.009037815535269451,0
infectious,-0.08117780165337482,0.288792026306568,0
infer,-0.30727949075093225,-0.006865502071221081,0
inferiority,-0.1387884067076451,-0.09698241558718589,0
infertile,-0.17398186478067434,-0.11655122178540198,0
"infertility.33,34",-0.09126287867879224,-0.04107317234641431,0
infiltrative,-0.4131800707363541,-0.07553409212472448,0
inflammation,-0.34234239946802675,-0.17217225510834208,0
inflammatory,-0.32414123799345307,0.07165128940471636,0
inflatable,0.014346300001316549,-0.269981325872786,0
inflate,0.17423628155673063,-0.28730991947511153,0
influence,-0.6741398113794385,-0.07947118898703054,0
influencer,0.1325072325357528,-0.03934724060397464,0
influenza,-0.17915497215847412,0.17361152714706357,0
info,0.07327170610889998,0.2149815565068777,0
infographic,0.3860276358672965,0.30547337936983254,0
inform,0.005128017092653615,0.23997317470080595,0
informed,-0.12110315698588049,-0.12532331669288338,0
infrastructure,0.14895834124388235,0.1011509580035531,0
infrequent,0.029865428602145576,-0.19094717942492018,0
infrequently,0.030710962108789222,-0.33338505966114235,0
ingredient,-0.01154727283405572,-0.2045582571638062,0
inherent,-0.03090160272719841,-0.0045996910825583485,0
inherently,0.29437640341202964,-0.26381931367586214,0
inherit,-0.3138070963626398,-0.027636335211141907,0
inhibit,-0.2589634437307598,-0.14904898024850363,0
inhibition,-0.291262343213943,-0.042782014068601625,0
inhibitor,-0.2638301153316353,0.04752048967621025,0
inhibitory,-0.14306448624582563,-0.2073638748701496,0
initial,-0.09182548994167775,-0.0792762046220297,0
initially,-0.002165075489742921,0.04439688424311048,0
initiate,-0.19030610645195523,0.22185925132856665,0
initiation,-0.2690189253221235,0.07539746442123506,0
inject,-0.12451572445196721,-0.25324385833986274,0
injectable,-0.052503245817599124,-0.2895076351204918,0
injection).445,-0.20167344084057384,-0.06904716260723387,0
injure,-0.09907848538833786,-0.19033892927352333,0
inner,-0.08338309334421058,-0.28869952077741556,0
innovate,0.22749111584060935,0.06180091228640676,0
innovation,0.1657280289320803,-0.22029615797271232,0
innovative,0.1748235266922733,0.15865382964364144,0
inordinate,-0.07304373166209348,-0.27110651436116084,0
input,-0.08175833664146887,0.41464688174317194,0
inquire,0.4024553835737296,-0.3422008147309111,0
inquiry,-0.12349446354236272,0.011529675545662038,0
insensitive,-0.12505587206488106,-0.2059983658498429,0
insensitivity,-0.14426196741414785,-0.2233612452024224,0
insert,-0.09098953682921504,-0.2591510265368516,0
insertion,-0.09444619206653439,-0.18698194848936298,0
insertion.446,-0.14737901029373213,-0.18084592633617325,0
inside,-0.07290940160998466,-0.21905590604052672,0
insight,-0.06805563030921652,0.16082948824361248,0
insignificant.366,-0.23482657496371817,0.31204261821190166,0
insist,0.1666345511446575,-0.14667219106929139,0
insomnia,-0.051021833844497044,-0.25796063013643405,0
inspect,-0.1026555957165993,-0.08455299683583667,0
inspection,0.011253533359413339,0.1760346295605947,0
inspiration,0.35208735586892886,-0.05959740009176501,0
inspire,0.30626003111678335,0.021124314507394566,0
instability,-0.07645476719510626,-0.176997385490817,0
instance,0.13128641473748875,0.006123399145480446,0
instant,0.18487858325229609,-0.24054429419493142,0
instead,0.02304757191456887,-0.292764441637026,0
instigator,-0.1485887813939131,-0.12245892281581208,0
institute,0.10767022666897134,0.26196123735370325,0
institutes,0.06657306156323088,0.3024044399744092,0
institution,0.2423988640088175,-0.010599453368148964,0
institutional,-0.09092788486472939,-0.024587813924393822,0
instruct,-0.17765835200975078,-0.09351697967946457,0
instruction,-0.032286911521795095,-0.11881679070380674,0
insufficiency,-0.2729097084824497,0.049478489502224075,0
insufficient,-0.11688688310311979,0.006197201790698859,0
insulin,-0.1590857576129545,-0.10519224195511369,0
insult,0.1943247201266045,-0.23770318098621426,0
insurance,0.32324415596554446,0.0009890234708228275,0
insurer,0.19043544425226241,0.12803236644548038,0
intact,-0.18046235347640618,-0.12982155965099182,0
intake,0.08919871306797895,-0.2052873084797538,0
integr,-0.12546321800703086,0.5606803838120871,0
integral,-0.10211132189869572,-0.025458322360370426,0
integrate,0.3046103921976383,0.07668483001936427,0
integrated,0.306035523260222,0.040157421471973674,0
integrity,0.2015456510251773,0.11243472122993622,0
intellectual,-0.21326030942845062,-0.18979698534541514,0
intelligence,0.13902785328502912,0.1031374108146428,0
intend,0.11837404695520262,0.006251289116062913,0
intense,0.185621597233322,-0.17786334358726036,0
intensity,0.017561315172207225,-0.3364471981386709,0
intensive,-0.0901117960999642,0.30245771442390257,0
intent,0.1309306829728553,-0.13868116133699318,0
intention,0.09287228679696943,-0.1391532673488403,0
inter,-0.021992362768758513,0.05596786700750452,0
interact,-0.009143393981582005,-0.09521315825938154,0
interaction,0.012032036688263961,-0.14111074734168028,0
interactive,0.15638937925795202,0.0885160324914668,0
interchangeably,0.20682514663086843,0.10068622118420115,0
interconnect,0.03605048815805359,-0.05110936368412611,0
intercourse,-0.017584946810701704,-0.12329277672025706,0
interdisciplinary,0.09855753759122435,0.17648169800782892,0
interest,0.4064999954883569,0.12535454333254092,0
interested,-0.11189264329581368,0.007465734151651875,0
interesting,0.24600063697143887,-0.025409176768909063,0
interestingly,0.1096904466561521,0.0598523256119773,0
interfere,0.07985732694901838,-0.15534198377878575,0
interlink,-0.17169243654267072,-0.25315303591987115,0
intermittent,-0.12534306424161668,-0.1944700881954448,0
intermittently,-0.039331338282102196,-0.18820166336844857,0
intern,0.09766808354734093,0.5291027509172376,0
internal,0.07863603462087361,0.20131276257904443,0
international,-0.06242087135650751,0.26582965803433417,0
internationally,0.20311989903672226,0.15486450840668525,0
internet,0.24412966800548536,0.2552897269286029,0
internist,0.2699680023974026,-0.04986644787370906,0
interplay,-0.220055465625254,-0.33189832353880444,0
interpret,-0.09873308568885288,0.0764432362022157,0
interpretation,0.13737792773376864,0.05224629424815638,0
interpreter,0.2523857779692281,0.12188568025534012,0
interpretive,0.21385559192658166,0.3939349388373001,0
interprovincial,0.044038729749311646,0.16920121421765902,0
interrelated,0.0032589201858227814,-0.44173878380591464,0
interrelationship,0.20131580762120305,-0.15146360088745522,0
interrupt,-0.04557376607636434,-0.19162670868082282,0
interrupted,-0.026105532810490377,-0.14074938852331445,0
intertwine,0.25842852893436796,-0.011895919420082316,0
interval,-0.0168176540469868,-0.14342092811479934,0
intervene,0.0942737751972908,0.11275017290090054,0
intervention,-0.04522821885048762,-0.02609219595567484,0
interview,0.3364472233041165,0.10254393669017775,0
interviewer,0.32688542582743074,-0.13006455996032862,0
intimacy,0.05239457450534102,0.15384331997721082,0
intimate,-0.010476395002295217,-0.25135021402278646,0
intimidate,0.24454203777179465,-0.21947908382052164,0
intra,-0.10882736082348858,0.08150027381488979,0
intracranial,-0.383323201213236,-0.09499689996445712,0
intramuscular,0.0707754505788169,-0.4034698028569684,0
intramuscularly,-0.014770809509387956,-0.23645876186821685,0
intranasal,0.0005812932454427865,-0.20561373411669362,0
intratesticular,-0.21608928385874113,-0.303689163906894,0
intricacy,-0.03340719922284954,0.003472891557769132,0
intricate,0.19890870441877478,0.03154102577272218,0
intrinsic,-0.3931437820333146,0.027147755841199835,0
introduce,-0.05486137150641985,-0.039670703449479525,0
introduction,-0.04768704117038028,0.08206781063812603,0
intubation,-0.08109839934032735,0.19472199704646861,0
intuitive,0.11113140785331009,-0.0022641466399415137,0
intuitively,0.29993396375133496,-0.02314586993352761,0
invaluable,0.15136568445720666,0.08405405557702463,0
invasive,0.009477822621658173,-0.1521534880307158,0
inventory,-0.10033925601185671,0.21457133200504333,0
inverse,-0.15912746821140078,0.03965463590377775,0
inversely,-0.16547483903754023,-0.3740397876544495,0
invest,-0.17245550652490196,0.4487018391273971,0
investigate,-0.08857145191460576,0.09036761228344506,0
investigation,-0.22356419598889066,0.14582843434426535,0
investigational,0.289448744451127,0.2224395390143527,0
investigator,-0.009726028741646105,0.29265969418368515,0
investor,0.09335380568189398,0.2984887113592543,0
invigor,0.2622740351554808,-0.085029697445552,0
invite,0.46432827482749783,0.22804292991167951,0
iodine,-0.5087064435128452,-0.024028124048798383,0
iodothyronine,-0.584706149212152,0.0006366574557070205,0
iowa,0.28917162755203846,0.19013470471420824,0
ireland,0.15473091033829578,-0.23929364637606648,0
iron,-0.26714983458793273,-0.12283212352619664,0
irregular,-0.14308344890350722,-0.2626283858114496,0
irregularity,-0.4171544455580454,-0.1094197426327172,0
irrespective,-0.16445075685878427,-0.023092695458955266,0
irreversible,-0.31321070740601503,-0.018629031507951914,0
irritability,-0.1579252717981246,-0.20516823419857164,0
irritable,-0.2521534121176075,-0.1499048993583424,0
irritate,0.044289609569070854,-0.3666752858355211,0
irritation,-0.1186392170488421,-0.3887914623733948,0
ischemia,-0.15100546179440572,0.41928721624060306,0
isidori,-0.0015972760280348137,0.36241398558268595,0
island,0.27516385420128503,0.059472854789911204,0
islander,0.3262989097098568,0.16500959583772165,0
isnâ€tmt,-0.3427522076048211,0.1073744362506753,0
isocaproate,-0.08700450937572778,-0.4113234693039776,0
isolate,-0.23038651100817242,0.07176784366343432,0
isolated,-0.18151363607262375,-0.06326178448265832,0
issac,-0.1925778882368494,0.30576636896452475,0
issm,-0.25091193294635455,0.12130168089802348,0
italian,-0.0973178022275514,0.3878716900776098,0
italy,0.2914700750288298,0.0469216569966558,0
itching,-0.0847011518935777,-0.27352594703468164,0
item,-0.1933641442998378,0.09706578559577651,0
itâ€tms,0.32801677828550846,-0.28301300566459614,0
ius,0.05601605959868847,-0.3884834800185609,0
ivan,0.16299369987819862,0.3379643668045767,0
izumi,-0.11164103233530141,0.4407799567100538,0
j.a,0.27722899451447414,0.3447419789512237,0
j.beem.2010.11.004,-0.01634043393824014,0.4412023850540628,0
j.h,-0.23758293756956536,0.5088170244709801,0
j.ucl.2016.01.004,0.07924529487101117,0.4849146355097406,0
j.urology.2016.12.066,0.18779909751681648,0.3830454554705006,0
j.yhbeh.2011.01.009,-0.09527777170046695,0.37860879681186854,0
jack,0.42066833826670424,-0.3032709059579063,0
jackson,0.06673987924017821,0.5101811686489948,0
jacobs,-0.07601862894399548,0.3191835189876392,0
jam,-0.07886916514279808,-0.11709793369768974,0
jama,0.14717674976907855,0.2692297489418228,0
jame,0.06290034085178016,0.4397774939801112,0
james,0.15732470624153944,0.15383604587510644,0
jameson,-0.01527912145530749,0.5655743761660157,0
jan,0.22876651498234982,0.4059120436239509,0
jane,-0.1761180754935386,0.5542232636897542,0
january,-0.12298477102229304,0.27678620602240644,0
jar,-0.06571691669796435,-0.13287550656668767,0
jatenzo,-0.05971706160059368,-0.3063982020434207,0
jay,0.1649057041269597,0.4005930535781697,0
jayasena,-0.18169559794383705,0.43675689504452575,0
jc.2018,-0.06857498127495457,0.32741703486582835,0
jcem,0.085568462970032,0.46162184145202234,0
jcm8050732,0.019699282194552328,0.4333756204908175,0
jealous,0.26521160501199603,-0.12864380029690842,0
jean,0.1723942557409423,0.12501926291515028,0
jeauveau,0.06990670780163966,-0.4271185571767882,0
jefferson,0.4978714822664289,0.1989698861345961,0
jeffrey,0.19758539972073533,0.45189638497060897,0
jeremy,-0.0851752897013541,0.15118291203729278,0
jeuveau,0.044386784607225664,-0.44550107357095187,0
jewish,0.07112574614288887,0.4237117855343134,0
jews,-0.40831088869105725,-0.3055231860749356,0
jim,0.45149037401147296,0.21918657706602285,0
job,0.25218286140932544,0.10415488707454562,0
jog,0.344195245728582,-0.21283208346458682,0
john,0.23595066012446067,0.23941181714919446,0
johns,-0.20370857672499465,0.02877065830195371,0
johnson,0.29662108828947986,0.1717352015047511,0
join,0.2022862544739993,0.060643532946371224,0
joint,0.10105922978749234,-0.2567026077713374,0
jointed,0.24466176379312254,0.07845279839820603,0
jointly,-0.28567692765255887,-0.10682170026824928,0
joke,0.20105684378658384,-0.004779690139600872,0
jolt,0.020287599712846636,-0.2752061732835262,0
jones,0.11259972782809237,0.347864132120199,0
jordan,0.3397957428837057,0.058409088494259576,0
jorgez,0.09839302726930098,0.16006652822387277,0
joseph,0.18516575241514474,0.11939308168370404,0
josh,0.2530363856529157,0.5210115892873176,0
journal,-0.04536201212508235,0.3389586760114471,0
journalist,0.05188023844363136,0.17440204552592875,0
journey,0.16130815186699654,-0.060403186826912474,0
joyful,0.0520581197341869,-0.04777020076561593,0
juan,0.06797477560228311,0.4515328910981512,0
judgment,-0.050383070027768824,0.10992379516925288,0
judith,-0.09539910725324993,0.41847730979333686,0
juice,0.005758048586891467,-0.275274657039599,0
jul,0.03173611181577709,0.4600848841100524,0
jul;34(7):1669,0.026722841325099292,0.41732358517145735,0
julie,-0.020384366030270714,0.24937537633166126,0
july,0.010268575136050447,0.3176774009361208,0
jump,-0.02005677433176774,-0.09109413981517897,0
jun,-0.003486921990300708,0.49702189073751846,0
juncos,-0.16285862110148466,0.5738279072600633,0
june,-0.04337693108180096,0.4187163945389224,0
junior,0.2886546495262662,-0.11563458935578529,0
junk,-0.021350077845673488,-0.3770803445911965,0
jury,-0.16827622842826026,0.20434222495549711,0
justify,0.3115799556476818,0.13270198812980422,0
justin,0.2761278883794966,0.1953342484791213,0
juxtapose,0.3867532706856138,0.042997764934263404,0
k.m,-0.018121965489602456,0.3895373789599922,0
kadali,0.7950331458031876,0.295435391167111,0
kadono,-0.09588556196397763,0.43091966342853677,0
kallman,-0.41968915726139666,-0.08843857975862333,0
kallmann,-0.26889740311982785,-0.017789935330743207,0
kaltsas,-0.225293609943685,0.3741745098382125,0
kaminetsky,-0.153526514364646,-0.011357670962755672,0
karkowsky,0.11412681261084368,0.44803403793924795,0
karlye,-0.029436891729940264,0.4288197550941354,0
karolina,0.16665001758869472,0.21431607261329136,0
karyotype,-0.309827658878693,-0.035309186932452975,0
katarzyna,0.19171267136608508,0.27323268766852377,0
kathi,0.1407328451221076,0.23648644103721847,0
kato,-0.14943212624811075,0.4563942678239741,0
kawaguchi,-0.15561254061661067,0.4880941819645426,0
keck,0.23078331299822136,-0.12490524303469944,0
keevil,-0.08261762353505163,0.3817352124827258,0
keith,0.09623430498296574,0.19906017134718101,0
kelly,0.17525184196456461,0.4102510408920652,0
ken,-0.047960861792678965,0.49013244827536095,0
kenner,0.46287396089637717,0.1972373580794074,0
ketoconazole,-0.08077254494456965,-0.15201864520409014,0
kettle,0.13972105614093025,-0.2836854107386457,0
keyword,-0.002670453769040781,0.18798324506721628,0
khan,0.0618711680951332,0.4475742879976533,0
khera,0.0762466655111553,0.38038093703628956,0
khurram,-0.1876928832130612,0.3404534561863889,0
kian,0.3077830606497943,-0.22002508025200257,0
kick,-0.15412046913437785,-0.16336326952663627,0
kid,0.19206175817318244,-0.12735352509994954,0
kidney,-0.2635209514473758,-0.23621234439629127,0
kill,0.10271902864532438,-0.2391795895188735,0
killer,0.09053755933025971,-0.06745217929379346,0
kilogram,0.25426206243812516,-0.3473487879102542,0
kim,0.1605807339491506,0.093971994727884,0
kindly,0.005970023517330594,-0.2697015837893605,0
kinetic,-0.10508954771545531,0.1862207567335042,0
kiran,-0.20259724548696367,0.48678290902599797,0
kiss,0.42987625469299034,-0.06113961592519853,0
kit,0.17913570375681107,-0.22461678009403244,0
kliegman,-0.006591198251367921,0.450453826953714,0
klinefelter,-0.34851485950974603,-0.0932503253899174,0
knock,0.3333554937732114,-0.1049177235096946,0
knowledge,0.13000198984556213,0.15139310616044524,0
knowledgeable,0.12732553493184562,-0.11468554303953779,0
known,-0.2469460808825602,0.23868062960893774,0
kocsis,0.10448390808434188,0.37217790996841604,0
kopp,-0.07787681817000246,0.49662406970953393,0
kovler,0.3468435660666596,0.2754192237565089,0
kprice@auanet.org,0.0748497907624698,0.2604168519355463,0
krakowsky,0.07250399747150027,0.30895815438255925,0
kretser,0.007837376621763746,0.5273178666286689,0
kristen,0.047484830547866216,-0.09454777943355296,0
kryptonite,0.2675651737587364,-0.32521789977578175,0
kudo,0.3548785550253464,-0.021495333735479728,0
kuh,-0.06498324552040319,0.47526631608359243,0
kumar,-0.3906032351791936,-0.0839805088773852,0
kurtz,0.16761134505896091,0.38446781419043874,0
kyrou,-0.2471366888844836,0.3856865355716097,0
kyungah,0.1756396208566508,0.31235357757521703,0
kyzatrex,-0.20473005432410182,-0.29327067125455764,0
l.c,0.11262106844049885,0.3780206618356331,0
lab,0.591214099917422,0.23202917035164294,0
labcorp,0.2982031223295362,0.31742489288779346,0
label,-0.173764889674099,0.09706833181411771,0
labeling,-0.04710028663189857,0.019472118120554636,0
laboratories,-0.013928785858265092,0.22395563178699138,0
laboratory,-0.05353723954436777,0.42929292077506565,0
laborde,0.6029371747672835,0.16967502835884216,0
labs,0.13234840643964246,0.40715936405095005,0
labwork,0.052129556733109025,-0.14958232030420676,0
lacking,-0.24042950880726252,-0.08829273663569434,0
laden,0.200894443180711,-0.24394179070508462,0
lady,0.3687690570243581,0.03011756541643515,0
lagos,0.08608309057469415,0.3406852679066439,0
lake,0.2580867623787742,0.20085320092488063,0
laksham,0.057193759569446716,0.22700015180966288,0
lakshmi,0.07299589241848448,0.3975649564704786,0
lalitha,0.795715785934178,0.30154608688203494,0
lambert,-0.15353275770828742,0.3837756325387135,0
lancet,-0.22267800374797705,0.46279785209883534,0
landing,0.29393573454493566,0.24165715917709646,0
landmark,-0.06478276410612883,0.2556014788187844,0
landon,0.12774354628752396,0.3478791652927738,0
landscape,-0.03493875391895111,0.12751290807712182,0
language,0.14952657814685483,0.17397454685120958,0
lankveld,-0.07846743114769757,0.34734961357461624,0
large,-0.2465140799792815,-0.4820504367859035,0
largely,0.02436587002257466,-0.05818676431883396,0
laryngologist,0.1566994817540133,-0.3218266475873482,0
las,0.5627295772364206,0.15741669800321215,0
lashen,-0.09561786725951994,0.4129981435024361,0
latanoprost,0.015439010241406337,-0.12332537611834413,0
late-30s,0.032844475143696074,0.512605878437281,0
lately,-0.1137810322617859,0.16583499203732788,0
later,-0.2277151956789226,0.14881857777159413,0
lateral,-0.03129034985712399,-0.26489345178960066,0
lattimore,0.2607052235471521,0.22502911008091916,0
laugh,0.273084317676822,-0.02707029558829118,0
launch,0.15996683002595696,0.0749183451481439,0
lauren,0.2622249840779083,0.010749212171268773,0
lauretani,0.05944119697672677,0.5615689990264356,0
lauryl,-0.14546764745216872,-0.07705974832083011,0
law,0.099775775973677,-0.12488237966273642,0
lay,0.1503017179840869,-0.27667763124863504,0
layer,-0.07926560754753928,-0.3760640009141536,0
layperson,0.35514915728373875,-0.10936250501213968,0
laziness,0.1794550044171055,-0.20533500013853598,0
lazy,-0.22885543215213489,-0.054669370006881324,0
lcms,-0.006436701723389547,0.12231762928479635,0
ldl,-0.22554953047141754,-0.01997043465421422,0
leaching,-0.03650290126742073,-0.07567527966319851,0
leader,0.26252434076224745,0.061208349231088706,0
leadership,0.1954196132814694,0.23763135057745588,0
leaf,0.03492671696679038,0.3946424821414331,0
leafy,0.11011444063706169,-0.22831796162859136,0
lean,0.16273365782644558,-0.15784958739785815,0
leaning,0.23758095047518069,-0.018073887844561362,0
learn,0.002393354390786007,-0.46265422173979687,0
learning,0.06507523670373033,0.1958679094414379,0
leave,0.028587021469121524,-0.11973764470795806,0
lee,0.14111951072085605,0.3981515302841185,0
left,-0.017540582096515798,0.24065740002566033,0
leg,-0.12578768404192386,-0.08989402638769624,0
legal,0.13441891600987918,-0.06227230102774376,0
legally,0.12250319779398404,-0.14676407617549,0
legitimate,0.1943205037323026,-0.22980033850438647,0
legro,-0.2339107953960291,0.33198529922321035,0
legume,0.1324326054389148,-0.2914661112454986,0
length,0.10112736497088128,-0.024097302751106206,0
lengthen,-0.152164773419859,-0.3873717636635895,0
lengthy,0.1818329994300586,-0.005079580952472504,0
lentil,0.12216293020771203,-0.29222946620998164,0
leproult,-0.008621615228024607,0.3013995808297123,0
lessen,-0.2467015090521124,0.009570094947794924,0
lessened,-0.3014137204827223,-0.35437574828846885,0
lesser,-0.09035224201269469,-0.4908150992496863,0
lesson,0.14102893779939005,0.4283307589150644,0
lester,0.02370137286024147,0.196194730060462,0
let,0.9123900979325432,-0.5732147212948063,0
lethargic,0.2081621899524134,-0.40010552712862796,0
lethargy,-0.30153475458602125,-0.282247727166156,0
letrozole,-0.28317645352900095,-0.13592222658084774,0
letter,0.24039984623213898,0.05779291900842516,0
leuprolide,-0.46721697410787166,0.09295876384103655,0
levels.41,-0.2913033887587158,-0.19244844116606177,0
levels.433,-0.14199948610528051,-0.17624985338300528,0
"levels.46,47",-0.14193857102701732,-0.052181873193600216,0
"levels.48,49",-0.09609451970101414,-0.04547608890126049,0
"levels.5,6,12",-0.014624284734998343,0.04063082280649859,0
levels.6,-0.1751836781163211,0.034050944966601264,0
leverage,-0.0338159476403607,0.24316944596402496,0
levitra,0.015502757436787392,-0.29576273366636874,0
levothyroxine,-0.13934309003670362,-0.15085406405007448,0
lewis,0.03982188074806738,0.3483205095150339,0
leydig,-0.18344033371917207,-0.1670876060223226,0
"lh).5,6,12",-0.49776801731938713,-0.08953681195129408,0
liability,-0.06599958688298325,0.17779133151373475,0
library,0.08961590573601984,0.3806469580235946,0
licensable,0.0818254740531871,0.15475758336613135,0
license,0.04228743238993704,0.20911468859069682,0
licensed,0.2585031476123179,-0.11707885607537226,0
lie,-0.062183944426246675,-0.15560021764191523,0
"life.5,12",-0.15376195149103425,0.03168360401781872,0
lifeblood,-0.2748075566492769,-0.18058745413920532,0
lifelong,0.037390915550002915,0.09369953375859622,0
lifesave,0.07753698926901129,-0.29938715164106805,0
lifespan,-0.07169372503931448,-0.06738257423674797,0
lifetime,0.14190637197098172,-0.10495809763672549,0
lift,0.2532050099729276,-0.26755077627074153,0
lifting,0.1767566210244036,-0.0894428949544178,0
light,-0.023576419240935297,-0.2518980989273258,0
lightheaded,-0.1356999016451627,-0.299645980594531,0
lightheadedness,-0.24165288524251677,-0.1863881786522043,0
lightner,0.15358926380805954,0.4231552119769529,0
likelihood,-0.20719458578536437,-0.14892425046012628,0
likewise,-0.2694163866089493,-0.1578430550771278,0
limb,0.11049244604780144,-0.26686491444434746,0
limit,-0.11007190417219077,-0.16773704855603114,0
limitation,-0.11094774262940163,-0.03363525893551221,0
limited,0.12098703333505999,-0.017919399301148588,0
lincoff,0.006069728751540263,0.4488481757896342,0
lincoln,-0.08248902965891931,0.23528765967401719,0
line,0.16627175438000233,-0.09563064377751868,0
linger,0.027371918898236626,0.15706407450741913,0
lining,-0.10404930707172395,-0.2902669413383083,0
link,0.15695557879867028,0.6168427245776205,0
linthicum,0.19420441097123073,0.2882928719461078,0
lip,-0.06026787621829191,-0.33111232776467725,0
lipid,-0.3600447639895259,-0.15849005588031823,0
lipids,-0.3048576098574128,-0.15046226514724198,0
lipoderm,0.04514957395083836,-0.2800105541955996,0
lipoprotein,-0.40088273858039586,-0.032813574369497396,0
liquid,-0.05960584388031374,-0.07598544333891895,0
lisa,0.18922804792079032,0.36087836695519393,0
list,0.2371477888320194,0.11100228291160567,0
listen,0.2959567730113575,0.0088243518201358,0
listener,0.22708182978809152,0.03956532285668004,0
listening,0.27694078242495085,-0.07193778721110673,0
liter,-0.14265708569146093,0.06069674017405468,0
literally,0.1979859210626041,0.010836449949338413,0
literature,-0.17741709463079047,0.26058596940772377,0
little,0.3486373413783392,-0.3589141038975456,0
liu,-0.18252813514940106,0.5477244248846199,0
lived,0.0035658216027484426,-0.17577804636215816,0
liver,0.33018675505089384,-0.5183823854888647,0
livery,-0.025787293706326722,0.033379886872128124,0
living,0.15429291338656864,0.07062398270211401,0
llahana,-0.2444763725490868,0.5062397375319228,0
load,-0.052461726693840305,-0.30928759543448975,0
loading,-0.29564056016074014,-0.16317946587602625,0
lobido,-0.08711319378304393,-0.09189981784316806,0
local,-0.1522105758205528,0.06819811761874901,0
localize,-0.3723781887213599,0.10583028607769353,0
locate,-0.058250900575833715,-0.19623701233902996,0
location,0.15777987662209408,0.004290032171405684,0
locations13,0.24777804357459257,0.15598614623571164,0
locationswe,0.23819872493960031,0.14107565675666026,0
lodge,-0.203305221483667,-0.09432963068171481,0
loh,-0.2788479195457947,0.1294274140558783,0
london,0.06839586277555035,0.3429945641709969,0
long-,-0.03610020934620441,-0.3965521003917124,0
longevity,0.1514792666683327,-0.13642859727386725,0
longifolia,0.07647634698153037,0.01973071800187022,0
longo,0.08974705989916906,0.5955891572354547,0
longstanding,0.15934990474861593,-0.22740457807351666,0
loop,-0.1673760012415645,-0.1902757285206592,0
loose,-0.11240818343788546,-0.1062856904169859,0
loosely,-0.2589127633180939,0.03476391835406224,0
lopez,-0.20977360415086438,0.4775061553517732,0
lotion,0.04880192290888003,-0.3142956079398989,0
loud,-0.0698610278194623,-0.018514551332000036,0
louder,-0.002887763739548259,-0.06933954230647026,0
louis,0.1460106825175846,0.2564267003094929,0
louisiana,0.21897206033273917,0.08465258281243752,0
love,0.266545516266604,-0.033413580190941504,0
lover,0.17087794152763264,0.10007246294787318,0
lowering,0.37311937045508775,-0.1984396914440335,0
loyola,0.08035723958976997,0.21289340644958588,0
ltd,-0.12417376505336039,0.2429093221727302,0
lucia,0.017508053033523163,0.4672869178993991,0
luck,-0.032100014446492804,0.03205912961235392,0
luckily,0.03404223283739728,-0.2760488900312379,0
luis,-0.16643261511694396,0.5670056097997068,0
lump,-0.32982556337155233,0.0744652990598205,0
lunch,0.07127049067764518,-0.217424846299962,0
lundy,0.31053275024421084,0.008891736269390703,0
lung,-0.25434729386304844,-0.08282705635855712,0
lure,0.47119661635508037,-0.13063120190839894,0
lustful,0.14449928862154207,-0.03765651633373158,0
lut,-0.3300159684735463,0.08976403922527139,0
luteinise,-0.19007950688431094,-0.319246285788748,0
luteinize,-0.615354090546183,-0.2555570864731944,0
luteinizing,-0.4402924029884292,-0.047762145895452905,0
lutenise,-0.3943969716445462,-0.059238922908437394,0
lutenize,-0.14772751528012268,-0.2952219927243199,0
lymph,-0.14773283254518116,-0.4122755117750132,0
lymphatic,0.15949327789559362,-0.26043420260541633,0
lymphocyte,-0.2092112900894168,-0.409460896844407,0
lyon,0.04404012691749862,0.21616845661171427,0
m.a,0.02871024291542119,0.48130776463172503,0
m.b.a,0.16455807202026224,0.1802520154228804,0
m.d,0.09141437054573155,0.21778218487497458,0
m.o,-0.1776691341190839,0.36430208489772525,0
m.s,-0.013500572865622581,0.317683581375791,0
m19,0.06545730517718186,0.427026729390769,0
mace,-0.27049183095382595,0.06223171402258122,0
machine,0.09682540098396945,-0.04466834690413894,0
mackenzie,-0.24115475953553456,0.5090547058676841,0
madsen,0.32554894261062334,-0.07099263282224336,0
magazine,0.4594379291464335,-0.18128014011533325,0
maggi,-0.17263077578730285,0.16576701640538039,0
maggio,0.07587290285159301,0.5206665242681923,0
magic,0.23821957526061502,-0.05627827857956908,0
magnesium,-0.00863428274189753,-0.28991383827106154,0
magnetic,-0.20697185975063678,0.2745180118986212,0
magnify,0.07052042354178709,0.11038068531626336,0
magnitude,0.043462606232003646,0.18829673516883033,0
mail,0.17797363874057,-0.01812000050844988,0
main,0.353097033529065,0.13900733199396015,0
mainly,0.060469501271636805,-0.45186733535277823,0
maintenance,-0.07984006053224564,0.057393014875779025,0
major,0.01366129621357358,0.09285050905425318,0
majorek,0.19679659054747634,0.24959497554760068,0
majority,-0.09353397047380874,0.025676038387553304,0
maker,-0.10342489468714351,0.0919961603802306,0
makeup,-0.3655376799708825,-0.22452455703228136,0
making,-0.08883958914216852,0.19701530926618652,0
malaria,-0.09221637241134654,0.04747637992699304,0
malfunction,-0.604477231495209,-0.13120551975789457,0
malnutrition,-0.239817807680133,0.047894567335411274,0
manageable,0.14008592432128084,-0.21765173939335036,0
management,-0.5750232282462748,-0.022166496026292774,0
management.4,0.06640165738096548,0.13608874265732915,0
manager,0.13547162203852092,-0.09702207038824305,0
mandate,-0.038493780961345356,0.09209083701314233,0
mane,0.2944328363950882,-0.2902211019571721,0
manif,-0.23699706741570684,-0.04334180838057587,0
manifest,-0.0006728751843034153,-0.12046684806381329,0
manifestation,-0.2712587903867528,-0.09870739820170829,0
manitoba,0.036314512959447896,0.4494565619318524,0
manliness,0.21977435077229912,-0.14641626617889048,0
manly,0.012988918463137869,-0.14593895032729956,0
manmade,-0.1733810739901146,-0.09946593672363148,0
manner,-0.08940695440629351,-0.08295815791778652,0
manopause,0.1588232365511801,0.0694118208683007,0
manufacture,-0.07507561223420414,-0.2400665185884253,0
manufactured,-0.5144380450380186,0.18685178134500838,0
manufacturer,-0.07196168617029486,-0.004555553473317851,0
manuscript,-3.200413329452822e-05,0.4058736393086979,0
map,0.1601274147950462,0.1457248815129985,0
mar,0.08980977099861205,0.4246137811686191,0
maranon,-0.20095565517025848,0.5606795903521635,0
marathon,0.3884788551266251,-0.2143534309166917,0
marc,0.30613730044826687,-0.18638160963596948,0
march,0.12402850627592955,0.2816101867138829,0
marco,0.16942178955269363,0.24866433639894547,0
maria,0.028174445096812672,0.40064072673458667,0
marijuana,-0.3123306002231649,0.03406027926745462,0
marius,-0.001994156405667506,0.3537174771019383,0
mark,0.017289676518431267,0.2507616787200176,0
marked,0.16353830436953254,-0.044595963830950075,0
marker,-0.09835818762511864,0.03191171329541227,0
market,0.09371633780315766,-0.08274123944080272,0
marketing,0.2606402097623794,-0.07182580084997152,0
marketplace,-0.0618086610403093,-0.012286810336723537,0
marrow,-0.29398139511208654,-0.22003150677542105,0
marshall,0.23382872308379551,0.1255756884786079,0
martin,0.15365219958541573,0.42915471027284086,0
mary,0.1753663849815884,-0.013547304803324481,0
maryland,0.2280470437221005,0.1278438861930672,0
masculine,0.08728868749876628,-0.047586345456774565,0
masculinity,0.10731787120390776,-0.13689116488188563,0
masculinize,-0.22126838159587864,-0.16308859159855693,0
mask,-0.030388641361218573,-0.16617999911325881,0
massachusetts,-0.143891615592417,0.2574731358534878,0
masse,0.14842410695207833,-0.40145075900076654,0
massive,-0.36139067278676035,-0.1666306220804224,0
massively,-0.14328145161637812,0.025607804734048334,0
masterson,0.18677422970739277,0.027054632321998104,0
masturbation,0.23733661494291733,0.15110525907007832,0
match,-0.10832462321225532,-0.1727553054293408,0
mate,-0.15841179979338926,0.0448964938722985,0
material,0.08332023122985886,0.022412481411209457,0
mateusz,0.03782014510218808,0.21379980960641415,0
matrix,-0.07190360564313208,-0.1492296992728682,0
matsumoto,0.009905065132523075,0.44151616505017566,0
matter,0.11320992009926734,-0.11509147578865445,0
maturation,-0.27495975097462483,0.04317336171163485,0
mature,-0.3193590213227928,-0.3533536525907186,0
maturing,-0.19955695240386317,-0.05613191345370508,0
maturita,-0.23806717471221836,0.2623742450456782,0
maturity,0.12239568550290321,-0.16366932031695863,0
maximal,-0.15314047202317035,-0.3506743043946673,0
maximize,0.11281114187814352,-0.16971427591857047,0
maximizing,-0.2435570442902763,0.16493842046076582,0
maximum,-0.026787456928922027,0.16916085815320198,0
may;43(2):185,0.07312924722291735,0.48551579872458517,0
mayo,0.18904082355790233,0.2785880915379127,0
mba,0.15553399322149242,0.19173990091139462,0
mbchb,0.14900517941913957,0.15906113360261065,0
mbcs,0.2798913342731773,0.24129293098008225,0
mcbride,0.0602099125494133,0.43818383874769623,0
mcdonald,0.027684663845082797,-0.20310894611890826,0
mcgarvey,0.23151659914567946,0.48262461130954487,0
mcgill,0.07506922197532877,0.28570740173019177,0
mclachlin,-0.004502844163438241,0.5995018223054792,0
"md,1",0.023543152493654112,0.5457611330193691,0
"md,2",0.050972139982816835,0.511229959409613,0
md1,0.09135127300413029,0.33333782264221895,0
md10,0.19762899745136522,0.43729681914814245,0
md11,0.19382039162666725,0.40900785512252746,0
md12,0.18242347347306767,0.41659095286919345,0
md2,0.09871238294590444,0.3562576809270719,0
md3,0.12710128508354726,0.37088820992638305,0
md4,0.14276394628971223,0.3797851247140637,0
md5,0.17693777186901086,0.40326228023478716,0
md6,0.19408272715390168,0.4176301808427116,0
md7,0.2188007684289875,0.44029452558013854,0
md8,0.23015998555514067,0.4362667716886762,0
md9,0.20130372955435366,0.4490643963521348,0
mds,0.10430757275286547,0.1033412928604733,0
"md‡†,3",0.05823063359441405,0.5027051237317174,0
meagan,-0.035130252891388825,0.36791865752652425,0
meal,0.16223016347455838,-0.1862240672431052,0
meaning,-0.0148239309798082,0.07512948526815377,0
meaningful,0.05586945118067339,-0.029266931400021175,0
means,-0.10368870866283006,-0.029275263492343787,0
meantime,0.01881828965542138,0.12748792089104458,0
measured,-0.028986603037418127,-0.018366190107259223,0
measurement,-0.15492520096127158,0.024395583144288375,0
meat,0.1859016384263221,-0.1893559841605621,0
mechanism,-0.2057257234762947,0.22030735398634274,0
mechanistically,-0.28979812459225124,0.02119146239117744,0
med,0.09055929568169019,0.30992067140574253,0
med.0000000000000086,-0.032894395127185755,0.3941183153854601,0
medial,0.27204785775883594,-0.060788609153214365,0
median,-0.2790760566355658,0.041240867833736365,0
medically,0.10319418978461742,0.30181203484161045,0
medicare,-0.15679975879770824,0.06939770084933393,0
medicate,0.010591619821847708,-0.043292143013862826,0
medicated,-0.026774342363153916,-0.28798807520482633,0
medicine.net,0.07556474455259493,0.32682583404283666,0
meditation,0.0039962260459263915,-0.21350697476822925,0
mediterranean,0.2197129902379421,-0.3213454673260887,0
medium,0.1072859999719536,0.08299391713424714,0
medline,-0.10814333110274488,0.275891080565711,0
medlineplus,0.2947972257045635,-0.000747614959952475,0
medlineplus.gov,0.18468157985446784,0.29138648865386135,0
meet,0.0604389506053037,0.04022032485370833,0
meeting,0.13205464165168002,0.15656229749070225,0
meikle,-0.4134098148081547,-0.14202215368674811,0
melatonin,-0.06632175173194892,-0.11785925346803966,0
melish,-0.5334819298709967,-0.11348075222476532,0
mellitus,-0.2904598762160317,-0.013011070439580547,0
melme,-0.05556570393191704,0.4365124285897988,0
member,0.052400480487729925,0.16153460454973234,0
membership,0.1193694820552037,0.03244985382714218,0
membrane,-0.11287112481820075,-0.1775078360730961,0
memorial,0.2932951792556281,0.28415320372147035,0
memory,-0.11358676902791082,0.11419909709110407,0
men,-0.13457525156907982,-0.04397566048749576,0
"men.29,32",-0.09550778563287386,-0.05456806917920068,0
men.436,-0.2095129661624097,-0.38072787636800254,0
men.438,-0.22493722627954005,-0.2189998826050065,0
men.65,-0.4765566855536582,-0.0037141867463123006,0
men5,-0.2027270962076285,0.02250937991185747,0
mendonça,0.2660851705076219,0.3308198814275518,0
meno,0.24838302317571193,-0.016558973008955778,0
menopausal,-0.15188517009009106,-0.3165011067657378,0
mens,-0.04900984812415283,0.3734916089625023,0
menstrual,-0.16328988339917588,-0.3041694161365181,0
menstruate,-0.47215364817683975,-0.09158229111940623,0
menstruation,-0.05981823299513084,-0.08804469278124095,0
mentally,0.07997788022188458,-0.19344700380558175,0
mention,0.18360799455612675,-0.0701799482678359,0
mentor,0.036334259613858194,-0.3072097906395457,0
menu,0.14269029174320155,0.05394853326711586,0
mercury,0.07594421929433763,-0.3302210108608008,0
merely,0.12206860863497816,-0.0396946521258606,0
merit,0.31549982997371273,0.06118335354135733,0
merkle,-0.1698817118483683,-0.06024973203948908,0
merschel,0.25656278763485146,0.1853964954939867,0
mesotherapy,-0.05181024423597004,-0.2961388097358545,0
mess,0.14691983044902526,-0.0941352178703082,0
message,0.2630193097589835,0.11695153830597738,0
messaging,0.01853169290849267,-0.036466749949348946,0
messenger,-0.08283616757248735,-0.1623654208864745,0
messy,-0.029636136893089887,-0.253521997400912,0
meta,-0.14303874460373667,0.21930584068349868,0
metab,-0.041547821296763994,0.39495664409729686,0
metabolic,-0.6682973993572703,-0.22876470320117712,0
metabolise,-0.28187599182692136,-0.07409791355738009,0
metabolism,-0.052232501348638036,0.23168397799403087,0
metabolite,-0.1642397013621479,-0.03570975289666986,0
metabolization,-0.08784507724164461,-0.22117816089278053,0
metabolize,-0.10125531398874549,-0.30414678748496826,0
metal,0.11683625343423136,-0.22535368735055727,0
metastatic,-0.3010207752513502,0.018136127765451173,0
metered,0.011729652288687581,-0.2996634902021223,0
methodist,-0.19180216080863827,0.3282322492301131,0
methodological,-0.2593809821676993,0.05465144554132376,0
methodologically,0.22176790194933746,0.1855855651788787,0
methodologist,0.23045928115259756,0.14297556566386707,0
methodology,-0.13759551533259845,0.08724081404099499,0
methotrexate,-0.2871715172330207,-0.04299458498733439,0
metoclopramide,-0.49367574914285944,0.04946371944875497,0
metronome,0.2479188776793468,-0.3033219907674894,0
metropolitan,0.20822300415845826,0.09527703658782373,0
metros,0.18568335729878208,-0.13479022588770312,0
metuchen,0.0988671377728156,0.43152950941055246,0
mg/5,0.004585612936594889,-0.39580967734845174,0
mhb,0.0861019841995031,0.3719168154572951,0
mhc,0.16613914859250845,0.04842164140222111,0
miami,0.03824940198088382,0.1372864159579425,0
michael,0.1301592230396707,0.1267494398930184,0
michelle,-0.034040648469996486,0.23362255775254878,0
michigan,0.02009154767876692,0.16841462611609254,0
micro,-0.23668228331132918,-0.18392549697805874,0
microbiome,0.026078920110326136,0.05029152269140243,0
microdose,0.03503983863537709,-0.023796163691509768,0
microdosing,0.006456408769646557,-0.020446739890607756,0
microemboli,-0.26065497091280915,-0.06259891502187133,0
microneedle,0.029906861059187696,-0.4722578179054335,0
microneedling,0.07309951234549841,-0.30966004760355026,0
microphone,0.48436277676973033,-0.13478560533311154,0
microporous,-0.11149578803538529,-0.12692200090797365,0
microprocessor,-0.12999927582042123,-0.5302083769565566,0
microscope,-0.1198034533651658,-0.11132267559982262,0
microsurgery,0.030353895457152443,-0.031108436935707334,0
mid,-0.1278959481188147,-0.038757348127760306,0
mid-,0.038412181590939655,0.5115687549141438,0
mid-20,0.12172842484022535,-0.20456448442727287,0
mid-30s,-0.0889399499406094,0.3813551046940179,0
middle,0.08208631908679051,0.22233551445789457,0
midlife,0.04835821506781541,0.24612780823757702,0
midsection,0.08835726214904775,-0.11823677629888893,0
midwest,0.2892850204314345,-0.010055990356866131,0
mike,0.11995407504032143,0.2777512130343378,0
mild,-0.1736250827162522,-0.32172486149655455,0
milestone,-0.27914819350740705,0.14537748589244948,0
milk,-0.17482679993627592,-0.13375661868960495,0
milky,-0.33242172876623016,0.005699822106849418,0
mill,0.05909919588904766,-0.052139031471270775,0
millar,-0.08270065195335757,0.2677128946641391,0
miller,0.2339616782343077,0.1970760439920994,0
millimeter,-0.11746101200839314,-0.2124884022709862,0
million,-0.005770477616386021,-0.3515629046217071,0
milman,-0.13701391965521342,0.39689045312093707,0
mimic,-0.034182386944460595,-0.2829162943206778,0
mimicking,-0.16633921258044168,0.024422449391001327,0
mimics,-0.09517778069206614,0.03959550464739162,0
mind,-0.017876977265838798,0.031966030149561606,0
mindful,0.1681288471276378,-0.25442350802577407,0
mindfulness,0.07219157673363194,-0.04893122590782349,0
mindset,0.11784001182033901,-0.09242025356600753,0
mindy,0.2965258453012533,0.020886037470172196,0
miner,0.1527891318196907,0.4341334407147155,0
mineral,-0.10763718996296374,-0.14306117057234552,0
minhas,-0.13936085244038007,0.4240510342345015,0
mini,-0.14676197722021336,0.07521300878898048,0
miniaturization,-0.09042185513695283,-0.27051644487905463,0
minimal,-0.1189786143602718,-0.16558542992829334,0
minimally,0.02529527748170563,-0.11014145923643562,0
minimise,0.008972279880744075,-0.23973862163490162,0
minimize,-0.027770917341017665,-0.3372498551717022,0
minimum,-0.10206213773560333,-0.09320907828798435,0
minn,0.14313230331635665,0.3373348836228756,0
minnesota,0.24353699566041784,0.272441563494493,0
minor,0.07497813045662702,0.15650243559433089,0
minoxidil,0.020569550612678483,-0.17325305631354254,0
minstlm,0.30218811193524864,0.2606812949431135,0
minus,0.21100740946194352,0.04296205307579878,0
minutes.425,-0.07835630479723169,0.12586754445252213,0
minutes.438,-0.1683758686254137,0.059078934646256784,0
miracle,0.3352764608566865,-0.06952722794228156,0
miraculous,0.19747890460133286,-0.1524707697515302,0
mirror,-0.05093442279585207,-0.15831959355327982,0
mirroring,-0.05202593582638608,0.058076561469968715,0
misconception,0.25433577038655475,0.03699369514233267,0
misdiagnose,-0.03114803304561619,-0.05120901691770728,0
misdiagnosis,-0.03355540167343369,-0.06549235893100533,0
miserable,0.001609679401761109,-0.1564041577220364,0
misinformation,0.04400056389788468,0.10114780008616085,0
mislead,0.063496574063427,-0.07353263777154927,0
misleading,0.053972456683765,-0.09164091501865179,0
miss,0.19388216084493223,0.0697460781547147,0
mission,0.17409632415924636,0.18946475548172034,0
mistake,0.0017826819682937689,0.15061081788805716,0
mistaken,0.16803141893886767,-0.06538126326290472,0
misunderstand,-0.10155848502976604,0.04369243790045279,0
misunderstanding,-0.26271933162469835,-0.12870967797022745,0
misunderstood,0.2163001486403142,-0.10504550735265142,0
misuse,-0.06765748579066783,-0.052394903003582495,0
mitch,0.5524566212447422,-0.2898670064351741,0
mitigate,0.0625679839053558,-0.18752510243259865,0
mitigation,-0.1804462745557009,0.10084520344757054,0
mix,0.1402189304096408,-0.11830308174721486,0
mixed,-0.1518133650914812,-0.09988374588285769,0
mixture,-0.0219253498980998,-0.21578896264655867,0
mizokami,-0.11815409406489658,0.39551489636463694,0
mmas,-0.319182551206299,0.19742093160740096,0
mobile,0.3460322600271419,0.11618693426776912,0
mobility,-0.0054234707268482245,-0.2543824388258851,0
modality,-0.06637374515161167,-0.05903249583098505,0
mode,0.0005760274105882889,-0.1689546793603706,0
model,0.018983984409092696,0.10579208671689926,0
moderate,-0.5552111662601088,0.050889658524526794,0
moderately,-0.06709839285350153,0.1214190028797787,0
moderation,0.08412802717398248,-0.287647124973183,0
modern,0.004301772059896309,-0.00321318528219299,0
modest,-0.055430563904687584,0.017897801122494384,0
modifiable,-0.07562856830898887,0.2035093329880154,0
modification,-0.3431037115899237,-0.3451497925014541,0
modify,0.08071989257391522,0.047686987042042245,0
modulate,-0.1319297303765844,-0.12922558659950165,0
modulator,-0.2519781828472126,-0.24252384341113215,0
mohit,0.10487152347959214,0.3584997742266285,0
mohr,-0.12198056140656628,0.3077661224200932,0
moisture,0.023328373783168273,-0.32542025963645504,0
moisturize,0.07040112460979478,-0.30436609146727844,0
moisturizing,0.07064711929460397,-0.36593844836934225,0
mojo,0.06431753317721722,0.22981225102239738,0
molecular,-0.062103654075685716,0.24526363890464617,0
molecule,-0.09519204062246073,-0.2617543989856503,0
moment,0.27816877363465764,-0.22530678679769697,0
monday,-0.15185036044171984,0.24020392965770657,0
money,0.2019908657096598,0.03834513001522512,0
monitored,-0.31183650879421504,-0.1949549919404037,0
monitoring,-0.5628699347012232,0.5207677399281119,0
monkeypox,-0.21598800613229618,0.1659647470591247,0
monocyte,-0.19932050389625228,-0.4365124591228342,0
monograph,-0.17683773375176468,-0.21318002225931365,0
monosaturate,0.017066620267947155,-0.25091813389341366,0
monotherapy,-0.04607135721249738,-0.1663676418710586,0
monthly,0.1747841934788741,-0.14815177700625126,0
months).5,-0.26409755150156294,-0.05163919175116456,0
months.447,-0.11207424577307255,0.03627878380013323,0
months.77,-0.2897057800475652,0.09259250062885395,0
montori,0.1109680597821095,0.4628833974094015,0
montreal,0.05279900364578684,0.2665192939093706,0
moodiness,0.3492748313944541,-0.043075543033801324,0
morbidity,0.00115148902585389,-0.009928556482852596,0
morgentaler,0.06493364058464651,0.3387651941076531,0
morning,-0.578148690518502,0.13590513002648877,0
moroccan,0.015694258199785475,-0.3562146010562905,0
mortality,-0.18160336941337862,0.05914129375028297,0
mortality.56,-0.34830901381492363,0.11241685104481904,0
mortality.67,-0.2787947467207288,0.21494122026292514,0
moserthroughout,0.05986940174143,0.4022208103143964,0
mother,-0.0010931494818645557,0.03879291209095724,0
motility,0.09255086274776152,-0.03440855816387754,0
motion,-0.05396534103922894,-0.2146464546341679,0
motional,0.10392781496358158,-0.045765226836387805,0
motivate,-0.0543793779619784,-0.31645935299325156,0
motivated,0.21383514659034292,0.15532455783572452,0
motivation,0.006773965801147809,-0.2267758041136335,0
mount,0.24073642419863145,0.26303514689280555,0
mountain,0.31222273756473506,0.1436947187698386,0
moura,-0.18742663401888626,0.3032966781977284,0
mouse,-0.13012375332943765,0.2134048558861773,0
moustache,-0.10938257392590901,-0.3670862540099215,0
mouth,0.29142728445093674,-0.09444705327210967,0
movement,0.22867324112877818,-0.18230369106787314,0
movie,0.22820375371933252,-0.00210738601229574,0
mph,0.11860845829547985,0.4096919764479666,0
mrcgp,0.182109319264999,0.17459719946916802,0
mri,-0.17947660025631934,0.03036219939157131,0
mris,-0.32718097941185226,-0.04615571278530248,0
mrsb,0.31371768735832634,0.2658796430242946,0
msacl.org,0.08790082157158619,0.40122684082188625,0
msc,0.19911045607336783,0.3275674788231611,0
muco,-0.0856149254406545,-0.35186632928247275,0
mucosa,-0.051951562506054344,-0.15410560862282546,0
mucosal,-0.2519074494282841,-0.28059352289259043,0
mucous,-0.24158715342692155,-0.28819326798824635,0
muddle,0.03902783159123526,-0.06018304273691548,0
mulhall,0.1354025419706834,0.3351254801595294,0
multi,0.16404104260520955,-0.06911550540548582,0
multicenter,-0.03740229581847087,0.14052250095808524,0
multidisciplinary,0.06658117595874034,0.163927416669126,0
multidose,0.010208786213277268,-0.41825890898454837,0
multifactorial,-0.04633109857890789,0.05951055042606844,0
multimedia,0.1469799997235148,0.12437060859197607,0
multimorbidity,-0.11279740670878026,0.20492352419811005,0
multiple,-0.06982054424535487,0.038824550686242146,0
multisystem,-0.3752046104998307,-0.2706298549173886,0
multitude,-0.2268011919747643,0.1622715066609663,0
multivitamin,0.17842691317224701,-0.24463152314523462,0
mump,-0.2180724996935886,-0.11211131266182826,0
mumps,-0.22855649847235718,0.0006777620069429003,0
muniz,-0.06235449029836089,0.4638786208989113,0
murad,0.14486142349179845,0.4340608935170388,0
muraleedharan,-0.317156375925747,0.17595009763423936,0
"muraleedharan,233",-0.28953861040274914,-0.01852686855705619,0
muscular,-0.16624892900216764,-0.14000784165391278,0
musculature,-0.16715161625093294,-0.23791854806047047,0
muse,-0.05771921252724415,-0.33953587681142594,0
mushroom,0.16154060077047583,-0.2042454397029092,0
musi,0.2592526415118509,0.08247336281615197,0
music,0.13837691181524098,0.0876807742318363,0
mutation,-0.1963202947729966,0.003938942522298011,0
muthigi,-0.15107578194062515,0.1709160374133817,0
mychart,0.20080926609090652,0.12801143826470762,0
myelodysplastic,-0.5606873678518693,-0.2499232021795931,0
myers,0.06746400155023928,0.23663332613451202,0
myhealth,0.3163475863072945,0.014488643787927845,0
myocardial,-0.24917843618223307,0.04196334186833276,0
myotonic,-0.39362586272313316,-0.15850778278976377,0
myriad,-0.24694305679817813,0.19051941525116184,0
myth,0.11960133763318523,0.05216627879223166,0
n.l,-0.06420402558489738,0.4220047250181126,0
"n=1,261",-0.22368785434521019,0.20094913177055743,0
"n=1,773",-0.22373703418818686,0.2753264796497597,0
n=13,0.0698884849986707,0.20440186198672022,0
n=238,-0.31983247796232434,0.434093870116139,0
n=343,-0.37517550097376934,0.3687603498069639,0
"n=37,565",-0.17715701673967998,0.12541843279888146,0
n=395,-0.1539764145418384,0.5367094505572263,0
"n=55,593",-0.23416863228886878,0.15156531273639248,0
n=581,-0.3597917643921424,0.2874162881570208,0
nad,-0.1882624918219879,0.16139430441629893,0
nada,0.46781869547280874,-0.039057811150908985,0
nagaraju,0.03637215370358315,0.17048327666330088,0
nagging,0.1903208727289388,-0.0198744487855141,0
nail,0.19567811300487198,-0.006884431416119542,0
namesake,0.05197978720700462,0.05487979453514755,0
namiki,-0.09889838728606284,0.4291304784823952,0
nandrolone,0.05921154201331752,-0.26557718234266664,0
nannan,0.11038499205455342,0.29358304472000724,0
nanogram,-0.31185435408895706,0.26001565598455356,0
nanomole,-0.2701384643836883,0.06899801787485776,0
narcotic,-0.32394515129265267,0.09830619086232345,0
narrow,-0.0829153383399509,-0.16786707283511185,0
narrowing,-0.133911072067309,-0.15889436944524019,0
nasal,-0.1193353256215012,-0.3244674333337361,0
nasir,-0.19356650478083468,0.11819622667357423,0
nasopharyngitis,-0.21201161463124282,-0.371829801970751,0
natesto,-0.06420150196689703,-0.2701747631680346,0
nation,0.1256589243120436,0.1501252957284199,0
national,0.09460572083123063,0.24208264435199087,0
nationwide,0.28726430481583404,0.11767652347418797,0
native,0.2539068049848249,0.17192675983832606,0
nature,-0.06922516492915624,-0.02254669705291396,0
naturopathic,0.21390554285153324,-0.00800868721795455,0
nausea,-0.024861771004417253,-0.11294500963021983,0
navigate,0.07694307843672142,-0.14122980677741345,0
navigation,0.21204932247445066,0.13665881663876514,0
navy,0.11875940302200869,-0.2876217531926644,0
nayeri,0.017005085885226316,0.03771099715594891,0
naïve,-0.19802522398186245,-0.08019842721859526,0
ncbi.nlm.nih.gov,-0.149429154804359,0.32120237150559955,0
ncic,0.16376269841723518,0.1406715390259329,0
neapolitan,0.3685801109154161,-0.059632754320443626,0
near,-0.017892542808616813,-0.010303075148039173,0
nearby,0.2830543511407051,0.1377374236060166,0
nearly,-0.09125417337505702,0.2201820865020144,0
nebido,-0.04480494586136639,-0.3703049253956302,0
nebraska,-0.08358512940866233,0.2379837020506774,0
necessarily,0.2599103682630818,-0.0021087082983806986,0
necessitate,-0.08993167856002406,0.03417049113385552,0
necessity,0.29547573090415663,0.10817869523845709,0
neck,-0.25040795958917267,-0.19613429350371184,0
needle,-0.0909881395512455,-0.3325224804854418,0
needless,0.07237530888137385,-0.43967875428717906,0
negate,0.0631721971592628,0.07201356197953716,0
negative,-0.1298506306267079,-0.19311121321606936,0
negatively,0.06553570250407711,-0.3633136148008603,0
negativity,0.034149211723862816,-0.06379599292889214,0
neglect,0.03618023161239296,-0.24858819782615507,0
negotiable,0.03190877727770009,-0.007718193483292333,0
nehra,0.054810448954796025,0.4966159488469927,0
neighbor,0.2757983800675205,-0.03265416995461235,0
nejmoa2215025,-0.10226647079943825,0.5206033140878391,0
nelson,0.06960285329164537,0.43075638076518413,0
neonatal,0.013465226955678259,0.11265881326934349,0
nerd,-0.10244016942657248,-0.05906295364957324,0
nerve,-0.22833617336743126,-0.37100856378238445,0
nervosa,-0.32243516806423217,-0.058958805913103485,0
nervous,-0.10585984179005183,-0.032173004544893864,0
nestle,0.0225555839220771,0.37835588573710055,0
net,-0.07923004128187033,-0.055691075569357734,0
netflix,0.23811058270401114,-0.2000421009223291,0
network,0.2157297414218775,0.2425970331460471,0
neural,-0.03194751774061723,-0.03166254155500302,0
neurochemical,-0.09053617246439856,-0.11409719841874039,0
neuroimage,-0.17840761280737708,0.29709360476666546,0
neurological,-0.0654202351153421,0.29868122209072817,0
neuropathy,-0.10651225727879354,-0.2440342951688248,0
neuropsychiatric,-0.08223474622688051,0.09523973834979045,0
neurotransmitter,-0.11560998302900256,-0.12393183882953354,0
neutral,-0.13820595748085351,0.11590305365989571,0
neutralize,-0.19563557318572677,-0.09322126596020618,0
neutrophil,-0.19625873296553728,-0.3906016333250587,0
never,0.18090312226733796,-0.12591249511096161,0
newborn,-0.17814549171345612,0.2148236784507198,0
newly,0.13512735116651345,-0.22572126948316562,0
newlywed,0.17279998444912847,-0.011642824415763522,0
news,0.15358664188503668,0.20965969929880454,0
newsletter,0.24194973075680676,0.09632156241699746,0
newsroom,0.2437213180160819,0.14809017488141737,0
nexus,0.09170280864133791,0.08982667885021015,0
nhs,0.2192089001858838,-0.046222028827553184,0
nice,0.1579539496409745,-0.25741966960120094,0
niche,0.3098863475642273,-0.15565683960016244,0
nicolas,0.17313109088292844,0.16877943528516245,0
nicole,0.13589201532327416,0.2565031173978515,0
nicotine,-0.15443705435535138,-0.39883858552842283,0
nificant,-0.30034955638964694,-0.042958308079953135,0
night,0.07303888300269513,-0.10633648998766927,1
nighter,0.2071723877607734,0.032894728409883604,0
nightly,-0.03744359559133566,-0.06482045406431614,0
nih,-0.15764795766160192,0.19970969837460845,0
nihms627664,0.0220373096508817,0.5651566065383548,0
nihmsid,0.02835261183219292,0.5657603836179463,0
nipple,-0.09266214732033103,-0.23390332710706613,0
nissen,0.09056563482610709,0.35067039346634205,0
nitrate,-0.023733048880774342,-0.33168815917663147,0
nitric,-0.10783408170283619,-0.2834483836395875,0
nmol,-0.253596606208342,0.0020492019803915384,0
nobel,0.021009900408195344,0.14248603116116107,0
nocturia,-0.17521346512997044,-0.026932630968618875,0
nocturnal,-0.1764921471170047,0.19285562435750025,0
nodule,-0.44367648540336413,-0.07766154693573003,0
nohara,-0.10881436627905137,0.4532348682422393,0
nomenclature,0.09221519429276272,0.26341940957501175,0
non,-0.19154986360776063,-0.2878453939263749,0
nonbound,-0.14211781794120829,0.2818303456855495,0
noncancerous,-0.2840956800844925,-0.1828605123869408,0
nonetheless,-0.19857653448552479,-0.0014408390643090927,0
noninvasive,-0.06009150831231446,-0.023401644080119154,0
nonmedical,-0.10247739949877584,-0.2712998721951648,0
nonoral,0.39956545576789954,0.0024974351216216586,0
nonprofit,0.42240228014179915,0.1515175912437671,0
nonsmoker,-0.46589906106243867,-0.03144778324252206,0
nonspecific,-0.1999297188101432,0.18020244013936149,0
noon,-0.3371326724738865,-0.08253785035411329,0
noonan,-0.2556293711944318,-0.24295672849405042,0
nope,0.28566901742747014,-0.2718321478319493,0
norm,-0.09012585440342306,-0.09904078722469448,0
normalisation,0.06165938350466366,-0.012842283852612027,0
normalise,-0.10595222561494162,0.062485534295770605,0
normalising,0.04697590597287698,0.14156077116537788,0
normalization,-0.1975068163523313,-0.03745996681247664,0
normalize,-0.2396834218145905,-0.030066590016375246,0
normalized,-0.07935541512378702,0.14016693611923403,0
normally,-0.06120601504017547,0.013043348842514135,0
north,0.154860101189431,0.27141507280078303,0
northeast,0.2643619557899784,0.04252323416398909,0
northshore,0.48782559731207337,0.19295752012890835,0
northwest,0.016251135514171407,-0.6173749137952268,0
northwestern,0.20188298820356979,0.2659688371430162,0
nos,0.0705215036113213,0.31822476528268584,0
nose,-0.07049241857602752,-0.10461136216290477,0
nosebleed,-0.03401393545044394,-0.2899660869375694,0
nostril,0.042672632122398337,-0.4244919442670118,0
notable,-0.2535584180313142,-0.012241673220488821,0
notably,0.1303361487087495,-0.03156136160665668,0
noteworthy,-0.10003362065971981,0.007984315375261,0
notice,0.13411526856452363,-0.42444241975685365,0
noticeable,-0.19139100375868728,-0.25207739002852564,0
notion,0.1042905702653959,0.08329796987070194,0
nourish,0.09203564402338299,-0.2466105962905429,0
nov,0.2863969907632208,-0.6225804751029973,0
nov;165(5):675,-0.03291303564663924,0.44815746063111345,0
november,0.29255664930315417,0.1413509383099844,0
novo,-0.16324149485360046,0.08672808105884867,0
nowadays,0.1410606306084378,-0.06920591021443583,0
noyes,0.3548871038230866,0.2928756738914014,0
nuance,0.24483161204685408,-0.09818558293470002,0
nuanced,0.06552641504146538,-0.1201252716201942,0
number,-0.34642474603705187,0.4056246907630201,0
numerical,-0.20035191017802204,0.06297310209078555,0
numerous,-0.1846960997277033,0.018465478510523724,0
nurse,0.1901303649694174,0.11858920914687422,0
nursing,-0.31536464418249077,0.005359565339079344,0
nurture,0.049421599895659994,-0.06023823700117636,0
nut,0.09975022222666173,-0.22646226529584176,0
nutrient,0.11202312830324793,-0.25745077118222454,0
nutrition,0.18698322123381683,-0.05439648065070017,0
nutritional,-0.2706593593702721,-0.2220920059239002,0
nutritionist,0.5754562319604436,0.11283297269329433,0
nutshell,0.18829302969285378,-0.00874046971978906,0
oat,0.10925549488787051,-0.3303636593151324,0
obe,-0.017894755989656952,0.4997218461720816,0
obese,-0.227034331152946,-0.08908788049559282,0
obgyn,0.14514979246275286,0.06389765385914967,0
objective,-0.010760478973154757,0.03567338462590797,0
objectively,0.2922475742540564,-0.14209865832588472,0
obligate,0.2242579366704379,-0.022992888988064498,0
obscene,0.21841763487483862,0.02564764574273933,0
observation,-0.08271907597845382,0.012003118388942578,0
observational,-0.16839624567315986,0.15037332665920172,0
observe,-0.1423154616830441,-0.0032561425782411586,0
observed,-0.11460010423196122,0.12823385252580896,0
obstruction,-0.29114491345476573,-0.08827237692762112,0
obstructive,-0.37442114130605325,-0.08964997011494363,0
obtain,-0.04704196255784563,0.10801403322108917,0
obvious,-0.12277034880039936,-0.009079566782605084,0
obviously,0.14550116757279366,-0.1524246865299656,0
oby.21092,-0.00656900384947133,0.5011545392860365,0
occasion,-0.08657241349565538,-0.21387783105452193,0
occasionally,-0.0008941197680941772,-0.3287113085586295,0
occlusive,-0.19312886289766587,-0.1814975272053107,0
occult,0.2615080445046102,-0.18871987507253007,0
occurrence,-0.03620872972345241,0.04187002068016815,0
ocean,0.3592600324278321,0.13111333806333192,0
ochsner,0.36556100081883464,0.11318559139858843,0
oct,0.20627203877835373,0.5110298547316593,0
october,0.007035961157406163,0.3504324855877068,0
odd,-0.005953253675503995,0.1573000072926607,0
oestradiol,-0.29549133349878753,-0.08551925297129032,0
oestrodiol,-0.059890453220149825,-0.2837194069129305,0
oestrogen,0.06034674526199799,-0.42687514251993974,0
offering,0.28780382076676203,0.060281482028161255,0
office,0.2189967616969729,0.20431648475767422,0
officer,0.1649406245496715,0.19563848524011682,0
official,0.037255378950111384,0.05702318997179158,0
officially,-0.04466665011330216,0.08822201096468908,0
offset,0.24514183536919135,-0.17890507410355025,0
offspre,0.03097672744295356,0.08588211290716313,0
oftentime,0.12753078043145724,-0.12365452226979635,0
ohio,0.27245840628798396,0.042780699457891765,0
oil,-0.03232179426336571,-0.20966514832047084,0
oily,-0.057317903737651034,-0.23671785413186386,0
okay,0.3024871473664064,-0.0845396488871604,0
oklahoma,0.3522545094136916,0.10630382196644282,0
"old.6,14,15",-0.26005823188681376,0.021834668415513795,0
oligospermia,-0.19941816529057654,-0.28830483478578744,0
olive,0.060142997575310345,-0.2602466898102891,0
olympic,0.3093366256900563,-0.21469187810931145,0
omega-3,-0.014792652111880371,-0.17110104582805907,0
omeprazole,0.27651530469335656,-0.2675209561658717,0
omit,0.01780165023784141,-0.28342739966435754,0
onboarde,0.2074344153491162,-0.030666634166677642,0
oncology,-0.1764776076936387,0.3199761826511141,0
onecare,0.18312640216869266,0.2444809577540482,0
ong,-0.04012947182634177,0.4934068580277543,0
ongoing,-0.023509105764102662,0.0065765042145793425,0
onion,-0.044205593789583025,-0.24705443968826882,0
ontario,0.07596198757011337,0.34548684886744924,0
ontreatment,-0.3395955904544318,-0.12563200532190813,0
oomph,0.2777321682564868,0.07056435105458234,0
open,0.11929435135185208,0.1384267165113033,0
opening,0.00469494452214664,-0.10537637054482406,0
openly,0.2069350024718685,-0.13553662875959066,0
operate,0.03937561357687248,-0.03769454738067882,0
operator,-0.1044766903603597,0.015424938327283892,0
ophthalmology,0.16427972359995546,0.17698056561759767,0
opiate,-0.3871768749947272,-0.12590615404735186,0
opin,-0.002669000525536026,0.464175768092055,0
opinion,0.14888242813600966,0.10848032290360343,0
opioid,-0.36421638016163177,-0.00020382318889348042,0
opportunity,0.17494896608026062,-0.08024180949340008,0
oppose,0.12933090268520342,-0.0456614631246071,0
opposite,0.16284436687248727,-0.011602977740705421,0
opt,0.27880701353210996,-0.06146837389603533,0
optimally,0.04853626740491009,-0.0675373310522593,0
optimisation,0.13249333939764657,0.03514065061033331,0
optimise,-0.029460176862536405,-0.19862209690806226,0
optimistic,0.17243387800345875,-0.06830601987395224,0
optimization,0.20401366935415574,-0.049924639468279845,0
optimize,0.04122222052207379,-0.3293918981377671,0
optional,-0.2070057960631703,0.001604656594941885,0
or=0.89,0.12017725933467242,0.21770722013154942,0
or=1.54,-0.23925201754517522,0.16027561635510895,0
or=2.06,0.010780120484482892,0.14151016327274704,0
oral,-0.04580625306688733,-0.48360958260838327,0
orally,-0.16349457934171424,-0.15300556662600523,0
oraverse,-0.1803152383595477,-0.553586997029026,0
orchard,0.2762333410453819,0.25135788515797886,0
orchiectomy,-0.28995697121415265,-0.06736509337893372,0
orchitis,-0.26853797055242196,-0.045393703796103746,0
order,0.540501389307301,-0.46347089544977765,0
ordering,0.35283058968209013,-0.15707618016861732,0
oregon,0.22719946977199068,-0.04582942056548689,0
organ,-0.5302104751297861,-0.20694943948008956,0
organic,-0.20582592909433708,-0.1265269438909956,0
organisation,0.35810696233887185,0.15099578473318048,0
organise,0.21383918979054736,-0.12344904612006144,0
organization,0.02331608505693796,0.2833687074001464,0
organize,0.0247564789390364,0.33040270681276507,0
orgasm,0.00479199097839405,-0.2973312313953084,1
origin,-0.19796694945168158,-0.10176364266701621,0
original,0.05609678713408992,0.1500248692088518,0
originally,0.1886250615320861,-0.047928472368930726,0
originating,0.2570391438955732,0.026657940716957672,0
orthinne,-0.16028158364704828,-0.7074468123060961,0
orthopaedic,-0.12717753351523853,0.20966927765942653,0
orthopedic,0.03242283429709468,-0.048463092215803735,0
osa,-0.17689465992988634,0.045424798329168244,0
osinubi,0.11224762951595263,0.3729777002995624,0
osteopenia,-0.26912856647011213,-0.03226924787431841,0
osteoporosis,-0.16717162002026817,-0.2655518672404427,0
osterberg,-0.13803812137555083,0.1651658682174083,0
otc,-0.20952334277657544,-0.024153068520561215,0
otolaryngology,-0.11867651585543214,0.18674593894626798,0
outburst,-0.2971695153077641,0.0025531224101832143,0
outcome,0.06359558781652165,0.1403788709130408,0
outer,-0.14480710180452797,-0.2301501071225684,0
outlandish,0.32422132474385734,0.061935857896331444,0
outline,0.16333138888898988,0.05541363711446184,0
outlook,-0.036051204935057105,-0.09290337394186253,0
outnumber,0.045989031045864374,0.11863601961322594,0
outpace,0.23613293456551818,0.03558113479339463,0
outpatient,0.11458682245076651,0.027742837592440523,0
output,-0.07830171469999157,-0.2028072209647386,0
outside,-0.011949735433589207,-0.08355544517505174,0
outweigh,-0.025497043982678328,-0.1593757015341056,0
ovarian,-0.29759572920519856,0.22074725685701294,0
overactive,-0.1663509190171389,-0.22605643324225816,0
overcome,-0.0638527797741473,0.054757182708268556,0
overdiagnosing,0.25073375871902487,-0.20365157571527118,0
overdraw,-0.3839819996131341,-0.22799002805258803,0
overeating,-0.5515684723768048,-0.2741312184768383,0
overestimate,-0.1435462033402531,0.0036360621674383815,0
overlap,0.006177019336532677,0.09590488003420046,0
overlapping,-0.1921200121796904,0.0030696288697580026,0
overload,-0.3106830238529878,-0.09769103200368338,0
overlook,-0.17389778108744386,-0.19939411793246548,0
overnight,0.013560223797993487,-0.2618071906812556,0
overproduce,-0.1142744323542105,-0.15236021117492615,0
overproduction,-0.08582590457575687,-0.06861870541846113,0
override,0.33660401837335197,-0.32641428834506536,0
oversee,0.13523734930228087,-0.19282969822473828,0
oversight,0.010224889043110929,-0.10258192441505878,0
overstate,0.21790221003450413,0.03609563107616046,0
overtax,-0.02824360453050128,0.1095021531783478,0
overtrain,0.0001683040816761835,-0.18088167144893913,0
overtraine,-0.37841257614344503,-0.2575541997397072,0
overtreat,-0.4891376763223186,0.31422654927289656,0
overuse,-0.1991245935491822,-0.2316008652161211,0
overview,-0.02642075418228319,0.12192877330455187,0
overweight,0.13649830096949575,-0.3100737830761611,0
overwhelmed,0.4887059123832776,-0.30647820723793795,0
overwhelming,0.13806538942288424,-0.17471350951033113,0
overwhelmingly,-0.0033445087790245965,-0.04385873460793814,0
ovid,-0.09555799061107094,0.32163921179223504,0
ovulate,0.3215264776657562,-0.16676313794340025,0
ovulation,-0.10799455274354505,-0.05871729002469814,0
oxandrolone,-0.02059846925004501,-0.1478296371153384,0
oxf,-0.1555468931776657,0.28320634098243974,0
oxford,-0.10272332200061697,-0.04779620023162044,0
oxidative,-0.09648836675192742,-0.25058492829750423,0
oxide,-0.06649966672405985,-0.35020518007368723,0
oxygen,-0.2513793778777482,0.030044781840647714,0
oxytocin,-0.008051135410136936,-0.2023409053102556,0
oyetewa,0.08059301422625509,0.10493807282453585,0
oyster,0.008399306323641206,-0.21356641585817693,0
o’leary,-0.017778743380227075,0.4455512012179445,0
p.100426,-0.13915462007216145,0.09934323970164949,0
p.1184530,-0.22510879059614514,0.42592945440650265,0
p.1512268,-0.023488007796770217,0.4101676264900799,0
p.8217,-0.08882718584135299,0.3402634335354645,0
p.98,-0.17411422685713634,0.388072716728511,0
p.e0162480,0.16275826580371267,0.47541292001505403,0
p<0.0001,-0.37930028050450054,0.12567116294638148,0
p<0.01,-0.16288073151085805,0.014805109282995063,0
p=0.02,-0.09931664727568103,0.1721049727578714,0
p=0.03).220,-0.14048235261465825,0.0931485372658378,0
pace,0.2996924272506432,-0.17411829320914282,0
pacific,0.026077254798679346,-0.6168181651209843,0
pack,-0.02757794917689477,-0.30974332702196883,0
package,0.08734541866895226,-0.15332446756871748,0
packaging,0.14386274907994256,0.01352377134893692,0
page,0.16788743988903607,0.07630288082913582,0
pahor,0.04353373881344513,0.2871137963132903,0
pain,-0.1089079486030915,-0.31657742686129414,0
pain.431,-0.11868915323676041,-0.30909663738696713,0
painful,-0.17875638535283322,-0.2893308295383464,0
painkiller,-0.4364207390917158,-0.06722578607678253,0
painless,0.028759699397785495,-0.23874706167153117,0
pairing,-0.06133371086519163,-0.1289229868817687,0
paladin,0.07396404243646475,0.37709046515591166,0
palatable,-0.23119167639788224,-0.23525669752942438,0
palm,0.11613004149715882,0.17693612870438763,0
palpable,-0.372536641157663,0.00031238669766350694,0
palpitation,-0.11851081705744977,-0.14491602142329194,0
pan,0.13573230444262965,-0.2166127413256149,0
panacea,0.39820715050313776,0.05007029926682071,0
panchatsharam,-0.13841686744317852,0.18317690170156742,0
pancreatic,-0.2760711792440734,0.1704145249577467,0
pandemic,0.03334891083179051,0.14954490532770096,0
panel,-0.17208294059242588,0.12463451113970403,0
panhypopituitarism,-0.3379574820770924,-0.046793672073753415,0
panic,-0.19320604467192057,-0.21379742602921342,0
papanikolaou,-0.07347338582764526,0.42291325069192204,0
paper,0.10009304305369554,0.25060344498325793,0
par,0.20358004242103325,-0.02651632360318116,0
paradi,-0.19720125976703742,0.3026294495199348,0
paralimbic,-0.04999998140152496,0.044824762286289996,0
parallel,0.1979025458150616,-0.03857993029059724,0
parameter,-0.15932276192225056,-0.06584086224549592,0
parasympathetic,0.024133897217796907,-0.07417456634979482,0
parathyroid,-0.22101059161188277,0.09106511752654349,0
parede,-0.04654563298554744,0.25618628373913077,0
parent,0.034698769596073535,0.10830916713609573,0
parish,0.48464987232280066,0.20042366840711567,0
park,0.20371842203531743,0.018137827922359462,0
parking,0.2225819480811349,-0.04062228293791343,0
parkview,0.21581474680799811,0.2797808921461686,0
parse,0.2418008830589284,-0.027774785173384605,0
partial,-0.307890689725757,-0.3027374511143357,0
partially,-0.35625692707968315,-0.14759531934030168,0
participant,-0.08774127614780564,-0.021251698692889856,0
participate,0.1042656564556223,0.23249978063256915,0
particle,-0.3295357690752858,0.1507788445698569,0
particular,0.007735472356321677,0.06227451635515502,0
partly,-0.046509511595989345,0.07898155915743613,0
partner,0.17083074771206352,-0.048080574904550255,0
partnership,0.3025044355129451,0.10815085753868182,0
party,0.1520417200952631,0.015566473773189555,0
pas,0.12592834356557653,0.10169843354463733,0
pass,-0.02223128231336294,0.07233363734389525,0
passion,0.08771503764080203,-0.16295165322179414,0
passionate,0.0663657990413319,-0.08883667845382315,0
passive,0.15253679209959112,-0.09902282768259814,0
past,0.08222855816534545,-0.08059403064867342,0
pasta,0.06483194089080219,-0.3284764985625412,0
pastry,0.04506091135613153,-0.3789055903145669,0
pastuszak,0.24799626669336397,0.008582099749216875,0
pat,0.36586613846349564,0.003893631543523047,0
patch,-0.22216854280446363,-0.4106939916026837,0
patches.182,0.02542781930206133,-0.1408453872017007,0
patel,0.14979325552987172,0.4093117055593602,0
paternal,-0.008486423133201172,0.1256733506618361,0
path,0.014515528417463026,0.07060251246994313,0
pathogenesis,-0.19008268283229704,0.466968058617495,0
pathologist,0.11232512780177414,0.13794362051205142,0
pathology,-0.07717186118043412,0.1986744644363734,0
pathophysiological,-0.165673054676921,0.029001544722248133,0
pathophysiology,-0.18105103705247244,0.405196982675117,0
pathway,-0.10831204726577143,-0.09793092268585644,0
patience,0.1781457198370557,-0.02632238938452107,0
patients.181,-0.1731451945796466,-0.36946957641010403,0
patrick,-0.006182177746541025,0.28461559811270504,0
pattern,0.0011322131957944748,-0.05732437866745658,0
pause,-0.06977529499029277,-0.14340356542300287,0
pay,0.366555788661838,0.03520110988812987,0
pcm,0.23104861733660634,-0.0646841138397217,0
pcos,-0.42383030952638484,0.05821715002736337,0
pcp,0.3833628145149754,-0.1708604816011876,0
pcv,-0.26823374041482206,-0.1999902018788074,0
pde5,-0.14835161751092227,0.10702514833238598,0
pdf,0.1231812373398274,0.291621154765692,0
peace,-0.129230619868737,-0.024076307686454308,0
peak,-0.48779774264485304,-0.29031226491030004,0
pearlman,-0.023246155932872357,0.19695146062050498,0
ped,-0.10151465475868307,0.05428133012267767,0
pediatric,-0.04532219217238522,0.3473240454048218,0
pediatrician,0.412607488605789,-0.2728822905695908,0
pee,-0.2801675618045845,-0.2682959621113515,0
peel,-0.011640792545982402,-0.22255572069786184,0
peer,0.09247547395744558,0.27839570577221256,0
pellet,-0.150778860122299,-0.27788763267609545,0
pelvis,-0.08741600792697427,0.2159238542855509,0
pen,0.07524432977323779,-0.24135293608082298,0
pencina,-0.02062604149971448,0.3858718032422277,0
penetrate,-0.0003250918112114021,-0.24725138377429842,0
penetration,-0.08411612619920283,-0.18955485016271578,0
penile,-0.11968092746632096,-0.21989852759150896,0
penis,-0.03034476420764414,-0.3264782393373508,0
pennsylvania,0.17167186251900196,0.22052606572543637,0
peptide,0.1078121590727422,-0.25179151383980175,0
peptide-1,0.056841671186581975,-0.2904574138675451,0
perceive,0.08288820653084973,-0.1284224124068316,0
percent,-0.4497566519692615,-0.25574051907728157,0
percentage,-0.228105952503151,-0.1194990485293633,0
percentile,-0.16480262513964272,0.1389975629105445,0
perception,-0.08992203534615356,0.0114899966540631,0
perelman,0.0951803326801653,0.40260483363159877,0
perfect,-0.04859776423886982,0.01008976705307256,0
perfectly,0.12948152132432197,-0.10624281448793914,0
performance,-0.788383177829837,-0.38781624411526905,0
perimenopause,0.04397133985122987,-0.3183939393592251,0
period,-0.45506545133997317,0.06645941997207241,0
periodic,0.36327598526673677,-0.10267150422819847,0
periodically,0.040618205428828734,0.043832928348373615,0
peripheral,-0.14317304865444866,-0.07252626693444157,0
permanent,-0.0824918156687958,-0.11750794926013272,0
permanently,-0.06572440984062987,-0.23230593969888472,0
permeator,-0.07986036590134465,-0.1482628515916307,0
permit,-0.20386015298765411,-0.11653397296925022,0
perpetual,0.0750506146843102,0.14773631919358227,0
perpetuate,0.09840996923174627,-0.1496747696632842,0
perseverance,-0.12043678203386615,-0.18003465146507286,0
persist,-0.2907167212160593,-0.10147206886226134,0
persistent,-0.20068714339369367,-0.0222597683829034,0
persistently,-0.2745712247336033,0.1395156266236881,0
person,-0.5933038438537923,0.21704065637466383,0
personal,0.10301488229339364,0.14947566098245663,0
personalise,0.12319468939133275,-0.052486683772678074,0
personalised,0.19307231830968832,-0.3247351575835368,0
personality,-0.23827105856293795,0.08782211354422448,0
personalize,0.31151428413102533,-0.0029219009624622087,0
personalized,0.1716427871444829,0.04637103254340885,0
personally,0.15768820970193553,0.12774284477251882,0
perspective,-0.16832251809495688,0.16661980408505345,0
perth,0.007725978536752788,0.13114807619188978,0
pertinent,-0.28925690819192307,-0.22126646525364144,0
pesticide,-0.032673448800709486,-0.076375919851036,0
pet,0.152943158933482,-0.14301638789899143,0
petar,0.2867333734041478,0.05201284520963699,0
peter,0.012001044478280497,0.3386204140160545,0
peterson,-0.098820700001907,0.2104354053546074,0
peyronie,-0.13954391779482236,-0.22768533599404636,0
pfizer,0.08596210266761095,0.42321759181594754,0
pfs,-0.011409025564589169,0.052681275440101025,0
pgc,0.06367410510826027,0.18233170038828792,0
ph.d,-0.01777298996823011,0.1659493450255904,0
pharmaceutical,-0.03624196382881482,0.10751627277788428,0
pharmacist,-0.00895660134616881,-0.34492450473616315,0
pharmacodynamic,-0.03647048097600157,-0.05882997537994645,0
pharmacokinetic,-0.07876878215191625,-0.10857473739870287,0
pharmacological,-0.07332742499508323,0.24546142683456817,0
pharmacology,-0.07063880052001748,0.024560494793248656,0
pharmacother,-0.020598214020384108,0.4900011691895212,0
pharmacotherapy,-0.025402728626141236,0.35379953181102386,0
pharmacy,0.09458909148045519,-0.058714828614961516,0
phase,0.17236745598416794,-0.2349471486794742,0
phd,0.1041870128564734,0.24786203674602858,0
phenomenon,-0.07173869274475692,0.09325616105729201,0
phenotypically,-0.3390212232426537,-0.21059804502974142,0
phentolamine,-0.17071862580999736,-0.5572538344284703,0
phenylpropionate,-0.09350969473153996,-0.40826295165934046,0
philadelphia,-0.05542468856735212,0.506871978606534,0
philosophy,0.278014617921524,-0.1686725634582883,0
phimosis,-0.13883566135324935,-0.0846209639448782,0
phlebotomist,0.015595144337974143,-0.15861214218277972,0
phlebotomy,0.14371278693076045,0.07573139577060428,0
phone,0.3278065026491378,0.07165955920633237,0
phosphatase,-0.5471032188747866,0.0035643143590560786,0
phosphodiesterase,-0.31122510845106477,0.07686325076266523,0
photo,0.17883657929128777,-0.03743328780352383,0
photography,0.30390921349267924,-0.06849383709908252,0
phrase,-0.05433023885600652,0.106847410289207,0
physic,-0.007778089181125991,0.2355426812841713,0
physical/,-0.26734704278919075,-0.21239614831035228,0
physically,-0.038451984365869815,-0.022093057191067033,0
physicians,0.21577848895467994,0.48618157765374326,0
physiol,-0.11977566908701011,0.5442042191318508,0
physiologic,-0.17571015825429379,0.010262117690693066,0
physiological,-0.1185158255037847,-0.025319190826200363,0
physiologically,0.17041866007433754,-0.11249399080314544,0
physiology,-0.06027190672630663,0.25056037214565835,0
physique,0.056819121548088505,-0.07089811575514982,0
phytoestrogen,0.02799834119644942,-0.34595389119364633,0
pick,0.004643400519132752,-0.07567246672939437,0
picture,0.35917410705053826,-0.2533447992245891,0
piece,0.10090630523921697,0.037325923968953054,0
piggyback,0.2538786477200841,-0.017918531282707366,0
pile,0.16462997463032342,0.06219948644155335,0
pillar,0.1753956623878481,-0.15124002642249662,0
pilz,0.05068221565872321,-0.392401286791946,0
pin,0.09021455065177114,0.04534864230251419,0
pinch,-0.062090982940828876,-0.37851200798856516,0
pine,0.1260946687827691,0.34101265099340805,0
pinpoint,-0.20728634623607908,-0.7164839779604578,0
pint,-0.19855781036206038,-0.05120894263522163,0
pittsburgh,0.14040201905352037,0.15235205525867512,0
pivotal,-0.18366185301396817,-0.058230250809073666,0
pizza,0.37526963448985057,-0.05199690050118672,0
pkg,0.10890660892991245,0.15560611984528994,0
place,0.14087826666562173,-0.2208128875373809,0
placebo,-0.34816591197483393,0.198914656943546,0
placebo.29,-0.5778841202851005,-0.04436933276774928,0
placement,-0.3210688588871531,-0.05307866149802951,0
placenta,-0.08439778904568215,-0.324932893642172,0
plague,-0.15892988794882604,0.09891385992786081,0
plant,0.28375989233799587,-0.3322879741284217,0
plaque,-0.16621091943456714,-0.13648689700546618,0
plasma,0.07486890843122963,-0.35713316036417814,0
plastic,-0.06172235999658273,0.04374636575223386,0
plate,0.006826059071488242,-0.04115116529169157,0
platelet,0.00038874749012943964,-0.3717469516577739,0
platform,0.26708117025671807,-0.04156366954694388,0
platz,0.10288249781548046,0.415617240215966,0
play,-0.4427236026516189,0.5080111111620405,0
player,0.2680417179185968,-0.15929622871315954,0
playlist,0.3134685564155118,-0.13901410322644148,0
pleasant,-0.11884341931007764,0.049727984184754825,0
pleasanton,0.47354533881245375,0.16252384960207233,0
pleased,0.16909883309920434,-0.20404962421479322,0
pleasure,0.2982453607626364,-0.0639633886560741,0
plenty,0.268161593760514,-0.23221928346446113,0
plethora,0.28062571718656903,-0.14737233490604063,0
plication,-0.10042192644308519,-0.3460140316681974,0
plos,0.1672465628813303,0.47617766155776253,0
plug,0.34252234253098324,-0.0455527940217035,0
plummet,-0.2819966190606212,0.014847533336890218,0
plunge,-0.25069776727610754,-0.3518974778247941,0
plunger,-0.03945482063211338,-0.13222137481562196,0
plus,0.15310213006836493,-0.024384925379551774,0
pmc,-0.05372591526162494,0.3701557838090596,0
pmc2645631,0.13074905326247926,0.44578577498339217,0
pmc3073592,-0.03070231796008637,0.47771932656222077,0
pmc3081396,-0.12707737026407767,0.40821023453539046,0
pmc3188848,-0.01958810633645313,0.5220126262844575,0
pmc4074000,0.007626764435047845,0.5050518424043773,0
pmc4154787,-0.02965569263460198,0.3742297970566543,0
pmc4168024,0.018691649370505558,0.5697116919552407,0
pmc4650468,0.08118081841804964,0.41544048158063857,0
pmc4744737,-0.009884459501880157,0.49364396257198545,0
pmc6571549,0.03975655303866887,0.48026285196500723,0
pmcid,0.013626800063230407,0.45077190481412666,0
pmid,0.028418355610692843,0.43829156830956967,0
pmol,-0.10869725665758585,0.03163879599742524,0
pneumococcal,-0.1908258557815203,0.16643964676297682,0
pocket,0.17751260694498533,0.0018924050095212451,0
podcast,0.27333880631689494,0.10019259282719171,0
podcaster,0.13733127713241963,-0.10490310975206586,0
point,-0.014333754039173212,-0.48994197009520585,0
pointe,0.2964459456333665,0.32313713174809056,0
pointer,-0.1338665702658372,-0.05282360274313432,0
poisoning,0.0993559241706018,0.05864989294470685,0
poke,-0.0884564589478535,-0.3295373942483261,0
policy,0.24689310560256855,0.23570006309707994,0
political,0.1835024955905668,-0.012140357858873584,0
polycthemia,-0.1533384501096073,0.0440822791834826,0
polycystic,-0.26354733030628275,0.1398541079376886,0
polycythaemia,-0.26161715797979374,-0.21031530360979722,0
polycythemia,-0.23340672368991072,-0.12925000104822995,0
polygenic,-0.09935395607529025,-0.042103754634815874,0
polyp,0.0385950631084545,-0.1094121099168891,0
polypharmacy,-0.3062765259140869,0.035505635442664316,0
pome,-0.25506118298028346,0.05935474108142357,0
pomegranate,-0.006643441958722673,-0.2732909493587484,0
pool,-0.08011933578317891,0.0809715979550112,0
pooled,0.018001342693189634,0.04271207880826657,0
poor,-0.618400513372773,0.009358801195981559,0
poorly,-0.11895937583757397,-0.08694661931765578,0
pop,0.15658305122228008,0.04601027327958283,0
popeye,-0.07953441585315063,-0.256358623234618,0
popular,0.41530064396600563,0.01039388943088508,0
popularity,-0.026549985553629776,0.041164879327507134,0
popularly,0.07679009278392385,0.1748127265094806,0
population,-0.14847397481851232,0.18085072236948133,0
population‐base,-0.22590927815461237,0.44228357846879074,0
popup,0.25660263280226764,-0.05917854847175385,0
pore,-0.0303057522354068,0.12771100304003885,0
porebski,0.1686729009329792,0.28601467931616315,0
pornography,0.11996035581018417,-0.15618087965310373,0
portal,0.344702179649774,-0.29592371188952427,0
portion,0.09949417188227881,-0.0701247758829523,0
portland,0.20069872624729398,-0.09757475191681857,0
pose,-0.12282185762608747,-0.13315519742310988,0
positas,0.5597892215675611,0.16384373709051178,0
position,-0.12318970180427025,-0.1857444263645256,0
positive,0.09628511337371877,-0.15554361512182296,0
positively,0.11681300166736866,0.05985006200822211,0
positivity,0.04872868595829266,-0.05531712500477459,0
possibility,0.1371159191706181,-0.11129041303162375,0
possibly,0.19468776245333932,-0.09060516061397761,0
post,-0.040701622956194894,0.03983302708458007,0
postmenopausal,-0.1637472883199865,-0.48851831474993723,0
potency,0.22809331069719332,-0.17589124462420508,0
potent,0.03534810092891058,-0.07240893232578972,0
"potential.37,38",-0.3443107912458703,-0.014661163232629813,0
"potential.5,6,33,35,36",-0.1934834187810548,-0.17654647646690844,0
potentshottm,0.1663543475530828,-0.3536876652771621,0
potentwavetm,0.16442340080652218,-0.34695654080506066,0
pouch,-0.07517764743330768,-0.3407367048356039,0
poultry,0.1744896816851656,-0.3069316237287856,0
pound,0.2534254181264401,-0.22371977448840538,0
pour,-0.1564314225568193,-0.22522264894118085,0
power,0.04948240383594743,-0.08908403829665448,0
powerful,-0.05739936837925939,-0.20214823891269035,0
pp.1151,0.13300318686313195,0.41444950025725813,0
pp.15,0.15630157287096277,0.4137756472487895,0
pp.180,0.05195231933353391,0.24760226372696487,0
pp.200,-0.24671471585644958,0.4455261150187166,0
pp.2021,0.051467420433376564,0.330938816757403,0
pp.238,0.00964540011026106,0.2170939766892072,0
pp.3,-0.30185889815792394,0.3861571324102111,0
pp.317,-0.21184154078094203,0.41213430949373164,0
pp.349,-0.1473275233365711,0.15785511573602432,0
pp.42,-0.0849893765894063,0.26412902364082635,0
pp.46,-0.23444435264025684,0.2640623502727006,0
pp.557,-0.04121710360691625,0.28152356111918075,0
pp.761,-0.2264804916697139,0.39436066204463893,0
pp.855,-0.18242919490076517,0.3107481567555989,0
pp.e2348692,0.2575548589441555,0.3392790005168395,0
pract,0.010497261295610755,0.4119744837221316,0
practical,0.040681200857213565,0.025928609889003962,0
practice,-0.044090803754610594,0.5163085735480766,0
practitioner,0.04034168153681988,0.023189742550320098,0
prad,-0.3432500285697559,-0.32659910234005324,0
prader,-0.39632855524262944,-0.18518779127292695,0
prasad,0.12472938488531447,-0.33919293911238396,0
prasanth,0.02512871264519492,0.5665468397298613,0
pre,-0.08968533428129877,-0.036505521645894864,0
precaution,-0.061499540196148526,0.09355773028281843,0
precede,-0.1301975151111975,-0.09463805983754878,0
precipitously,0.3243658547723172,-0.1854313859253968,0
precise,-0.13322917300994425,-0.18556642016859723,0
precision,0.034567864377825594,0.07598150255923536,0
precision.10,-0.08438649899143591,0.14091149665267855,0
preclude,-0.06608071362541594,0.20574908964831465,0
precocious,-0.3496139494111896,-0.3189218993316767,0
precursor,-0.09476001378548472,-0.2558274060680668,0
predate,-0.3106984205523059,0.2359014715242827,0
predefine,0.2036674063323316,-0.008622181691630886,0
prediabete,-0.27004646985980096,0.27223694338143284,0
predict,-0.15823384653089417,0.020952912140153407,0
predictability,0.018234167084934364,-0.009988716884650398,0
predictable,-0.1577438242621643,-0.11552493482880727,0
predictive,-0.20707890297489004,-0.19438202308748925,0
predictor,-0.1993614533099913,0.19906819648381413,0
prediman,-0.06415666541754858,0.18421630848291787,0
predisposed,-0.33087733793225077,-0.23576489158586325,0
predisposition,-0.2307701021557867,-0.0487470606405098,0
prednisolone,-0.14924680080362038,-0.1526273484924818,0
prednisone,-0.26925835218545796,0.027355624661093418,0
predominant,-0.010103698700778506,0.22050237955730753,0
predominantly,-0.12101692075913235,-0.014503210565617135,0
predominately,0.1461916544192126,-0.11527376454492409,0
preexist,-0.14715795283092994,0.012516471731098905,0
preexposure,-0.26658843659398507,0.053503287426635654,0
prefer,0.18034386704134753,-0.09311901126832063,0
preferably,-0.10004892259621855,-0.0522132342200693,0
preference,0.10941046496855679,0.017264204763640833,0
preferred,-0.12194669827336496,-0.13845925830113912,0
pregnancy,-0.1271611007976531,0.2528461169874123,0
pregnancy.34,-0.08815851755202662,-0.1606724838263539,0
pregnant,-0.06178446153196002,-0.21937195459104133,0
pregnenolone,-0.18705232238321917,-0.11811109566736865,0
preliminary,-0.057183449024701134,-0.054551653604261736,0
premal,0.20338464183848085,0.417202416535304,0
premature,-0.22881688868655237,-0.12610140788661547,0
prematurely,-0.15799913396698212,0.2091629927598685,0
premier,0.01597131776609954,-0.6035737001729599,0
premise,0.37989930589840526,-0.07509740388561606,0
premium,0.19344758319543662,-0.19879953384009072,0
prep,-0.26290564453783566,0.06132623930320891,0
preparation,-0.13841696460566683,-0.16279578445857215,0
preparations.421,-0.24273040040994992,-0.1911686962233292,0
preparations.441,-0.1574066574357821,-0.0018076106518421433,0
prepare,0.02103206891177248,-0.30928232146770596,0
prepared,-0.33423638191924504,-0.37770978101640995,0
presbyterian,0.24592584506266502,0.17973904321248083,0
prescribed,0.0020874591658663704,-0.2628872963240902,0
prescriber,-0.09941110375782826,-0.21383197492169612,0
prescribing,-0.09460625764677243,0.04442118344963365,0
prescription(s,0.08119726125263475,0.1355779347046672,0
presence,-0.053614552452165024,0.026343530760646293,0
present,-0.16610261228496662,0.03248594090422552,0
presentation,-0.0395141780489108,0.060562348622007156,0
preservation,-0.20812423829319748,-0.045844479339995865,0
preservative,0.04869994421717923,-0.31948823636695495,0
preserve,-0.11020064602948001,-0.29617177684677387,0
presidential,0.3003775464369152,-0.005662238095157494,0
press,0.029765809285862897,0.00879053108462519,0
pressed,0.27339052310044615,-0.2863865736380993,0
pressing,0.5538668332861115,0.14492523171535238,0
preston,0.02368558529803282,0.47507245258075764,0
presumably,0.1174711963273067,-0.16344904635372984,0
pretend,0.5803304345695778,-0.23849097304194528,0
pretty,0.4309078003374036,-0.08040010830428823,0
prevail,0.12483007216307836,0.2147025810053344,0
prevalence,-0.21385597820052785,0.17595201643899128,0
prevalent,-0.06625377372691428,0.10959467111742996,0
prevent,0.14384535404510443,-0.5689838921819499,0
preventable,-0.16715472261527844,0.19425878755578027,0
preventative,-0.10645727364735598,-0.10423128236073909,0
prevention,-0.1209919044909999,0.16421777286980163,0
preventive,-0.06099342107456509,0.30822154380895644,0
preview,0.2870177353139855,0.19438587832475113,0
previous,-0.01253722349862686,0.17283785720836886,0
previously,-0.21459522087740887,0.030405294488371398,0
priapism,-0.13385018788945874,-0.21470276599601146,0
price,0.09266226801608704,0.07303998079613905,0
pricing,0.15350335261911907,-0.31209927286578654,0
prick,-0.16534948029464228,-0.2891813615577874,0
primarily,-0.16520493950776952,-0.10492571283933398,0
prince,-0.036580208951970256,0.41838456811079183,0
principal,-0.0013841086494834533,0.28784827286634923,0
principle,-0.10648413449787428,0.11366110086725086,0
prior,-0.6577111343811918,0.24430275580780353,0
priori,-0.15147467260311806,0.21721067837942043,0
prioritise,0.10884592249942793,-0.1292493511107105,0
prioritize,0.10195900244911167,-0.1591883202541301,0
priority,0.012824954209623362,-0.13363390783977494,0
privacy,0.22765467461543185,0.0984679801561378,0
private,0.20702856003897302,0.00718804664371648,0
privately,0.27568558820716127,0.018146271939176502,0
prize,0.03816039836567813,0.15991687239975683,0
prn,-0.2192668428448584,-0.012578443748951049,0
pro,0.4719866659843903,-0.13997535808459208,0
proactive,0.27431286783928155,-0.3733512548764327,0
probably,0.20261553008035313,-0.10243234416361566,0
probe,0.1103201013296219,-0.09050783744935367,0
problematic,0.13319146595673267,-0.1541514254884866,0
proc,0.06979965947910396,0.29685575443623713,0
procedure,0.2033467830490713,-0.31708622195124103,0
proceed,0.1360123725341099,0.009165558176223635,0
processing,-0.12851041961098575,0.12935822957463486,0
procreate,0.1738510932083262,0.09212648264223729,0
proctor,0.04145342398273708,0.3994913189792103,0
prod,-0.3855935329998528,-0.20681728453824563,0
producer,0.3289502712587024,-0.015093031400842772,0
product,0.4607474828487651,-0.40623781454669317,0
production.17,-0.17066202267034797,-0.14147068621772924,0
productivity,0.029584126942701364,-0.08064774825144777,0
productsprp,0.02515694226210156,-0.31133490223986654,0
prof,-0.02088051929231182,0.32853448118900247,0
professionalism,0.2618245211363099,0.1596415919612395,0
professionally,0.21222339527377418,0.08009689910831197,0
professor,0.09356049342063956,0.19875372461231267,0
profile,-0.1004459193483141,-0.10258133052655395,0
profilesexplore,0.2948317383206059,0.15168221094060447,0
profit,0.12167008701159736,0.1942661471345994,0
profound,0.11946918377841849,0.0247128121612524,0
profoundly,0.04486517610897371,-0.18179385852389204,0
progesterone,-0.043796085688432525,-0.014380336851609998,0
prognosis,-0.271844497996862,-0.007393341364168454,0
program,0.1686843322175983,-0.01511149207004997,0
progress,0.04614795665619418,-0.09963089210902817,0
progression,-0.28011113848571556,0.20238468780633156,0
progressive,-0.04902663859348878,-0.08696859420227081,0
prohibit,0.14709202062675844,0.0904077159709947,0
prohibitively,0.34242149475159095,-0.30301374215138976,0
prohylaxis,-0.2639157281292583,0.05773123103873497,0
project,-0.0063509082941889585,0.1831557749323851,0
prolactin,-0.46397664026657764,-0.1309136753800748,0
prolactinoma,-0.4217955493964851,-0.09754260225725209,0
prolactinoma.6,-0.23355612133688294,0.09550424089526083,0
proliferate,0.2734930380387926,-0.009872111156238072,0
prolong,-0.14195516692860713,-0.18522612699311616,0
prolonged,-0.2556028978758865,-0.16649875830829378,0
prolotherapie,0.15112691124977728,-0.33313648551218916,0
prolozone,0.07105739509781467,-0.27036404356742194,0
prominent,0.3625899453531002,0.10111344866423426,0
promise,0.08346917843314589,-0.07509441388046449,0
promising,0.15111902279289338,-0.18154788488612816,0
promote,-0.002498124750615803,-0.09593241257863695,0
promotional,0.09697029521705247,0.1091980382814144,0
prompt,-0.3697694171147803,-0.05685062103538826,0
promptly,0.02462860316150989,-0.07061417322594177,0
prone,-0.029634498829529485,-0.05612314731280163,0
pronounce,-0.0764015758112229,0.042962607471505154,0
pronounced,-0.3022970789036827,0.007667416661413682,0
propecia,0.03614588471727682,-0.1597615200975577,0
propel,0.14284598333349124,0.18633302360825893,0
propensity,-0.2253167013949883,-0.009473255234774009,0
proper,-0.49498686098940975,-0.26458684538801486,0
properly,-0.17636772211673787,-0.08814110048343626,0
property,0.028443413524329313,-0.3219794833119101,0
prophylactic,-0.09388978367783571,-0.010160839507108397,0
propionate,-0.07669817159159495,-0.3533378751545332,0
proportion,-0.16323743931772672,-0.0013750447486826328,0
proportional,0.050948882680735406,-0.2614604428478849,0
proportionally,0.018063502143493518,0.15304915268445174,0
proposal,-0.20858799345283488,0.09607085086212255,0
propose,0.09961589896246766,0.24374965728532677,0
proprietary,0.07728217133702356,-0.41387299562560464,0
prospective,-0.2388177648877678,0.2501017910414015,0
prostaglandin,0.060245566188674535,-0.21190661289424687,0
prostatectomy,-0.2530555011281573,0.010716055259836734,0
prostatespecific,-0.37987860757420294,0.01824242554789088,0
prostatic,-0.315838330489755,-0.04365386346639563,0
prostatitis,-0.547172097232708,-0.11588432606704704,0
prosthetic,0.03208655052751895,-0.2715805355466417,0
protect,0.022684064731409614,-0.12872428595018784,0
protective,-0.0673311437974704,0.2889007434603989,0
proudly,0.2594034113089433,0.1350865786999139,0
prove,0.18976250258803817,0.051102269133804425,0
proven,0.18583074475641376,-0.059094271776340405,0
provisional,-0.21739578130237078,0.0958517380050229,0
proxy,0.027716931420769725,0.13363033243672964,0
prp,0.06869621455810934,-0.21999667664428788,0
prudent,-0.10743170524549836,0.25630975788728166,0
pruritus,-0.13518672085903705,-0.30717247398781333,0
przemyslaw,0.17890286949391798,0.29602242741752366,0
psa,-0.2512820319472999,0.2735698876280442,0
pshot,0.1657727651041489,-0.3845047840377024,0
psychiatric,0.08442940899648044,0.15749321256170598,0
psychiatrist,0.13693300652320375,0.043793779921840234,0
psychiatry,0.3447446613280251,0.2500879556136866,0
psychoactive,-0.4935049026983091,0.0533367755311418,0
psychologist,0.09970228116723126,0.0813762330902701,0
psychology,0.0783231811938208,0.1636517101198259,0
psychosis,-0.4302674194587883,0.05370438818137434,0
pubertal,-0.1738446021623619,0.2673667381804752,0
pubescent,-0.1919487707159266,-0.029331275242005957,0
pubic,-0.20972758315764523,-0.17073758174372647,0
public,0.15069806757514678,0.15601287870466635,0
publication,-0.0394761222031803,0.16972450383748588,0
publish,-0.11420661245814406,0.5223679323896935,0
publishing,-0.08931404893468219,0.2586711674341275,0
pubme,-0.10609791514729812,0.2829870323406636,0
pubmed,-0.09586640037915357,0.1683549726543998,0
pubmed.ncbi.nlm.nih.gov/25279570/.,-0.019003678519073454,0.403664779843657,0
pubmed.ncbi.nlm.nih.gov/27313122/.,0.08610892980385204,0.2812389738153292,0
pubmed.ncbi.nlm.nih.gov/29562364/.,-0.025276565090831534,0.4762384962406748,0
puget,0.28312684827334256,0.2898447275436811,0
pull,0.14918973297242924,-0.12853755874884024,0
pulmonary,-0.2589042196218653,0.011561792769409166,0
pulsatile,-0.3806906474360436,-0.24928917558144284,0
"pulsatility.18,19",-0.2266687496842077,-0.061531353326005206,0
pump,0.04698300486913316,-0.2912412670132484,0
punching,0.29536657191767707,0.0752065806920904,0
purchase,0.1501110464070646,-0.17483879493802526,0
pure,-0.16027356334932408,-0.33538152057876514,0
purgatorio,0.28284490977171906,0.09701397468697008,0
purgatory,0.2824262571793779,0.09090441115244906,0
purine,0.1251427228863958,-0.34935235791936387,0
purity,0.2193110126976076,-0.21274665532951836,0
purpose,-0.0001347182343967199,-0.07788546159664558,0
pursue,-0.0069069251075692065,-0.04805932239475593,0
push,0.21130874478893744,-0.22016658907337214,0
puttylike,-0.004167421005023793,-0.30577999794667066,0
puzzle,0.09835911536304107,0.03882716870425463,0
pélégrini,-0.2098132296710955,0.3023486875549192,0
q&a,-0.055932770174921424,0.19834058755399273,0
qaseem,0.22071964854328943,0.297178916109509,0
qol,-0.08347424752464655,0.21230121810962188,0
quadmix,-0.0825407091332738,-0.15573134083608964,0
qualified,0.22449597816191388,0.008238502439423371,0
qualify,0.18658532517162257,0.022547191203969443,0
qualitative,-0.16785150787238828,-0.03958298260649654,0
qualitatively,-0.03271238003675186,-0.12904554785550565,0
quantify,-0.14408294330088453,0.1549417842052378,0
quantitative,-0.16495685407526903,0.09308432307487424,0
quantitatively,-0.01904727995330155,-0.06655962711298155,0
quantity,0.3052450888366243,0.15530695884384443,0
quarter,-0.14692178817183577,0.061713028203616356,0
quercetin,-0.14015952404202273,-0.2980526875407188,0
query,0.2078882572558079,0.059470698407446156,0
quest,0.30392589707615025,0.12219450917734508,0
questionable,0.1706434632314777,-0.026915181133003507,0
questionnaire,-0.07876836679350173,0.17932184036974624,0
questionnairetestosterone,-0.48789993442484475,-0.15487146966938656,0
quick,0.22858253178729435,-0.19193042936973145,0
quickly,0.24917166199747687,-0.26267169847858507,0
quiet,0.0039321842046632985,0.11405938931544489,0
quinton,-0.14048088287427488,0.4906636644784978,0
quit,-0.012171668855308198,-0.270742119854026,0
quiz,0.10177892537185378,-0.019793833995127925,0
quizby,0.35493117949859515,-0.07126484233712947,0
quizdefy,0.3535279524822558,0.035404518465245234,0
quizget,-0.04092713169087029,-0.22651767212882473,0
quiztestosterone,0.171470782813376,-0.06076934020131803,0
r.a,-0.2449928193550659,0.5029369547749225,0
r.d,0.03044710739301691,0.2571401546793212,0
r01,0.026943286066601707,0.3752806505915574,0
r951,-0.09171833841256984,0.5548854631283325,0
r958,-0.08576712821380811,0.556404626308568,0
rabbit,-0.11648390236821554,0.21304874241022892,0
race,-0.12772396842133674,-0.017992615942514868,0
rachel,-0.0053164673535840016,0.3023545162766422,0
racing,0.22091951234182267,0.028515560022334747,0
radial,0.10718484466859501,-0.0851762918819849,0
radiation,-0.4438011877948375,-0.024900447781653415,0
radical,-0.2005561996497188,-0.15456283315687605,0
radio,0.33964727003940653,-0.06648860287155543,0
radiology,-0.13169077800712625,0.18340713094567293,0
radiotherapy,-0.5118252299584738,-0.02714806798880133,0
rage,-0.029590277601448212,0.14491937981769,0
raisin,0.2944424135172182,-0.3298864640085802,0
raison,0.304329994071006,-0.14220439729938827,0
rajfer,-0.17324600162420026,0.312652513888026,0
raloxifene,-0.18920138776983925,-0.18649225332398844,0
ramanathan,0.05625095971984747,0.3875628114951767,0
ramification,0.1635604356659132,0.2027174021756219,0
randeva,-0.18573514542006148,0.36472161659052144,0
random,0.10784234407027282,-0.008944561060530928,0
randomization,-0.004294838123933991,-0.36800159877656563,0
randomize,-0.054461497169242694,0.2601128828480766,0
randomized,0.16260966927535367,0.2477860229210131,0
randomly,0.05189188221146084,-0.11870939300040052,0
ranges.13,-0.16739046139327973,0.13500307617032137,0
rank,0.22158942749692365,0.11062172436281191,0
rapid,-0.11088617090063868,-0.003291344935445558,0
rapidly,0.043633749472418944,0.0031840753211705704,0
rapport,0.2911072876622261,-0.0834825633974618,0
rare,-0.17234891027342036,-0.17972612439057212,0
rarely,-0.022555373726603937,-0.15436214282855087,0
rarity,0.35597565967618494,-0.3116613182498455,0
rash,-0.053911994570391523,-0.13750868522889317,0
rastrelli,-0.17614531746178289,0.16010741535011033,0
rat,-0.07366648807640849,0.3082277266651924,0
rate,-0.3442595207570286,0.19298333969576384,0
rating,-0.24539937725064628,0.005518707514096625,0
ratio,-0.1949779858451574,-0.08543347659691501,0
rationale,-0.14605667092669358,0.12834982700680583,0
rationalize,-0.17748477661131945,0.14731493658087794,0
raw,-0.023324289581663826,-0.1175931018139066,0
ray,-0.07536412741266232,-0.14481633178059058,0
raymond,0.7996058592177882,0.28786688769150254,0
rbc,-0.49111014369397443,0.013421074620752867,0
rct,-0.14505317925171332,0.14183599588799667,0
rcts).181,-0.22876397153944084,-0.10782101397823049,0
rda,0.12467610583572425,0.032362296056312155,0
react,-0.24717613994390406,-0.05037962899081228,0
reaction,-0.2160434307447924,-0.16627419269980942,0
reader,0.015493254668169245,0.06442274212117177,0
readily,0.08596627507745289,-0.07147312491461953,0
reading,0.06164080662524286,0.11642095801349059,0
readjust,-0.34637648234462987,-0.040661264681666774,0
ready,0.11168835074535982,0.0845270114909992,0
real,0.2170699522636608,0.1917834570357576,0
realistic,0.08267390564400784,-0.001673794360135896,0
realistically,0.24336867394148312,0.02887613967828039,0
reality,0.233484749142932,-0.0009700877743864227,0
realize,-0.1134108218159022,0.11030778275453132,0
reap,0.07897093876090171,-0.06683483019260818,0
reappraisal,-0.03621193035539884,0.5247508165563289,0
rear,0.19108709958938247,-0.04540024570402572,0
reason,0.609466716175352,-0.11280209702205922,0
reasonable,0.129883848595125,-0.0029581107198732616,0
reasonably,-0.013814980040555485,-0.10886932672316361,0
reassessment,-0.46262959786141994,-0.09334458743096599,0
reassurance,0.3608751169633657,-0.14899970173058394,0
reassure,0.18257559292609077,0.006058998360799489,0
rebalance,0.18973429442751613,-0.20775163878737407,0
rebalancing,0.5620901281678025,-0.15383331309098205,0
rebecca,-0.08643251494498957,0.4746446253938483,0
rebound,0.4819893728700828,-0.0819616254379001,0
rebuild,0.2840007232288765,-0.23577657516378508,0
recalibrate,-0.12783658340583928,-0.153924861871587,0
recall,-0.14990108555253004,-0.08138083869691112,0
recede,-0.10245252130823325,-0.26483087836532415,0
receipt,0.17372297840398182,0.11473165224653448,0
recent,-0.04921503149934838,0.026947356234122023,0
recently,0.08506126373077795,0.10644915517513102,0
receptor,-0.13661333323215866,-0.1963907398873505,0
recheck,0.4251762563754825,-0.13374316571359576,0
rechecke,0.2206044565003551,-0.034650497175138205,0
reckelhoff,-0.16953502567949738,0.5606183357852713,0
reclaim,0.28658815363237783,0.10085167890612812,0
recognise,0.033334400272922574,-0.06717474794786546,0
recognition,0.29918193287686873,0.1885971358418946,0
recognize,-0.031974230629824234,0.0583738226321439,0
recombinant,-0.1898256900614926,-0.23265793401767149,0
recommendation).5,-0.3690922398200891,0.09683247920674502,0
"recommendation).5,39",-0.32640123903266477,0.0836170431683303,0
"recommendation).5,6",-0.20073258505003655,-0.10831420862970217,0
recommendation).75,-0.09827400942937674,0.19643099326043303,0
recommended5,-0.18029518708070125,0.05335748976189675,0
reconfirm,-0.06132182859411944,-0.25577439103784894,0
reconstruction,-0.018503080460079258,0.1448725294986985,0
record,0.018871743629718947,-0.0012326571387140163,0
recording,0.22620869676210112,0.10856322720952431,0
recover,0.1703952569714201,-0.05548744728544417,0
recovery,-0.04614444519838581,-0.15920785417648367,0
recreational,-0.005961293463100783,-0.42720885159549615,0
recruit,0.05404393213279918,0.20429851787097847,0
rectal,-0.11097169771850582,-0.07803645011230989,0
recur,0.17940932841849166,-0.15890036390096038,0
recurrence,-0.13755780888683777,0.1188673100896645,0
red,-0.5271264289035573,-0.5207635645957662,0
redistribution,-0.06776995083901137,-0.24123625265271886,0
redmon,0.16585003929036782,0.3916342028912722,0
redness,-0.12957471848367044,-0.3263787792087022,0
reduced,-0.23327009373337604,-0.13631350040400692,0
reductase,-0.15071756185421115,-0.17993032454160737,0
reduction,-0.1568397927051744,-0.13143832626073246,0
redundant,0.032768008672432056,-0.3027761937565431,0
reevaluate,0.13617016584765443,-0.05706061834463812,0
refer,-0.43334027473528675,-0.5653474277339517,0
reference,-0.42177631528432097,0.32052519445657085,0
referral,-0.03288889682212768,0.009797818331069196,0
refine,-0.030815966218380113,-0.366306804394952,0
refined,0.058110259510296323,-0.2826457581518495,0
reflect,0.16047149990940565,0.05802615412741169,0
reflection,0.0918872901462316,0.1410883882422729,0
reflective,-0.13038815466691436,0.22220489826936668,0
reformulate,-0.01598664450755463,-0.10185130608004826,0
reframe,0.058993346138749174,0.0525773126027315,0
refrigerate,0.06377413776064607,-0.3689690116919996,0
refute,-0.13023808563063755,0.07432458244984087,0
regain,0.17028944534225088,0.06275265604744523,0
regard,0.12042100152799043,0.07955122708672281,0
regardless,-0.05231445261090229,0.05022857059178,0
regenerate,0.10758057415708049,-0.21195145578961233,0
regeneration,0.06435787343915461,-0.33680194441562555,0
regenerative,0.15197969299857722,-0.19748091730793638,0
regiman,0.18779914380206075,-0.12211613998689189,0
regime,-0.008625374166220936,-0.08705617825680012,0
regimen,0.06977204785877177,0.09424857084195304,0
region,0.04543762611628154,0.09619669549936147,0
regional,0.2430477533492692,0.044892097121651764,0
regionally,0.017352565377900087,0.11740981407227453,0
register,0.009844073968919656,0.21070398100701657,0
registered,-0.10591876419418655,0.17515355310723812,0
registration,0.2383343692764485,0.1606103912209797,0
registry,-0.37343548785198716,0.20707822244691537,0
regret,0.06779680744513045,0.039014915187221645,0
regul,-0.13768217515526615,0.5563497265469417,0
regularly,0.3632605527174895,0.24529669179793367,0
regulated,-0.08495532191460334,-0.18204637761854345,0
regulation,-0.042770877506175115,0.002651092368348801,0
regulatory,0.3041192573597613,-0.12225764935935579,0
rehab,0.02012067906445345,0.09983257799329434,0
rehabilitation,-0.0626925156561272,0.19078383209184258,0
reignite,0.25132169532139786,-0.02590976299083494,0
reimbursement,0.266456095876736,0.13489210892362744,0
reinforce,0.18392778646821636,0.087533440008718,0
reintroduction,0.1637240190877034,-0.10876986370981828,0
rekindling,0.08930060383219131,-0.2254586221637071,0
related,0.10000539941036608,0.21555879226423014,0
relation,-0.20122354846558727,0.10822854255919279,0
relative,-0.08159813518582068,0.06979711479258631,0
relatively,-0.19145961419265567,-0.06259351087942122,0
relax,-0.019145938417960674,-0.23450422206224059,0
relaxation,-0.08736772813823573,-0.1463813591685226,0
relaxed,0.19170968156612925,0.06020512277821602,0
relaxing,0.04310078186461239,0.016188722149105567,0
release,-0.3661939151307292,-0.523909301567875,0
relevance,-0.209405587282207,0.06391048957381391,0
relevant,0.12504610808232955,0.11730180982592123,0
reliability,-0.18427733785338274,0.11892356029148435,0
reliable,0.19507065393190287,-0.12221555398960159,0
reliance,-0.22188134613721025,-0.05772315650626189,0
relie,-0.17577195434912604,0.10430766652472344,0
relief,0.0064735106411905686,-0.0661380283410576,0
relieve,-0.04808174248048635,-0.035972839303589715,0
reliever,-0.11226733182196713,0.028424535798912735,0
religion,-0.17546507901547043,-0.016252712136594183,0
reluctance,-0.10293296264924252,0.12479266283121278,0
rely,0.023308016724483873,-0.1695093196080026,0
remain,-0.15895159402270712,0.053969979315059584,0
remained,-0.04751355846208444,0.21351566579596093,0
remains,0.07235643035520202,-0.07137952385193816,0
remarkable,0.0522651813382121,-0.056513278184881235,0
remedy,0.22795208763202685,-0.36798760684577425,0
remember,0.11534493315582763,-0.18243249690784702,0
remind,0.22460922981884388,-0.09666798813533097,0
reminder,-0.04704789937122202,-0.13183514693949522,0
remote,0.17176777532255208,-0.11725368353466391,0
remotely,0.2092320515287684,-0.1485717165151212,0
removal,-0.1312251647130686,-0.0061541070196515744,0
remove,-0.13785487779527592,-0.23605400163164797,0
remuneration,-0.08534571297727082,0.0532831390787902,0
renal,-0.3144968895054957,-0.10446572423151125,0
render,0.18929949481495506,0.48618164355863014,0
renew,0.21561899622318004,-0.02089506145116988,0
renewal,-0.15245732070501825,0.13938844514154106,0
renowne,0.13724068047308954,0.07611721203359997,0
renowned,0.025860763372060676,0.17327640085901067,0
repair,0.008614520060209763,-0.17552796137591364,0
repeat,-0.047465981274646074,-0.0973054355597172,0
repeatedly,-0.31987594343691655,-0.2658770784593017,0
reperfusion,-0.1532758905669582,0.4228997385359034,0
replace,-0.06709621965054857,-0.3148280535208603,0
replenish,0.19198679231654198,-0.38873077055928273,0
replicate,-0.2261477103691332,-0.12427094027694467,0
report,0.49896017338409043,0.3005722556292201,0
reporting,-0.224822778903235,0.03683746659230011,0
represent,-0.12162946616323408,0.02501542539864439,0
representation,0.03600115799228315,0.052807484162319125,0
representative,-0.04100024526733152,0.22731917768086532,0
reproduce,0.3879549288268644,-0.13520202262549255,0
reproduction,0.008085675025627924,-0.3737850867028349,0
republican,0.23851767879599453,-0.004644392630016109,0
reputable,0.19626638657990403,0.11516753297421199,0
reputation,0.26526488806214776,0.513348623989046,0
request,0.10903378238870041,0.012040447939611208,0
required,0.4199213200819543,0.08759315548048402,0
requirement,0.026628897257513048,-0.09301124158375539,0
researcher,0.11733185305913969,0.7070652467872438,0
resection,-0.2574247674393535,0.0872760423283386,0
resemblance,0.19129283446510448,-0.3086064653202893,0
resemble,0.09818029602594691,-0.292924441272577,0
reserve,-0.12533712651406445,0.06783286679564719,0
reset,-0.13696301103683195,-0.20266175752172824,0
residency,0.06660891079179034,0.08487359754962928,0
resident,0.11189559927555122,0.04149824677658129,0
resilience,0.08775802134978752,-0.051489511879749594,0
resilient,0.014954028310652184,-0.10590406215821042,0
resistance,-0.20385681184410642,-0.18369247910575884,0
resolution,-0.07199281464928883,0.23826485887323082,0
resolve,0.03401925340878176,-0.17314888619615118,0
resonance,-0.20955492567636383,0.27178487525873074,0
resonate,0.17388747583811426,-0.028806385938864032,0
resort,0.03440118116845047,-0.1151063856175841,0
resource,0.1786055841588909,0.12494220430704975,0
respect,-0.050244610121313246,0.15486488537380222,0
respectful,0.29817011691362655,0.16782433813015915,0
respectively,-0.2413673948449984,-0.035863763808745286,0
respiratory,-0.13442522317896602,0.19821122389191934,0
respond,-0.06524943197927677,-0.13662063212151881,0
response,-0.6255262557928902,0.02559835747830049,0
responsibility,0.17817531230084618,0.018687659209697758,0
responsive,0.1982368661323899,0.08928387616874539,0
rest,0.023923553661802956,-0.037977945674808423,0
restart,-0.31994382676844263,-0.2826711043089504,0
restaurant,0.2858274251400734,0.09526461613207593,0
restful,0.16445755429668452,-0.29243242838993405,0
restlessness,-0.1865776369737266,-0.17223315659460048,0
restoration,0.12916081956089406,-0.3841487883642553,0
restorative,0.06647626233401085,-0.2323208629200027,0
restrict,-0.07089005089547182,-0.039466559882752286,0
restriction,-0.03410299785734783,0.0375812172388274,0
restrictive,0.1419207057169408,-0.07468718657524102,0
resubmit,0.17811509758457428,0.2072585769817926,0
resultant,-0.6788655450520638,0.19919224815797562,0
resume,-0.041032062110929135,0.008705895362429245,0
resurface,0.051943929148560816,-0.33334763633053316,0
retain,-0.23848135978607132,-0.37570876912214324,0
retention,-0.17848073169681533,-0.22379248396121165,0
reteste,-0.7082190954243233,-0.040170470145033194,0
rethink,0.12188662635704027,-0.1886003019823989,0
retina,-0.20203544419008107,0.1388128056570384,0
retired,0.03232650302965906,-0.01691983780788288,0
retrograde,-0.15680774055717042,-0.21732122747813776,0
retrospect,0.24031841194934184,-0.23085838765701452,0
retrospective,-0.17750022559514653,0.11920000262689462,0
retrospectively,0.39175628578858157,-0.12772042350576898,0
retry,-0.23302070179195813,-0.21178500157312533,0
return,0.037222446653644756,-0.11948672216854267,0
reuptake,-0.26270033949379135,-0.08832140459052486,0
reuse,0.05230664439589338,-0.27995358128438186,0
reveal,-0.17956054870919186,0.19673387414659038,0
reversal,-0.05817885420515394,-0.11160160819100783,0
reverse,0.20603711528092541,-0.06726970641331372,0
reversible,-0.1815072549703818,0.09304568929066252,0
revert,-0.14576187953072522,0.33640166383944026,0
reviewer,0.878735239752192,0.3240444321609583,0
revise,0.11901258493952117,0.05547451490191834,0
revitalize,0.20609325354822883,-0.014884157433311411,0
revolutionary,0.023904882669704277,0.11413306733934019,0
reward,0.1049782044751845,-0.10847422470376943,0
rewarding,-0.11672965687927703,-0.22346103575511372,0
rheumatic,-0.09152906074179988,0.4002018185028176,0
rhinorrhea,-0.21547140919762445,-0.36972709033013296,0
rhode,0.2761678444040364,0.05574771074116392,0
rhythm,-0.007264984333435102,0.0014432979766408171,0
rhythm.181,-0.09866088265897334,0.01160877425831906,0
rhythmical,-0.12855328255513246,0.04020978592879974,0
rice,0.05921123382057895,-0.3294628893245924,0
rich,0.02861363202688019,-0.35297673904604054,0
richard,0.2217750189313469,0.4332962339085816,0
ride,0.4453129531532906,-0.046654444304495724,0
rigorous,0.0018434333436037882,0.22079134485705704,0
rigorously,0.003496886530442784,0.08918764788444129,0
ring,0.025887410283934972,-0.258591117326331,0
rip,0.2830258613025076,-0.058043446203296226,0
rise,-0.062209801487615166,-0.04737233637142593,0
"risk,233",-0.19335846880576432,0.2780097472763723,0
risk.373,-0.16844694192971119,0.2513709278660812,0
risky,0.008368951477053695,-0.1369961687505987,0
rita,0.8971618062182957,0.32862760436526206,0
ritual,0.008079552978200798,0.07217246646161651,0
river,0.40667259024959007,0.17241874751263594,0
roaccutane,-0.018855796338404205,-0.15653296107627157,0
road,0.12579717544824826,0.13843492018513434,0
robert,0.11827931778473266,0.3230736876714798,0
robertson,-0.0764057519298475,0.396015788326837,0
robotic,0.02283271552194733,0.05803827179085183,0
robust,0.025509223694153114,-0.15757664661119578,0
robyn,0.9942001820963963,0.36627462092054414,0
rochester,0.21250384337876485,0.23007712271971759,0
rock,0.44129967120049335,-0.46058126369944485,0
rod,0.048243243600365485,-0.41543147462540025,0
rodrigo,-0.1983261296980834,0.5294281260496014,0
rodriguez,-0.023482673171710492,0.42535647512409763,0
rogers,0.11862672899519984,-0.34900741416815567,0
roller,-0.2525479592952698,-0.04137410887177089,0
rollercoaster,-0.02142389184574945,-0.17920425798718229,0
roman,0.33023733327024096,-0.001361569362769136,0
ronald,0.04350750283587861,0.4289179902860981,0
ronde,0.10597476134011374,0.30655007089189457,0
roof,0.14363599388689885,-0.334277747792056,0
room,0.09807163424700109,0.008424344962801044,0
roosevelt,0.11736252899485516,0.26104709771817924,0
root,0.4347464880420331,0.10378277822125037,0
rosen,-0.08807417141301092,0.4890343722768671,0
rotate,-0.05872435781556398,-0.21118132471529774,0
rouge,0.5014709204634263,0.21333282571895726,0
rough,0.22071703192328954,-0.18163579779349542,0
roughly,-0.027060600283921654,-0.1555091798978104,0
rounded,0.13763738849434903,0.40409955132741215,0
route,0.016400640050633058,-0.203506478065478,0
routine,0.20221977275428635,-0.1751957021584078,0
routinely,-0.024567052493284194,0.17363500043342245,0
rrr,-0.2556512982168327,0.16206093953945175,0
rtcs,-0.5302706424915965,-0.06211964107047226,0
rub,-0.016903219525046493,-0.2585123595543595,0
rubber,0.08265790152878719,-0.31408378003959464,0
ruisheng,-0.19803883467188374,0.5609264993371902,0
ruiz,-0.20562983945468136,0.4818992455162873,0
rule,-0.08535932507433679,-0.195763228075093,0
run,0.19028382874618796,-0.05926898700561655,0
running,-0.17727818817015653,-0.1473326654138935,0
runz,0.2129373333036704,0.5827633239153106,0
rural,0.20146576090665935,-0.06901317903347767,0
rush,0.09603968639054247,-0.24539526374611093,0
ryan,0.2141085320862168,0.3344298663339594,0
s.e,0.01388565515727946,0.4643241383295245,0
s.l,-0.12002574012549072,0.23220047765589302,0
saad,0.0768687431735924,0.29797080457160047,0
saalu,0.11654194607976652,0.37547346211274346,0
sabotage,-0.1423251320195543,-0.19619487927655802,0
sabrina,0.9989147846312556,0.3586673382691121,0
sachet,0.014218017329957538,-0.23558902307211724,0
sacrifice,0.0370045808398688,-0.26274224801665114,0
sad,-0.008710913456735128,-0.20883373895479787,0
sadness,0.15316164773728536,-0.09312533094738465,0
safely,0.07604427333469578,-0.11641854252515466,0
safety.30,0.013078310573452266,-0.05794291268271817,0
saint,0.06264234510488009,0.2812627615952185,0
salad,0.08348085786869404,-0.2516867347515478,0
sale,0.17860450221922586,0.04071861270082837,0
saliva,0.2087774236943045,-0.1639833118161621,0
salivary,-0.009843716202093396,-0.21571809847360612,0
salmon,0.0784152734730133,-0.25010133070631224,0
salonia,-0.14183024803561364,0.3634061040603392,0
salt,0.17074773102399313,0.029952632019444255,0
samplaski,0.19901485690533183,-0.07604286297804122,0
sample,-0.22902491779297998,0.1880674488742429,0
san,0.1659795214316773,0.1642367639115278,0
sandeep,0.02670793486306427,0.3178013764046722,0
sandya,0.16367436875523098,0.2880514561044124,0
sara,0.06429040664763842,0.40169383715421525,0
sarcoidosis,-0.3238608594396334,0.0638073439991916,0
sarcopenia,-0.2982363129061525,-0.06965925803341329,0
sardine,0.09637948394270957,-0.2636208455572515,0
sather,0.895816974874013,0.3323502376411572,0
satisfaction,0.08596287642245459,-0.21413142388712086,0
satisfactory,-0.18178429580331895,-0.017400726669328334,0
satisfied,-0.022410568269776738,-0.03966687252837781,0
satisfy,0.12703292017665374,-0.09146830379483235,0
saturate,0.06390843059666874,-0.061441814738143405,0
sauna,-0.4311613633747975,-0.10455490394499217,0
saunder,-0.024700783611996083,0.44612455307665905,0
sauté,0.04254050969654923,-0.25978176343689,0
save,0.149305792064015,-0.15613577294002978,0
sawgrass,0.2471376401623259,0.16016366588147524,0
saya,0.2694268717815961,0.1713246751907439,0
scale,-0.1133069400103822,0.2537603020779708,0
scalp,-0.018438139717329813,-0.29644064760284833,0
scan,-0.12101055506452121,-0.0011091655598984044,0
scanner,0.06974653243453455,-0.05352018624517425,0
scanning,0.001350601880228908,0.04718688034096706,0
scar,-0.11146340588523808,-0.2902356602963826,0
scarring,-0.4239977841586143,0.031857074384902505,0
scd,0.09919632362954615,0.41688381286490106,0
scenario,0.06010257007823485,-0.11675948864829701,0
scentless,-0.011619046565089748,-0.3759767903880139,0
schedule,-0.024032362800203443,0.1295242842818812,0
scheduling,0.2612663490899033,0.2088758066060667,0
scheme,-0.29179638093502547,0.3694166435045845,0
schizophrenia,-0.3857952476338741,0.024052313387243028,0
scholarship,0.16326451404152145,0.21312376489284024,0
school,0.19813948934314665,0.1998648602307938,0
schwarzenegger,0.5165820117315166,-0.11182128520576504,0
scialli,0.221093471651547,0.46780302715348787,0
science,-0.04242541740841133,0.31176841566696223,0
sciences,0.24518169634705556,0.019714744884197933,0
scientific,0.09049369312902816,0.2969311174544302,0
scientifically,0.2690414093506394,0.14661054615010344,0
scientist,0.1392215780934846,0.03847406881437362,0
sciex,0.10970764267951026,0.4136508291353189,0
scope,0.34558899361988155,0.08664550465145926,0
scopus,-0.1142087883005588,0.264196714824581,0
score,-0.0593528449332174,0.22029232214040503,0
"score.13,20",-0.05863089070315325,0.17233300866689005,0
scott,0.33560866881667645,0.008396017838414819,0
screen,0.1197192844964854,0.23208426985168631,0
screened,-0.12118856113632191,-0.03343218348227058,0
screening,-0.28024859167351585,0.10662048060426416,0
scripps.org,0.360512861270563,0.009776130280022183,0
script,0.009671671864513239,-0.07490704808459157,0
scrotal,-0.03916417605747284,-0.42532277470181634,0
scrotum,-0.23047591586392926,-0.2552302540300612,0
sculpt,-0.1138182646300833,-0.08476182331328913,0
sdna,0.33097186339418944,-0.15546164297752113,0
seafood,0.17368115515813423,-0.26196692261847737,0
seamless,0.1617678805036847,-0.1501689538930453,0
search,-0.05586270669442507,0.11206733983136984,0
seared,0.0643454409360858,-0.296284844136684,0
sears,0.33535953502596016,-0.020392051182129556,0
seattle,0.17548207837696284,0.04642939786332998,0
sebaceous,-0.10595102442799312,-0.13444355365257127,0
sebum,-0.09278980918352273,-0.15670304696008963,0
second,-0.06710800791660222,-0.30042472466111386,0
secondary,-0.5345505321388774,-0.3006245781287182,0
secondly,0.405704840340897,-0.17782258570356874,0
secret,0.22461138185843207,-0.2410084310139696,0
secrete,-0.3693949185050832,0.016370287297458878,0
secretion,-0.19515640802545361,-0.15772194415022978,0
section,-0.06162993733865986,0.028281055778158603,0
sectional,-0.03211561116114757,0.40917590803236503,0
secure,0.25790914794143355,-0.12427763947023236,0
securely,0.13297972405842093,0.07787756286420844,0
sedative,0.03804822852046849,-0.2143577263341331,0
sedentary,-0.16819732663952766,-0.3987121499527539,0
seed,0.09427208491567533,-0.26824619740998606,0
seesaw,-0.048881319326299556,-0.18250801070823278,0
segue,0.2666066384951497,0.02480561633695546,0
seldom,0.3241687395306911,-0.08935683896829705,0
select,0.09710520129097959,0.011837371491440868,0
selection,0.1217528267401094,0.17559082957104477,0
selective,-0.20211863237165145,-0.1282768849342714,0
selenium,0.069540894168079,-0.2473793324969819,0
self,0.3592075938203659,-0.3035543456389568,0
sell,0.09326209513592935,-0.047156201356642974,0
semaglutide,-0.008446971549734733,-0.18540871864654537,0
semen,-0.2322362428106691,-0.18934319480135686,0
semi,0.255519283603309,-0.02428767541499015,0
semirigid,0.0427250946827869,-0.4109834031623993,0
send,0.09300376543193258,-0.17440706649980559,0
seneca,0.2651415339849427,0.246296334533556,0
senior,0.09460156479494625,-0.010598750445347208,0
sensation,-0.03356624738445102,-0.14447525900011352,0
sense,0.054343025005268907,-0.194144994309599,0
sensible,-0.26335388162826023,-0.009243731922589477,0
sensitise,-0.26123799091166716,-0.21567816647682225,0
sensitive,0.10440319336524782,-0.2056676527469602,0
sensitivity,-0.1956398774902362,-0.2220450405288302,0
sep,0.10384679983177073,0.39615574314901997,0
separate,-0.09725398350420504,-0.2375969391696484,0
september,0.24202357144374653,0.011140912814158155,0
sera,0.07622310283351524,0.11249904593843185,0
serge,0.20405968400166924,0.4221070316494316,0
series,-0.15623117417781693,0.11698774998102156,0
seriously,0.20468435895862733,-0.034706674489128723,0
serm,-0.2364596602879887,-0.22852010893249444,0
sermorelin,0.2536979934552509,-0.09583161028180841,0
serotonergic,-0.10974337138031627,-0.2271932499525852,0
serotonin,-0.2138721930350609,-0.1758461548407566,0
sertoli,-0.406098335408154,-0.09505845208519335,0
serum,-0.2838967038176744,0.1123595179020686,0
serve,0.1442478080375772,0.027481969096861528,0
service,0.191105786128492,0.10282944567843923,0
serving,-0.01460373488405525,-0.05968104172887058,0
session,0.1683381310471374,-0.05079191138368559,0
set,0.08615364724865003,-0.06048161973501732,0
sethi,0.2204297048043529,0.2837712491171181,0
setting,0.0032649615020282144,0.012155960105454706,0
settle,-0.011154757262743802,-0.018058450921213734,0
severe,-0.011613304909503363,0.5714450165850856,0
severely,0.02241857513093143,0.12329486986289163,0
severity,0.12272398216573684,-0.2419067673469121,0
sexuality,-0.1039295917772323,0.3456181088259443,0
sexually,-0.105150301706715,0.021831039579738976,0
sexy,0.032079028695264196,-0.23011166118201895,0
shabalin,0.1605315777133352,0.3414350720939784,0
shade,-0.07821473381918079,-0.03211068862268112,0
shadow,-0.18572671883590666,-0.38203763667109164,0
shady,0.13393398775456547,-0.006966539318715338,0
shadyside,0.24320190616211262,0.1818109016744602,0
shah,-0.03079487620629613,0.13270760278591817,0
shalender,0.07986949631293958,0.4616760499778672,0
shall,0.4033686074795788,-0.010882998724358621,0
shallow,-0.049817245786567294,-0.358573974756648,0
shallower,0.0765700186663007,-0.30910386321636696,0
shame,0.07576149469777321,-0.06367195005865184,0
shampoo,0.013324304964983746,-0.06667931336925476,0
shannon,-0.04754072127079221,0.38452595429557607,0
shape,-0.17171059352153212,-0.2275304252701331,0
shaped,0.013915504076444147,-0.17493990356611608,0
share,0.20315860819252488,0.02950545319902141,0
sharp,0.0178869583003506,-0.1292621960728167,0
sharpen,-0.14586924100610105,-0.1426220938775644,0
sharpness,0.0996323770607492,0.019866290962836933,0
shave,0.1344924108797821,-0.14830877969815126,0
shbg,-0.40812382128225283,-0.3196810492486272,0
sheep,0.06061270261430338,0.026776252393296913,0
sheet,0.2232979916482952,0.17560910377042316,0
sheffield,0.15038609844098524,0.13369479392949982,0
shelf,-0.038999026332775605,-0.040572439400153835,0
shen,0.26591174171238463,0.22620190943133894,0
shgb,-0.04437915155520883,-0.20509544012337447,0
shift,0.03900576351540468,-0.07243153192064822,0
shigehara,-0.15285277588800844,0.4518772743028542,0
shingle,-0.21575629413354525,0.16236035282167868,0
shiny,0.19001571508017703,-0.01642524561806325,0
ship,0.2704585601482588,-0.153816335993437,0
shivakumar,0.03264840366925343,0.16293470849011502,0
shock,-0.20361624555322966,-0.27493253563317865,0
shockwave,-0.019189924480804407,-0.1682611057628314,0
shoot,0.034449507170861336,-0.3544301206120374,0
shop,0.0976607725078261,0.029462176705822164,0
shore,-0.2756758211353221,0.02087444521148271,0
short,-0.2233470075127916,-0.47158160655550485,0
short-,-0.07703448257883018,-0.26628888705940806,0
shortage,-0.1387388031313538,-0.07636454956250573,0
shorten,0.1325997641721699,-0.25926875700684615,0
shorter,-0.06346207142594522,-0.030411045446152824,0
shortness,-0.23391061126931845,-0.1649094144794083,0
shot,0.09277031999439346,-0.3665078371215272,0
shottm,0.16248862337818099,-0.41192214188734305,0
shoulder,-0.10532365510233972,-0.035014156238247884,0
shower,-0.09469065509137785,-0.18123206448301,0
shrink,0.10974115667915377,-0.33803339741115096,0
shrinkage,0.27404947648713934,-0.20257567335426702,0
shrivel,0.08490271874852186,-0.3210596510278412,0
shrug,0.3302847247411588,-0.3450471122251495,0
shumaker,-0.11528044385755591,0.5051714770588888,0
shut,0.041812486794267766,-0.014226751669947399,0
shutdown,-0.0710874103284587,-0.044534804184494854,0
shy,0.18661142017688578,-0.14039576324172715,0
sick,-0.05607419498147289,0.27328238435748164,0
sicker,0.11986054105143737,0.34341364589229495,0
sickle,-0.35988039376990333,-0.24842063639460174,0
sideburn,-0.13459197918977298,-0.3397021104376104,0
sig-,-0.3357001964002414,-0.013873834955443226,0
sigh,0.05964592830600602,-0.1424426872688439,0
sight,-0.1975458061576701,0.23190271775791865,0
sigmoidoscopy,0.34108214896682826,-0.057542739157813466,0
signal,-0.026585464029707337,-0.5934003128149059,0
significance,-0.23901973670155974,-0.005435639737771448,0
significantly,-0.22352206800602278,-0.007224068872815011,0
signify,0.10235854900354974,-0.0011315971470253522,0
signs.(moderate,-0.19978591417431837,0.12400232904365827,0
sildenafil,0.06141014995664935,-0.2497551624941723,0
silence,0.04886462638129311,0.05783050863053013,0
silent,-0.036235271745815575,0.027291578104875664,0
silently,-0.0866152943862402,-0.20151300166924996,0
silicone,0.008173025982361666,-0.32855422153657143,0
silva,-0.041989340161578965,0.3900659564089266,0
silver,0.021932088223431682,0.31527583042753404,0
similar,-0.4604344778312671,0.1918507508741922,0
similarity,-0.3211286684538986,0.014654666964934355,0
similarly,-0.12799586236978516,-0.1596172351381511,0
simple,-0.002214563458643002,-0.18621819266571457,0
simplification,0.016718139386208124,0.05428588369142938,0
simplify,0.10436381226014327,-0.07545047732628671,0
simply,-0.05927414307483829,-0.0591967356221425,0
simply:-,-0.14886850492186154,-0.1679905002831357,0
simultaneously,-0.10684569790696974,-0.2181092460051964,0
sinai,0.07817113884084598,0.2693417824354617,0
single,0.09578133581174335,-0.06436279117660154,0
singlecare,0.31348975644091354,-0.06762336089280303,0
singpiel,0.38539820206549324,-0.029252578524120776,0
sinus,-0.09477305536386185,0.2978550534145106,0
siri,0.25762892699316003,-0.2792600971838336,0
sit,0.12582668136990935,-0.16981763582039328,0
site,-0.14125327220566253,-0.3433753176778562,0
situate,0.07204566277922347,0.000851819792100975,0
situation,-0.022123961038590323,-0.014277828761669324,0
size,-0.003539861999058587,-0.3854870938453812,0
sizeable,0.19688823724696772,-0.026341222633695007,0
sized,0.14528537266339775,-0.05869364160407342,0
skeletal,-0.27657879400767843,-0.2061584941947212,0
skew,-0.10969881271430953,0.025919813363690685,0
skewed,0.05527396714666418,-0.11215233273319149,0
ski,0.2047358408977985,0.010023719605620037,0
skill,0.37620801744360166,0.07984508907937246,0
skilled,0.2000111465201395,-0.03362682186911183,0
skillful,0.1696182486838381,0.00589808651819459,0
skimp,0.2924691495436105,0.27251256113454314,0
skin.449,-0.00647704176936535,-0.17703450918298147,0
skincare,-0.1587337223280954,-0.11189448061947822,0
skinless,0.18465406342396426,-0.3270126409064187,0
skip,0.36020793329603273,0.06754869445801809,0
skull,-0.23928586201185612,0.10177344719777366,0
slang,-0.19133813997310464,0.1577305248738412,0
sle,-0.13885445246363315,-0.05883327915224098,0
sleepiness,-0.13472766543787312,-0.2936683479190005,0
sleeping,0.13243048013841505,-0.2012436683994733,0
sleeplessness,0.18604478559380466,-0.2729113147762395,0
sleeve,-0.06629226335191855,-0.17736097524971844,0
sleuthing,0.25982117202152427,-0.16520274147817746,0
slew,0.36436521681134204,0.05654296645922971,0
slide,0.3970840111344938,-0.24801375189196415,0
slidell,0.4860956795859072,0.19651552928622096,0
slight,-0.0957279964660696,-0.19681122574962534,0
slightly,-0.07563908227072401,-0.06561998439207894,0
slim,-0.05784272197594109,-0.045491109786048256,0
slip,0.12588102726489478,-0.2102889527091565,0
slow,-0.020432327115451683,-0.2629917051072717,0
slowing,-0.023385327964428156,0.012030810966877215,0
slowly,-0.01352009012790685,-0.1905462972379755,0
sluggish,0.41198243205477475,-0.051507450583281045,0
smack,0.2294623934957376,0.12213429578221893,0
small,-0.06326292059226803,-0.5837790970453901,0
smart,0.38744096550652574,-0.1794914195448896,0
smartwatch,-0.04881393815851367,-0.13497921054949294,0
smell,-0.20343673326799996,-0.20395886124549514,0
smoke,-0.1991767258773121,-0.24049022010990598,0
smoker,-0.18242103487261235,-0.046802692786641696,0
smoking,-0.19860143931775173,-0.212885748807511,0
smooth,0.0891835857949417,-0.3102451506253366,0
smoother,0.18104238601697506,-0.2183746690733649,0
smoothly,-0.08382439363944764,-0.3393381569445704,0
smsna,-0.09493168403380328,0.2901845869460187,0
snack,0.04611307005885736,-0.3939783148920703,0
snapshot,-0.2496178024841227,0.07530334280707329,0
snore,0.0057820752008186475,-0.16807296166989752,0
snoring,-0.04641226385068007,-0.08316730307186157,0
snort,-0.02400946322445516,-0.10452249008977287,0
snowie,0.13303653079022598,0.020399575490074408,0
snyder,0.06643382031232983,0.3819498531990575,0
soak,-0.15016239960828748,-0.24727657405849127,0
soap,-0.1561090906861886,-0.0920148361841809,0
social,-0.030064662668190995,0.11692355950531176,0
socialization,0.09206729937537515,-0.008451151500063621,0
socialize,-0.14762617369713596,-0.09409490803835542,0
societal,-0.09802510026987657,0.10431716253847995,0
society,0.2363714509773706,0.21229319151908602,0
sodium,-0.28269062265225026,-0.06445654971696166,0
soft,-0.016103025734346348,-0.2621172545065547,0
soften,0.10555904453787036,-0.2305712167719841,0
software,0.15639452029839257,0.08414986876410314,0
sole,0.14428368871237382,-0.14601454683082174,0
solely,0.014115851871205957,0.018421549821989014,0
solicit,0.030843595565882714,0.1914085753830342,0
solid,-0.1197667252391554,-0.0631391126066104,0
soljancic,-0.19768207745504565,0.45469685896286843,0
solubility,-0.06241786719151428,-0.18573216254840233,0
solubilize,0.1686393550644041,-0.3280052233577061,0
solution,0.012567882409743339,-0.07903789947830607,0
solvay,-0.024567599263128972,0.2321102889719353,0
solve,0.15773704905447947,-0.036066274434146485,0
somatosensory,-0.06634816275908745,-0.0377717615244089,0
somebody,0.403880806255554,-0.14147584350938186,0
somewhat,-0.1773156170704679,0.07351701148829454,0
song,0.3033521251996549,-0.14703418929958503,0
sonogram,-0.23963884094485086,0.05887995633765712,0
soon,0.11915044669309122,-0.06337864258059034,0
sooriakumaran,-0.26010515586053584,0.52281299276659,0
sore,-0.03856192222721918,-0.2722852437666863,0
soreness,-0.09336231314463479,-0.32058354815506374,0
sorry,0.243684194072441,0.058211000965467524,0
sort,0.2276985839439212,-0.05346460945039865,0
sound,0.31576026479549196,0.13118112474687352,0
source,0.2273499498114575,0.07106230637526488,0
south,0.32107541801562106,0.1918717455999276,0
southwestern,0.10690292643822057,0.20323298139307033,0
space,0.1711780910283596,-0.07299808044466016,0
span,-0.023203889949404446,0.3616796865953243,0
spark,0.010159087633797715,-0.0007655990407818746,0
spatial,-0.0695444004467301,0.3174655703841186,0
spaziani,-0.23093148476843142,0.3916851445326439,0
speak,0.1244537545994661,0.20228797857394382,0
speaker,0.07059963021813404,0.3401985795852823,0
spearhead,-0.38361636459641607,0.10172270504675646,0
special,0.05403404760377697,-0.28760070063410487,0
specialise,0.004861128115377089,0.03475753199849635,0
specialised,-0.006503298550134221,0.36398126407289644,0
specialize,0.277880008826219,0.028059824965475325,0
specialized,0.28934857306699163,0.1253686691661085,0
specialties,0.28781692747018317,0.03640603626312546,0
specialty,0.23630637838231378,0.13664128411545515,0
specifically,0.12056382366646863,-0.12645694004963695,0
specificity,-0.0577829382437175,0.07631634078043131,0
specify,-0.2600517170866503,-0.017036822860305403,0
specimen,-0.1800881596424508,0.03946211172668303,0
spectacular,0.22206527552913422,-0.1649782024310502,0
spectrometry,0.05325697811026126,0.1263568272161288,0
spectrometry.26,-0.011850177778747991,0.08488226784594428,0
spectrum,0.1137037215470889,-0.00012263076322323077,0
speculate,0.23354031555164673,0.1015602815257415,0
speculation,0.09879964071437523,0.09973566152949989,0
speculative,0.14752681129827225,0.06727114409667835,0
speech,-0.07323487201814631,0.03640804008891958,0
speed,0.11816291898672225,0.1656940680839108,0
spend,0.14224210880762303,-0.09390172057134669,0
sperate,-0.1432140295228056,-0.1681256493554245,0
spermatogenesis,-0.24885805568656502,-0.14506562083947638,0
spike,-0.11271316539408427,-0.2597482589081053,0
spinach,0.01868057553374402,-0.29229457149671156,0
spine,-0.10930951350907929,0.12415827158464893,0
spiral,0.1225733166122249,-0.13558846396823732,0
spirit,0.020241285976949474,0.1353544490737879,0
spironolactone,-0.17611322742159588,-0.1784524157286376,0
spit,0.21089240889246313,-0.15946373127120367,0
split,0.022091348052736354,0.04262354170576554,0
spoiler,0.13230154965471652,0.18124871359402608,0
sponge,0.11628614382953452,-0.3278452840041829,0
sponsoring,0.027779933485182977,0.3934688367521473,0
spontaneous,-0.22967342272551952,-0.08160256332666525,0
spoon,-0.07698834814853424,-0.13023061015209403,0
sport,0.1397906671218897,-0.0956858982921688,0
spot,0.1107956904804566,-0.05413632432179319,0
spotify,0.3263833440440868,0.17560452246494332,0
spouse,0.1907729848803228,-0.12344327695142272,0
spray,0.07592880133741264,-0.16563400647095522,0
spread,-0.09259738128280197,-0.1273232339486447,0
spring,-0.031080201290338963,0.49828886986428067,0
springfield,0.028807071277185563,0.3477218163866221,0
spritzer,-0.03395092688563916,0.3625192368551077,0
spur,-0.3086493069491913,0.09693070150704332,0
spurt,-0.23607279371232318,-0.25988146130636913,0
squat,0.17850154694476658,-0.10021641661512766,0
ssris,-0.2784872289072513,-0.07952583411688682,0
stabilise,-0.04434759315029071,-0.17637201639079667,0
stability,-0.002021764519744486,-0.059969072013670605,0
stabilization,-0.36875354894998397,-0.203104685353831,0
stabilize,-0.31065557522174786,0.020577567368323203,0
stabilizer,-0.1628101251240664,0.22736774006355415,0
stable,-0.08609633142834369,-0.10779547365350302,0
staff,0.14064977893547012,0.007147095770505517,0
stage,-0.08810870132548668,-0.14276203297149473,0
stagnant,0.05807022814606057,0.1028730926514581,0
stake,0.18900194556461,0.1320176128354145,0
stall,0.1460086154886633,-0.413162276163698,0
stamina,0.029065660686426985,-0.12457712847142362,0
stamp,0.09591795845799835,0.2711599496279785,0
stand,0.08172527663541243,-0.1898856201159292,0
standalone,0.16946772896344653,-0.10722479248574934,0
standard,-0.049612715047794374,0.12480884768920239,0
standardization,0.010502795348862521,0.08161003450983985,0
standardized,-0.020206354254298814,0.06255727542672138,0
standpoint,0.3183097562576265,-0.4083822577841102,0
stanford,0.11095080578263379,0.1943760010454898,0
stanfordhealthcare.org,0.221759637611085,-0.1339923368562487,0
stanozolol,0.00014480420413766923,-0.29232393217561303,0
stanton.honig@yale.edu,0.20483561794679175,0.3198450627486725,0
staple,0.10849063811322868,-0.1547168284327983,0
star,0.28421969384663,-0.029660327330999263,0
starch,-0.003185158543467307,-0.11205176005511948,0
startedinjectable,0.09843436108794829,-0.11272554022770362,0
startedpatient,0.5231014649953025,-0.09166784653457626,0
startedsource,0.10537741669693552,0.2789529706274208,0
startedtestosterone,0.26837020082886637,0.12675318830415455,0
starter,0.32139556036203487,-0.09799395063619531,0
starting,-0.016594543121995188,-0.1940022115269454,0
stat,0.15827362490380942,0.09276266893190604,0
state,0.3864968987727848,0.0566570928495631,0
state.434,-0.29808754407483823,-0.20309141714915643,0
states,-0.04543708513118496,0.18554181797167774,0
states).440,-0.15942927986268382,-0.09634670007542356,0
statin,-0.15393443435606793,0.052017953070672626,0
statistic,-0.07238787166266065,0.0903299772533217,0
statistical,-0.21288341237643052,0.03885042474140922,0
statistically,-0.11794417206529031,0.1298401876040208,0
stature,-0.00782382814740587,-0.22802308041507302,0
status,-0.2207685614119043,0.03232289096053688,0
ste,0.47218081326166017,0.16659199936977973,0
steadily,0.05371168742662743,-0.31037386394540717,0
steady,-0.20314611687582435,-0.24614298646998956,0
steele,0.2897992835266237,-0.01838796768019184,0
steep,-0.003901255773476396,0.1378018414632776,0
steer,0.07451334850875077,-0.148643407982588,0
stem,-0.14861618302720295,-0.06496461896842037,0
stendra,0.051076428102026894,-0.3467126462926653,0
stereotype,-0.21285082349390735,-0.05286591066490261,0
sterile,-0.09575871332507192,-0.13358131806077295,0
sterility,0.1742950831149931,-0.4271551744882552,0
sterilization,0.27951430938160504,-0.41101232393205545,0
sterilize,0.0696433454972736,-0.32983308343894413,0
steroid,-0.24711072157815409,-0.08916580680069444,0
steroidal,0.14140130319357455,-0.032025516695171986,0
"steroids.42,43",-0.11691156406614045,-0.004794499476798684,0
steve,0.16842144004624102,0.23314265609618862,0
steven,0.14671344701146102,0.2247715155582885,0
stevens,-0.007822599740230673,0.1197179037486545,0
stew,-0.021592144901352785,-0.2839101204376088,0
sti,-0.2113634847368478,-0.03735321640371803,0
stick,0.16258612415468643,-0.13030203925535702,0
stickler,0.6035140572246517,-0.022193756532730223,0
sticky,0.02504633606363078,-0.40159484590398475,0
stiffness,-0.14216051753742415,-0.32080108364609483,0
stigma,0.00462903560726129,-0.06077677765300957,0
stimulant,-0.19436460723414065,-0.04199789882813716,0
stimulating,-0.8544161229882932,-0.3507575103533663,0
stimulation,-0.13458661621091156,-0.14217780688279238,0
stimulus,-0.13059148555251238,0.16378897157236766,0
sting,-0.0700428169232394,-0.36446551110210346,0
stitch,-0.15808515269163964,-0.3719471302977326,0
stock,-0.0005248225443767651,0.07334631799276274,0
stoléru,-0.19534193305651784,0.3134619788526478,0
stone,-0.08007660140922782,-0.07225470340717134,0
stool,0.31605409387144945,-0.1846174899941613,0
store,0.07270100428229066,-0.1663814640085681,0
storm,-0.1766775460037532,0.2654111697516557,0
story,0.28395652065492577,0.08146454538923763,0
straight,0.24514598314219477,-0.02149875703219914,0
straighten,-0.07861091740020762,-0.2980308759501725,0
straightforward,0.1715561773132172,-0.12868360785883895,0
strain,0.2292061484259411,-0.32516226421916666,0
strained,-0.1062962057726095,0.006734072527341422,0
strait,0.3115258230463862,0.16637605799784702,0
strange,0.1663715156534576,0.1486206174218835,0
strapline,0.3197665123476706,0.04153102860133595,0
strategic,0.1683743577818158,-0.1209771796978334,0
strategy,-0.17550459954443828,0.15609356480477973,0
strategy.420,-0.20692878037181706,0.04261760795324172,0
stratification,-0.0645120205741029,0.15769912340955725,0
stratify,-0.3634350692041408,0.28408827736880693,0
stream,-0.10800983656995403,-0.21302275408315227,0
streamlined,0.23954361752670827,-0.09584902143764025,0
street,0.2872332872394554,0.28444241698433265,0
strengthen,0.3519029609899099,-0.1997882676739874,0
strengthening,0.08735972319315337,-0.2956712478453273,0
strenuous,-0.16010747165014613,-0.3013044209012593,0
stressful,-0.07359111053397,-0.2007997391249703,0
stressor,-0.00633307247197354,-0.06544232177106372,0
stretch,0.041039210327694024,-0.24526398058413637,0
striant,-0.1381263455854647,-0.20956232679776168,0
striatum,-0.4429337986194703,0.020376401859092244,0
strict,-0.05461710299915673,0.08636492357003135,0
strictly,0.07989474672830302,0.06011027739101598,0
strike,0.23608814340836687,-0.044409786962708954,0
striking,-0.18894025045541774,0.09182414419935661,0
stringent,-0.07890377723752155,-0.07536602021682384,0
strive,0.01612001949485612,0.014816429738802773,0
strong,-0.5714014738942874,0.06190924681469407,0
strongly,0.1904590548706566,-0.03422077167884972,0
structural,-0.27557941276912123,-0.06405379856537079,0
structural/,-0.15410905699630018,0.19165448668975893,0
structure,-0.0929372758664192,0.06662715575767153,0
structured,-0.030974668582109625,-0.03708651980429252,0
struggle,0.2780636264800339,0.021475489538222755,0
student,0.08029693882077894,0.19461247431754114,0
studies.438,-0.014136439357644606,0.014365688662030567,0
study.29,-0.19334547103715394,0.13258402791599888,0
stuff,0.1902868976892142,-0.189339667661528,0
style,0.13820880995707235,-0.13176035827230684,0
suarez,-0.016682646143962056,0.1851768960055389,0
sub,-0.05940325570600566,0.031818609112874444,0
subclinical,-0.2556238305563256,0.01758287669507677,0
subcutaneous,0.012691822414667831,-0.3668693971833758,0
subcutaneously,-0.03375908339543545,-0.16911767249492135,0
subfertile,-0.3386769404975409,-0.07571604890845499,0
subfertility,-0.14935587385485372,-0.20767355558929418,0
subject,0.16656251453282217,0.11984328638643454,0
subjective,-0.19576521976458844,0.011054283998358807,0
subjectively,-0.11465041500322398,-0.06496822789525467,0
sublingual,0.17975098469896056,-0.3271348541562779,0
submission,0.06010988900364012,0.25256480822743704,0
submit,0.19393480401892357,0.14087085433608482,0
suboptimal,-0.28679263519394477,-0.032404970437929684,0
subpar,0.06252704184167392,-0.09818737821421779,0
subscribe,0.3531268259485394,0.09889317625460457,0
subscription,0.2775025031750243,0.09329731176976086,0
subsequent,-0.2570932098173504,0.07689672131565001,0
subsequently,-0.1054358955692391,0.1322231263824039,0
subset,0.24520088611246155,-0.2025161224196636,0
subside,-0.16514168858800365,0.17348647840221051,0
substance,-0.07369017978432153,0.18545889172446967,0
substandard,-0.06025906215379363,-0.29245499199184494,0
substantial,0.07271083432821929,-0.15311735806342178,0
substantially,-0.09676180739054063,-0.3714594078196638,0
substitute,0.055850052239703366,0.00790427262739867,0
substitution,-0.0812995816655514,0.19819800113082095,0
subtle,-0.15443278185581175,0.011635125671399044,0
subtler,-0.07628227168984045,0.15844255766303691,0
suburban,0.1889740209502467,-0.07291400733941333,0
success,0.06961708689911893,-0.016727490976327662,0
successful,0.15763585491076426,-0.021702905547932336,0
successfully,0.20473110322215834,-0.18907223035426982,0
suck,0.17494625888011425,-0.1817031960827664,0
sudden,-0.10746596963984827,-0.08637249120125709,0
suddenly,0.2517317195933159,-0.16986704739224515,0
sue,0.018974304241175462,0.20105058932512823,0
suffering,0.20763704178633346,0.0003521399685521593,0
sufficiency,0.17386849780833716,0.14707465121127783,0
sufficient,-0.09910584905468535,-0.2051694486144535,0
sufficiently,0.15032992558065225,0.3540819503854539,0
sugar,0.15148589108948787,-0.2887211215244585,0
suggestive,-0.3901118780292869,0.04106910314878064,0
suh,0.17012001755239692,0.3190826128018004,0
suicide,-0.13495216120582776,0.15965722597758986,0
suit,0.13010791238711328,-0.22452068408199907,0
suitability,-0.04243528645235491,-0.253999165455982,0
suitable,0.11472285173885483,-0.2932610356777965,0
suite,0.2732980173074892,0.2594655548824009,0
sulfate,-0.1348343876874426,-0.15270065050588075,0
sulphate,-0.2131551903892278,-0.31947307093735827,0
sum,-0.32972637815497985,-0.27864548009443424,0
summarise,-0.2861854047086518,-0.09523037116520497,0
summarize,-0.16517597815966736,0.33830887579736585,0
summary,-0.004219854977726854,0.24440287687672116,0
summative,-0.09093368093789292,0.23236529664066438,0
summer,0.27578194274948536,-0.09077092156483929,0
sun,0.20581180510233774,0.36797970168754446,0
sunlight,-0.009389998681380527,-0.1572744194101912,0
super,0.26875965790081807,-0.13871640622325826,0
superficial,-0.011314574832654401,-0.18015888087724607,0
superfood,0.2168262061288222,-0.0252290865217344,0
superior,0.2964897720886893,0.067253769614519,0
superman,0.14806493004457066,-0.2695454260894492,0
supervise,-0.10182094070222908,0.256625487031671,0
supervision,0.16277307959584902,-0.08965472060464375,0
supplement,0.39364325586421284,0.19165400158627793,0
supplemental,-0.3195654665813742,0.23828764085416965,0
supplementation,0.1670203113927624,-0.21077723899881873,0
supply,0.09369809833649681,-0.2027907657034712,0
supportive,0.006846811337182735,-0.01539208778887349,0
suppose,0.12228630897076607,-0.08038401807364708,0
suppository,-0.037161202078488054,-0.3192276786343239,0
suppress,-0.25932841689756503,-0.34650979108394864,0
suppresse,-0.14693819554390086,-0.2544841251552369,0
suppression,-0.28353302165062966,-0.22660200768774746,0
supra,-0.017719184990105732,-0.20996447578742922,0
supraphysiological,-0.07912471913935455,-0.10396023567673521,0
supraspinal,-0.06577574351295709,-0.034916664145388195,0
surampudi,0.02944532249069258,0.5545795283460413,0
surface,0.07630404744511558,-0.12951738903212479,0
surge,0.02578043412652461,-0.11809122217017264,0
surgeon,0.03287401822152822,0.04681570853090234,0
surgery,-0.040591213014804554,0.30337444472394753,0
surgical,-0.1050959447587882,-0.021846576758204693,0
surgically,-0.08824929448026056,-0.29544900189377543,0
surprise,0.21384005009076093,0.10695109270076886,0
surprised,0.20342411916777492,-0.26578948736974056,0
surprising,-0.019300450342932637,0.04381800299308632,0
surprisingly,0.23425551006387912,-0.2179950146724895,0
surround,0.09693814779333969,0.09259051154480351,0
surrounding,0.03859411618444252,-0.23560851736819813,0
surveillance,-0.2664236235635816,0.07997258630895128,0
survey,-0.13415357096779962,0.09751016477211687,0
survival,-0.11148607797106479,-0.12414684591413769,0
survivor,0.01186749934278423,0.10911624762186733,0
survivorship,-0.12812775926814463,-0.06781035284696053,0
susceptible,0.074755010222394,-0.007223355208063423,0
suspect,-0.29106216043199434,-0.0018576510832093802,0
suspend,0.07338284353036696,-0.25447412041372175,0
suspicion,-0.26247906934618526,-0.12063268148075398,0
sustain,-0.04617541259399517,-0.3399454264420853,0
sustainable,0.06104762848440539,-0.003832783111213612,0
sustainably,0.23147449018202806,-0.13100594434829885,0
sustained,-0.03268567001179066,-0.14797002449477048,0
sustanon,-0.09030109577954985,-0.35550353714531024,0
swallow,-0.0705300378370736,-0.32762094421759574,0
swap,0.07221326255405275,-0.13879655789489065,0
sweat,0.08352139735937841,-0.11164912747541099,0
sweaty,0.030190814936288814,-0.1461989506982452,0
sweet,0.2101426611581849,-0.04206684604578376,0
sweeten,0.02358301904206104,-0.35745343129845614,0
swell,-0.19428288924928588,-0.2750771998944061,0
swelling,-0.17417972584537791,-0.38939668020963997,0
swerdloff,0.012030270964515566,0.4757135258006805,0
swimming,0.004545486898207288,-0.2498543488194156,0
swing,-0.06911315557140649,-0.08526524737094503,0
switch,0.16859024692189825,-0.22288983330563852,0
swj,-0.1456342271823179,0.39133398031567834,0
swollen,0.0824190099460897,-0.38338452001446316,0
sydell,0.211684114480763,0.1629787489809467,0
symbol,-0.015417033208640789,-0.40518898604152176,0
sympathetic,-0.040209150953713156,-0.08383140334669699,0
symptomatic,-0.25159500230280435,0.08893718627251636,0
symptomatically,-0.19498484321238638,0.06389449583026811,0
symptomology,0.34009897253582166,-0.008914375385770596,0
synder,0.24385529006587173,0.39230737502791696,0
synergistically,-0.05056696753595724,-0.0020906630462303017,0
synthesis,-0.18953012203074315,-0.13660005948589254,0
synthesise,-0.33935679453773687,-0.024305564724148628,0
synthesize,0.05962733391477805,0.07241655290701568,0
synthetic,-0.1617089465708696,-0.12191732681662111,0
syphilis,-0.27414198451296945,0.15941831912942578,0
syringe,-0.0815958843395049,-0.3040262062774426,0
syrinx,-0.019647419294264692,-0.1379126064204079,0
system(s,0.07786090223899392,-0.13498260740412132,0
systematic,0.02134014585819825,0.3856596234263995,0
systematically,-0.07232024571817622,0.26837520263186293,0
systemic,-0.19834915564644817,-0.17026818348207662,0
t.g,-0.008311417222681155,0.41162929846048174,0
t.h,-0.016917956637863656,0.3288661381494198,0
t.m,-0.24879592110978713,0.38244701212234955,0
tab,0.2809396182971453,-0.21500353038062356,0
table,-0.0406372962111386,0.18436927539797407,0
tablet,-0.03586681557513689,-0.29490607994151424,0
tackle,0.14050111880860552,0.21734637334465934,0
tact,0.07122989952669047,-0.029762106031237655,0
tactic,0.13360094927255736,-0.0035434531709193115,0
tadalafil,0.05506325189390975,-0.25904064998186505,0
tag,0.07653406102854196,0.18841652029625636,0
tailor,0.08844394061685074,-0.03391058947403027,0
tailored,0.1998003067650349,-0.014155228547908608,0
takeaway,0.06582782720122102,-0.2037665421945191,0
taker,0.16133355263512494,0.12053947629593899,0
tale,0.39883532789246595,-0.06749583854337733,0
talent,0.31516995215940935,0.030459216923232703,0
tall,0.21772286127902968,-0.05494666278015283,0
tammany,0.49819885350377696,0.2072047774626495,0
tamoxifen,-0.20964144805098686,-0.1187769504654682,0
tampa,0.12129433001413105,0.03801983567215222,0
tandem,0.04050528094909102,0.059854694551079016,0
tank,0.22658115495641015,-0.20852466179855128,0
tans,-0.04046542171174158,-0.34667133675218637,0
taper,-0.17140633863705787,-0.12566050400205386,0
tapering,-0.09826939902486559,-0.23448479147010706,0
tarantino,-0.2385262705398836,0.38742179901549934,0
target,0.03237204100303149,0.11050008900298569,0
targeted,0.29430743905523965,-0.19140402758766767,0
task,-0.0703096681441751,-0.19062391411253754,0
tasked,-0.1090933333513093,0.21081465700551785,0
taste,-0.0754645567179493,-0.21241082116469923,0
taylor,0.02588886783530896,0.2329240198773325,0
td.5,-0.18897553542331808,-0.006677570630194949,0
"td.5,6",-0.24690741253076776,0.06800254492976174,0
"td.6,9,25",-0.02763605702773576,0.06404040179708712,0
"td.76,77",-0.3203734756922832,-0.0008723635876976856,0
td5,-0.2761622797524007,0.27285820506350167,0
"td5,7",-0.25497379907663015,-0.019714175860162497,0
tds,0.05731723981528832,-0.238631653035124,0
tea,0.06128212767849611,-0.2901940825660946,0
teach,0.1744020284613574,0.04872798110780707,0
teaching,-0.3731892289028803,0.06551520686567212,0
tease,0.24796802753810174,-0.06322039831909634,0
technical,0.23067395458120504,-0.11785546097297701,0
technically,0.1680801236942724,-0.1592855276673458,0
technique,0.009244291558565746,-0.039615798215407644,0
technology,0.13262373483736173,0.1098102984638872,0
teen,-0.008210665946198133,-0.30013928476633517,0
teenage,-0.023922658708259385,-0.23632952034585222,0
teenager,-0.20301810560080685,-0.18742669907691795,0
telehealth,0.20502515945349095,-0.0953392192729537,0
telemedicine,0.293064516960513,-0.09956325811752263,0
telephone,0.1788604173027479,-0.19880538236908485,0
television,0.24786298977947738,-0.12392973130432584,0
telling,0.4643146136978563,-0.04626211045871329,0
temperature,-0.31990946073715576,-0.13078314904428967,0
temple,-0.06139299153208685,-0.22365584638626718,0
temporarily,-0.20656892085675616,-0.15580511986945306,0
temporary,-0.11817179641283808,-0.13510848667084896,0
tend,0.634528736964776,-0.3928080590098712,0
tender,-0.2412622949339848,-0.27268568399428805,0
tenderness,-0.16771164806228325,-0.27269563703052535,0
tennessee,0.2625129517889104,0.052057910723558413,0
tension,0.0015962614159325973,-0.15997208992474993,0
terminally,0.03958360628439356,0.3226983514677941,0
terms—“secret,0.0874298584917704,0.05255634266580443,0
terrible,0.2609858805335403,-0.10690005566794347,0
terrific,0.1830644656261257,-0.25938664504505293,0
terrifying,0.14817076333995885,-0.026285718164355227,0
tertiary,-0.021179649807755132,0.11454736608190005,0
tertile,-0.15290845473200457,0.1270063864474732,0
testable,-0.2615338094134237,-0.11486598790649247,0
testament,0.049475881141629256,0.10076137922032191,0
testes,-0.29972954621217845,-0.19206011567195744,0
testim,-0.07564889358663639,-0.28786727782072746,0
testimonial,0.05123408896781912,-0.01905845299161454,0
testing.com,0.1723451820659706,0.24004846999067192,0
testogel,-0.007268704229094459,-0.4071187940371051,0
testolactone,-0.28307972648193747,-0.1391348734678509,0
testopel,-0.17572290678409844,-0.47849192616975644,0
testosterone.27,-0.026917723075742167,-0.04460549688669314,0
testosterone.5,-0.34091010429265095,-0.1984666714112569,0
"testosterone.54,55",-0.13606847539894038,0.07910572850168428,0
testosterone.9,-0.29303439454585095,0.029140487292984397,0
testosterone.you,-0.18399394241585723,-0.16078786942015297,0
testosteroneto,-0.33901795640288,-0.12099901316097571,0
tetanus,-0.18152230675230893,0.17641484353025208,0
text,0.08289317300915688,0.11013124269610565,0
textbook,-0.01914306185186851,0.49260720157935073,0
textual,0.14585501285374194,0.04775354091747697,0
texture,0.10618967833601926,-0.17775382731430392,0
tgrp,0.24045372406713042,0.35795030657143206,0
thalamus,-0.4434323191879073,0.015929048330844048,0
thalassemia,-0.46130549174399194,-0.2623414712778555,0
thank,0.2944439248580887,-0.006324126170849984,0
thankfully,0.20767194666326907,0.04820208709913688,0
theirs,0.41341482211993325,-0.15163685462410795,0
theme,0.11632964647698757,0.2662248739161833,0
theoretically,-0.33153763110593687,-0.17586537124597612,0
theory,0.10697759969714626,0.26736218577913823,0
therapeutic,0.22484148834370707,-0.017950332636624076,0
therapeutic.446,-0.07623093181554465,-0.03795911224923748,0
therapie,0.09721286427251466,-0.37073881010057524,0
therapies.417,-0.18734597735335035,-0.14487086299650528,0
therapist,0.07144478147796716,-0.1000613706367141,0
"therapy.28,29",-0.12766917047294132,0.13477892987465098,0
therapy.5,-0.09696093731729775,0.1872431543835309,0
therapy.75,-0.12130144838285029,0.15618012030622533,0
therapy6,-0.3983315299236931,0.1435287734994007,0
therapyis,-0.09817297232088272,-0.37944955841954947,0
thereafter.438,-0.059458997833020895,0.06820176570976032,0
thereof,-0.3040019672339486,-0.16161173164749543,0
thermostat,0.021405761044565583,-0.4015029310424412,0
thescoperadio.com,0.37745358972304865,-0.06471848578895716,0
thewissen,-0.05154289992460126,0.304303966653379,0
thick,0.0665464849089036,-0.4006208015318912,0
thicken,-0.3628785151604219,-0.22881590690612325,0
thickening,-0.2397722723512639,-0.24472432953191361,0
thickness,-0.3713285439775776,-0.2927078690100558,0
thigh,-0.15973669197895707,-0.2940714202097191,0
thin,-0.045387959351005,-0.14693847082571648,0
thinking,0.12810721877367262,0.01780345512375315,0
thinning,0.1330178488510658,-0.3352414289871275,0
thirty,-0.0704057094898896,0.033483445382176354,0
thirumavalavan,0.04134449720297631,0.07707315574065254,0
thomas,0.07261642591861256,0.0494093516464589,0
thoracic,0.2123229134994388,0.21894111074786593,0
thorough,0.12480629209454785,-0.02583781696747323,0
thoroughly,0.1350479511585145,-0.035386726241259145,0
thought,0.041755014240971354,-0.050943920750128095,0
thoughtful,0.01155082730157264,-0.15654683920665238,0
thoughtfully,-0.00650231202730762,-0.005236954273570983,0
thousand,0.33042175254976697,-0.02495942900634158,0
threat,-0.2898106340980624,-0.18130038638366522,0
threaten,-0.2729810590881839,-0.29121320103763465,0
three-,-0.03501719759477714,-0.3035492013723588,0
threshold,-0.18783699178100072,0.020636695850682493,0
thrilled,-0.01584888165932451,0.17180210095607254,0
thrive,0.1895762385217298,-0.028330014518355477,0
throat,-0.08046024597987597,0.1314522537486828,0
throb,-0.19813846690576953,-0.34425470531165336,0
thromboembolic,-0.1512506375650292,0.003381152937221744,0
thromboembolism,-0.08189973322839686,0.0230809871570393,0
thrombophilia,-0.1689781203646839,-0.06648690026771933,0
thrombosis,-0.18457587956873248,-0.026008732502845276,0
throttle,0.1351390026406366,-0.2351591752189589,0
throw,0.13700803964962277,-0.08605482046356878,0
thyroid,-0.6400895362988211,-0.42009050166595524,0
thyroiditis,-0.6350184889287622,-0.02751236318010345,0
thyrotropin,-0.2927118086266147,-0.2532825058327667,0
thyroxine,-0.42676306852383017,-0.06810127385467696,0
tidbit,0.3194828287958647,-0.0552906143880226,0
tie,-0.06269237862461674,-0.00733156046698595,0
tightly,-0.19837040554344193,-0.07433350014178253,0
timed,-0.15449804950110207,-0.2864335301136585,0
timeline,-0.1650160946293907,-0.017833819877920324,0
timely,0.18219551259983255,-0.16546311912452416,0
timer,-0.15136755875134048,-0.31148776959812574,0
timing,-0.16443544414559008,-0.09358027188430283,0
timothy,0.05092738139295973,0.23118773709620802,0
tinker,0.061389312662794404,0.008313316897134148,0
tinkering,0.09323503246915084,0.13379055255375225,0
tiny,0.016300638741446303,-0.22853731745548606,0
tip,0.14078459520487965,-0.1220182940783471,0
tired,0.32964856884833393,-0.11782674544203867,0
tiredness,-0.13801198012780744,-0.13010372183978142,0
tirzepatide,0.05910145336330119,-0.22036165068321867,0
tissue,-0.23718212107993442,-0.5344673361654816,0
"tissue.44,45",-0.19861642540754068,-0.04413108657870977,0
tit,-0.06596863516682518,-0.251989392400859,0
title,-0.21804432185777406,0.08798324790975236,0
titrate,-0.025843021288435828,-0.14890226742516743,0
titration,-0.17719798995608466,-0.1056932645681838,0
tlando,-0.14341974071194083,-0.41321108293739817,0
tmt,-0.2669720560827526,0.03552473997178626,0
to-1,-0.09472658023440288,-0.2785338975158838,0
tobacco,-0.20819485815154595,0.0691645165825588,0
toledo,0.1855354876987609,0.21355883410003096,0
tolerability,0.15596072153443893,-0.12246880465808076,0
tolerable,0.11327229073317158,-0.049732968526400655,0
tolerance,-0.18592320737238818,0.014119065182567727,0
tolerate,0.02752200063741431,-0.07794658675099256,0
toll,0.16725404782788134,0.34144650768213003,0
tom,0.28357848176134914,-0.017680204621252218,0
tomlinson,-0.2752687449168433,0.5392762528022883,0
ton,-0.019420187435107695,-0.25635317181848155,0
tone,0.17367304545952608,0.04206870935251659,0
tongkat,0.1753612588257452,0.014609559753352968,0
tongue,-0.11086509094632761,-0.2544379589231751,0
tonsil,-0.21979390590776113,-0.36258791215733,0
tool,0.13431893762390337,0.11535704742774436,0
tooth,0.043682789808692675,-0.3063500234560957,0
topi,0.09777341608245682,-0.0928093261877048,0
topic,0.17886619071663645,0.02948253788766569,0
topical,-0.5170052878480004,0.13709563780248513,0
topically,-0.03529851353875663,-0.22928677330655164,0
toronto,0.06376699337869479,0.3169867150182501,0
torre,0.3133859777178005,0.16266723072274786,0
torso,-0.062082501829210775,-0.1991187872639358,0
tosterone,-0.24528719815446703,-0.032390632447591605,0
tostran,0.025237008896913916,-0.41374064545984574,0
totally,0.30903597254244897,-0.06014995039195754,0
touch,-0.05438463523172458,-0.12736991811503431,0
tough,0.10647288580383828,-0.10450002052997749,0
touliatos,0.0013936291796318087,0.3359399659562148,0
tour,0.35053137910301696,0.3170501369343781,0
town,0.1580622681739207,0.029342218885243024,0
toxic,-0.037936260062390446,-0.07175716097863112,0
toxicity,0.17026138486177414,0.08348850788190729,0
toxin,-0.20340264919869255,-0.08347859805075383,0
toyota,0.35475998937454556,-0.013855654086573677,0
trace,-0.023729924605821216,-0.2606874267693227,0
track,0.04776446351824551,-0.07981578565946092,0
tracker,0.16954335821713207,-0.1435583130493875,0
tract,-0.31567469084593214,-0.11726362712943503,0
traction,0.045419367431916276,-0.11983089466287512,0
trade,0.11650100633295932,0.0007361065469054386,0
tradeoff,0.039467736319673666,0.11742079709111856,0
traditional,0.18795458664524,-0.1577523801732137,0
traditionally,-0.19111175555353657,-0.19582465937552793,0
trail,-0.11450428263565449,-0.37389705899557485,0
train,0.23647496662007808,0.0528366522876347,0
trainer,-0.0036805944299827366,0.20716434464503425,0
training,0.10424138928155476,-0.18925255396152726,0
traish,0.006612036040168186,0.42287028373022195,0
trait,-0.09470575913187695,-0.0012602764007282508,0
trajectory,0.1422215210241069,-0.19449646270507667,0
trans,-0.08471991370319897,-0.3996828933383179,0
transcript,0.28634836886671605,0.1537851851175777,0
transcription,0.14035012579869804,0.030277783001652334,0
transdermal,0.009836712135684997,-0.29361728259231135,0
transfer,0.02478018574051854,-0.18220483385719313,0
transference,-0.0019394179812774002,-0.26511561549864554,0
transform,0.07135734946872885,-0.19984796259423804,0
transformation,0.2149732786923218,-0.11362306584607951,0
transformative,0.2394050826868735,-0.06896377008249266,0
transgender,-0.21004754497072084,-0.00020015337854332546,0
transient,0.24886642780997517,-0.27107260886429,0
transition,-0.08715589256132382,-0.2513817260488497,0
transitory,0.20652834809675064,-0.12825109958598627,0
translate,0.09823836731551808,0.13751372573935997,0
translational,0.08006861102131362,0.2371585536254268,0
transmission,0.031022654233061164,-0.13006878016674053,0
transmit,-0.23782465975020647,0.07382050287493327,0
transmittable,-0.15482098048333334,-0.2449097521827564,0
transparency,0.23032561594665238,0.1491857044915526,0
transparent,0.2044681681004997,0.24281338999635618,0
transplantation,-0.13555533884014845,0.3346037049875863,0
transport,-0.046663896443169255,0.11270240771285579,0
trauma,-0.3793915411602251,-0.06847746655761888,0
traumatic,-0.24621592940983247,0.06270789243388322,0
travel,-0.01113544238882004,0.13643849230817537,0
traverse,0.07036200520493242,0.1553977399757094,0
travison,-0.010390242847292931,0.40774502205405333,0
treadmill,0.23842075295237433,-0.22810324498612883,0
treatable,-0.026451410778499718,0.1019575703387385,0
treating,-0.04344525316158722,0.03349200092921131,0
treatment.2,-0.35772074585449387,0.14932072933457768,0
"treatment.7,27,31",-0.18215028987974524,0.14364948577479153,0
treatments.regenerative,0.09028143677797966,-0.3791411272428361,0
tremendous,0.014251417175984386,-0.1625747828863833,0
tremendously,-0.005103781083788184,0.0956693192193051,0
tremor,-0.29696731654837155,-0.10089715451411942,0
trend,0.06407083572451182,0.04601186949725933,0
trh,-0.40317490474624634,-0.2691510641564119,0
tri,-0.5918560953708997,0.0035532945224679307,0
triale,0.017304784115699457,-0.09425090474075244,0
trick,0.11323560897766284,-0.2486729568338492,0
trickle,-0.17364548008129005,-0.5096266786923304,0
tricky,0.3123047176295901,-0.02106685805854592,0
trigger,-0.14141995334985283,-0.35282112339069455,0
triglyceride,-0.34185731869294433,0.09002257788076891,0
triiodothyronine,-0.34724325956691415,-0.12278461931542886,0
trim,-0.24819034419095923,-0.15948320607861022,0
trimix,0.1396653258410384,-0.18489521249620877,0
trip,0.05056092071555449,0.1870239661110339,0
triple,-0.02646389310025199,0.27056988465045057,0
triptorelin,-0.46528833523323865,0.09663667196650497,0
trivialise,0.04661116506967059,-0.1849720294742556,0
troche,-0.07153926092405712,-0.16226869710645625,0
trost,0.138097289849273,0.3382693376659715,0
trouble,-0.037769579936265056,-0.3238237089758429,0
troublesome,0.0007991808896760765,-0.06431719842331343,0
troubling,-0.4063603890426078,0.4031614292631649,0
trough,-0.24083060150340624,-0.05312085460055901,0
troy,0.36153842044153117,-0.1681477307593331,0
trt.â,0.3142864110114376,-0.3754039705202209,0
trucker,0.20262475800162327,-0.2524709397509123,0
true,0.24425228545754374,-0.1073976911761987,0
truly,0.1149228951282349,-0.07555076038458296,0
trunk,-0.3054017341794819,-0.2298654420985767,0
trust,0.23174005911185883,0.07086622408236352,0
trusted,0.19900329917241283,-0.12106682803665535,0
trustworthy,0.10983215629604244,0.023374938591098085,0
truth,-0.14656248526323346,0.04065514857837857,0
truven,-0.24165525280946928,0.15540740274640938,0
tsh,-0.3841472420331781,-0.19772141875420685,0
ttrial,0.058092337735215285,0.31451168290840475,0
tub,-0.46852092448985994,-0.11306544843042893,0
tube,0.036153158841784466,-0.29254607950983946,0
tuberculosis,-0.29099289849628557,0.12886212579499629,0
tuft,0.02959481925760372,-0.10745607961908095,0
tumor,-0.44611128115860516,-0.001134482810654124,0
tumour,-0.32032918905947916,-0.13626486978424382,0
tune,0.2801492625374273,-0.11306753521184343,0
tuning,0.03621483734290891,-0.14301176598047774,0
turley,0.8003049116406653,0.2939880659096917,0
turn,0.346437846614408,0.04832889856288003,0
turner,-0.4096602332189309,0.10281223132932084,0
tweak,-0.05548501758510901,-0.26756437268740296,0
twice,0.01866326460022512,-0.30077372390844404,0
twist,0.08020006403658109,-0.10080732979927967,0
twitter,0.14704213074971817,0.14107708666452248,0
tyler,-0.032184919338581176,0.4197488599282348,0
type-2,-0.23381101609436195,-0.2892757077953647,0
typical,-0.2673120585069788,0.10238384988844315,0
tügertimur,0.19910553150560542,0.47392060978210626,0
u.s,0.14344179261877957,0.06884793883184677,0
u01,0.17672427144111452,0.3022709079699439,0
uab,0.1495614407143739,0.1977186213585866,0
ucf,0.11688926102965048,0.12200253101159236,0
uchicago,0.24085762171568317,0.22704601584898187,0
ucla,0.24574166390725374,0.13779853988925178,0
ucsf,0.07586428240417713,-0.03277910221349579,0
uhealth,0.2294505218658425,0.3021159203005144,0
ukas,0.2657991340954325,0.08472620257768755,0
ultimate,0.2592542417801188,0.10105598962645175,0
ultimately,-0.07439924273735023,-0.080490020042931,0
ultrasound,-0.011067559057059386,-0.05737290710704449,0
umiami,0.0373575661316447,0.29375337464823037,0
unable,-0.15935180925119422,-0.1392794566165695,0
unabridged,0.13554525310324297,0.27891093389749494,0
unachievable,0.06547163472321417,-0.15154838207991503,0
unaddresse,-0.16454683557183766,-0.2845959402095496,0
unattached,-0.014461382986460948,0.11368960453740364,0
unavailable,-0.09547291661513475,-0.1394252921096627,0
unavoidable,0.02164793019441034,0.02021980039996502,0
unaware,-0.07666003260331915,0.07478167504222831,0
unbelievable,-0.0847959256114959,-0.08548668034621458,0
unbelievably,-0.07242669577531897,-0.029089213841030016,0
unbiased,0.06244191244692549,0.09310169061076631,0
unblinde,-0.23947010868134977,0.12805589477279508,0
unblock,-0.15085959678551977,0.08411417277601048,0
unbound,-0.06153454624257918,-0.31635444527912165,0
unc,0.3030616894001317,-0.18695136490528974,0
uncertain,-0.00607742232649194,0.046928314031434444,0
uncertainty,-0.09610917567347713,0.13732359729677782,0
unchecked,-0.16182559529742974,-0.16816415644787214,0
unclear,-0.007469971631743009,0.028151565039891323,0
uncomfortable,0.051356929847244596,-0.15948270710914697,0
uncommon,-0.20823606151662621,-0.25551520329808297,0
uncompromised,0.25881171543380954,-0.07740075184148071,0
unconscious,-0.0454478482020191,-0.3037380031805775,0
uncontrolle,-0.3213484897527411,-0.039321171635687116,0
uncontrolled,-0.1008249058131252,-0.08857890931616827,0
uncover,0.5926869898029231,7.124701803566539e-05,0
undecanoate,-0.12878858217539818,-0.2978448363276027,0
undeconate,-0.10284139951395531,-0.31948267202299796,0
undenaconate,-0.12579661769973002,-0.025534586898119785,0
underactive,-0.2923674142602738,-0.20183585228118137,0
underarm,-0.06605157007105691,-0.26040354925517883,0
underdeveloped,-0.3684475554924966,-0.1689442998277384,0
underdevelopment,-0.2703762751311964,-0.10879462608821182,0
underestimate,-0.17086070956470736,-0.10975732025611037,0
undergo,-0.22865127714501546,0.02602080785011512,0
undergrad,0.21458045578657575,0.1900166286271515,0
undergraduate,0.08560351803279236,0.1974526750879573,0
underlie,-0.2801373509643263,0.2449929213264933,0
underlying,0.06954648811632716,0.022092054410443214,0
undermine,0.23959522620002272,-0.1448000430364787,0
underproducing,-0.26413566939979116,0.21976801232010676,0
underproduction,-0.24963392178003618,-0.06518063198176047,0
underscore,0.013415133903110719,0.04308464700297745,0
understandably,-0.14749510519081374,-0.07421694427736046,0
understanding,-0.04324535308008319,-0.05683150532215095,0
understate,0.20107361545389058,0.0538510428625174,0
undert,0.24561216706289493,0.11147082507056824,0
undertake,-0.07862663854756072,-0.0821125497744069,0
underutilise,-0.48503999656380037,-0.1816664014032988,0
underwater,0.2492292601252424,-0.04211819091103726,0
undescende,-0.24862220941445756,-0.0734466877023682,0
undescended,-0.26187959145874584,-0.17866921496405316,0
undesirable,0.1569773072095965,-0.3537672263473734,0
undiagnose,-0.010668879594265579,0.06604571651258746,0
undiagnosed,-0.23553159195574513,-0.01639516700353582,0
uneasy,-0.3198053996796577,0.14727045526269322,0
unequivocally,-0.10332978370941681,0.19106655141622575,0
unevaluated,-0.3185051984867497,0.20492275728153933,0
unexpected,-0.2076556785601489,-0.0931850867278204,0
unexplained,-0.2885582264540531,-0.12162508519495774,0
unfamiliar,0.291287065949426,-0.30487789305706636,0
unfavorable,-0.19464317530110117,0.34561700117251787,0
unfavourable,-0.28619973022517153,-0.07824259121144643,0
unfortunately,0.13021230068866363,0.003082744801778229,0
ungrade,-0.1273058048400877,0.14942558514403315,0
unhealthy,-0.09301552099406665,-0.1753627223427584,0
unhelpful,-0.017534597494432477,-0.01598354001762189,0
uniformly,0.24448902267013664,-0.12996281087437822,0
unintended,-0.08561984277671965,0.10184994364277901,0
unintentional,-0.16228373498697202,0.2592754159817269,0
unique,0.06659752030205912,-0.03273695770129503,0
unit,-0.37709909404383685,0.02959531874826844,0
united,-0.043767802048984214,0.16824146003817433,0
universal,0.19699357864463093,0.3746809533595135,0
universally,0.04127679401767384,0.053760856673644594,0
university,0.16662526391843974,0.3751538521097422,0
unknown,-0.12294748918158982,0.11716948967703683,0
unlike,-0.07470444999623292,-0.1880482199498239,0
unlikely,-0.040726235278092916,-0.37680013651194366,0
unlimited,0.21546714888910334,0.07671713895832745,0
unlock,0.14500380427674842,-0.12124010954154216,0
unmask,-0.21692546222836795,-0.0728361248959626,0
unmatched,0.1925998840868941,-0.10602512724018406,0
unnecessary,-0.22539428941411502,-0.14052846371093053,0
unnoticed,0.22359043715824828,0.4149883971452372,0
unpleasant,0.2651758275118486,-0.3187884959614821,0
unprocessed,0.0477095032920393,-0.24779680753126068,0
unpublished,-0.19897064828202424,0.055992561060503994,0
unrealistic,0.11604125762285258,-0.17607047458885738,0
unreasonable,-0.13235021808297187,-0.12295876974310092,0
unregulated,0.24635235779614031,0.05671562269782319,0
unrelated,0.3564611419688832,-0.26680870654101857,0
unresolved,-0.11172256377487468,-0.19569036609317436,0
unsafe,-0.39990632156211414,-0.3872297692240286,0
unsatisfactory,-0.11434009433358953,-0.4046315132749605,0
unsettling,-0.11560093642457835,-0.2693494505664357,0
unstable,-0.36353774352289286,0.3434302702013946,0
unsubscribe,0.29448421079248954,0.11453683821574179,0
unsure,0.12903657087817486,-0.021129282322239016,0
unsustainable,-0.17176659047799808,-0.22008973761697143,0
untested,0.293569068544617,-0.3130553646023495,0
untreated,-0.30209225715137455,0.09814258232541492,0
untrue,0.09849244942539277,-0.052103342468416386,0
unused,0.06141408192911883,-0.10995428139910346,0
unusual,0.002111913792140286,-0.03242957003354624,0
unusually,-0.3370950816028233,0.21274370714226692,0
unveil,0.031329786339295604,0.1563317502725369,0
unverified,0.1512399676459466,0.06046864232182463,0
unwanted,0.08374239085325592,-0.09749577715848018,0
unwashe,-0.021387599211233916,-0.19658085012869772,0
unwaveringly,-0.20633873985160409,0.014351419358805705,0
update,0.04167214674633616,0.30190837280842353,0
update.11,-0.17373283415795354,0.18145095574018882,0
upload,0.1505521428464391,0.02352699440564728,0
upmc,0.2509220800405686,0.08021004468687266,0
upper,-0.013447441251545376,-0.24478520369900392,0
upset,-0.1436622605458124,-0.04378241702879793,0
upside,-0.015622605154070386,-0.11418221428734758,0
uptake,-0.21402422816997763,-0.19464566809128866,0
uptick,0.16986613891678304,0.04383534214642706,0
upward,-0.037993247595467544,-0.28899509530263984,0
upwards,-0.28827720742199353,0.09664748842297498,0
urea,-0.3991194000511173,-0.04743075057075044,0
urethra,-0.06104387871207994,-0.1730940826977452,0
urethral,-0.03124446248689319,-0.20528859527406662,0
urge,0.07860797854668004,-0.037825978330943255,0
urgency,-0.19684129378266443,-0.2046851958134931,0
urgent,0.006283566077156056,0.038914658097356405,0
urinary,-0.25199592033792084,-0.03296358143404953,0
urinate,-0.25997739102511747,-0.09327816537727204,0
urinating,-0.26266887615590245,-0.22602990336478684,0
urination,-0.10535841591603251,-0.2546253569001444,0
urine,-0.0792500762643041,-0.28636232360030717,0
urmc,0.07159737936953153,0.16838086409995667,0
urol,0.026608562439800025,0.38496237095002056,0
urologia,0.16595637909451708,0.2628790277131414,0
urologic,0.1723857890947445,0.17502045210782358,0
urological,-0.032558035816250705,0.2961642181951583,0
urology,0.21584727216901442,0.45196169206598946,0
urotronic,0.037810317026290216,0.4001812087267931,0
usa,0.11648317030407247,0.10515248374582734,0
usable,-0.1904285301040095,-0.022260558434279525,0
usage,0.03829903601088194,-0.015568441251750087,0
usc,0.23528363240363054,-0.14804252734460666,0
useful,0.025960940676133627,-0.15397508588376757,0
user,0.1460123677523211,-0.1683265505293163,0
uss,-0.1372220191686474,0.004723035503235053,0
usual,-0.24413794904863892,-0.15042513751566625,0
usually,0.6667876750311161,0.02062916575931023,0
utah,0.25969161203173846,0.1540609230976073,0
utero,-0.23941219651928464,-0.07965568403834106,0
uterus,-0.15972455277223205,-0.15906806507053348,0
uti,-0.15015759461381337,-0.186301049198332,0
utilisation,-0.007283345330552899,-0.1023616183811825,0
utilise,-0.20509652507339038,-0.01783510032339114,0
utilization,-0.3876013362854022,-0.05181041125164883,0
utilize,-0.1137752655630373,-0.14533064285298042,0
utlized,-0.5096750941319707,-0.07879085139162212,0
uva,0.0845481401860309,0.20358444550283603,0
vaccine,-0.015745486391997857,0.15338934343078198,0
vacuum,0.09817315620905637,-0.23556360672135176,0
vaginal,-0.2552497535445861,-0.44220750684615123,0
vague,0.26570553946961,-0.008680968449695906,0
valenti,0.06893708382344642,0.5832998721427745,0
valet,0.3040030374491241,0.14098012107936236,0
valid,0.20926459293036787,0.2542504232844278,0
validate,-0.20635828682564014,0.12089576899489414,0
validated,-0.08655506690998707,0.1704783152052001,0
validity,0.08065638141437083,0.26343030547817975,0
valuable,0.12014501441228034,0.11854041022486089,0
value,-0.13184997756481445,-0.059668330355952016,0
values.428,-0.21559240108429908,0.10003391171498309,0
van,-0.017279934246778924,0.3040395474361736,0
vancouver,-0.0038907599468850406,0.36935836170820846,0
vanity,0.2636844864770988,-0.05812132386689475,0
vardenafil,-0.01742094723123797,-0.24619688964929334,0
variability,-0.12454585423480574,0.030169591593216263,0
variable,-0.11262453859744426,-0.09456115015571816,0
variably,0.021669203992988002,-0.1486598962919775,0
variance,0.0452802515283847,0.20403811584076129,0
variant,-0.30372995179370266,0.07189578349390909,0
variation,-0.12297807385558297,0.0380288511414285,0
varie,-0.03651267200497073,-0.12232619375637714,0
varied,-0.05077031621655921,0.022719715229787236,0
variety,0.041345932954479386,-0.021807568050649234,0
varying,-0.05091475759719815,0.22378402469524453,0
vascular,0.15827481171314486,0.18546164029848075,0
vascularity,-0.0217416944854769,-0.43823877730071137,0
vasectomy,-0.04873205660038738,-0.022498507856040552,0
vast,0.021615411396997047,0.052247295913775894,0
vastly,0.0927616198040916,0.1653115608260707,0
vattikuti,0.30771905163902624,0.2474801844828365,0
veciana,-0.042889265749429625,0.17502088768193277,0
vegetable,0.06900983814738165,-0.23166730263963783,0
vegetarian,0.058040170836912264,0.021738871469819114,0
vein,-0.07103431323521169,-0.24831850556194504,0
vendor,0.05189068058168044,-0.08210107664307002,0
venesection,-0.2408710310080235,-0.11761842725358919,0
venkataramany,0.12677218132557908,0.248087412149266,0
venothrombolic,-0.24890439325578953,0.2106388802039225,0
venous,-0.12596477793420408,0.008584121772882447,0
ventilator,-0.1757476152717146,0.3839109887694306,0
ventura,-0.041641075707521576,0.27815691207449716,0
verbal,-0.17402178730605006,0.2799525925140442,0
verboon,-0.03377656592854296,0.31704098976873185,0
verify,0.13493283272243248,-0.07872248111873803,0
versa,0.24259632040862164,-0.25592517921265645,0
versabase,0.11384172122901386,-0.42209205782562825,0
versatile,0.09384202993930164,-0.2514882845960262,0
version,0.10915510818262338,0.0718734182745834,0
versus,-0.016735878168855974,-0.03903910983269564,0
vesicle,-0.13278969499205764,-0.3019739153915517,0
vessel,-0.11133285367327383,-0.23444420983333014,0
veteran,-0.23326973084228708,0.43578467476905497,0
viable,0.03617747458713645,0.03061207047049456,0
viagra,0.04613494346042237,-0.2607230094425831,0
vial,0.01470857180626194,-0.37602804624468544,0
vibrant,0.09683994729668541,-0.31505028961967296,0
vibrator,0.18715343502739282,-0.10384832309875253,0
vice,0.2386594916139571,-0.2594238556097771,0
vicious,0.09651991168142833,-0.25870778835026703,0
victoria,0.18509006988154822,0.12365026818670781,0
video,0.11280647590121767,0.056210493220759786,0
view,0.28680695577141224,0.08711055673175343,0
viewing,0.12497632434314376,-0.18419875966908789,0
vigen,-0.29125876803200795,0.16902500923616906,0
vigilant,-0.2717369882610962,0.12265893071921218,0
vignera,0.012922090944990009,0.3746171394285196,0
vigor,0.008564816212071722,0.16900130441398287,0
vigorous,0.2559945706157955,-0.28895655025368977,0
vigorously,-0.19613763260880934,-0.26761534471425885,0
vincenzi,-0.2265241256261452,0.3819374514559237,0
vinci,0.04217205379837658,0.005977736556552192,0
violence,0.18889111348976675,0.15321264569226792,0
viral,-0.16998122505323607,-0.024924727673297398,0
virgin,-0.013313342229184654,-0.30573169096866837,0
virginia,0.27250402295218845,0.13067407169269046,0
virility,0.09168681280797913,0.011589571332583839,0
virormone,0.0005599044746738886,-0.5177413717186224,0
virtual,0.3144357010789352,-0.0941109329600804,0
virtually,0.1529947305919283,0.09798385329790313,0
virulence,-0.23444381703985157,0.3468376711039872,0
virus,-0.2932184568662158,0.06261929533728235,0
visceral,-0.22689744792704594,-0.19652162149933664,0
viscosity,-0.03204278473378486,-0.188272616331508,0
viscous,-0.1072936389077358,-0.377912473552426,0
visible,-0.1176927557354412,-0.10609168586777522,0
visibly,0.154126405516045,-0.19456287868912084,0
vision,-0.13988842894388512,-0.009475286267703699,0
visit,0.2662009366701396,0.053238857790958244,0
visitor,0.16964688712606857,0.13125842445707656,0
visual,-0.14547303370032955,0.16257514502798467,0
visuospatial,-0.16787714555151242,-0.1180470118700857,0
vitaility,0.26626942696156025,0.09562088461273449,0
vital,-0.004062191940817614,-0.12470179456998218,0
vitality,0.5919027605532564,-0.1368738171492923,0
vitamin,0.0786390199399013,-0.23069839968818834,0
vlcfa,-0.29168521767542605,-0.13363383015681868,0
vocabulary,-0.11098893286589587,0.2686156892586731,0
vocal,-0.32209880678850095,-0.29183083313491354,0
vogelxo,-0.11755946763703612,-0.2354041609455154,0
voice,-0.13368873930590122,-0.10536181346166273,0
void,-0.3440449448270488,-0.07006675941012197,0
voiding,-0.21630404658163194,0.15283696368407695,0
vol,-0.13765453676635722,0.1501142842580533,0
volume,-0.27429208421946794,-0.12887771342714596,0
volume.61,-0.4313681163770551,-0.08634003881818263,0
vomit,0.050337597917561816,-0.03090634670395728,0
vomiting,-0.15580756857438935,-0.10643697586785537,0
vote,0.25725210280297395,0.04227540225215763,0
voter,0.20700514487117735,-0.039267856472186745,0
vs.,-0.12599158966836238,-0.13446777615167796,0
vte,-0.1180763992743055,0.028451501945657036,0
vulnerable,0.09273834733776991,-0.04064822229476831,0
waist,-0.10674235899757728,0.059722952515508,0
waistline,-0.24852056301493106,-0.156356737979603,0
wait,0.2554438780791801,-0.13562013008087825,0
waiting,0.1500209438270728,-0.017406330914199436,0
wake,0.05171881889886259,-0.0019593261804197295,0
walk,0.21378884232205114,-0.02876313891582818,0
walking,0.12410890910210354,0.1570759418290095,0
wall,-0.2101895688029281,-0.2736406369683471,0
walloping,0.21347057673518396,0.062472455217245,0
walsh,-0.002881034566643992,0.2828311209567467,0
wane,0.06419804143013415,0.08742190038346703,0
wang,0.00881368752390718,0.5171396016682337,0
war,0.34495574623480485,0.0028351087346160956,0
warm,-0.28210179930126417,-0.1242696867306044,0
warn,0.029603978378659516,0.022028428432880148,0
warning,-0.187726488104711,0.1072066226421276,0
warrant,-0.1460309962010137,0.09983229200644193,0
warren,0.29778967128569406,0.4679819560975866,0
wary,0.10177572705121063,-0.14242788392098307,0
wash,-0.05719124874498623,-0.18601486423836594,0
washing,-0.21683320854344493,-0.20770608067950358,0
washington,0.15158196654461426,0.12184962424426146,0
waste,0.08526996195504394,-0.1038733941916425,0
wasting,-0.06464501324487408,-0.04455127159507712,0
watch,0.18496473811753344,-0.08414435520587205,0
water,0.07185723940134005,-0.175210566571573,0
wave,0.08979001107950724,-0.12884555739502776,0
wavetm,0.15050265585320866,-0.38296447054453153,0
wax,-0.10219589709397289,0.025875023259945597,0
weak,-0.11810645970569257,0.12147429743075085,0
weaken,0.17851212396038815,0.13676336027100217,0
weakened,-0.05923646024684386,-0.43428198944581925,0
weakening,0.18050109998222613,0.10110146480083546,0
weakness,-0.13769554869968806,-0.08967061235094662,0
wear,-0.013419459781001699,-0.15077005650385036,0
wearer,-0.23011503171715808,-0.32035393663825207,0
webinar,0.30593770950357624,0.008525831249927191,0
webmaster,0.249177516174532,0.19968892666312713,0
website,0.20678739393819165,0.10432577195413181,0
website.11,-0.0294590875144577,0.0739218540386212,0
weekend,0.18404149358444574,0.0668867964533419,0
weekly,0.044328378861243044,-0.23804590649719046,0
wei,-0.1840908184174396,0.3975830221295283,0
weickert,-0.17832960098779002,0.3668769991292927,0
weigh,0.13466662692085937,0.027458902365566036,0
weighting,-0.22548052077372197,-0.002615149912213099,0
weird,0.12724070798019285,-0.06967648194931136,0
welcome,0.3183291056019229,0.026339228251714242,0
wellbee,0.10946128543237744,-0.03904151085693647,0
wellbeing,0.1114590181979091,-0.19737911578312428,0
wellness,0.2806609656598924,-0.000571847012734977,0
wellsville,0.24791545044641472,0.2634911589021381,0
west,0.33670803933772525,0.1557594941661252,0
western,0.05475458429148412,0.08289620056210677,0
wet,0.20767372524853278,-0.24439660413746353,0
whack,-0.07816098242571448,0.09892200883244877,0
wham,0.21924877546565,-0.08457928516572291,0
whatnot,0.272618407441007,-0.05433393355332605,0
wheat,0.10295780475388568,-0.3427876175483745,0
whichever,-0.0701596007794992,-0.22380130010449045,0
whilst,-0.1031503344150536,-0.10626196401106233,0
whirlpool,-0.43224298423652263,-0.09984548088561124,0
white,-0.04494221406238841,-0.2731071396395846,0
whocaresmenshealth.com,0.4211453789175623,-0.1073317628246989,0
wide,0.04472144195013683,0.034393240883983656,0
widely,0.06530840064845464,0.053034603819757345,0
widen,0.02953757651853717,-0.19581755021773706,0
widespread,-0.16945869849860598,0.039999248757716925,0
wierman,-0.04585836176604296,0.5937430928863106,0
wife,0.24012550082898243,-0.04040369069749239,0
wildly,-0.05244389698965149,0.07398243210569697,0
wilke,-0.25840060445891755,0.5145731979834837,0
willi,-0.3636385311110939,-0.2618647664860668,0
williams,-0.02509203796317069,0.48762913472715713,0
willing,0.32220279200816565,-0.022804158985585177,0
willingness,0.27239557459377195,0.03040200548086117,0
window,0.12465191794974724,-0.19026363224238305,0
wine,0.09005250538110895,-0.23784173248924617,0
wink,0.4298468446748774,-0.0655456795795056,0
winnipeg,0.03337579771790146,0.44415674027447993,0
winter,0.1182475212569269,0.09591162066484851,0
wipe,0.18114940277064398,-0.02398543608481532,0
wire,0.03924034092898791,-0.14868665501197612,0
wisdom,-0.016132447057903412,0.41233273343137294,0
wise,0.20722467053871874,-0.07141546913980706,0
wish,0.09017635910454572,-0.038112501695920294,0
withdrawal,-0.23431006617629824,-0.2528430324894651,0
withnosymptom,-0.4072246360102842,-0.071795632032632,0
witness,0.30726203151762715,-0.1578565329137826,0
wittert,0.017470061465245632,0.4385453976844182,0
wladek,-0.004220253479385779,0.2528176582627021,0
wolf,0.17738357795242035,-0.34834052924451314,0
wolff,0.22835739757903126,0.23091352574038632,0
womb,-0.2422441691202,-0.16010582164284023,0
womenshealth.gov,0.18858163867202776,0.23739032744040414,0
wonder,0.2735519516881958,-0.1900044248546789,0
wonderful,-0.039711079929884895,0.2158416928921211,0
wood,-0.3457460474242329,0.05751714466906609,0
woolfork,0.1738318784454953,0.33211731656826743,0
word,0.0712329572119784,-0.08445420088192601,0
worker,0.27738201680193875,-0.4239612958508635,0
working,-0.047255399377140704,0.31815208633669045,0
workington,0.19894888693945748,0.14991434524091538,0
workout,0.1462361170620721,-0.30389302653428873,0
workup,-0.14446516203192153,0.035547914969439987,0
world,0.10665366496358812,0.19604980951763398,0
worldwide,0.1267712133670251,-0.10227558614639305,0
worried,0.14212812756913207,0.11159807838621293,0
worry,0.12468206077855042,-0.0040795149532647755,0
worsen,-0.28827659995093124,-0.1507043365079782,0
worsening,-0.0025662063020171133,-0.11728127828793482,0
worsens,-0.05821092302758107,-0.15579672293078975,0
worth,0.08463925373187227,-0.2023027368706292,0
worthwhile,-0.048495370439393906,-0.38890398193783515,0
wow,0.26098545745916973,-0.21537582007562592,0
wrap,0.2388099757855849,-0.07529636586025128,0
wreak,0.09944842298856899,0.31064122475306777,0
wrecked,0.20448685210397183,-0.23652719013660925,0
wrinkle,0.1837960418859656,-0.3348226306360062,0
write,0.14934505475878107,0.23660129138120795,0
writer,0.03334894186807214,0.2942076317151109,0
wrong,0.1592200768399551,-0.10402538339961814,0
www.fda.gov/drugs/drug-safety-and-availability/fda-drug-safety-communication-fda-cautions-about-using-testosterone-products-low-testosterone-due,-0.06582656211974688,0.33446314389064213,0
www.fda.gov/drugs/drugsafety/ucm436259.htm,-0.11095997313569213,0.3479477216352579,0
wyatt,0.06311024072142557,0.2362631181941181,0
wyoming,0.3960921115626919,0.17012588891363742,0
xxy,-0.31191682083474936,-0.14468551446560912,0
xyosted,0.03585723877005438,-0.16492321241212296,0
yale,0.21722851524434483,0.1748682341903737,0
yang,0.1476502824450535,-0.2296797072286465,0
yassin,-0.319661960075208,0.3972349655196452,0
yeah,0.6357121180161267,-0.34583558631835193,0
yearlong,0.25050344631577265,0.06484335398199603,0
yearly,0.37571847026416205,0.17918391162586542,0
years.13,-0.2048138258681308,0.07620126235542314,0
yep,0.13067045100224328,-0.06424609034026367,0
yes,0.404912769006364,-0.0742294172166937,0
yialamas,0.03211113480879492,0.3897971577321704,0
yield,-0.19684018229098327,0.1732960870995158,0
yin,0.15971123177552793,-0.23134614704219197,0
yoav,-0.06145505918577365,0.48020842726775237,0
yoga,0.0487017822707575,-0.1144275499680414,0
yolk,0.16469183370824905,-0.11954609787648407,0
yonah,0.09547155983308261,0.33551676193486696,0
york,0.22994330289235052,0.10634311638474192,0
young,0.40192339433018215,0.5458101396784545,0
youth,0.32366509400783733,-0.027738089290496284,0
youthful,0.15810600889266446,-0.031557663641473555,0
youtube,0.3072068759721412,0.005051600642522562,0
zafalon,0.04474745188530159,0.30744258750501235,0
zercher,0.993399602149383,0.374185446784531,0
zhang,0.26288870791238766,0.22963663140530827,0
zinc,0.07270683675176058,-0.2500306786772315,0
zip,0.47528462285475165,-0.03402837903292679,0
zit,-0.015436421675895262,-0.3224931397835254,0
zito,-0.16566077510331575,0.2231427076683634,0
zitti,0.1762728893820677,-0.10835314478718688,0
zitzmann,0.01890658843928886,0.39234421619756504,0
zone,0.12175319692629291,-0.27388044680081947,0
|ꚛooo,-0.14923509745636707,0.46999175417898503,0
|ꚛꚛoo,-0.28065450945233894,0.07055763639065288,0
|ꚛꚛꚛo,-0.3928847802542636,0.19301475156492173,0
