NMI,ARI
0.6774118570599954,0.655977792403717
