node,deg,deg_norm,betweenness,eigenvector,pagerank,cluster
(aspen,15,0.002167943,1.43E-06,0.001999301,6.17E-05,2
(bayer,17,0.002457002,1.98E-07,0.001932904,7.89E-05,2
"(besin),gel",14,0.002023414,1.27E-07,0.001100948,7.60E-05,2
"(ferring),gel",16,0.002312473,9.82E-07,0.002074879,6.81E-05,2
(nordic,15,0.002167943,1.16E-07,0.002517282,5.97E-05,2
"(prostrakan),gel",16,0.002312473,5.35E-07,0.001309014,8.48E-05,2
"+1,150%)—likely",20,0.002890591,3.46E-07,0.002734951,7.41E-05,9
.in,19,0.002746062,2.10E-07,0.003485342,6.54E-05,6
/memory,20,0.002890591,9.79E-08,0.003285474,6.51E-05,6
1.publishe,15,0.002167943,8.23E-07,0.001776626,7.11E-05,5
10division,14,0.002023414,3.94E-06,0.001736957,6.42E-05,9
11division,13,0.001878884,7.02E-08,0.001283325,6.98E-05,9
12department,21,0.003035121,2.31E-06,0.002583016,8.18E-05,9
12nmol,16,0.002312473,7.99E-08,0.002675934,5.28E-05,4
13a,10,0.001445296,2.18E-09,0.001685731,4.69E-05,9
15nmol,15,0.002167943,4.07E-08,0.003114148,4.77E-05,2
1688%—a,17,0.002457002,2.85E-08,0.00334296,5.11E-05,0
180pmol,13,0.001878884,1.26E-07,0.002577772,4.69E-05,4
18y,44,0.0063593,5.49E-06,0.00376575,0.000115586,3
1gm,16,0.002312473,2.87E-07,0.002023721,7.18E-05,2
1improvement,20,0.002890591,4.70E-07,0.003283461,5.82E-05,6
2021;15(5):e234,20,0.002890591,8.96E-08,0.003387234,6.61E-05,4
2023a,16,0.002312473,2.37E-09,0.002765378,4.40E-05,6
20s-30s,15,0.002167943,4.00E-07,0.002427156,4.95E-05,6
20y,44,0.0063593,4.89E-06,0.003772577,0.00011388,3
24emory,18,0.002601532,2.72E-08,0.003605735,5.31E-05,0
2838ur,16,0.002312473,9.75E-08,0.003086859,5.15E-05,2
2improved,19,0.002746062,1.11E-06,0.002859645,6.10E-05,6
300s,34,0.004914005,1.46E-07,0.005783707,6.61E-05,0
35y,45,0.00650383,8.01E-06,0.003791982,0.000115807,3
3improved,19,0.002746062,1.66E-06,0.002853833,6.37E-05,6
40s-60s,15,0.002167943,3.27E-08,0.002605975,4.69E-05,6
40y,43,0.006214771,5.74E-06,0.003933714,0.000106576,3
45y,42,0.006070241,6.81E-06,0.003918781,0.000102436,3
4636(4men,26,0.003757768,1.25E-06,0.00405695,7.02E-05,9
4improved,19,0.002746062,4.53E-07,0.002735658,6.96E-05,6
4ml,16,0.002312473,2.54E-07,0.001918536,7.35E-05,2
50s+,19,0.002746062,9.05E-08,0.003474623,4.91E-05,7
50y,41,0.005925712,4.79E-06,0.003904948,0.000103101,3
5increased,19,0.002746062,4.75E-07,0.002468238,7.49E-05,6
60s,16,0.002312473,1.83E-08,0.002857223,4.76E-05,4
60s-80s,15,0.002167943,1.70E-08,0.002633952,4.75E-05,6
60y,43,0.006214771,5.81E-06,0.004011398,0.000109621,3
65y,45,0.00650383,6.25E-06,0.004187896,0.000112941,3
682x.143317,20,0.002890591,1.17E-06,0.001962816,9.12E-05,5
69y,50,0.007226478,9.10E-06,0.004525179,0.000118068,3
6increase,19,0.002746062,3.05E-07,0.002422786,7.56E-05,6
700s,16,0.002312473,8.67E-09,0.003210484,5.00E-05,0
7improve,20,0.002890591,2.15E-07,0.002535677,7.78E-05,6
80y,53,0.007660066,1.24E-05,0.00486768,0.000123855,3
8improve,20,0.002890591,1.86E-07,0.002722427,7.46E-05,6
950ng,19,0.002746062,6.11E-09,0.003930998,5.15E-05,2
9increase,19,0.002746062,9.55E-07,0.003179169,6.04E-05,7
@anaveciana,18,0.002601532,2.73E-06,0.002159882,7.34E-05,8
a&e,19,0.002746062,1.82E-07,0.003062547,6.50E-05,0
a.a,20,0.002890591,1.06E-06,0.002727865,7.85E-05,5
a.b,19,0.002746062,1.44E-06,0.001790163,9.68E-05,5
a.d.a.m,62,0.008960832,3.56E-05,0.00633621,0.000132341,9
a.i,20,0.002890591,6.84E-06,0.001258015,0.000108198,9
a.m.,125,0.018066195,0.000161111,0.011141613,0.000207698,5
a.r,20,0.002890591,2.68E-06,0.001709195,0.000103605,9
a1c,19,0.002746062,1.89E-07,0.003280495,6.18E-05,4
aas,19,0.002746062,1.39E-06,0.002823834,6.46E-05,7
abbott,16,0.002312473,1.03E-07,0.00252353,6.06E-05,9
abbreviate,19,0.002746062,1.13E-06,0.003111049,6.49E-05,4
abbreviation,19,0.002746062,4.71E-08,0.00360002,5.66E-05,4
abbvie,35,0.005058534,1.21E-05,0.00397912,0.000109645,9
abdoman,20,0.002890591,1.07E-07,0.003417131,6.37E-05,2
abdomen,128,0.018499783,6.13E-05,0.012829052,0.000207054,2
abdominal,99,0.014308426,1.31E-05,0.011468846,0.000143458,6
abdulmage,19,0.002746062,5.67E-07,0.002042244,8.12E-05,5
abhinav,18,0.002601532,1.08E-07,0.002669613,6.35E-05,9
ability,454,0.065616419,0.000431763,0.027832402,0.00044531,6
able,515,0.074432721,0.000648498,0.030756999,0.000484014,0
abnormal,299,0.043214337,0.000161243,0.020278836,0.000283633,7
abnormality,214,0.030929325,8.28E-05,0.01738939,0.00024739,7
abnormally,149,0.021534904,2.58E-05,0.013488061,0.000180156,7
aboriginal,22,0.00317965,2.03E-06,0.003279346,8.04E-05,1
abraham,20,0.002890591,2.83E-05,0.00163432,9.64E-05,9
abrupt,20,0.002890591,3.90E-08,0.004210016,5.48E-05,2
absence,93,0.013441249,2.30E-05,0.010246599,0.000142753,7
absent,50,0.007226478,1.01E-05,0.005518854,0.000121846,7
absolute,162,0.023413788,4.56E-05,0.016294454,0.000230957,4
absolutely,212,0.030640266,9.20E-05,0.019621318,0.000251249,0
absorb,298,0.043069808,0.000115105,0.022741749,0.000324413,2
absorbable,20,0.002890591,3.78E-08,0.0037522,5.19E-05,2
absorbed,19,0.002746062,2.29E-09,0.004132751,4.89E-05,2
absorbent,16,0.002312473,5.70E-07,0.002741505,6.05E-05,2
absorption,330,0.047694754,0.000256047,0.024801344,0.00038751,2
abstract,40,0.005781182,5.50E-06,0.00503863,0.000110007,4
abundant,30,0.004335887,1.44E-06,0.00423414,8.06E-05,10
abuse,213,0.030784795,0.000146002,0.018165417,0.000276617,7
academic,134,0.019366961,4.05E-05,0.012331199,0.000186278,0
academic/,20,0.002890591,1.72E-07,0.00395445,6.58E-05,4
academy,50,0.007226478,3.39E-05,0.006060487,0.000130066,5
accelerate,65,0.009394421,2.84E-06,0.008032216,0.00010334,6
accept,169,0.024425495,6.25E-05,0.016289218,0.000224012,6
acceptable,47,0.006792889,4.60E-06,0.007280585,8.96E-05,0
access,491,0.070964012,0.001510179,0.027269438,0.000597129,5
accessible,87,0.012574071,2.76E-05,0.010369768,0.000166021,2
accho,11,0.001589825,2.37E-08,0.0015606,5.85E-05,1
accident,80,0.011562365,6.12E-06,0.010755445,0.000134987,4
accidental,52,0.007515537,6.33E-06,0.006918717,0.000102917,3
accidentally,46,0.00664836,4.07E-07,0.007279633,9.00E-05,2
acclimate,19,0.002746062,2.57E-08,0.003792872,5.15E-05,6
accommodate,15,0.002167943,4.82E-08,0.002957166,4.77E-05,2
accompany,85,0.012285012,1.76E-05,0.009789237,0.000138065,6
accomplish,31,0.004480416,3.41E-07,0.005298638,7.00E-05,0
accomplishment,19,0.002746062,5.84E-07,0.003540045,5.94E-05,6
accord,488,0.070530423,0.000478832,0.028245969,0.000475015,4
accordance,19,0.002746062,3.41E-07,0.003320742,5.90E-05,4
accordingly,65,0.009394421,2.44E-06,0.008453478,0.000103899,6
account,204,0.029484029,7.51E-05,0.018864409,0.000255695,4
accredit,20,0.002890591,4.35E-07,0.00331213,7.09E-05,9
accredited,27,0.003902298,3.35E-08,0.004506846,6.02E-05,4
accumulate,20,0.002890591,2.52E-07,0.002869964,6.48E-05,7
accumulation,39,0.005636653,2.03E-07,0.006423272,7.41E-05,7
accuracy,82,0.011851424,1.01E-05,0.010738907,0.000145098,4
accurate,263,0.038011273,7.83E-05,0.019954445,0.000267235,4
accurately,86,0.012429542,6.63E-06,0.01044113,0.000138355,4
accusation,19,0.002746062,1.21E-07,0.003971923,6.02E-05,0
acerus,49,0.007081948,1.73E-05,0.003983171,0.000163394,9
ache,37,0.005347594,1.36E-06,0.005307938,8.10E-05,6
achievable,20,0.002890591,7.18E-07,0.003386672,6.40E-05,6
achieve,629,0.090909091,0.00103127,0.035034409,0.00057932,2
achievement,19,0.002746062,6.65E-08,0.003372869,5.84E-05,7
acid,72,0.010406128,1.24E-05,0.00845505,0.000141463,7
acknowledge,33,0.004769475,2.87E-07,0.005608812,6.83E-05,9
acne,387,0.055932938,0.000251236,0.024239111,0.000359301,7
acoustic,30,0.004335887,5.90E-07,0.004670987,7.49E-05,7
acquire,138,0.019945079,3.63E-05,0.012778132,0.000196619,7
act,500,0.072264778,0.000565204,0.029858411,0.000496535,2
action,270,0.03902298,0.000142031,0.0221433,0.000286363,6
activate,19,0.002746062,9.22E-08,0.003772728,5.23E-05,2
activation,41,0.005925712,5.74E-06,0.005336646,9.59E-05,7
active,359,0.051886111,0.000225721,0.025202445,0.000349829,7
actively,73,0.010550658,1.93E-05,0.009564465,0.000124789,1
activity,531,0.076745194,0.000666657,0.030878732,0.00050785,6
actual,159,0.022980199,2.84E-05,0.015850655,0.000203338,0
actuality,35,0.005058534,2.06E-06,0.0051959,8.57E-05,7
actually,653,0.0943778,0.000702683,0.033675226,0.000528578,0
actuation,27,0.003902298,2.44E-07,0.005107997,6.66E-05,2
actuator,17,0.002457002,1.01E-07,0.003054451,5.98E-05,2
acuity,20,0.002890591,4.67E-08,0.003727846,5.93E-05,6
acute,110,0.015898251,0.000217343,0.010565541,0.000214849,5
adam,121,0.017488076,2.05E-05,0.011622651,0.000157221,4
adams,20,0.002890591,6.57E-06,0.000687754,0.000119865,5
adapt,109,0.015753722,4.02E-05,0.012117968,0.000184268,2
adaptation,52,0.007515537,1.47E-06,0.00796614,0.000102105,4
add,505,0.072987426,0.000620913,0.030484732,0.000496601,10
addict,40,0.005781182,1.24E-06,0.004893422,9.07E-05,0
addiction,20,0.002890591,7.74E-07,0.003490882,5.62E-05,7
addison,32,0.004624946,3.22E-06,0.004337975,8.10E-05,7
addition,348,0.050296286,0.000143876,0.023836058,0.00031049,6
additional,305,0.044081515,0.000208782,0.023504207,0.000340116,4
additionally,289,0.041769042,0.000127695,0.022981007,0.000302734,4
additive,20,0.002890591,2.87E-07,0.003187404,6.72E-05,2
address,537,0.077612372,0.00047641,0.030917555,0.000456676,9
addressing,20,0.002890591,3.87E-08,0.003821556,5.75E-05,2
adenoma,74,0.010695187,1.69E-05,0.008111825,0.000148033,7
adenomas,36,0.005203064,1.07E-06,0.005500542,7.52E-05,7
adequacy,17,0.002457002,4.51E-07,0.003426946,5.76E-05,4
adequate,237,0.034253505,4.93E-05,0.0196169,0.000244939,7
adhere,38,0.005492123,5.50E-06,0.0055268,9.70E-05,2
adherence,38,0.005492123,8.13E-07,0.006228024,8.53E-05,4
adhesive,19,0.002746062,8.57E-07,0.002839455,6.67E-05,2
adipose,33,0.004769475,3.88E-07,0.005279358,7.68E-05,7
adiposity,20,0.002890591,9.84E-09,0.00382493,5.26E-05,6
adjudicate,18,0.002601532,2.24E-08,0.003327178,5.61E-05,4
adjunct,35,0.005058534,5.11E-07,0.005193889,7.65E-05,7
adjunctive,56,0.008093655,1.38E-05,0.007307454,0.000107191,4
adjust,332,0.047983813,0.000123672,0.02476845,0.000324251,4
adjusted).446,20,0.002890591,2.87E-07,0.003732769,5.91E-05,2
adjustment,310,0.044804162,0.000107188,0.025276894,0.000320619,2
adjustment.28,17,0.002457002,2.91E-09,0.0036629,4.76E-05,2
administer,498,0.071975719,0.000460469,0.030057692,0.000446867,2
administration,393,0.056800116,0.00030131,0.026773346,0.000411799,2
admission,12,0.001734355,1.77E-08,0.002068921,4.24E-05,4
admit,68,0.00982801,1.49E-05,0.00818903,0.000134147,0
adolescence,64,0.009249892,2.56E-06,0.007755917,0.000103765,6
adolescent,37,0.005347594,1.20E-05,0.004022853,9.63E-05,9
adopt,62,0.008960832,8.95E-06,0.008592977,0.000115149,10
adrenal,264,0.038155803,8.79E-05,0.017472694,0.00027841,7
adult,527,0.076167076,0.000983439,0.026668808,0.000515117,6
adulthood,196,0.028327793,2.73E-05,0.016999469,0.000217692,7
advance,153,0.022113022,6.64E-05,0.015796323,0.000229778,4
advanced,208,0.030062148,0.000132541,0.017867561,0.000265204,9
advancement,87,0.012574071,8.76E-06,0.010710712,0.000135984,0
advantage,104,0.015031074,1.64E-05,0.01260191,0.0001519,0
advantageous,18,0.002601532,6.47E-07,0.003124751,5.60E-05,6
adverse,417,0.060268825,0.00030768,0.027934015,0.000438266,4
adversely,52,0.007515537,8.97E-07,0.007092332,8.44E-05,6
advertise,90,0.01300766,8.67E-06,0.011350336,0.000144586,0
advertisement,231,0.033386328,7.13E-05,0.017466585,0.000230308,7
advertisementadvertisement,47,0.006792889,1.95E-05,0.004432275,8.66E-05,9
advertising,80,0.011562365,4.14E-06,0.008496181,0.000118196,0
advice,207,0.029917618,0.000101482,0.018408373,0.000246251,0
advisable,60,0.008671773,1.96E-06,0.008203153,9.65E-05,6
advise,225,0.03251915,5.37E-05,0.018835351,0.000238441,4
advisory,27,0.003902298,3.16E-06,0.002573236,0.000102869,9
advocate,148,0.021390374,4.12E-05,0.015310777,0.000204133,0
aerobic,75,0.010839717,6.60E-06,0.009474112,0.000105452,10
aesthetic,70,0.010117069,1.36E-05,0.00853217,0.000140533,6
aetiology,19,0.002746062,1.85E-07,0.002591119,6.94E-05,7
affect,928,0.134123428,0.002121923,0.033723872,0.000686613,7
affected,30,0.004335887,2.32E-07,0.004846152,6.34E-05,6
affiliate,43,0.006214771,1.40E-06,0.005733358,8.48E-05,0
affiliation,18,0.002601532,1.13E-08,0.003713375,5.69E-05,9
affinity,17,0.002457002,1.90E-07,0.002727404,6.18E-05,7
affirm,13,0.001878884,1.80E-07,0.002497189,5.11E-05,0
affordable,67,0.00968348,1.14E-05,0.009231971,0.00012396,2
afraid,36,0.005203064,1.65E-07,0.006543291,7.70E-05,0
african,17,0.002457002,5.08E-09,0.003241704,4.82E-05,4
afternoon,42,0.006070241,9.05E-07,0.006151345,8.24E-05,6
afterthought,18,0.002601532,4.17E-08,0.003825636,5.65E-05,0
afterward,48,0.006937419,5.85E-06,0.006221388,9.61E-05,2
ag030644,14,0.002023414,7.29E-08,0.002274639,5.73E-05,9
aga,19,0.002746062,1.11E-07,0.003452265,5.70E-05,7
age,1366,0.197427374,0.005661216,0.035558542,0.000869,6
aged,166,0.023991906,0.000111033,0.014762871,0.000215526,6
ageing,158,0.02283567,5.11E-05,0.013903401,0.000203982,7
agency,33,0.004769475,4.98E-07,0.005938543,7.60E-05,4
agent,231,0.033386328,0.000125048,0.019165441,0.000313997,2
agents.437,16,0.002312473,7.63E-09,0.003084994,5.24E-05,2
aggression,98,0.014163897,7.57E-05,0.009997922,0.000170112,9
aggressive,84,0.012140483,1.36E-05,0.010611822,0.000153765,2
aging,564,0.08151467,0.000861671,0.028092887,0.000521047,6
ago,175,0.025292672,5.74E-05,0.01666389,0.000239989,0
agonist,32,0.004624946,2.31E-06,0.004820952,8.12E-05,7
agree,83,0.011995953,2.57E-06,0.011281202,0.000121485,0
agreement,48,0.006937419,6.32E-06,0.006825934,0.000105579,4
ahead,125,0.018066195,1.67E-05,0.013656274,0.000177636,0
aid,89,0.012863131,9.05E-06,0.010146168,0.000139358,6
aids,164,0.023702847,3.58E-05,0.013819194,0.000209318,7
ail,53,0.007660066,7.94E-07,0.007624721,9.16E-05,0
ailment,17,0.002457002,5.15E-09,0.003489203,5.44E-05,9
aim,293,0.04234716,9.60E-05,0.023193381,0.000307271,2
air,84,0.012140483,2.27E-05,0.010258931,0.000162616,2
airflow,20,0.002890591,1.06E-07,0.003886505,5.92E-05,7
airway,91,0.01315219,1.39E-05,0.010330221,0.000150686,7
ais,90,0.01300766,1.86E-05,0.010126947,0.000163812,7
ajpregu.00360.2012,20,0.002890591,1.49E-05,0.001801804,9.70E-05,5
aka,31,0.004480416,3.05E-06,0.004640486,8.37E-05,7
akhil,17,0.002457002,1.95E-08,0.00316699,5.22E-05,4
al.4,20,0.002890591,1.66E-07,0.003094477,6.79E-05,4
al.446,18,0.002601532,2.09E-08,0.003563479,5.45E-05,2
alabama,18,0.002601532,5.95E-07,0.002454312,7.37E-05,9
alan,18,0.002601532,1.60E-07,0.002636311,6.32E-05,9
alanine,18,0.002601532,1.98E-06,0.001638148,8.49E-05,7
alarm,88,0.012718601,9.53E-06,0.01018982,0.000143489,0
alarming,20,0.002890591,3.90E-08,0.004015846,5.63E-05,7
albeit,19,0.002746062,1.26E-07,0.00397149,6.10E-05,6
albert,17,0.002457002,1.71E-07,0.002489507,6.76E-05,9
albumin,190,0.027460616,0.000236808,0.01339066,0.000274976,7
alcohol,394,0.056944645,0.000353863,0.024747459,0.00038175,7
alcoholism,58,0.008382714,2.71E-06,0.007471077,0.000104756,7
aldosterone,37,0.005347594,2.10E-06,0.005385171,9.07E-05,7
aleksandr,19,0.002746062,1.93E-07,0.003334611,5.82E-05,4
aleksic,19,0.002746062,1.36E-06,0.002224798,7.55E-05,5
alert,18,0.002601532,1.60E-07,0.003060566,5.42E-05,0
alertness,19,0.002746062,3.76E-09,0.003491261,4.53E-05,6
alex,50,0.007226478,4.69E-06,0.007200573,9.49E-05,0
alexandria,15,0.002167943,7.83E-09,0.002881438,5.15E-05,0
algorithm,16,0.002312473,3.30E-06,0.001973436,7.38E-05,8
ali,133,0.019222431,0.000199629,0.011146308,0.000226167,5
align,82,0.011851424,5.14E-06,0.010615656,0.000129671,6
alive,19,0.002746062,1.08E-07,0.003560578,6.32E-05,6
alkaline,18,0.002601532,1.92E-06,0.001559006,8.79E-05,7
alkylated,21,0.003035121,1.67E-09,0.004076583,5.16E-05,4
allan,20,0.002890591,3.14E-06,0.002854304,6.83E-05,5
allegiance,20,0.002890591,1.94E-08,0.004128887,6.30E-05,4
allergic,17,0.002457002,1.43E-07,0.003188785,5.83E-05,10
allergy,76,0.010984246,4.52E-05,0.007602531,0.000161303,9
alleviate,147,0.021245845,8.80E-06,0.014421164,0.000162991,6
allicin,19,0.002746062,1.66E-07,0.002814456,6.48E-05,7
allow,515,0.074432721,0.000505073,0.032386727,0.000480339,2
allowance,20,0.002890591,1.39E-07,0.003700536,6.41E-05,10
allude,14,0.002023414,2.61E-07,0.002488617,5.29E-05,10
almeida,20,0.002890591,7.61E-08,0.00281613,7.29E-05,9
alongside,207,0.029917618,7.06E-05,0.017594165,0.000244433,7
alopecia,140,0.020234138,2.47E-05,0.013606521,0.00017903,7
alpha,104,0.015031074,1.86E-05,0.011572435,0.000162847,7
alprostadil,34,0.004914005,3.24E-06,0.005028553,9.64E-05,2
alter,91,0.01315219,7.70E-06,0.011271708,0.000129889,2
alteration,45,0.00650383,4.27E-07,0.007371433,8.82E-05,2
altered,19,0.002746062,3.19E-07,0.00327758,6.16E-05,6
alternative,407,0.058823529,0.000371849,0.025807471,0.000410588,2
alternatively,48,0.006937419,3.88E-06,0.006966818,9.03E-05,2
altitude,16,0.002312473,1.41E-08,0.003103473,5.51E-05,7
altogether,49,0.007081948,9.91E-06,0.006507163,0.000111765,8
alvin,20,0.002890591,5.12E-07,0.000914394,0.000104072,5
amalgamation,18,0.002601532,6.10E-08,0.003514408,5.80E-05,4
amazing,57,0.008238185,8.73E-06,0.007297564,0.000126644,0
ambiguous,19,0.002746062,6.86E-07,0.00299735,5.98E-05,7
ambulatory,14,0.002023414,5.39E-08,0.001384702,7.07E-05,9
ameliorate,19,0.002746062,8.89E-09,0.003752973,5.02E-05,4
amend,18,0.002601532,3.19E-07,0.003590022,5.43E-05,0
america,47,0.006792889,1.24E-06,0.007540256,9.26E-05,0
america(r,17,0.002457002,3.59E-07,0.00211091,7.55E-05,5
american,352,0.050874404,0.000620126,0.021572538,0.00039758,4
americana,13,0.001878884,9.21E-08,0.001363782,7.26E-05,8
americans,54,0.007804596,9.53E-07,0.008195664,9.66E-05,4
aminotransferase,22,0.00317965,2.54E-06,0.001915919,9.55E-05,7
amory,155,0.022402081,3.03E-05,0.015210974,0.000196883,0
amp,28,0.004046828,2.16E-06,0.003568663,9.84E-05,2
amplify,78,0.011273305,1.69E-06,0.010146512,0.000109519,7
amygdala,18,0.002601532,1.02E-07,0.0030863,5.58E-05,6
ana,20,0.002890591,2.02E-06,0.002826458,7.12E-05,8
anabolic,325,0.046972106,0.000166027,0.02248292,0.000327778,7
anaemia,32,0.004624946,6.02E-07,0.004752827,7.22E-05,7
anaerobic,17,0.002457002,7.97E-09,0.003858166,5.18E-05,0
analog,27,0.003902298,2.38E-08,0.004899871,5.88E-05,7
analogy,83,0.011995953,1.74E-05,0.009361108,0.000149838,0
analyse,20,0.002890591,1.02E-08,0.003890674,5.09E-05,6
analysis,456,0.065905478,0.000549283,0.028048544,0.000496666,4
"analysis,372",18,0.002601532,6.86E-07,0.002741698,7.03E-05,4
analyte,18,0.002601532,3.74E-08,0.003294869,5.57E-05,4
analyze,107,0.015464663,9.74E-06,0.012950023,0.000165646,4
anaphylactic,18,0.002601532,6.74E-08,0.00373746,5.38E-05,4
anaphylaxis,34,0.004914005,1.81E-06,0.005717087,8.78E-05,2
anastrozole,67,0.00968348,3.08E-06,0.008990429,0.000116541,7
anavecianasuarez.com,19,0.002746062,2.89E-06,0.002337622,7.46E-05,8
anawalt,153,0.022113022,0.000151185,0.012817693,0.000228905,5
ancillary,81,0.011706894,1.13E-05,0.010239406,0.000124762,2
and/,18,0.002601532,3.13E-07,0.002842644,6.33E-05,4
and/or,354,0.051163463,0.00019497,0.023638049,0.00033386,6
anderson,19,0.002746062,6.21E-07,0.001387411,0.00010002,5
andr.12770,17,0.002457002,4.28E-08,0.002596443,6.12E-05,5
andre,20,0.002890591,1.09E-06,0.002146268,8.70E-05,5
andrea,20,0.002890591,5.30E-05,0.001126935,0.000109706,5
andriol,36,0.005203064,2.02E-06,0.0053941,9.40E-05,2
androderm,59,0.008527244,9.00E-06,0.007677115,0.00013266,2
androgel,85,0.012285012,2.64E-05,0.009706026,0.00016389,2
androgen,647,0.093510623,0.001195767,0.030906034,0.000596958,7
androgenetic,29,0.004191357,6.87E-07,0.004742006,7.01E-05,7
androgenic,213,0.030784795,7.28E-05,0.016961976,0.000226163,7
androgens,65,0.009394421,8.24E-06,0.008050723,0.000128688,7
androl,20,0.002890591,3.17E-06,0.001806089,9.29E-05,5
andrology,130,0.018788842,0.000117883,0.01296732,0.000210013,5
andropause,409,0.059112589,0.000347599,0.022637543,0.000390686,6
androstenedione,31,0.004480416,5.22E-07,0.004575826,7.15E-05,7
anecdotal,20,0.002890591,6.66E-08,0.004218515,5.63E-05,2
anecdotally,38,0.005492123,4.99E-07,0.006592195,7.79E-05,0
anemia,389,0.056221997,0.00027921,0.021673591,0.000356771,6
anesthetic,16,0.002312473,1.62E-08,0.003241398,5.23E-05,6
anesthetize,19,0.002746062,7.52E-08,0.003822,5.99E-05,2
aneurysm,13,0.001878884,5.60E-09,0.002489305,5.01E-05,6
angelini,19,0.002746062,4.03E-07,0.002248142,8.65E-05,5
anger,34,0.004914005,5.46E-07,0.005182472,7.41E-05,6
angina,16,0.002312473,4.01E-08,0.002987836,5.56E-05,7
angiography,33,0.004769475,9.29E-07,0.00536051,8.24E-05,4
angle,19,0.002746062,3.97E-07,0.003517302,6.27E-05,2
angry,33,0.004769475,1.10E-06,0.005328961,8.05E-05,7
animal,20,0.002890591,5.42E-07,0.003142091,7.24E-05,6
ankle,63,0.009105362,5.22E-06,0.007382671,0.000111474,7
annal,32,0.004624946,3.24E-06,0.004386707,7.84E-05,5
announce,35,0.005058534,9.69E-07,0.00581699,8.34E-05,4
announcement,19,0.002746062,2.21E-08,0.003902637,5.26E-05,4
announcer,105,0.015175603,1.75E-05,0.011302426,0.000151051,0
annual,144,0.020812256,6.15E-05,0.014875482,0.000219127,4
annually,55,0.007949126,4.86E-05,0.006358771,0.000133818,3
anomaly,18,0.002601532,3.47E-07,0.002663262,6.71E-05,9
anonymity,18,0.002601532,7.54E-08,0.003605632,5.54E-05,0
anorchia,44,0.0063593,7.93E-06,0.004812134,0.000116042,7
anorexia,48,0.006937419,7.99E-06,0.006085292,0.000113494,7
anosmia,17,0.002457002,1.20E-07,0.002948078,5.61E-05,7
anschutz,19,0.002746062,4.66E-07,0.002960116,7.09E-05,9
answer,499,0.072120249,0.000382033,0.027524431,0.000408573,0
antagonist,19,0.002746062,1.66E-07,0.002945307,5.83E-05,7
anterior,37,0.005347594,1.54E-06,0.004529508,8.32E-05,7
anti,198,0.028616852,0.000128113,0.016739605,0.000279989,6
antibiotic,18,0.002601532,4.07E-08,0.003299706,5.76E-05,7
anticipate,34,0.004914005,4.68E-07,0.005469475,7.61E-05,2
anticonvulsant,35,0.005058534,5.11E-07,0.005322211,8.23E-05,7
antidepressant,124,0.017921665,1.55E-05,0.013494974,0.000166694,7
antifungal,31,0.004480416,9.40E-07,0.00485256,7.44E-05,7
antigen,218,0.031507443,6.94E-05,0.015601708,0.000226956,7
antioxidant,57,0.008238185,5.25E-06,0.006515341,0.000126242,10
antonio,20,0.002890591,1.91E-06,0.002328539,8.80E-05,5
anxiety,553,0.079924845,0.000612091,0.028018849,0.000476286,6
anxious,36,0.005203064,2.82E-06,0.005048473,9.10E-05,6
anybody,124,0.017921665,1.98E-05,0.014595606,0.000175657,0
anymore,103,0.014886544,1.62E-05,0.012093984,0.000151082,0
anything-,19,0.002746062,2.19E-08,0.0036085,4.97E-05,6
aorta,16,0.002312473,1.36E-07,0.002717983,5.75E-05,7
aortic,14,0.002023414,4.40E-08,0.002555211,5.29E-05,6
apart,123,0.017777135,2.46E-05,0.013775305,0.000185835,2
apart.432,20,0.002890591,1.78E-06,0.003671339,6.07E-05,2
apathy,18,0.002601532,3.85E-08,0.00307656,5.23E-05,6
aphrodisiac,14,0.002023414,1.79E-09,0.002372178,4.81E-05,10
apigenin,19,0.002746062,1.18E-07,0.002705449,6.14E-05,10
aplastic,15,0.002167943,6.48E-08,0.002704112,5.22E-05,7
apnea,488,0.070530423,0.00041851,0.02538187,0.000398705,7
apnoea,50,0.007226478,2.24E-06,0.007165465,9.53E-05,7
apology,17,0.002457002,4.96E-08,0.003248784,5.41E-05,0
app,19,0.002746062,1.16E-06,0.00260921,6.67E-05,0
appalachia,20,0.002890591,6.56E-07,0.002427291,8.17E-05,9
apparent,46,0.00664836,2.23E-06,0.006702381,8.55E-05,0
apparently,15,0.002167943,1.91E-09,0.002895567,5.09E-05,0
appear,290,0.041913571,0.000157142,0.018265836,0.00028369,7
appearance,99,0.014308426,1.98E-05,0.010935535,0.000138952,6
appendix,87,0.012574071,8.43E-06,0.010513997,0.000141585,4
appetite,38,0.005492123,6.89E-06,0.004640275,0.00010694,6
apple,56,0.008093655,3.33E-06,0.006539353,0.000102193,0
applicable,60,0.008671773,6.27E-06,0.007490535,0.000112644,3
application,453,0.065471889,0.000730032,0.029327864,0.000516617,2
application.228,20,0.002890591,2.87E-07,0.003554371,7.01E-05,2
applied,19,0.002746062,8.10E-09,0.003944387,5.22E-05,2
apply,512,0.073999133,0.000613339,0.028802682,0.000498884,2
appointment,507,0.073276485,0.000628791,0.02808011,0.00046888,2
appraisal,20,0.002890591,2.97E-07,0.00328521,6.72E-05,5
appreciate,143,0.020667727,2.79E-05,0.015269925,0.000202237,0
appreciative,38,0.005492123,1.45E-05,0.005575254,9.35E-05,0
apprehensive,19,0.002746062,1.14E-07,0.003328341,6.09E-05,2
approach,689,0.099580864,0.001117674,0.037088582,0.000615828,2
appropriate,531,0.076745194,0.0004454,0.032864579,0.000461109,2
appropriately,187,0.027027027,5.02E-05,0.017921741,0.000236934,4
approval,66,0.009538951,8.20E-06,0.009411835,0.000133863,2
approve,332,0.047983813,0.000165613,0.02366669,0.000330558,2
approximately,275,0.039745628,0.000197558,0.020595129,0.000321067,4
apr,64,0.009249892,3.73E-05,0.006262229,0.000150064,5
apr23.doi,20,0.002890591,2.85E-06,0.001815831,9.44E-05,5
april,181,0.02615985,0.000701172,0.011413605,0.000394099,5
aquino,20,0.002890591,8.25E-07,0.002512545,8.47E-05,5
arash,18,0.002601532,4.13E-08,0.0028504,5.63E-05,4
araujo,20,0.002890591,1.26E-06,0.002190731,8.66E-05,5
arch,20,0.002890591,2.57E-06,0.002076253,8.15E-05,5
archinte.166.13.1380,20,0.002890591,5.58E-07,0.002578179,7.73E-05,5
archive,19,0.002746062,1.23E-08,0.003472306,4.99E-05,4
area,666,0.096256684,0.001646877,0.035972984,0.000658207,2
argument,16,0.002312473,3.85E-09,0.003053816,4.91E-05,0
arise,69,0.009972539,2.57E-06,0.00944608,0.000116829,4
arizona,18,0.002601532,5.26E-07,0.002752593,6.64E-05,9
arkansa,18,0.002601532,4.02E-07,0.002443156,7.21E-05,9
arlt,19,0.002746062,6.23E-07,0.002382649,7.54E-05,5
arm,260,0.037577685,0.000155624,0.01941343,0.000304693,2
armpit,70,0.010117069,5.95E-06,0.008630526,0.000113354,6
arnaldo,20,0.002890591,9.25E-05,0.001022897,0.000112797,5
arnold,67,0.00968348,1.41E-05,0.00746762,0.000148066,9
aromatase,254,0.036710507,6.55E-05,0.020472069,0.000272739,7
aromatisation,86,0.012429542,4.66E-06,0.010562602,0.000137228,7
aromatization,50,0.007226478,2.50E-06,0.006899605,0.000101226,7
arousal,135,0.01951149,9.08E-05,0.013333014,0.00022434,5
aroused,17,0.002457002,3.96E-07,0.003004971,6.18E-05,5
arrange,83,0.011995953,5.67E-06,0.011071956,0.000137172,2
array,36,0.005203064,1.77E-06,0.00541587,8.60E-05,9
arrhythmia,19,0.002746062,7.60E-09,0.003651267,5.04E-05,4
arrive,65,0.009394421,4.97E-06,0.00890501,0.000121328,4
art,56,0.008093655,1.13E-05,0.007174153,0.000123653,9
arterial,49,0.007081948,1.39E-05,0.005986906,0.000109504,6
artery,248,0.03584333,0.000123018,0.018673527,0.000291006,4
arthritis,36,0.005203064,2.69E-06,0.005244614,8.77E-05,9
arthur,20,0.002890591,1.31E-07,0.003509579,6.76E-05,4
article,375,0.054198584,0.000345523,0.023872298,0.000380005,0
artificial,81,0.011706894,4.80E-05,0.009686286,0.00016235,1
artificially,34,0.004914005,1.23E-07,0.005883202,6.84E-05,6
asanad,90,0.01300766,6.11E-06,0.010558823,0.000122137,9
asap,20,0.002890591,2.89E-07,0.003569941,6.89E-05,5
ascertain,17,0.002457002,9.06E-09,0.003672481,4.84E-05,4
asempa,59,0.008527244,2.84E-06,0.008349471,0.000116173,9
ashkenazi,17,0.002457002,5.11E-08,0.003289173,5.07E-05,7
ashley,20,0.002890591,1.08E-05,0.00145494,0.000105665,9
ashwagandha,72,0.010406128,5.83E-05,0.007561928,0.000159839,10
asia,15,0.002167943,3.61E-07,0.002164484,6.08E-05,10
asian,52,0.007515537,2.56E-05,0.005812017,0.000147616,5
aside,94,0.013585778,1.17E-05,0.010970724,0.000146914,6
ask,564,0.08151467,0.000523318,0.029564809,0.00043804,0
askmayoexpert,20,0.002890591,1.60E-07,0.003364681,6.66E-05,5
asleep,72,0.010406128,1.32E-05,0.009265652,0.000129261,6
asmh,19,0.002746062,2.82E-07,0.002969275,6.27E-05,3
aspartate,19,0.002746062,7.99E-07,0.001648769,9.14E-05,7
aspect,312,0.045093222,0.000109456,0.023135649,0.000298094,6
aspirin,54,0.007804596,1.26E-05,0.006887268,0.000130041,3
assay,149,0.021534904,6.69E-05,0.013233512,0.000237196,4
assess,400,0.057811823,0.000243711,0.027153839,0.000367746,4
assessment,227,0.032808209,7.73E-05,0.019386902,0.000263028,4
assign,107,0.015464663,3.86E-05,0.0120757,0.000182701,4
assist,138,0.019945079,3.24E-05,0.014875828,0.000178026,2
assistance,55,0.007949126,5.94E-06,0.007862821,0.000116147,0
assistant,161,0.023269259,5.16E-05,0.014581029,0.000244899,9
assistive,18,0.002601532,1.76E-07,0.003644126,5.41E-05,2
assoc,20,0.002890591,8.32E-08,0.003305659,6.66E-05,4
associate,935,0.135135135,0.002310221,0.035854822,0.000711868,7
associated,39,0.005636653,9.38E-07,0.005903147,8.70E-05,2
association,437,0.063159416,0.000935246,0.025795296,0.000486707,4
assume,98,0.014163897,9.26E-06,0.012239385,0.000144396,0
assumption,20,0.002890591,1.28E-07,0.00357521,5.71E-05,0
assure,51,0.007371007,2.87E-06,0.008108088,0.000103665,4
assured,28,0.004046828,1.53E-07,0.004586955,6.42E-05,4
astella,18,0.002601532,3.66E-07,0.00188089,7.99E-05,9
asthma,49,0.007081948,1.00E-05,0.00581065,0.000112606,9
asymptomatic,32,0.004624946,2.31E-07,0.005674968,6.70E-05,4
asynchronous,20,0.002890591,7.96E-08,0.004053007,6.15E-05,0
atherosclerosis,93,0.013441249,7.60E-06,0.010249108,0.000138109,4
atherosclerotic,16,0.002312473,1.64E-07,0.002655364,5.78E-05,7
athlete,86,0.012429542,1.34E-05,0.01031281,0.000130347,7
athletic,48,0.006937419,5.56E-06,0.006779411,9.79E-05,10
atlanta,18,0.002601532,2.29E-07,0.003092323,6.53E-05,0
atrial,57,0.008238185,3.64E-06,0.007232496,0.000114603,4
atrophy,130,0.018788842,2.88E-05,0.01194914,0.000177318,7
attach,70,0.010117069,5.26E-06,0.007421058,0.000106801,2
attache,27,0.003902298,6.91E-08,0.004063234,5.89E-05,7
attack,380,0.054921231,0.000230662,0.023926468,0.000363525,4
attain,19,0.002746062,7.85E-09,0.00353617,5.00E-05,7
attempt,169,0.024425495,5.62E-05,0.016769122,0.000227695,4
attend,138,0.019945079,3.24E-05,0.015901143,0.00019374,2
attention,195,0.028183263,0.00011151,0.016974851,0.000247543,4
attest,20,0.002890591,2.29E-08,0.004196998,5.57E-05,0
attitude,39,0.005636653,3.54E-06,0.006161873,9.79E-05,6
attributable,32,0.004624946,6.71E-08,0.005415847,6.28E-05,6
attribute,131,0.018933372,2.25E-05,0.013201195,0.000171655,6
aua,263,0.038011273,0.000275746,0.02155936,0.000354885,4
auaer,14,0.002023414,2.62E-08,0.002134434,5.82E-05,1
auchus,31,0.004480416,3.12E-06,0.002942193,0.000103301,5
aud,19,0.002746062,1.85E-07,0.003198085,5.59E-05,7
audible,20,0.002890591,1.10E-07,0.003425984,6.38E-05,2
audience,19,0.002746062,9.39E-07,0.002620384,8.24E-05,0
audio,71,0.010261598,1.61E-05,0.00714256,0.000143858,0
august,37,0.005347594,5.15E-06,0.003673719,0.00010707,5
aurora,20,0.002890591,2.51E-07,0.003265594,7.06E-05,9
australia,65,0.009394421,2.70E-05,0.007515787,0.00015136,9
authentic,16,0.002312473,9.08E-08,0.002754769,6.36E-05,0
authentically,20,0.002890591,3.08E-07,0.003307036,7.29E-05,6
author,311,0.044948692,0.00087485,0.021407684,0.000480203,4
authorship,19,0.002746062,6.37E-08,0.003548506,5.97E-05,4
autoimmune,142,0.020523197,3.22E-05,0.012142578,0.000183082,7
automated,19,0.002746062,1.94E-07,0.002855536,6.47E-05,7
automatic,16,0.002312473,1.13E-08,0.003036876,4.72E-05,6
automatically,43,0.006214771,4.07E-06,0.005129348,0.000101087,0
autonomy,18,0.002601532,6.99E-08,0.003320082,5.74E-05,4
auxiliary,19,0.002746062,2.98E-07,0.00357807,6.11E-05,2
availability,57,0.008238185,8.01E-06,0.008296599,0.000123545,4
available,981,0.141783495,0.005663868,0.040654779,0.000959568,2
avanafil,15,0.002167943,1.54E-08,0.002614058,5.60E-05,2
aveed,31,0.004480416,1.21E-07,0.00549175,6.88E-05,2
avenue,74,0.010695187,0.000117761,0.007695788,0.000151042,9
average,342,0.049429108,0.000216511,0.022914266,0.000348381,0
aversa,38,0.005492123,8.90E-06,0.004382009,0.00011676,5
averse,17,0.002457002,4.96E-09,0.003640393,4.91E-05,2
aversion,17,0.002457002,4.40E-08,0.003192657,5.61E-05,6
avocado,75,0.010839717,0.000102635,0.007538682,0.000173372,10
avoid,566,0.081803729,0.000587526,0.032166496,0.00049689,2
await,37,0.005347594,1.79E-06,0.006245053,8.16E-05,4
award,39,0.005636653,1.66E-05,0.004393326,0.000118109,9
aware,187,0.027027027,6.17E-05,0.017242055,0.000227838,4
awareness,102,0.014742015,5.85E-06,0.0123827,0.000148323,6
away,210,0.030351207,9.20E-05,0.019178189,0.000261242,2
awesome,82,0.011851424,8.78E-06,0.010517113,0.000137716,0
awful,18,0.002601532,1.52E-08,0.003414299,5.40E-05,0
awkward,50,0.007226478,1.61E-06,0.007359908,8.53E-05,0
awkwardness,20,0.002890591,5.22E-08,0.003931148,6.13E-05,0
axilla,18,0.002601532,7.11E-08,0.003580803,5.82E-05,2
axillary,20,0.002890591,1.95E-07,0.002966646,6.79E-05,6
axiron,19,0.002746062,9.08E-08,0.003836383,5.93E-05,2
axis,248,0.03584333,9.13E-05,0.018418671,0.000274401,7
ayurveda,19,0.002746062,6.20E-07,0.002742021,7.37E-05,10
azelaic,20,0.002890591,7.42E-08,0.003453371,6.23E-05,7
azoospermia,50,0.007226478,2.54E-06,0.006524083,9.04E-05,7
b.a,19,0.002746062,1.27E-07,0.002389058,6.87E-05,5
b.d,20,0.002890591,1.29E-06,0.002278948,9.04E-05,5
b12,86,0.012429542,6.69E-06,0.010145251,0.00013354,7
baby,138,0.019945079,3.11E-05,0.013352387,0.000191284,7
bachelor,19,0.002746062,7.74E-07,0.003082067,6.87E-05,9
backbone,15,0.002167943,9.98E-09,0.003082216,4.74E-05,0
backfire,20,0.002890591,1.99E-07,0.004128933,5.98E-05,0
background,125,0.018066195,9.56E-05,0.013344939,0.000222197,0
backseat,19,0.002746062,2.48E-07,0.003689775,5.99E-05,0
bacterial,17,0.002457002,1.06E-07,0.00267949,5.83E-05,7
bad,403,0.058245411,0.000305844,0.025786226,0.000385511,0
bail,17,0.002457002,4.95E-08,0.003633697,4.92E-05,0
baillargeon,19,0.002746062,3.47E-07,0.00334185,5.68E-05,4
baillargeon373,18,0.002601532,3.82E-08,0.003054628,5.82E-05,4
bajic,153,0.022113022,0.000169959,0.013650978,0.000243676,0
bake,16,0.002312473,1.44E-06,0.002208707,6.70E-05,10
balance,696,0.100592571,0.000872034,0.035384252,0.000573388,2
balanced,319,0.046104928,0.000204726,0.023809075,0.000344868,10
bald,73,0.010550658,1.64E-05,0.008437145,0.000133218,6
balding,36,0.005203064,3.11E-06,0.005153409,8.75E-05,6
baldness,176,0.025437202,5.66E-05,0.01514315,0.000228999,7
balk,33,0.004769475,6.87E-07,0.005144313,7.91E-05,0
ball,34,0.004914005,4.03E-06,0.005210655,9.10E-05,2
bam,19,0.002746062,1.31E-07,0.003556631,6.18E-05,0
ban,35,0.005058534,3.74E-06,0.005463719,9.31E-05,2
band,61,0.008816303,8.97E-06,0.007020948,0.000132208,2
bandage,19,0.002746062,1.33E-06,0.002939656,6.69E-05,2
bandinelli,20,0.002890591,9.68E-06,0.001231018,0.000104877,5
bank,38,0.005492123,2.69E-05,0.004100387,0.000126413,9
bann,20,0.002890591,1.47E-05,0.001739468,9.73E-05,5
baptist,20,0.002890591,1.16E-05,0.001664275,9.62E-05,9
bar,19,0.002746062,2.15E-08,0.003861354,5.84E-05,0
barat,19,0.002746062,8.19E-08,0.003029347,6.85E-05,4
barber,19,0.002746062,1.39E-05,0.001830441,9.00E-05,5
barely,37,0.005347594,5.88E-07,0.006014086,7.73E-05,6
bariatric,60,0.008671773,4.88E-06,0.008140503,0.000115653,7
barne,19,0.002746062,6.77E-08,0.003377129,5.58E-05,4
barometer,20,0.002890591,1.29E-08,0.004227538,5.30E-05,6
barrier,121,0.017488076,4.35E-05,0.012897782,0.000178645,2
barth,19,0.002746062,4.26E-07,0.001274969,0.000102939,5
bartke,19,0.002746062,1.93E-06,0.0021267,7.69E-05,5
barton,15,0.002167943,8.74E-07,0.001088275,8.34E-05,9
basaria,35,0.005058534,2.18E-05,0.003263783,0.00013164,5
base,1004,0.145107675,0.003649027,0.040493963,0.000827927,2
baseline,318,0.045960399,0.000137904,0.024343029,0.000338095,4
basic,203,0.0293395,0.000193139,0.016738592,0.000264897,5
basically,81,0.011706894,1.74E-05,0.009833318,0.000147976,0
basis,187,0.027027027,5.50E-05,0.017669874,0.000215911,2
basket,17,0.002457002,7.73E-09,0.003436941,4.96E-05,0
basophil,11,0.001589825,3.57E-07,0.001495687,5.79E-05,7
basson,20,0.002890591,7.01E-07,0.002472391,7.83E-05,5
bath,20,0.002890591,3.79E-07,0.003297179,7.13E-05,6
bathe,18,0.002601532,6.84E-07,0.002895876,6.08E-05,2
baton,19,0.002746062,1.15E-05,0.001649097,8.72E-05,9
battery,57,0.008238185,1.09E-05,0.006486288,0.000112685,9
baumgarten,70,0.010117069,3.81E-06,0.009521833,0.000110506,9
bayer,19,0.002746062,6.61E-07,0.002702394,7.52E-05,9
baylor,128,0.018499783,7.92E-05,0.011193223,0.000211215,9
beach,38,0.005492123,1.00E-05,0.005360584,0.000103846,8
bean,42,0.006070241,5.62E-05,0.004482111,0.000118274,10
bear,219,0.031651973,0.000132511,0.017869255,0.000257043,7
beard,153,0.022113022,5.70E-05,0.013793575,0.000211291,6
beast,15,0.002167943,2.19E-08,0.003061799,5.42E-05,0
beat,45,0.00650383,9.49E-07,0.005353228,7.97E-05,6
beautiful,25,0.003613239,1.69E-07,0.003704413,7.24E-05,0
beauty,68,0.00982801,1.20E-05,0.009079523,0.000113955,0
bebb,20,0.002890591,1.17E-06,0.000521327,0.000120431,9
bed,91,0.01315219,6.55E-06,0.011521483,0.000142691,0
bedroom,35,0.005058534,3.58E-06,0.005403212,8.51E-05,10
bedtime,19,0.002746062,3.38E-08,0.003545051,5.99E-05,7
beef,19,0.002746062,5.87E-06,0.002014353,8.26E-05,10
beer,20,0.002890591,8.57E-07,0.003273127,6.98E-05,10
beeram,20,0.002890591,2.68E-06,0.001285329,0.000110119,9
begin,643,0.092932505,0.000914485,0.031889704,0.000524584,6
beginner,16,0.002312473,5.19E-08,0.002747599,5.44E-05,5
beginning,19,0.002746062,3.81E-08,0.003507035,5.50E-05,9
behav,27,0.003902298,8.34E-06,0.002298683,0.00011929,5
behavior,170,0.024570025,4.11E-05,0.01733002,0.000217489,6
behavioral,58,0.008382714,2.41E-05,0.007045949,0.000130314,5
behaviour,20,0.002890591,4.56E-08,0.004159477,5.46E-05,7
behavioural,16,0.002312473,4.46E-10,0.003234339,4.94E-05,0
beiza,20,0.002890591,6.47E-08,0.003743764,6.37E-05,2
belakovskiy,35,0.005058534,8.43E-07,0.005801494,8.33E-05,4
belief,30,0.004335887,4.34E-07,0.004850182,7.12E-05,6
believe,276,0.039890158,0.00014973,0.020706205,0.000295756,0
believer,20,0.002890591,4.89E-08,0.004183403,5.88E-05,2
bell,18,0.002601532,1.06E-08,0.003418117,5.07E-05,0
belly,123,0.017777135,1.15E-05,0.012948798,0.000153802,6
benchmark,20,0.002890591,4.98E-08,0.004263931,5.96E-05,2
bend,36,0.005203064,5.45E-06,0.004804235,0.000104376,2
bendable,18,0.002601532,3.20E-07,0.003310422,6.22E-05,2
beneath,55,0.007949126,9.45E-06,0.007892416,0.000112547,2
beneficial,291,0.042058101,0.000147288,0.022672783,0.000301502,0
beneficiary,19,0.002746062,2.31E-07,0.003197663,6.24E-05,4
benefit,1121,0.162017633,0.002710386,0.040685665,0.000749551,0
benefit.6,18,0.002601532,1.01E-07,0.003724115,5.70E-05,4
benign,153,0.022113022,3.97E-05,0.013104054,0.000187746,7
bennett,19,0.002746062,4.95E-08,0.003229948,5.33E-05,9
bent,16,0.002312473,4.20E-07,0.00246792,6.52E-05,2
benzoate,19,0.002746062,3.10E-07,0.003148067,7.02E-05,2
benzyl,19,0.002746062,3.99E-07,0.003156304,6.98E-05,2
ben‐shlomo,20,0.002890591,8.65E-06,0.001218743,0.000111005,5
berman,20,0.002890591,5.75E-06,0.001619857,0.000101804,9
berry,20,0.002890591,6.95E-07,0.001483116,9.48E-05,10
bespoke,51,0.007371007,1.35E-06,0.00765436,9.09E-05,9
bet,72,0.010406128,1.68E-05,0.009083057,0.000125676,0
better,33,0.004769475,1.45E-06,0.005642824,7.73E-05,0
bettie,19,0.002746062,6.28E-07,0.002783724,7.83E-05,0
bettoocchi,20,0.002890591,2.49E-07,0.003048772,7.06E-05,4
beware,54,0.007804596,2.76E-06,0.006979295,9.84E-05,0
bhasin,72,0.010406128,0.000160355,0.005687905,0.000196397,5
bias,78,0.011273305,1.18E-05,0.009896562,0.000137884,4
bibliography/,20,0.002890591,1.31E-07,0.003415092,5.53E-05,4
bicker,14,0.002023414,6.02E-09,0.002325895,5.42E-05,0
bidirectional,44,0.0063593,1.76E-06,0.006227392,9.23E-05,7
big,465,0.067206244,0.000441133,0.028242347,0.000436838,0
bilateral,30,0.004335887,1.25E-06,0.00362279,9.18E-05,7
biliary,15,0.002167943,6.49E-07,0.002397806,5.96E-05,7
bilirubin,19,0.002746062,2.36E-06,0.001479146,9.34E-05,7
bill,33,0.004769475,1.73E-06,0.004823515,8.36E-05,0
billboard,19,0.002746062,9.54E-08,0.00379237,5.80E-05,0
billing,79,0.011417835,3.34E-05,0.008866806,0.000166756,0
bimix,20,0.002890591,5.36E-07,0.003667856,6.40E-05,2
bind,311,0.044948692,0.000188199,0.017019836,0.000304492,7
binge,30,0.004335887,4.69E-06,0.004044981,8.12E-05,10
bioactive,19,0.002746062,3.92E-08,0.002875326,6.10E-05,7
bioactivity,19,0.002746062,7.35E-07,0.002970238,6.27E-05,7
bioavailability,20,0.002890591,2.31E-08,0.003504188,5.69E-05,7
bioavailable,196,0.028327793,6.60E-05,0.015209098,0.000222787,7
biochemical,211,0.030495736,9.08E-05,0.017936139,0.000272054,4
biochemically,15,0.002167943,4.24E-08,0.002762771,4.68E-05,7
biochemistry,20,0.002890591,1.70E-06,0.002878855,6.98E-05,4
bioequivalence,17,0.002457002,1.04E-07,0.003124825,5.61E-05,2
bioidentical,28,0.004046828,4.57E-07,0.004819928,6.21E-05,6
biologic,35,0.005058534,4.05E-06,0.004907413,9.41E-05,5
biological,226,0.03266368,0.000122788,0.018905064,0.000275562,9
biology,15,0.002167943,4.08E-07,0.002688213,5.21E-05,4
biomarker,51,0.007371007,1.73E-06,0.007387416,9.30E-05,4
biomedical,20,0.002890591,4.92E-07,0.003448209,6.90E-05,9
biopsy,71,0.010261598,7.79E-06,0.008413908,0.0001179,7
biorepository,18,0.002601532,9.69E-07,0.002867822,6.67E-05,9
biosynthesis,20,0.002890591,7.66E-07,0.003138569,7.23E-05,7
biotech,19,0.002746062,2.04E-06,0.002328554,8.77E-05,9
biotin,35,0.005058534,9.65E-07,0.005410322,7.85E-05,7
bipolar,26,0.003757768,2.51E-06,0.004180151,6.73E-05,7
birmingham,18,0.002601532,6.69E-07,0.002543807,7.30E-05,9
birth,182,0.026304379,0.000319203,0.014563941,0.000251849,7
bit,463,0.066917185,0.000426147,0.029069353,0.000469336,0
bitch,20,0.002890591,7.80E-08,0.003315851,6.02E-05,6
bittoun,20,0.002890591,1.37E-06,0.002244603,9.16E-05,5
black,92,0.013296719,0.000143882,0.009502825,0.000207746,10
bladder,125,0.018066195,5.74E-05,0.012467546,0.000210774,7
blah,35,0.005058534,7.27E-07,0.005915637,7.80E-05,0
blair,32,0.004624946,1.70E-06,0.005036244,7.24E-05,9
blame,109,0.015753722,1.10E-05,0.012237077,0.000157741,0
blanket,19,0.002746062,3.34E-08,0.003540801,5.26E-05,0
ble,20,0.002890591,9.08E-06,0.001529157,9.84E-05,5
bleed,52,0.007515537,7.02E-06,0.006620312,0.00010589,2
bleeding,34,0.004914005,5.31E-06,0.004829837,8.39E-05,2
blemish,19,0.002746062,2.28E-07,0.003101263,6.64E-05,6
blend,64,0.009249892,1.09E-05,0.008072455,0.000119104,2
bless,15,0.002167943,5.03E-09,0.003150752,5.02E-05,0
blind,38,0.005492123,3.15E-07,0.005890972,7.54E-05,4
blindness,14,0.002023414,2.27E-08,0.002354273,5.09E-05,7
bloat,27,0.003902298,2.59E-07,0.004970907,7.03E-05,6
block,153,0.022113022,3.44E-05,0.014861951,0.000203052,7
blockade,18,0.002601532,2.49E-07,0.002925977,6.06E-05,7
blockage,16,0.002312473,2.73E-07,0.002987229,5.15E-05,2
blocker,34,0.004914005,2.27E-06,0.005496446,8.19E-05,7
blog,64,0.009249892,1.96E-05,0.007693279,0.000130249,9
blood,1560,0.225466108,0.00907102,0.038991583,0.000926688,7
bloodstream,293,0.04234716,0.000103289,0.021033211,0.000298933,2
bloodwork,121,0.017488076,1.07E-05,0.014167873,0.000156137,4
blossom,20,0.002890591,2.19E-07,0.003618393,6.76E-05,0
blue,19,0.002746062,1.90E-08,0.003531201,5.87E-05,6
blum,27,0.003902298,1.80E-06,0.001775674,0.000111199,5
blunt,67,0.00968348,1.63E-06,0.009548524,0.000111569,7
blunting,34,0.004914005,6.89E-07,0.005232103,7.96E-05,6
blvd,11,0.001589825,2.24E-08,0.001361003,5.68E-05,9
blye,10,0.001445296,6.32E-08,0.001424039,4.16E-05,0
bmi,158,0.02283567,3.58E-05,0.01378063,0.000192567,4
bmis,18,0.002601532,5.70E-08,0.003201514,6.09E-05,6
board,143,0.020667727,0.00017022,0.012717229,0.000235687,9
boast,15,0.002167943,7.29E-08,0.002869138,5.51E-05,10
bodily,51,0.007371007,7.99E-07,0.006619068,7.74E-05,7
body,1621,0.234282411,0.008660073,0.043183394,0.000992421,6
bodybuilde,19,0.002746062,3.53E-08,0.003671675,5.30E-05,7
bodybuilder,49,0.007081948,3.63E-06,0.007088612,9.42E-05,7
boil,52,0.007515537,7.15E-06,0.00751934,0.000121776,2
boiler,23,0.00332418,3.84E-07,0.003285706,6.90E-05,7
bolster,20,0.002890591,8.59E-09,0.004374552,5.26E-05,2
bolt,20,0.002890591,1.37E-07,0.003395812,6.73E-05,0
bolus,16,0.002312473,7.75E-09,0.003231195,4.80E-05,2
bombard,19,0.002746062,3.01E-07,0.002750726,7.46E-05,11
bone,699,0.10102616,0.001127717,0.026603623,0.000502285,6
boob,96,0.013874837,1.05E-05,0.010617784,0.00014899,6
book,205,0.029628559,0.000163211,0.016745415,0.0002684,5
boom,52,0.007515537,1.50E-06,0.007959607,9.64E-05,0
booming,39,0.005636653,2.89E-06,0.006589119,9.54E-05,0
boost,647,0.093510623,0.000644508,0.030687495,0.000503355,10
booster,225,0.03251915,5.68E-05,0.018831939,0.000251934,0
bordal,18,0.002601532,1.25E-07,0.002455845,6.30E-05,9
borderline,38,0.005492123,3.62E-07,0.006424854,7.84E-05,0
boron,21,0.003035121,1.25E-07,0.003620875,5.76E-05,10
boston,73,0.010550658,6.25E-05,0.006032102,0.000204075,9
bot,25,0.003613239,4.48E-06,0.003067668,8.78E-05,1
bother,83,0.011995953,1.38E-05,0.009534461,0.000131616,0
bothersome,79,0.011417835,6.13E-06,0.010005572,0.000106507,0
botox,24,0.003468709,2.42E-06,0.00314572,8.10E-05,6
bottle,50,0.007226478,1.59E-06,0.007133199,9.86E-05,2
bound,80,0.011562365,1.88E-05,0.007889077,0.000151446,7
bovine,17,0.002457002,2.89E-07,0.002630394,6.90E-05,9
box,18,0.002601532,4.65E-08,0.003321046,5.81E-05,4
boxed,19,0.002746062,1.10E-06,0.002947349,7.25E-05,2
boy,217,0.031362914,3.90E-05,0.01692327,0.000225938,7
boyle,19,0.002746062,1.94E-07,0.002868682,6.87E-05,4
bph,80,0.011562365,1.10E-05,0.008760102,0.000129484,4
bph.59,18,0.002601532,1.06E-08,0.003506236,5.09E-05,4
bradley,19,0.002746062,1.02E-07,0.00325437,5.65E-05,9
brag,17,0.002457002,2.92E-09,0.003770362,4.65E-05,0
brain,633,0.091487209,0.001152844,0.029548226,0.000571822,7
brand,163,0.023558318,4.73E-05,0.016860755,0.000239625,2
brannigan,45,0.00650383,0.000164489,0.004641225,0.000146983,5
brca,17,0.002457002,1.46E-07,0.002600136,6.20E-05,7
bread,45,0.00650383,8.97E-06,0.004992186,0.000126444,10
breadcrumb,16,0.002312473,3.91E-08,0.003000105,5.61E-05,0
break,184,0.026593438,4.49E-05,0.016688935,0.000213677,2
breakage,18,0.002601532,7.60E-08,0.003546277,5.30E-05,2
breakdown,50,0.007226478,6.97E-07,0.007401179,9.16E-05,6
breaker,16,0.002312473,3.35E-09,0.003503402,5.13E-05,0
breakfast,34,0.004914005,5.15E-06,0.005268791,8.99E-05,10
breakout,71,0.010261598,1.29E-05,0.008808929,0.000137028,9
breakthrough,20,0.002890591,7.96E-07,0.002842538,7.79E-05,9
breakup,20,0.002890591,2.84E-08,0.004330358,5.57E-05,0
breast,596,0.086139616,0.00064938,0.02769341,0.000470983,7
breastfeed,17,0.002457002,5.72E-08,0.002820921,5.39E-05,7
breath,60,0.008671773,4.97E-06,0.007605526,0.000119989,6
breathe,82,0.011851424,2.07E-05,0.009029558,0.000137595,7
breathing,127,0.018355254,5.05E-05,0.013030123,0.000199894,7
breathwork,20,0.002890591,1.69E-07,0.003162303,7.38E-05,6
breehl,20,0.002890591,2.59E-06,0.003085109,7.67E-05,5
brenda,14,0.002023414,9.86E-08,0.00182524,6.13E-05,9
brian,20,0.002890591,8.02E-06,0.001370087,0.000105112,5
brief,42,0.006070241,3.30E-06,0.006287115,9.35E-05,4
briefly,17,0.002457002,6.25E-08,0.003226987,4.92E-05,6
brigham,18,0.002601532,8.56E-07,0.002324334,7.55E-05,9
brilliant,19,0.002746062,3.77E-08,0.003717714,5.42E-05,0
bring,502,0.072553837,0.00053062,0.029458008,0.000464774,0
brings,19,0.002746062,2.07E-08,0.003635598,5.29E-05,6
brisk,20,0.002890591,2.08E-07,0.003690026,6.47E-05,0
british,124,0.017921665,0.000251548,0.011180391,0.000181669,9
brito,33,0.004769475,4.42E-05,0.0025136,0.000119516,5
brittle,65,0.009394421,1.16E-06,0.007798007,9.36E-05,6
broad,110,0.015898251,1.03E-05,0.012714157,0.000151872,6
broadcast,20,0.002890591,3.82E-07,0.003189731,6.30E-05,8
broadly,16,0.002312473,8.56E-09,0.003414681,4.94E-05,9
broccoli,20,0.002890591,5.51E-07,0.00145724,9.34E-05,10
brockport,16,0.002312473,1.03E-06,0.001376974,7.93E-05,9
broderick,64,0.009249892,3.43E-06,0.008665041,0.00011019,6
broken,18,0.002601532,1.45E-08,0.003078932,5.59E-05,6
brother,13,0.001878884,1.65E-08,0.001980971,5.61E-05,0
brown,35,0.005058534,2.19E-05,0.004161775,0.000105769,10
browse,82,0.011851424,9.46E-06,0.009508698,0.00013415,6
browser,19,0.002746062,7.56E-07,0.002973463,6.29E-05,0
bruce,20,0.002890591,1.09E-05,0.001053213,0.000110279,5
bruise,73,0.010550658,6.25E-06,0.009234476,0.000130588,2
bruising,18,0.002601532,1.72E-07,0.002687977,6.29E-05,2
brush,20,0.002890591,4.98E-07,0.003658994,6.42E-05,2
bsc,20,0.002890591,1.80E-06,0.001970041,9.45E-05,9
bssm,89,0.012863131,9.62E-06,0.010481259,0.000138816,4
bubble,19,0.002746062,7.58E-08,0.003480286,6.41E-05,2
buccal,171,0.024714554,7.76E-05,0.016377159,0.000262686,2
buckle,23,0.00332418,2.24E-06,0.003394239,7.05E-05,2
budget,33,0.004769475,7.29E-07,0.005679468,7.84E-05,2
buff,16,0.002312473,1.22E-07,0.002923622,5.33E-05,6
buffer,26,0.003757768,6.87E-08,0.004217121,6.44E-05,7
bug,20,0.002890591,6.88E-07,0.00334586,6.27E-05,0
build,439,0.063448475,0.000382156,0.028040385,0.000418693,6
builder,42,0.006070241,1.30E-07,0.006373324,7.12E-05,6
building,92,0.013296719,6.13E-05,0.010582726,0.000153059,9
buildup,78,0.011273305,7.02E-06,0.009430342,0.000136771,4
bulge,32,0.004624946,5.63E-07,0.004575326,7.90E-05,6
bulimia,13,0.001878884,8.68E-08,0.001980887,5.93E-05,7
bulk,38,0.005492123,3.34E-07,0.005730371,7.32E-05,6
bullet,57,0.008238185,4.06E-06,0.007968265,0.000108268,0
bullock,57,0.008238185,8.74E-06,0.007047245,0.000123851,9
bullough,14,0.002023414,2.71E-07,0.002179262,6.46E-05,0
bump,14,0.002023414,1.79E-07,0.002743636,5.11E-05,0
bunch,17,0.002457002,8.65E-08,0.003246175,5.46E-05,0
bundle,29,0.004191357,6.66E-08,0.004728567,6.26E-05,2
bupki,29,0.004191357,1.04E-06,0.004393464,7.79E-05,0
burden,93,0.013441249,1.47E-05,0.010376758,0.000151698,0
burlington,16,0.002312473,3.89E-07,0.002040267,6.97E-05,5
burn,127,0.018355254,2.22E-05,0.013826095,0.000169394,0
burnett,79,0.011417835,2.56E-05,0.008918356,0.000147207,4
burning,17,0.002457002,2.20E-09,0.003505128,4.83E-05,6
burnod,20,0.002890591,4.69E-06,0.001847856,9.51E-05,5
burns,17,0.002457002,7.93E-08,0.002343234,6.56E-05,9
business,103,0.014886544,2.27E-05,0.012498913,0.000168193,0
bust,16,0.002312473,8.33E-08,0.002944483,5.16E-05,0
busy,34,0.004914005,1.60E-06,0.005662592,7.03E-05,0
butt,71,0.010261598,7.88E-06,0.007995093,0.000131503,0
butterfly,16,0.002312473,2.55E-07,0.002335864,6.04E-05,7
buttock,107,0.015464663,2.81E-05,0.011603968,0.000164225,2
button,95,0.013730308,2.98E-05,0.010860476,0.000168674,4
butts,20,0.002890591,2.84E-07,0.002870635,6.09E-05,0
buy,129,0.018644313,1.78E-05,0.01440671,0.000185129,9
buyer,20,0.002890591,1.08E-07,0.002567855,6.17E-05,0
buzzsprout,40,0.005781182,1.33E-06,0.004732043,9.06E-05,0
bypass,67,0.00968348,2.75E-06,0.009535617,0.000117555,2
byproduct,19,0.002746062,4.57E-08,0.003470649,5.94E-05,6
byron,14,0.002023414,2.71E-07,0.002171791,6.45E-05,0
c.n,36,0.005203064,9.22E-06,0.002627963,0.00015665,5
c.p.t,20,0.002890591,1.92E-07,0.003486707,6.95E-05,9
c1995,18,0.002601532,1.87E-07,0.003127268,6.00E-05,5
c2025,59,0.008527244,2.79E-05,0.00543723,0.000161852,5
caban,20,0.002890591,3.28E-06,0.002872656,8.03E-05,5
cac,26,0.003757768,6.41E-07,0.003787258,6.79E-05,4
cad,52,0.007515537,5.55E-06,0.006755811,0.000109725,6
caffeine,19,0.002746062,1.95E-07,0.00294127,6.58E-05,10
cag,16,0.002312473,9.87E-09,0.003162905,4.82E-05,4
cah,40,0.005781182,2.98E-07,0.005480737,7.82E-05,7
calcification,31,0.004480416,6.53E-07,0.004999289,7.04E-05,6
calcium,128,0.018499783,3.92E-05,0.012411869,0.000196246,4
calculate,102,0.014742015,1.26E-05,0.011481633,0.00015867,4
calculated,19,0.002746062,2.06E-07,0.00344158,5.93E-05,4
calculation,18,0.002601532,4.96E-08,0.003064944,5.80E-05,4
calculator,33,0.004769475,1.81E-06,0.00525682,7.29E-05,6
calendar,36,0.005203064,7.15E-07,0.005769927,8.21E-05,0
calgary,11,0.001589825,6.78E-08,0.001277408,5.85E-05,9
calibrate,20,0.002890591,5.56E-08,0.003968149,5.43E-05,2
calibration,20,0.002890591,1.13E-06,0.003097649,6.81E-05,4
california,29,0.004191357,5.44E-06,0.00322556,0.000103244,9
calm,71,0.010261598,1.10E-05,0.00883681,0.000129138,7
calogero,19,0.002746062,6.26E-07,0.002299064,8.09E-05,5
calorie,96,0.013874837,8.86E-06,0.011719024,0.000139964,0
campaign,35,0.005058534,2.10E-05,0.004626189,9.64E-05,9
campbell,20,0.002890591,1.49E-05,0.00089996,0.000112257,9
campus,37,0.005347594,5.52E-06,0.004688077,0.000106486,9
camry,15,0.002167943,2.11E-06,0.001865034,7.04E-05,0
canada,169,0.024425495,0.00032693,0.012121449,0.000271683,9
canadian,148,0.021390374,7.19E-05,0.014914461,0.000240551,4
canandaigua,16,0.002312473,9.53E-07,0.00129453,8.18E-05,9
canary,32,0.004624946,9.75E-07,0.005213595,7.95E-05,6
cancer,899,0.129932071,0.002455477,0.032810158,0.000700521,7
cancerous,42,0.006070241,1.78E-06,0.006199901,8.34E-05,7
candidate,276,0.039890158,3.99E-05,0.021388329,0.000241997,4
candle,19,0.002746062,3.07E-07,0.003809851,5.90E-05,0
canine,19,0.002746062,1.17E-06,0.002600823,7.19E-05,2
capability,19,0.002746062,2.88E-08,0.003668997,5.35E-05,6
capable,34,0.004914005,3.28E-07,0.005826475,7.10E-05,0
capacity,68,0.00982801,5.19E-06,0.008962082,0.000112024,6
capogrosso,17,0.002457002,3.12E-06,0.00222948,6.74E-05,9
capsule,154,0.022257552,5.15E-05,0.01559155,0.000219701,2
capture,54,0.007804596,2.85E-05,0.006163915,0.000123774,11
car,99,0.014308426,0.00012531,0.009962681,0.000188269,0
carb,50,0.007226478,6.77E-06,0.006385032,0.000110261,10
carbohydrate,32,0.004624946,8.16E-07,0.004795706,8.21E-05,10
carbon,19,0.002746062,4.41E-08,0.003093241,6.08E-05,7
cardiac,147,0.021245845,6.04E-05,0.014496694,0.000216168,4
cardio,98,0.014163897,1.01E-05,0.01197599,0.000148579,0
cardiologist,107,0.015464663,1.20E-05,0.011696992,0.000160216,4
cardiology,104,0.015031074,4.38E-05,0.010666598,0.000200826,9
cardiometabolic,20,0.002890591,5.27E-08,0.003674857,5.51E-05,4
cardioprotectant,20,0.002890591,1.65E-07,0.003503503,6.25E-05,4
cardioprotective,33,0.004769475,3.43E-07,0.00556803,7.24E-05,7
cardiovascular,811,0.11721347,0.001672387,0.034204361,0.000690731,4
care,1197,0.173001879,0.005687183,0.040780622,0.00094622,0
career,90,0.01300766,6.26E-05,0.009798707,0.000182975,9
careful,197,0.028472323,3.25E-05,0.018998822,0.000226362,2
carefully,295,0.042636219,0.000128331,0.024399105,0.000316927,2
caring,31,0.004480416,1.25E-07,0.005080406,6.43E-05,6
carlomagno,19,0.002746062,1.02E-06,0.00226571,8.55E-05,5
carolina,19,0.002746062,1.85E-07,0.003264496,6.12E-05,9
carrier,72,0.010406128,0.000358492,0.007170541,0.000185802,9
carrot,20,0.002890591,5.99E-07,0.00142713,9.43E-05,10
carry,347,0.050151756,0.000182031,0.024976326,0.00034163,2
carson,20,0.002890591,7.07E-07,0.001864139,9.26E-05,5
carswell,17,0.002457002,8.23E-07,0.002595555,7.24E-05,0
carter,18,0.002601532,2.69E-08,0.003586413,5.91E-05,0
cartoon,18,0.002601532,7.82E-08,0.003288263,6.14E-05,10
carvalho,20,0.002890591,2.49E-07,0.003048772,7.06E-05,4
cascade,52,0.007515537,2.04E-06,0.007391797,0.000102857,7
case,754,0.108975285,0.00116852,0.037039464,0.000606127,0
cash,19,0.002746062,7.11E-08,0.003102943,5.82E-05,0
casual,20,0.002890591,5.96E-08,0.003373373,5.69E-05,7
catabolic,76,0.010984246,8.49E-06,0.009831052,0.000140711,7
catalyst,18,0.002601532,3.42E-08,0.003400533,5.50E-05,6
catch,111,0.016042781,3.65E-05,0.012793206,0.000177183,10
categorization,16,0.002312473,6.98E-07,0.002877339,5.43E-05,2
categorizes,19,0.002746062,5.17E-07,0.003174407,6.59E-05,4
category,59,0.008527244,2.05E-06,0.006457967,9.14E-05,5
catheterization,19,0.002746062,1.10E-07,0.003361817,6.21E-05,4
cau,13,0.001878884,2.12E-06,0.001537558,6.82E-05,8
causal,19,0.002746062,1.01E-08,0.003586967,5.42E-05,4
causation,66,0.009538951,7.24E-06,0.008697038,0.000120122,4
causative,17,0.002457002,3.19E-09,0.003197743,4.60E-05,6
cause,1663,0.240352652,0.009424406,0.04069771,0.000990277,7
cause(s,34,0.004914005,8.21E-08,0.006014364,6.85E-05,2
cauter,58,0.008382714,7.54E-06,0.007447405,0.000123045,9
caution,183,0.026448909,4.67E-05,0.017103555,0.000228734,2
cautious,61,0.008816303,9.11E-06,0.008005224,0.000118173,4
cautiously,35,0.005058534,1.64E-06,0.005567331,7.94E-05,4
caveat,18,0.002601532,3.05E-07,0.003523547,5.42E-05,0
caverject,19,0.002746062,1.78E-07,0.003507305,6.39E-05,2
cavity,27,0.003902298,5.26E-07,0.004358702,7.49E-05,2
cbc,77,0.011128776,2.90E-06,0.009085421,0.0001156,7
cbt,18,0.002601532,1.94E-08,0.003533806,5.32E-05,0
ccjm.91a.23064,19,0.002746062,4.45E-07,0.003312093,6.55E-05,4
cdc,86,0.012429542,1.49E-05,0.010180117,0.000148947,4
cease,53,0.007660066,2.24E-06,0.007127683,0.000107469,7
cecil,30,0.004335887,3.94E-06,0.003804565,7.97E-05,5
cedars,84,0.012140483,1.65E-05,0.00816445,0.000152627,9
celebrity,20,0.002890591,3.68E-08,0.003807178,5.64E-05,2
cell,721,0.10420581,0.001211575,0.028592842,0.000575847,7
cellular,53,0.007660066,4.34E-05,0.006178216,0.000135306,5
cent,30,0.004335887,1.07E-07,0.004555354,6.11E-05,6
center,481,0.069518717,0.001236069,0.025589659,0.000555816,9
central,191,0.027605145,0.000331713,0.014674305,0.000322995,5
centre,102,0.014742015,6.83E-05,0.010954843,0.000207021,9
century,20,0.002890591,9.01E-08,0.003036098,6.21E-05,0
cereal,20,0.002890591,1.85E-06,0.002444358,7.57E-05,10
cerebellum,19,0.002746062,3.14E-07,0.003273091,6.61E-05,7
cerebrovascular,32,0.004624946,5.47E-07,0.005244742,7.75E-05,4
certain,669,0.096690273,0.00067064,0.031443239,0.000494042,7
certainly,199,0.028761382,3.55E-05,0.019133677,0.000231918,0
certainty,26,0.003757768,5.31E-07,0.003823239,6.84E-05,4
certification,17,0.002457002,1.34E-07,0.003182483,5.84E-05,9
certify,155,0.022402081,0.00011132,0.014959339,0.000231225,4
cervix,17,0.002457002,1.40E-07,0.002667888,5.89E-05,3
cessation,97,0.014019367,1.05E-05,0.011628629,0.000143664,3
chafing,16,0.002312473,1.40E-07,0.002833001,5.90E-05,0
chain,51,0.007371007,3.42E-06,0.006635812,0.000102523,7
chair,88,0.012718601,3.22E-05,0.009622818,0.000177361,9
chalk,17,0.002457002,5.65E-09,0.003101992,4.47E-05,6
challenge,254,0.036710507,0.000209547,0.021681578,0.000326327,4
challenging,162,0.023413788,2.30E-05,0.016928716,0.000204125,4
chance,207,0.029917618,6.00E-05,0.019322922,0.000253664,6
chandrashekar,20,0.002890591,7.69E-06,0.000760094,0.000123001,5
change,1333,0.192657899,0.004230458,0.043582058,0.000845068,6
changeable,19,0.002746062,1.57E-08,0.003297435,5.05E-05,6
changer,17,0.002457002,5.38E-08,0.003195301,6.00E-05,0
"changes.5,16",19,0.002746062,3.28E-08,0.003723033,5.15E-05,6
channel,17,0.002457002,3.20E-07,0.002881706,6.50E-05,2
chap,83,0.011995953,7.77E-05,0.006293731,0.000201596,5
chapter,13,0.001878884,3.91E-07,0.002389595,4.86E-05,0
character,18,0.002601532,8.09E-08,0.003293914,6.20E-05,10
characterise,30,0.004335887,5.76E-07,0.004261408,6.61E-05,7
characteristic,225,0.03251915,7.81E-05,0.017964494,0.000247987,7
characterize,68,0.00982801,4.65E-06,0.008819018,0.000111437,6
charge,96,0.013874837,1.39E-05,0.011365609,0.00015403,2
charity,20,0.002890591,5.00E-07,0.002406024,8.04E-05,9
charming,20,0.002890591,1.21E-07,0.003242542,6.07E-05,6
chart,46,0.00664836,3.18E-06,0.006591647,8.73E-05,0
chasing,20,0.002890591,6.37E-07,0.003604104,5.69E-05,7
chat,19,0.002746062,8.37E-08,0.003821619,5.96E-05,2
cheap,79,0.011417835,9.50E-06,0.010159524,0.00014267,0
check,717,0.103627692,0.000930844,0.030239141,0.000521504,0
checker,16,0.002312473,3.71E-09,0.00321783,4.16E-05,0
checklist,53,0.007660066,5.66E-06,0.006065983,0.000115324,3
checkup,32,0.004624946,5.81E-07,0.005203945,6.41E-05,0
cheek,63,0.009105362,6.78E-06,0.007764775,0.000125081,2
chemaitilly,20,0.002890591,1.40E-06,0.002069167,8.52E-05,5
chemical,209,0.030206677,8.87E-05,0.018806342,0.000268691,7
chemically,35,0.005058534,4.29E-06,0.004704423,9.26E-05,7
chemistry,104,0.015031074,9.20E-05,0.010746589,0.000201745,9
chemotherapy,254,0.036710507,8.68E-05,0.018673142,0.000270459,7
chen,32,0.004624946,5.31E-06,0.004172182,8.73E-05,7
chest,140,0.020234138,5.37E-05,0.013541373,0.000201273,6
chew,14,0.002023414,1.38E-08,0.002109501,5.82E-05,2
chicago,66,0.009538951,2.14E-05,0.007804857,0.000155945,9
chicken,35,0.005058534,7.41E-07,0.005084978,8.42E-05,10
chickpeas,20,0.002890591,7.33E-07,0.001399977,9.35E-05,10
chief,71,0.010261598,8.56E-06,0.008270217,0.000125136,9
child,497,0.071831189,0.00065068,0.027718532,0.000468821,7
childbearing,31,0.004480416,1.91E-07,0.005566853,6.54E-05,0
childbirth,19,0.002746062,2.39E-07,0.002390786,7.18E-05,7
childhood,89,0.012863131,4.20E-05,0.009743789,0.000165025,3
chiles,20,0.002890591,1.39E-06,0.000533844,0.00011704,5
chip,36,0.005203064,3.66E-06,0.004740951,9.67E-05,10
chitchat,18,0.002601532,3.30E-07,0.003299523,6.23E-05,0
chlamydia,20,0.002890591,1.88E-06,0.002148167,7.60E-05,3
chloride,18,0.002601532,1.41E-06,0.002036817,7.35E-05,7
chocolate,109,0.015753722,8.49E-05,0.010027615,0.000202001,10
choice,277,0.040034687,6.08E-05,0.02428018,0.000269393,2
cholesterol,338,0.04885099,0.000241581,0.019990015,0.000324662,7
choose,359,0.051886111,0.000269299,0.026000331,0.000364018,2
chorionic,183,0.026448909,3.77E-05,0.015993482,0.000210998,7
choy,65,0.009394421,4.63E-06,0.008161683,0.000109875,7
chris,20,0.002890591,6.92E-07,0.003661628,5.60E-05,0
christian,35,0.005058534,0.000313026,0.002266674,0.000140295,5
christina,20,0.002890591,3.45E-06,0.000973905,0.000103384,5
christopher,10,0.001445296,2.33E-08,0.001846414,4.27E-05,9
chromatography,19,0.002746062,1.64E-07,0.003216029,6.24E-05,4
chromosomal,35,0.005058534,7.06E-07,0.004930888,7.50E-05,7
chromosome,108,0.015609192,2.78E-05,0.009905964,0.000166526,7
chronic,506,0.073131955,0.000424014,0.027371136,0.000444683,7
chronology,18,0.002601532,2.23E-08,0.003728964,5.10E-05,6
chung,15,0.002167943,1.80E-07,0.002551786,6.03E-05,5
cialis,50,0.007226478,4.83E-06,0.006339606,0.000104238,2
cinematography,19,0.002746062,2.71E-08,0.003911464,5.59E-05,7
circadian,65,0.009394421,7.63E-06,0.008414179,0.000128696,2
circle,17,0.002457002,1.22E-07,0.003340723,5.84E-05,10
circulate,200,0.028905911,6.03E-05,0.017829421,0.000243416,7
circulating,18,0.002601532,3.25E-08,0.003138058,5.37E-05,0
circulation,116,0.016765429,1.69E-05,0.012213898,0.000172676,7
circumference,102,0.014742015,1.15E-05,0.010601898,0.000148507,4
circumstance,108,0.015609192,8.26E-06,0.012346494,0.000134302,2
cirrhosis,59,0.008527244,4.50E-06,0.007679696,0.000108111,7
citation,71,0.010261598,2.13E-05,0.008287102,0.000139763,4
cite,245,0.035409741,0.000429108,0.017556784,0.000403181,5
cited,11,0.001589825,0,0.001638032,4.84E-05,9
citrate,79,0.011417835,3.50E-06,0.010172305,0.000113466,7
city,33,0.004769475,6.09E-06,0.00411514,0.000102785,0
claim,150,0.021679433,4.62E-05,0.014543403,0.000202677,9
clan,18,0.002601532,1.06E-08,0.003788584,5.27E-05,0
clara,16,0.002312473,9.41E-07,0.001138627,8.67E-05,9
clarification,17,0.002457002,6.10E-08,0.003115722,5.68E-05,4
clarify,34,0.004914005,1.31E-06,0.005306723,8.55E-05,9
clarity,130,0.018788842,3.06E-05,0.012700266,0.00018058,6
clarus,14,0.002023414,2.46E-08,0.001653978,6.95E-05,9
class,71,0.010261598,1.67E-05,0.009009184,0.000139654,0
classic,19,0.002746062,1.92E-08,0.003471004,5.31E-05,6
classical,25,0.003613239,7.67E-08,0.003638683,5.69E-05,7
classification,19,0.002746062,6.19E-09,0.0031578,5.26E-05,4
classify,31,0.004480416,4.52E-07,0.004978454,6.51E-05,7
classmate,18,0.002601532,1.64E-08,0.003265196,5.37E-05,0
clean,104,0.015031074,2.04E-05,0.012190159,0.000156445,2
clear,402,0.058100882,0.000306054,0.025634993,0.000379285,0
clearly,162,0.023413788,2.68E-05,0.016110617,0.000197679,7
cleveland,359,0.051886111,0.000336327,0.021145283,0.000375946,0
clevelandclinic.org/cardiacconsultpodcast,19,0.002746062,6.12E-08,0.003135362,6.24E-05,0
clevelandclinic.org/loveyourheartpodcast,18,0.002601532,2.16E-07,0.003100808,5.76E-05,0
clevelandclinic.org/menshealth,22,0.00317965,5.08E-08,0.003594605,6.29E-05,0
clever,19,0.002746062,3.47E-07,0.003418747,6.42E-05,9
click,169,0.024425495,8.25E-05,0.014595386,0.000244189,0
clickable,19,0.002746062,2.51E-07,0.00361654,6.11E-05,9
client,69,0.009972539,1.70E-05,0.009234241,0.000136128,6
climacteric,29,0.004191357,4.48E-06,0.003530102,0.00011176,9
climb,20,0.002890591,3.15E-08,0.003652468,5.55E-05,4
clin,133,0.019222431,0.000316121,0.008815017,0.000323334,5
clinic,1103,0.159416101,0.003896393,0.040170313,0.000876435,0
clinical,962,0.139037433,0.00450951,0.040778783,0.000969684,4
clinically,184,0.026593438,4.79E-05,0.017732901,0.000222628,4
clinician,400,0.057811823,0.000228842,0.027031443,0.000384357,4
clitoris,34,0.004914005,3.50E-06,0.004786973,8.51E-05,6
clock,13,0.001878884,1.61E-09,0.002430807,4.77E-05,9
clog,37,0.005347594,4.07E-06,0.005289748,9.76E-05,7
clomid,198,0.028616852,3.88E-05,0.018343087,0.000229476,0
clomiphene,127,0.018355254,2.01E-05,0.013164246,0.000170512,7
close,314,0.045382281,0.000204289,0.023876788,0.000331797,0
closely,286,0.041335453,0.000145017,0.022018585,0.000309215,6
clot,273,0.039456569,6.41E-05,0.019947267,0.000265235,7
clothing,47,0.006792889,3.09E-06,0.006857239,0.000107444,2
clotting,19,0.002746062,1.33E-08,0.003794781,5.55E-05,7
cloud,19,0.002746062,6.02E-07,0.003380195,6.30E-05,2
cloudy,19,0.002746062,2.11E-08,0.003560463,5.32E-05,6
clue,33,0.004769475,3.79E-06,0.004700325,8.33E-05,9
clumping,17,0.002457002,5.47E-09,0.003593595,4.86E-05,2
cluster,18,0.002601532,4.16E-08,0.003342305,5.43E-05,6
cmaj.5,19,0.002746062,9.16E-07,0.003435285,6.16E-05,4
cmd,20,0.002890591,8.47E-08,0.003305217,6.61E-05,9
cmp,37,0.005347594,2.86E-07,0.005647479,7.29E-05,7
coach,46,0.00664836,2.69E-06,0.007337688,0.000101366,0
coaching,20,0.002890591,4.11E-08,0.003829431,5.68E-05,2
coagulant,17,0.002457002,3.41E-07,0.002860908,6.37E-05,4
coal,34,0.004914005,1.04E-06,0.005486368,8.14E-05,6
coarse,19,0.002746062,3.70E-07,0.003205866,6.22E-05,6
coaster,19,0.002746062,1.36E-07,0.003536255,5.66E-05,2
cocaine,19,0.002746062,2.39E-08,0.00318188,5.67E-05,7
cochrane,30,0.004335887,2.49E-06,0.00375733,9.21E-05,4
cocoa,34,0.004914005,4.68E-07,0.005379002,7.88E-05,10
code,39,0.005636653,1.15E-05,0.004999051,9.62E-05,0
coefficient,14,0.002023414,4.48E-07,0.002095842,5.65E-05,4
coffee,36,0.005203064,4.89E-06,0.005030306,9.73E-05,2
cognition,180,0.02601532,4.64E-05,0.016665992,0.000217487,6
cognitive,352,0.050874404,0.000284999,0.023968982,0.000363709,6
cognitive/,20,0.002890591,2.22E-07,0.003465384,6.08E-05,6
cohort,92,0.013296719,0.000135787,0.010170002,0.00017952,4
coincide,36,0.005203064,4.76E-07,0.00555816,7.36E-05,4
cold,76,0.010984246,7.82E-06,0.009005004,0.000131642,2
collaborate,55,0.007949126,8.74E-06,0.007839904,0.000120902,9
collaboration,94,0.013585778,5.25E-05,0.009850613,0.00018165,9
collaboratively,33,0.004769475,6.02E-07,0.006028855,7.68E-05,9
collagen,17,0.002457002,5.24E-07,0.002669962,6.49E-05,2
collate,17,0.002457002,2.04E-07,0.00320813,6.32E-05,4
collateral,19,0.002746062,1.68E-07,0.003298171,5.79E-05,7
colleague,100,0.014452956,4.99E-05,0.010974952,0.00019356,4
collect,125,0.018066195,2.41E-05,0.013770626,0.000185093,2
collection,33,0.004769475,6.23E-07,0.005044627,7.25E-05,5
collective,50,0.007226478,9.30E-07,0.007079626,9.59E-05,4
collectively,82,0.011851424,2.34E-05,0.010411389,0.000156808,4
college,207,0.029917618,0.00040606,0.014982775,0.000335672,9
colon,74,0.010695187,1.92E-05,0.009493175,0.000138216,3
colonography,16,0.002312473,1.80E-06,0.001538821,8.06E-05,3
colonoscopy,19,0.002746062,3.21E-06,0.00186572,8.70E-05,3
coloplast,22,0.00317965,3.11E-07,0.002675946,7.93E-05,9
color,79,0.011417835,1.47E-05,0.009029637,0.000144012,3
colorado,19,0.002746062,4.60E-07,0.002894113,7.14E-05,9
colorectal,78,0.011273305,1.87E-05,0.009212182,0.000144571,0
colorful,34,0.004914005,2.19E-05,0.004166022,0.000103141,10
columbia,26,0.003757768,4.61E-06,0.003275258,8.51E-05,9
column,18,0.002601532,4.72E-08,0.003456304,5.71E-05,2
comb,18,0.002601532,2.72E-07,0.003464439,5.89E-05,0
combat,101,0.014597485,2.79E-05,0.011792837,0.000151179,1
combination,282,0.040757335,9.28E-05,0.022054656,0.000276895,6
combine,340,0.049140049,0.000221656,0.024296163,0.000345679,2
combined,20,0.002890591,5.08E-07,0.003596946,6.10E-05,9
come,1035,0.149588091,0.002287973,0.040123004,0.000734045,0
comfort,164,0.023702847,2.97E-05,0.017363709,0.000201619,2
comfortable,161,0.023269259,5.89E-05,0.014998353,0.000209633,0
comforting,16,0.002312473,4.22E-08,0.002916337,4.95E-05,0
commence,105,0.015175603,1.03E-05,0.01248011,0.000145092,4
commencement,52,0.007515537,9.48E-07,0.007297488,8.93E-05,4
commences.2,17,0.002457002,1.32E-07,0.003016954,5.05E-05,4
commencing,18,0.002601532,2.93E-08,0.003555753,5.21E-05,4
commensurate,18,0.002601532,1.35E-08,0.003406224,4.79E-05,0
comment,135,0.01951149,9.35E-05,0.012539288,0.000224466,3
commercial,249,0.03598786,0.000180924,0.020941711,0.000318252,2
commercially,62,0.008960832,1.89E-05,0.007719038,0.000130604,2
commission,33,0.004769475,8.16E-07,0.005455568,8.16E-05,2
commit,195,0.028183263,4.54E-05,0.019445592,0.000222304,0
commitment,173,0.025003613,4.11E-05,0.017600795,0.000235161,4
committed,48,0.006937419,2.96E-06,0.006904297,9.09E-05,9
committee,59,0.008527244,5.80E-06,0.008400044,0.000117986,4
common,969,0.14004914,0.002022428,0.037338917,0.000657788,2
commonly,434,0.062725827,0.000295345,0.027830609,0.000413473,6
communicate,51,0.007371007,3.35E-06,0.00766639,9.89E-05,0
communication,127,0.018355254,3.68E-05,0.013370741,0.000178104,0
community,161,0.023269259,0.00014847,0.014977558,0.000281603,9
comorbid,31,0.004480416,1.24E-06,0.004864208,7.97E-05,4
comorbiditie,48,0.006937419,2.36E-06,0.006909403,9.49E-05,4
comorbidity,18,0.002601532,1.04E-07,0.003213925,5.72E-05,4
comp,19,0.002746062,1.40E-05,0.001010955,0.000113035,5
companion,20,0.002890591,1.26E-06,0.00347575,6.82E-05,6
company,227,0.032808209,0.000294379,0.019600686,0.000319471,0
comparable,31,0.004480416,1.93E-07,0.004989465,6.42E-05,6
comparative,33,0.004769475,2.32E-06,0.005401955,8.63E-05,4
compare,505,0.072987426,0.000650148,0.029955476,0.000517519,4
comparison,108,0.015609192,1.56E-05,0.012727561,0.00016611,4
compassionate,56,0.008093655,6.01E-06,0.00695006,0.000114658,9
compatible,18,0.002601532,1.08E-06,0.003240503,5.97E-05,10
compensate,35,0.005058534,8.75E-07,0.004905069,7.80E-05,2
compete,68,0.00982801,2.62E-05,0.008955713,0.000124938,9
competition,20,0.002890591,3.52E-07,0.003590346,6.00E-05,7
complain,53,0.007660066,1.18E-05,0.006662797,0.000118612,0
complaint,129,0.018644313,2.23E-05,0.013635037,0.00017785,6
complementary,17,0.002457002,1.73E-07,0.00270105,6.10E-05,9
complete,344,0.049718167,0.000150344,0.023843103,0.000338605,4
completely,264,0.038155803,0.000126951,0.022074291,0.000301546,0
complex,274,0.039601098,0.000234942,0.021797622,0.000314225,4
complexity,32,0.004624946,4.17E-07,0.004957478,6.96E-05,4
compliance,83,0.011995953,5.68E-06,0.012054718,0.000129353,2
complicate,63,0.009105362,1.48E-06,0.008360578,0.000101867,7
complicated,162,0.023413788,2.21E-05,0.016615058,0.000194096,0
complication,280,0.040468276,6.77E-05,0.02251124,0.000277815,7
compliment,19,0.002746062,1.65E-06,0.002995923,6.20E-05,7
complimentary,55,0.007949126,4.38E-06,0.008224781,0.00011333,2
comply,35,0.005058534,1.45E-06,0.006159487,8.66E-05,2
component,90,0.01300766,1.87E-05,0.01081517,0.00016296,2
component.438,19,0.002746062,3.58E-07,0.003046061,7.26E-05,2
composition,302,0.043647926,0.000164673,0.022306634,0.00030189,6
compound,257,0.037144096,0.000174548,0.021556861,0.000327507,2
compounded,17,0.002457002,5.04E-08,0.003266175,5.54E-05,2
compounding,111,0.016042781,3.24E-05,0.012637175,0.000186229,2
comprehensive,412,0.059546177,0.000213471,0.027474402,0.000366404,2
comprise,39,0.005636653,4.62E-07,0.005650416,7.76E-05,4
compromise,18,0.002601532,8.26E-08,0.003363069,5.53E-05,7
con,249,0.03598786,4.28E-05,0.021165965,0.000242878,2
conaway,13,0.001878884,8.07E-08,0.001670909,5.86E-05,9
concede,20,0.002890591,2.52E-07,0.003278135,6.46E-05,4
conceive,103,0.014886544,1.30E-05,0.01192976,0.000152973,7
conceiving,16,0.002312473,1.46E-08,0.003190469,4.82E-05,7
concentrate,265,0.038300332,0.000119825,0.019504299,0.000287948,6
concentrated,36,0.005203064,4.78E-06,0.004722464,0.000100796,9
concentrating,19,0.002746062,4.63E-08,0.003290406,5.28E-05,6
concentration,542,0.07833502,0.000589985,0.029191873,0.000493743,4
concept,167,0.024136436,0.000124018,0.015464994,0.00025817,5
conception,20,0.002890591,3.66E-07,0.003374989,5.84E-05,7
conceptually,15,0.002167943,1.39E-07,0.002913451,5.39E-05,2
concern,808,0.116779881,0.001349444,0.035848706,0.000620963,0
concerned,149,0.021534904,1.41E-05,0.014832604,0.000174986,0
concerningly,17,0.002457002,8.60E-08,0.003024225,5.91E-05,4
concert,17,0.002457002,1.00E-07,0.003038957,5.09E-05,0
concertation,16,0.002312473,4.29E-08,0.003094577,5.58E-05,10
concierge,37,0.005347594,2.24E-06,0.00627764,8.75E-05,0
conclude,155,0.022402081,3.34E-05,0.014807698,0.000200057,4
concluding,15,0.002167943,2.31E-09,0.003108926,4.47E-05,2
conclusion,132,0.019077901,1.69E-05,0.01392958,0.000161974,4
concomitant,19,0.002746062,1.19E-08,0.003582774,5.22E-05,4
concurrent,18,0.002601532,4.93E-08,0.003061528,6.05E-05,4
concurrently,18,0.002601532,4.51E-07,0.003522952,5.53E-05,4
condition,1235,0.178494002,0.00413577,0.036712834,0.000792038,7
condition.3,20,0.002890591,8.37E-08,0.003961885,6.06E-05,4
conditional,97,0.014019367,1.22E-05,0.010215757,0.000142865,4
"conditions.5,7",19,0.002746062,1.11E-06,0.003044914,6.36E-05,7
condorelli,19,0.002746062,2.11E-06,0.002327619,7.59E-05,5
conduct,337,0.04870646,0.000306396,0.024040939,0.000374245,4
coneeny,20,0.002890591,4.38E-06,0.00130592,0.0001047,5
confederacion,14,0.002023414,6.87E-07,0.001518594,7.43E-05,8
conference,38,0.005492123,5.67E-07,0.006040266,8.38E-05,0
conferencing,18,0.002601532,2.12E-07,0.003638061,5.82E-05,0
confidence,304,0.043936985,0.000156806,0.0234841,0.000316746,6
confident,101,0.014597485,1.64E-05,0.012016104,0.000157796,2
confidential,38,0.005492123,3.04E-06,0.0058758,9.78E-05,9
confidently,20,0.002890591,4.79E-08,0.00383402,5.86E-05,6
confirm,370,0.053475936,0.000242668,0.023552747,0.000340797,4
confirmation,50,0.007226478,2.89E-06,0.006891244,0.000103751,4
confirmatory,36,0.005203064,4.50E-07,0.005827237,7.61E-05,4
confirmed,15,0.002167943,1.61E-08,0.003054381,4.60E-05,4
conflict,103,0.014886544,2.98E-05,0.012132215,0.000175509,4
conform,19,0.002746062,5.08E-08,0.003468556,5.86E-05,4
conformance,19,0.002746062,4.61E-08,0.003985618,5.75E-05,0
confound,48,0.006937419,3.48E-06,0.00657813,0.000107718,4
confounder,18,0.002601532,3.80E-08,0.002996099,6.11E-05,4
confuse,31,0.004480416,5.48E-07,0.004901002,7.02E-05,7
confused,19,0.002746062,3.45E-08,0.00351154,5.46E-05,0
confusing,53,0.007660066,5.10E-06,0.007426173,9.93E-05,2
confusion,40,0.005781182,5.19E-06,0.005492481,0.000104526,4
congenital,176,0.025437202,6.31E-05,0.013788384,0.000210596,7
congestion,19,0.002746062,7.34E-08,0.003750399,5.55E-05,2
congestive,15,0.002167943,6.81E-10,0.002861095,4.13E-05,7
conjunction,100,0.014452956,6.16E-06,0.011258774,0.000133629,6
connect,180,0.02601532,8.68E-05,0.015698942,0.000246098,0
connection,164,0.023702847,2.07E-05,0.013862303,0.000174876,7
connotation,17,0.002457002,3.81E-08,0.00332568,5.00E-05,0
consciousness,20,0.002890591,1.86E-08,0.003843729,5.65E-05,6
consensus,113,0.01633184,4.00E-05,0.012812243,0.000190889,4
consent,47,0.006792889,2.35E-06,0.006952076,9.44E-05,6
consequence,244,0.035265212,8.20E-05,0.019803991,0.0002702,6
consequently,30,0.004335887,3.46E-07,0.004832588,6.99E-05,7
conservative,39,0.005636653,1.68E-06,0.00632317,9.06E-05,9
conservatively,18,0.002601532,9.50E-08,0.003246221,6.41E-05,2
conserve,15,0.002167943,1.09E-08,0.002702797,4.83E-05,2
consider,852,0.123139182,0.001195996,0.036477031,0.00062162,4
considerable,59,0.008527244,4.59E-06,0.007897991,0.000109565,4
considerably,13,0.001878884,3.06E-09,0.00259019,4.11E-05,4
consideration,230,0.033241798,6.44E-05,0.020521562,0.000253171,4
consist,171,0.024714554,0.00028312,0.015718461,0.000234304,2
consistency,149,0.021534904,3.05E-05,0.016736543,0.00020515,4
consistent,270,0.03902298,0.000102406,0.021735124,0.000280569,4
consistently,188,0.027171557,7.96E-05,0.016301085,0.000224023,9
constant,92,0.013296719,1.40E-05,0.011198484,0.000138561,0
constantly,88,0.012718601,5.64E-06,0.011454535,0.000132139,0
constellation,38,0.005492123,1.85E-07,0.00593999,6.59E-05,6
constipation,26,0.003757768,7.03E-07,0.003824493,6.31E-05,6
constitute,51,0.007371007,8.15E-06,0.007024614,0.000109841,9
constitutional,17,0.002457002,6.37E-08,0.002948931,5.34E-05,7
constraint,20,0.002890591,4.76E-07,0.0031873,6.31E-05,7
constricted,17,0.002457002,6.22E-07,0.002782588,5.63E-05,6
constrictive,17,0.002457002,4.96E-08,0.00272925,6.14E-05,2
construct,20,0.002890591,1.35E-07,0.004019993,5.74E-05,0
consult,289,0.041769042,0.00015021,0.022278684,0.000304993,0
consultant,44,0.0063593,1.82E-05,0.003252111,0.000157646,9
consultation,379,0.054776702,0.000201378,0.0269002,0.0003787,2
consume,189,0.027316086,0.000112741,0.016949439,0.000276806,10
consumer,146,0.021101315,3.68E-05,0.014534301,0.000213103,0
consumption,149,0.021534904,1.68E-05,0.01469217,0.000182184,7
contact,469,0.067784362,0.000630717,0.024233758,0.000411484,2
contain,404,0.058389941,0.000475404,0.025038667,0.000447512,10
container,75,0.010839717,1.39E-05,0.008694967,0.000142631,2
contaminate,17,0.002457002,1.33E-07,0.003285459,5.56E-05,0
contemporary,51,0.007371007,4.54E-06,0.007226149,0.000108046,4
content,248,0.03584333,0.000291955,0.01798607,0.00032786,1
content.5,19,0.002746062,2.44E-07,0.003210678,6.39E-05,4
contentment,17,0.002457002,7.05E-08,0.002924751,5.30E-05,6
contested,19,0.002746062,7.88E-09,0.00405047,5.21E-05,2
context,108,0.015609192,2.32E-05,0.012838777,0.000161411,4
continually,39,0.005636653,7.30E-06,0.005791329,9.82E-05,1
continue,438,0.063303946,0.000290972,0.028821405,0.000412621,6
continuous,64,0.009249892,4.94E-06,0.008966047,0.000124646,7
continuously,54,0.007804596,6.74E-06,0.007605855,0.00011328,2
contraceptive,76,0.010984246,1.11E-05,0.008969419,0.00012016,7
contract,40,0.005781182,3.55E-06,0.005785848,9.93E-05,9
contradict,19,0.002746062,1.96E-07,0.004095569,6.10E-05,4
contraindicate,20,0.002890591,1.42E-07,0.003239286,6.23E-05,7
contraindication,165,0.023847377,2.30E-05,0.016226741,0.000205807,4
contrary,45,0.00650383,1.64E-06,0.006213449,9.48E-05,10
contrast,149,0.021534904,1.87E-05,0.015302199,0.000178663,2
contribute,552,0.079780315,0.000497194,0.029671869,0.00046865,7
contributing,48,0.006937419,6.32E-06,0.005898472,0.000105607,8
contributor,37,0.005347594,6.06E-06,0.005126631,9.75E-05,8
control,680,0.098280098,0.001359919,0.032630682,0.000597641,4
control=,18,0.002601532,1.67E-08,0.00340549,5.07E-05,9
controversial,80,0.011562365,3.90E-06,0.011109883,0.000130996,4
controversy,84,0.012140483,3.77E-05,0.00949404,0.000159927,5
convenience,105,0.015175603,4.16E-05,0.012211581,0.000185472,2
convenient,257,0.037144096,0.000104495,0.021523771,0.00028896,2
conveniently,19,0.002746062,4.96E-08,0.003928108,5.57E-05,2
conventional,19,0.002746062,9.76E-09,0.003453736,5.53E-05,6
conversation,369,0.053331406,0.000178564,0.026232439,0.000365133,0
conversely,92,0.013296719,1.53E-05,0.010338413,0.000152212,7
conversion,92,0.013296719,8.26E-06,0.011238695,0.000145917,7
convert,266,0.038444862,9.37E-05,0.020152525,0.000284263,7
converter,15,0.002167943,7.79E-08,0.002601749,4.96E-05,0
converting,17,0.002457002,5.05E-08,0.003142863,5.69E-05,7
convincing,19,0.002746062,1.40E-07,0.003917246,5.70E-05,0
con’t,19,0.002746062,2.69E-07,0.002104574,7.28E-05,3
cook,15,0.002167943,7.53E-08,0.002607731,5.68E-05,10
cookie,75,0.010839717,5.50E-06,0.01024696,0.000121941,9
coolidge,39,0.005636653,1.27E-05,0.004214705,0.000133242,5
cooney,24,0.003468709,2.01E-06,0.002851415,7.89E-05,5
coordinate,12,0.001734355,0,0.00136491,5.89E-05,9
coordinator,49,0.007081948,1.64E-06,0.007282846,9.57E-05,9
copay,17,0.002457002,2.08E-08,0.003565837,5.05E-05,0
copd,56,0.008093655,2.94E-06,0.007099168,0.000107123,7
cope,65,0.009394421,4.90E-06,0.009336745,0.000115258,0
copper,20,0.002890591,3.12E-07,0.002793327,6.79E-05,10
copulate,19,0.002746062,6.17E-07,0.003079257,6.98E-05,6
copy,83,0.011995953,3.20E-05,0.009220085,0.000148452,7
copyright,44,0.0063593,1.89E-05,0.004817433,0.000125981,9
coralville,18,0.002601532,1.44E-07,0.003219582,6.44E-05,9
core,107,0.015464663,2.28E-05,0.013278723,0.000160089,0
cornerstone,19,0.002746062,4.87E-06,0.002804526,6.58E-05,10
corona,110,0.015898251,9.18E-05,0.009525046,0.000256029,4
coronary,101,0.014597485,1.57E-05,0.011280357,0.000157022,4
corporation,17,0.002457002,5.08E-07,0.002036994,7.51E-05,5
correct,340,0.049140049,0.000166046,0.023548535,0.000312586,0
correction,18,0.002601532,3.97E-08,0.00316369,5.18E-05,4
correctly,88,0.012718601,3.85E-06,0.011280463,0.000128841,0
correlate,84,0.012140483,1.08E-05,0.009808223,0.000139165,4
correlation,101,0.014597485,2.03E-05,0.011123512,0.000158462,9
correspond,48,0.006937419,8.49E-06,0.006474449,0.000100301,6
cortex,51,0.007371007,5.87E-06,0.006294392,0.000116561,7
corticosteroid,38,0.005492123,1.64E-06,0.005904004,7.92E-05,7
corticotropin,13,0.001878884,1.79E-07,0.001709838,5.46E-05,7
cortisol,237,0.034253505,6.83E-05,0.01763655,0.000255615,7
cosmetic,32,0.004624946,6.11E-06,0.004487642,9.26E-05,2
cost,322,0.046538517,0.000160662,0.02365111,0.000331006,2
costly,85,0.012285012,4.93E-06,0.011070457,0.000132054,0
cotton,41,0.005925712,6.13E-06,0.005547691,9.83E-05,2
cough,17,0.002457002,2.23E-07,0.003249497,5.96E-05,2
coughing,34,0.004914005,2.58E-06,0.005354413,8.69E-05,2
counsel,162,0.023413788,1.93E-05,0.016021605,0.000187855,4
counseling,143,0.020667727,6.42E-05,0.014446118,0.000192507,3
counselling,17,0.002457002,1.58E-07,0.002509518,5.94E-05,3
counselor,27,0.003902298,1.69E-07,0.004835575,6.71E-05,6
count,510,0.073710074,0.000378812,0.023242616,0.000372328,7
counter,235,0.033964446,0.000109307,0.019131845,0.000272846,0
counteract,51,0.007371007,7.91E-07,0.007376666,9.27E-05,6
counterintuitive,19,0.002746062,3.29E-08,0.003401532,5.67E-05,6
counterpart,17,0.002457002,2.37E-08,0.003546229,5.19E-05,2
counterproductive,19,0.002746062,1.60E-07,0.003407116,6.02E-05,10
countless,36,0.005203064,3.56E-07,0.005488994,6.88E-05,6
country,144,0.020812256,0.000182961,0.014581991,0.000218466,0
county,38,0.005492123,3.61E-06,0.005555192,9.02E-05,0
couple,261,0.037722214,0.000229342,0.020858672,0.000305013,0
course,271,0.03916751,0.000185704,0.020621167,0.000300102,0
courtesy,55,0.007949126,4.14E-05,0.006485767,0.000135224,8
cover,341,0.049284579,0.000357269,0.024388043,0.000380532,2
coverage,34,0.004914005,1.80E-06,0.005767721,7.23E-05,0
covid,37,0.005347594,9.75E-06,0.004692267,0.000106282,3
covid-19,172,0.024859084,9.84E-05,0.014221308,0.000261583,9
covington,19,0.002746062,1.70E-06,0.001369966,0.000102176,9
cow,35,0.005058534,4.30E-06,0.005228069,9.65E-05,0
coward,20,0.002890591,1.81E-06,0.001866399,9.23E-05,5
cpap,59,0.008527244,7.83E-06,0.007667691,0.000111699,7
cpt,22,0.00317965,1.19E-06,0.003459269,7.46E-05,0
cqc,74,0.010695187,8.95E-06,0.00922593,0.000136942,2
crack,19,0.002746062,6.21E-08,0.003302141,5.41E-05,0
craft,36,0.005203064,1.50E-07,0.006436212,7.02E-05,6
craniofacial,18,0.002601532,1.79E-07,0.002625055,6.76E-05,9
craniopharyngioma,18,0.002601532,1.20E-08,0.003165038,5.39E-05,7
crank,20,0.002890591,4.71E-07,0.003161889,6.58E-05,7
crash,79,0.011417835,1.63E-05,0.010617029,0.00014253,0
crazy,35,0.005058534,1.56E-06,0.006068408,7.92E-05,0
cream,476,0.068796069,0.000544569,0.027308419,0.000451037,2
creams,18,0.002601532,1.96E-08,0.003356714,4.96E-05,2
creamy,19,0.002746062,2.95E-07,0.003309981,6.33E-05,2
create,472,0.068217951,0.00059484,0.028840345,0.000491778,2
creatinine,19,0.002746062,3.48E-07,0.001895491,8.44E-05,7
creation,36,0.005203064,1.10E-06,0.005556814,8.22E-05,4
creativity,20,0.002890591,3.42E-08,0.003812635,6.21E-05,0
credential,37,0.005347594,2.30E-06,0.005838535,8.92E-05,2
crisis,93,0.013441249,1.00E-05,0.011423792,0.000160198,0
crisp,19,0.002746062,2.44E-07,0.003242152,6.48E-05,10
criteria.411,18,0.002601532,1.53E-07,0.003263211,5.63E-05,4
criterion,222,0.032085561,5.49E-05,0.019016511,0.000251899,4
critical,236,0.034108975,9.28E-05,0.019392067,0.000266232,6
critically,35,0.005058534,7.96E-07,0.005517633,8.20E-05,9
critter,19,0.002746062,6.03E-08,0.003424831,6.09E-05,0
cross,53,0.007660066,5.52E-05,0.005854337,0.000136055,5
crown,17,0.002457002,3.94E-07,0.002687041,6.40E-05,7
crucial,287,0.041479983,7.34E-05,0.02222525,0.000281432,2
crucially,17,0.002457002,1.67E-08,0.003117251,5.14E-05,6
crude,19,0.002746062,5.66E-07,0.002953202,5.97E-05,4
cry,24,0.003468709,7.26E-08,0.004343862,6.71E-05,0
cryptorchidism,64,0.009249892,2.35E-05,0.006703385,0.000141078,7
crystal,19,0.002746062,3.00E-07,0.002476059,7.91E-05,11
crystalize,15,0.002167943,1.43E-08,0.002917803,4.91E-05,2
crystalline,17,0.002457002,1.58E-07,0.00289378,6.23E-05,2
crystallised,16,0.002312473,8.50E-08,0.002788645,5.30E-05,10
crystallography,20,0.002890591,2.09E-06,0.003371533,6.98E-05,11
cua,66,0.009538951,8.79E-06,0.008520993,0.000137349,4
cuaj,113,0.01633184,4.20E-05,0.010717846,0.000210182,4
cuban,19,0.002746062,3.28E-08,0.003793366,5.88E-05,0
cue,18,0.002601532,1.58E-07,0.003535525,5.26E-05,7
cuff,19,0.002746062,1.26E-07,0.003335989,6.41E-05,2
cui,20,0.002890591,1.13E-07,0.002995062,6.40E-05,6
culley,20,0.002890591,7.07E-07,0.001864139,9.26E-05,5
culprit,33,0.004769475,8.98E-08,0.005289047,6.62E-05,7
cultivate,35,0.005058534,1.62E-06,0.005467821,9.10E-05,6
cultural,54,0.007804596,4.95E-06,0.007718026,0.000114503,6
culturally,20,0.002890591,6.32E-07,0.003442156,5.89E-05,6
culture,81,0.011706894,1.92E-05,0.01048698,0.000147214,0
cumbersome,20,0.002890591,3.63E-07,0.003408096,6.41E-05,2
cumbria,19,0.002746062,4.18E-07,0.0022528,7.81E-05,9
cumulative,56,0.008093655,2.20E-06,0.007877506,9.90E-05,4
cunningham,82,0.011851424,0.000172356,0.005615623,0.000237071,5
cup,17,0.002457002,2.85E-07,0.002610602,6.18E-05,10
cure,192,0.027749675,2.69E-05,0.017582971,0.000214791,0
curiosity,50,0.007226478,7.64E-07,0.007525727,9.48E-05,4
curious,81,0.011706894,2.55E-05,0.009348231,0.000161572,0
curr,19,0.002746062,6.16E-07,0.001940236,8.29E-05,5
current,520,0.075155369,0.000456034,0.03451388,0.000487998,4
currently,301,0.043503396,0.000154279,0.023767172,0.000327767,2
curvature,32,0.004624946,5.70E-06,0.004096253,9.71E-05,2
curve,18,0.002601532,2.31E-07,0.002712912,6.79E-05,2
cushe,20,0.002890591,9.07E-08,0.003275562,6.35E-05,7
cushing,18,0.002601532,2.40E-08,0.002870508,4.97E-05,7
custom,37,0.005347594,2.32E-06,0.006184119,8.26E-05,2
customer,33,0.004769475,1.43E-06,0.005846799,7.57E-05,4
customise,20,0.002890591,2.64E-08,0.003945262,5.40E-05,2
customizable,20,0.002890591,7.84E-07,0.003519298,7.06E-05,9
customization,62,0.008960832,3.05E-06,0.008880189,9.72E-05,2
customize,142,0.020523197,9.02E-06,0.015644803,0.000163967,2
cut,198,0.028616852,3.75E-05,0.01832853,0.000224731,4
cutoff,82,0.011851424,9.46E-06,0.009998339,0.000148312,4
cutter,77,0.011128776,5.44E-06,0.010541127,0.00012594,9
cvd,109,0.015753722,6.27E-05,0.011333191,0.000194396,4
cycle,249,0.03598786,5.86E-05,0.021416495,0.000268199,6
cycling,15,0.002167943,1.86E-08,0.002478481,5.10E-05,2
cyp3a4,18,0.002601532,7.51E-08,0.003539612,5.50E-05,7
cypinate,16,0.002312473,5.21E-08,0.002855367,5.83E-05,2
cypionate,198,0.028616852,5.11E-05,0.017406242,0.000233688,2
cypre,20,0.002890591,1.25E-07,0.002857156,6.78E-05,9
czub,40,0.005781182,4.02E-05,0.004676173,0.000127578,9
d.c,19,0.002746062,5.97E-08,0.002745104,7.06E-05,9
d.c.—has,18,0.002601532,2.84E-08,0.003636201,5.61E-05,9
dab,19,0.002746062,1.52E-07,0.003591745,6.42E-05,0
dabaja,148,0.021390374,2.92E-05,0.01435072,0.000176604,9
dad,16,0.002312473,1.20E-09,0.003228475,4.46E-05,0
daily,562,0.081225611,0.000860047,0.032148595,0.000532942,2
daily.432,20,0.002890591,1.01E-06,0.003091467,7.00E-05,2
dairy,40,0.005781182,5.37E-06,0.005382223,0.000108467,10
dalhousie,10,0.001445296,7.98E-09,0.001159263,5.82E-05,9
damage,306,0.044226044,0.000116707,0.021047267,0.00029646,7
damaging,48,0.006937419,4.86E-06,0.006557977,0.000103315,7
dampen,19,0.002746062,4.48E-08,0.003826223,5.34E-05,6
dan,19,0.002746062,1.14E-07,0.002910945,6.37E-05,5
dane,18,0.002601532,9.45E-07,0.002559505,6.54E-05,9
danger,104,0.015031074,6.01E-05,0.011166736,0.000197361,10
dangerous,221,0.031941032,8.92E-05,0.018478971,0.000273294,0
daniel,40,0.005781182,0.000224945,0.003479707,0.000141,9
dansville,16,0.002312473,1.08E-07,0.001126463,8.68E-05,9
dark,126,0.018210724,0.000111305,0.012130423,0.000217487,10
darn,16,0.002312473,1.95E-08,0.003644737,4.76E-05,0
data,31,0.004480416,4.03E-07,0.004825025,6.60E-05,6
database,63,0.009105362,1.87E-05,0.006976477,0.000148591,4
dataset,20,0.002890591,4.43E-07,0.003615545,6.38E-05,4
date,263,0.038011273,0.00042054,0.020490946,0.000340672,4
datum,546,0.078913138,0.000600051,0.03219475,0.000532506,4
daunt,20,0.002890591,4.50E-07,0.003567579,5.68E-05,0
daviau,20,0.002890591,2.64E-05,0.001202216,0.000101815,5
david,57,0.008238185,7.83E-05,0.005287861,0.000170866,9
davisfor,17,0.002457002,5.40E-08,0.002793045,5.42E-05,6
day,914,0.132100014,0.002198877,0.039068685,0.000725799,2
daytime,19,0.002746062,2.14E-09,0.003682148,4.91E-05,6
dc10,20,0.002890591,1.45E-06,0.002542328,7.67E-05,5
dea,19,0.002746062,1.11E-07,0.003763616,6.11E-05,2
deactivation,38,0.005492123,5.72E-06,0.005405459,9.81E-05,2
dead,15,0.002167943,1.23E-08,0.002993022,5.06E-05,0
deadline,18,0.002601532,1.65E-07,0.003876574,5.51E-05,6
deaf,18,0.002601532,5.83E-08,0.00310935,5.38E-05,0
deal,202,0.02919497,6.99E-05,0.017927906,0.000240828,0
dear,47,0.006792889,1.94E-06,0.007181208,9.15E-05,0
dearborn,13,0.001878884,3.10E-07,0.002085628,5.27E-05,9
death,134,0.019366961,2.84E-05,0.013060625,0.000191448,4
death.64,31,0.004480416,4.53E-07,0.005452555,7.23E-05,4
"death.70,71",19,0.002746062,1.40E-07,0.003279339,5.83E-05,4
"deaths/1,000",16,0.002312473,9.54E-08,0.002970077,5.03E-05,4
debate,29,0.004191357,4.37E-08,0.005290582,5.68E-05,0
debilitate,50,0.007226478,3.48E-06,0.006870203,9.46E-05,6
deborah,20,0.002890591,1.97E-06,0.000572179,0.000116781,5
debunk,46,0.00664836,8.15E-07,0.006828428,8.53E-05,0
decade,310,0.044804162,0.00019386,0.023256915,0.000343687,9
deceased,19,0.002746062,7.60E-07,0.003084128,5.68E-05,4
december,40,0.005781182,3.84E-05,0.003148576,0.000151404,9
decent,33,0.004769475,2.27E-07,0.005801645,6.82E-05,0
decide,388,0.056077468,0.000187748,0.02669632,0.000344717,0
deciliter,189,0.027316086,4.33E-05,0.01444559,0.000195066,4
decision,410,0.059257118,0.00025514,0.028247366,0.000397935,0
declaration,13,0.001878884,4.40E-08,0.00257395,5.20E-05,2
decline,669,0.096690273,0.000763717,0.028484395,0.000506883,6
decrease,939,0.135713253,0.002300611,0.031778314,0.000662808,6
decreased,54,0.007804596,3.26E-06,0.006577414,0.000110729,4
dedicate,136,0.01965602,2.92E-05,0.013870317,0.000183232,4
dedicated,50,0.007226478,3.98E-07,0.008279996,8.48E-05,0
deduplication,17,0.002457002,2.39E-08,0.003493378,5.89E-05,4
deem,69,0.009972539,2.96E-06,0.010276226,0.000120884,2
deep,269,0.038878451,0.000195775,0.021286482,0.000318705,7
deepen,34,0.004914005,6.59E-07,0.004886311,7.15E-05,7
deepening,99,0.014308426,6.99E-06,0.010002475,0.000126586,6
deeply,77,0.011128776,8.14E-06,0.009738607,0.000131035,0
default,16,0.002312473,8.26E-09,0.003266396,4.76E-05,2
defect,76,0.010984246,2.47E-05,0.008201174,0.000121258,7
defer,19,0.002746062,5.49E-08,0.003464402,5.67E-05,2
deficiency,1240,0.17921665,0.00470232,0.038378367,0.000874679,4
deficient,208,0.030062148,2.95E-05,0.018452953,0.000217615,4
"deficient,2",16,0.002312473,7.08E-08,0.003214658,5.04E-05,4
defied,18,0.002601532,2.23E-06,0.002586431,6.73E-05,11
define,355,0.051307992,0.000208347,0.024879285,0.000358357,4
definite,25,0.003613239,1.42E-07,0.004308039,6.81E-05,4
definitely,149,0.021534904,2.86E-05,0.015846879,0.000190537,0
definition,132,0.019077901,2.95E-05,0.013181888,0.000172986,4
definitive,142,0.020523197,2.03E-05,0.01519557,0.000183959,4
definitively,95,0.013730308,6.38E-06,0.011604451,0.000142257,4
deformity,18,0.002601532,2.60E-07,0.002693356,6.84E-05,2
defy,462,0.066772655,0.000363641,0.028323516,0.000414581,2
degeneration,18,0.002601532,2.05E-08,0.003133765,5.49E-05,7
degree,273,0.039456569,0.000161477,0.020764491,0.000299725,4
degroot,23,0.00332418,1.42E-06,0.002606284,8.89E-05,5
dehydrate,19,0.002746062,3.19E-07,0.002850771,6.99E-05,0
dehydration,42,0.006070241,4.30E-06,0.006068429,9.56E-05,4
dehydroepiandrosterone,83,0.011995953,6.68E-06,0.009130769,0.00013664,7
delatestryl,36,0.005203064,2.64E-06,0.005003442,9.90E-05,2
delaware,17,0.002457002,1.75E-08,0.00245116,6.61E-05,9
delay,282,0.040757335,0.00018154,0.019740299,0.000333659,7
delayed,66,0.009538951,2.05E-06,0.008059765,0.000105766,7
deleterious,14,0.002023414,1.21E-08,0.002540449,4.38E-05,4
delicate,65,0.009394421,6.75E-06,0.009049604,0.000120595,2
delicious,16,0.002312473,7.81E-08,0.002821314,5.31E-05,10
deliver,460,0.066483596,0.00039488,0.029515284,0.000454997,2
delivery,418,0.060413355,0.000303491,0.027358576,0.000397639,2
delphi,16,0.002312473,2.00E-08,0.003326254,5.51E-05,2
delve,67,0.00968348,4.90E-06,0.009842059,0.00011532,0
demand,135,0.01951149,2.76E-05,0.015018773,0.000204124,0
dementia,19,0.002746062,1.14E-07,0.003791421,5.58E-05,6
demographic,51,0.007371007,4.40E-06,0.007184489,0.000112688,4
demonstrate,316,0.04567134,0.000273514,0.023689486,0.00038619,2
demotivate,19,0.002746062,1.61E-07,0.003633015,6.03E-05,10
dennerstein,17,0.002457002,1.25E-06,0.002319192,7.05E-05,6
denote,33,0.004769475,2.29E-07,0.005533345,6.77E-05,2
dense,36,0.005203064,9.85E-07,0.005872865,7.93E-05,10
densitometry,17,0.002457002,3.85E-09,0.003167531,4.60E-05,7
density,478,0.069085128,0.000314157,0.023796684,0.000373734,6
dental,39,0.005636653,2.22E-06,0.00585095,9.05E-05,9
deny,36,0.005203064,2.13E-06,0.005765481,8.34E-05,0
deodorant,14,0.002023414,1.17E-08,0.002230575,5.57E-05,2
department,309,0.044659633,0.00063847,0.01844261,0.000425195,9
depend,582,0.084116202,0.000456909,0.030217582,0.000436162,2
dependant,19,0.002746062,1.31E-07,0.003057792,5.62E-05,4
dependent,98,0.014163897,1.63E-05,0.01186699,0.000164209,4
depersonalisation,30,0.004335887,7.11E-08,0.004609985,6.62E-05,6
depo,35,0.005058534,2.35E-06,0.00498844,9.13E-05,2
deposit,33,0.004769475,2.02E-06,0.004577215,8.87E-05,6
depot,48,0.006937419,6.88E-07,0.007432826,8.54E-05,2
depotestosterone,18,0.002601532,7.48E-08,0.003245827,5.95E-05,2
depress,48,0.006937419,3.09E-07,0.006935769,7.77E-05,6
depressed,181,0.02615985,2.63E-05,0.016121364,0.000210414,6
depression,604,0.087295852,0.000684681,0.027970853,0.000470517,6
depressive,113,0.01633184,6.93E-06,0.011340173,0.000135951,6
deprivation,86,0.012429542,2.30E-05,0.010261614,0.000156079,7
deprive,30,0.004335887,5.61E-07,0.00495914,6.98E-05,7
depth,177,0.025581731,2.99E-05,0.018159645,0.000209776,0
derail,33,0.004769475,1.42E-07,0.005700953,6.23E-05,6
derive,34,0.004914005,7.37E-07,0.005770277,8.04E-05,4
dermatologist,31,0.004480416,3.93E-07,0.005554742,7.60E-05,9
dermatology,66,0.009538951,1.51E-05,0.007691306,0.000138569,9
desai,16,0.002312473,7.71E-08,0.002656396,5.75E-05,9
descend,33,0.004769475,8.43E-06,0.004031899,8.51E-05,7
descent,16,0.002312473,6.24E-08,0.002876477,5.44E-05,7
describe,217,0.031362914,6.11E-05,0.017426447,0.000224739,6
"described.446,447",19,0.002746062,7.35E-08,0.003649517,5.75E-05,2
description,29,0.004191357,1.38E-05,0.004044367,8.41E-05,0
deserve,37,0.005347594,4.59E-06,0.00560594,8.83E-05,6
design,405,0.05853447,0.00030417,0.027938868,0.000397784,4
desire,463,0.066917185,0.000339565,0.027194238,0.000403274,6
despite,393,0.056800116,0.000315534,0.027059191,0.000425548,4
dessert,48,0.006937419,2.19E-05,0.004803594,0.000137714,10
destination,17,0.002457002,6.51E-08,0.002917207,5.73E-05,9
destruction,18,0.002601532,2.66E-07,0.002816446,6.26E-05,7
detach,16,0.002312473,4.97E-08,0.002930542,5.16E-05,2
detail,247,0.0356988,0.000176982,0.020593118,0.000283133,0
detailed,150,0.021679433,2.98E-05,0.016357796,0.000206392,4
detect,133,0.019222431,2.56E-05,0.01353033,0.000186496,4
detection,53,0.007660066,1.73E-06,0.008018527,0.000101945,7
deter,20,0.002890591,6.33E-08,0.003834631,5.55E-05,6
deteriorate,32,0.004624946,1.02E-06,0.004730627,7.42E-05,6
deterioration,71,0.010261598,1.11E-05,0.008083862,0.000123538,6
determinant,37,0.005347594,8.19E-06,0.004803155,9.68E-05,3
determination,72,0.010406128,8.29E-06,0.009025384,0.000122774,6
determine,521,0.075299899,0.000533678,0.028011395,0.000416285,4
detrimental,37,0.005347594,2.98E-07,0.005640726,7.39E-05,0
detroit,8,0.001156236,0,0.00124779,4.13E-05,9
detrusor,17,0.002457002,3.86E-08,0.003104269,5.58E-05,4
devastating,47,0.006792889,3.91E-06,0.007023826,0.000101674,6
develop,717,0.103627692,0.001242465,0.03227592,0.000568533,7
development,569,0.082237318,0.000743061,0.028582565,0.000507494,7
developmental,63,0.009105362,3.38E-06,0.008357764,0.000109367,7
device,223,0.032230091,0.000144749,0.019096118,0.000297694,2
devise,19,0.002746062,6.01E-09,0.003896669,4.82E-05,6
devote,19,0.002746062,8.42E-08,0.003432604,5.81E-05,4
dewitte,20,0.002890591,4.30E-07,0.002834619,8.27E-05,5
dhaliwal,47,0.006792889,1.93E-05,0.004961023,0.000142844,5
dhea,155,0.022402081,3.05E-05,0.013915651,0.000194969,7
dheas,19,0.002746062,5.71E-08,0.002694669,5.98E-05,7
dhindsa,18,0.002601532,1.85E-07,0.002541843,6.31E-05,9
dht,312,0.045093222,0.000135696,0.022028163,0.000320149,7
diabete,460,0.066483596,0.000918189,0.02435059,0.000456646,7
diabetes,586,0.08469432,0.000969473,0.027955185,0.000511114,7
diabetes.wang,20,0.002890591,7.84E-07,0.002538659,7.57E-05,5
diabetic,136,0.01965602,3.09E-05,0.013703098,0.000196773,7
diagnose,683,0.098713687,0.000798981,0.030765733,0.000509946,4
diagnosis,735,0.106229224,0.001547479,0.032620311,0.000595984,4
diagnostic,344,0.049718167,0.000639633,0.024458861,0.000409539,4
dial,39,0.005636653,2.99E-06,0.005256399,9.26E-05,2
dialysis,49,0.007081948,3.37E-06,0.006834302,9.97E-05,4
diameter,19,0.002746062,2.15E-08,0.003693891,5.67E-05,6
dian,18,0.002601532,8.65E-07,0.002275845,7.82E-05,9
diana,20,0.002890591,3.61E-06,0.000838154,0.00011845,5
diarrhea,19,0.002746062,8.32E-08,0.002906532,5.95E-05,7
dictate,20,0.002890591,1.69E-08,0.004249205,5.76E-05,0
dictionary,19,0.002746062,1.90E-07,0.003301607,6.37E-05,6
die,87,0.012574071,1.01E-05,0.009987451,0.000139154,0
diego,13,0.001878884,8.19E-08,0.001893026,6.01E-05,9
diem,19,0.002746062,2.91E-07,0.003510979,6.16E-05,4
diet,691,0.099869923,0.001280076,0.0329174,0.000590652,10
dietary,168,0.024280965,5.42E-05,0.015854476,0.000228923,10
dietician,19,0.002746062,1.04E-07,0.003504543,6.17E-05,9
dietitian,89,0.012863131,1.92E-05,0.010714752,0.00015405,9
dietry,19,0.002746062,9.12E-09,0.004043413,5.19E-05,2
differ,131,0.018933372,2.95E-05,0.013025341,0.000180375,7
difference,545,0.078768608,0.000584974,0.032630272,0.00048357,0
different,798,0.115334586,0.001022675,0.035877358,0.000552857,0
differential,18,0.002601532,4.28E-08,0.003516763,5.28E-05,4
differentially,19,0.002746062,3.44E-07,0.003010032,6.30E-05,7
differentiation,36,0.005203064,4.44E-06,0.004944687,9.50E-05,7
differently,115,0.016620899,6.08E-06,0.013069615,0.00013973,2
difficult,360,0.05203064,0.000159725,0.024897839,0.000337203,0
difficulty,402,0.058100882,0.000222876,0.024054562,0.000353064,6
diffract,18,0.002601532,6.00E-07,0.00251641,7.40E-05,11
dig,20,0.002890591,8.39E-08,0.003900694,6.15E-05,0
digest,19,0.002746062,3.71E-07,0.002850498,6.99E-05,10
digestion,18,0.002601532,3.82E-08,0.003163664,5.20E-05,7
digestive,99,0.014308426,3.43E-05,0.010328277,0.0001832,9
digital,243,0.035120682,9.19E-05,0.02062146,0.000268233,0
dignify,19,0.002746062,1.38E-07,0.003461464,5.37E-05,6
dihydrotestosterone,166,0.023991906,1.52E-05,0.016425916,0.000206501,7
dilate,32,0.004624946,1.18E-06,0.004958449,8.53E-05,6
dilemma,19,0.002746062,1.09E-08,0.004091904,5.38E-05,4
diligence,37,0.005347594,1.94E-07,0.006818106,7.28E-05,2
diminish,85,0.012285012,5.17E-06,0.010476173,0.000127576,6
diminished,17,0.002457002,4.41E-09,0.003286004,4.60E-05,7
diminution,19,0.002746062,5.90E-08,0.00344157,5.82E-05,7
dinner,37,0.005347594,1.88E-05,0.00423427,0.000109637,10
dioxide,18,0.002601532,3.12E-08,0.002933149,5.93E-05,7
dip,135,0.01951149,1.95E-05,0.014090848,0.000170595,7
dip.fipt,45,0.00650383,4.87E-06,0.006022276,0.000101438,9
direct,343,0.049573638,0.000178257,0.024142666,0.000349941,2
direction,119,0.017199017,2.49E-05,0.013865944,0.000184092,0
directive,24,0.003468709,1.47E-07,0.003703381,6.86E-05,4
directly,435,0.062870357,0.000283379,0.028321684,0.000400202,2
director,152,0.021968493,0.00010093,0.012169778,0.000232287,9
dirty,17,0.002457002,6.12E-08,0.003130643,5.34E-05,0
disability,67,0.00968348,7.80E-06,0.008829536,0.000120838,4
disadvantage,38,0.005492123,2.03E-07,0.006620216,7.55E-05,2
disagree,47,0.006792889,2.24E-07,0.007014044,7.65E-05,0
disappear,20,0.002890591,3.87E-08,0.004026119,5.98E-05,0
disappointed,15,0.002167943,7.98E-08,0.003165779,5.06E-05,0
disappointing,19,0.002746062,9.91E-08,0.003540644,5.90E-05,4
discharge,32,0.004624946,1.10E-06,0.004685981,7.41E-05,7
disciplinary,19,0.002746062,1.89E-08,0.003481074,5.80E-05,9
discipline,49,0.007081948,1.63E-06,0.007637565,9.89E-05,9
disclaimer,35,0.005058534,8.26E-06,0.00503991,9.21E-05,4
disclose,37,0.005347594,1.36E-06,0.005572783,8.78E-05,0
disclosure,32,0.004624946,2.41E-06,0.00595884,7.09E-05,4
discomfort,110,0.015898251,8.74E-06,0.013113814,0.000161169,2
discontinuation,28,0.004046828,5.79E-07,0.004365558,7.33E-05,4
discontinuation.418,19,0.002746062,2.25E-08,0.003684769,5.49E-05,2
discontinue,87,0.012574071,7.25E-06,0.010715198,0.000142463,4
discontinuing,19,0.002746062,7.50E-08,0.003410385,5.75E-05,4
discount,60,0.008671773,6.38E-06,0.008079484,0.000121708,0
discourage,38,0.005492123,4.96E-07,0.006355845,7.67E-05,0
discouraged,19,0.002746062,1.63E-07,0.003573341,5.81E-05,2
discover,102,0.014742015,3.36E-05,0.01157879,0.000172278,6
discovery,107,0.015464663,4.60E-05,0.011739018,0.000196736,4
discreet,49,0.007081948,1.29E-06,0.006188695,8.53E-05,2
discreetly,37,0.005347594,2.52E-06,0.005795999,9.04E-05,9
discrepancy,20,0.002890591,7.78E-09,0.004290455,5.38E-05,4
discrepant,14,0.002023414,7.77E-09,0.002612371,4.75E-05,4
discrete,20,0.002890591,1.83E-07,0.003185577,5.93E-05,2
discretion,33,0.004769475,1.17E-07,0.005652249,6.59E-05,0
discretionary,17,0.002457002,3.24E-08,0.003104275,5.23E-05,4
discrimination,18,0.002601532,7.27E-07,0.002346481,7.34E-05,0
discriminatory,17,0.002457002,1.08E-08,0.003502075,4.78E-05,4
discuss,731,0.105651106,0.000954734,0.033839538,0.000544788,0
discussion,257,0.037144096,7.32E-05,0.022215989,0.000255914,0
disease,1027,0.148431854,0.003957283,0.034610233,0.000833062,7
disfunction,17,0.002457002,1.02E-09,0.002894227,4.63E-05,6
dish,52,0.007515537,6.70E-06,0.00704295,0.000114591,10
disinfect,17,0.002457002,5.52E-07,0.002876457,6.09E-05,2
disintegrate,19,0.002746062,1.36E-07,0.0031885,6.96E-05,2
dislike,18,0.002601532,1.41E-07,0.00357047,5.90E-05,2
dismiss,37,0.005347594,4.18E-06,0.005309124,9.43E-05,6
disorder,640,0.092498916,0.002139004,0.026681864,0.00069801,7
dispel,39,0.005636653,4.96E-07,0.00621005,8.16E-05,0
dispense,66,0.009538951,1.21E-05,0.007810068,0.000132674,2
dispenser,16,0.002312473,7.25E-07,0.001780993,7.76E-05,2
disperse,15,0.002167943,3.17E-08,0.003067201,5.34E-05,2
displacement,16,0.002312473,7.54E-08,0.002626993,5.53E-05,2
display,45,0.00650383,6.64E-06,0.005999731,9.14E-05,6
disproportionally,18,0.002601532,1.04E-08,0.003896423,5.00E-05,0
disrupt,167,0.024136436,6.62E-05,0.016422805,0.000225795,7
disruption,57,0.008238185,1.28E-05,0.007259678,0.000116246,6
disruptive,18,0.002601532,4.35E-08,0.002981777,4.62E-05,6
disruptor,19,0.002746062,3.97E-07,0.003052448,6.46E-05,9
disseminate,18,0.002601532,1.82E-08,0.003535677,5.77E-05,0
dissolve,35,0.005058534,1.50E-06,0.005602403,9.15E-05,2
distance,35,0.005058534,2.93E-07,0.005127777,7.39E-05,6
distinct,57,0.008238185,6.64E-06,0.007931717,0.00010551,2
distinction,18,0.002601532,1.31E-08,0.003199319,5.28E-05,6
distinguish,116,0.016765429,3.46E-05,0.011780839,0.000172929,9
distinguished,17,0.002457002,2.81E-08,0.00324287,5.18E-05,6
distress,88,0.012718601,9.81E-06,0.011249777,0.000136807,7
distressing,37,0.005347594,2.63E-06,0.006204562,8.75E-05,0
distribute,37,0.005347594,3.84E-06,0.004855966,9.93E-05,9
distribution,135,0.01951149,5.65E-05,0.01271598,0.000178329,6
disturb,70,0.010117069,1.98E-06,0.009270119,0.000105676,6
disturbance,108,0.015609192,1.09E-05,0.012080422,0.000158622,6
diurnal,58,0.008382714,1.58E-06,0.008112713,0.000105222,2
dive,92,0.013296719,4.04E-06,0.011787452,0.000133283,0
diverse,20,0.002890591,2.85E-08,0.004022887,5.13E-05,4
divide,35,0.005058534,5.57E-07,0.005777071,7.75E-05,7
diving,17,0.002457002,2.08E-06,0.002176457,7.36E-05,0
division,156,0.022546611,0.000379813,0.011003341,0.000282233,9
divorce,31,0.004480416,7.35E-08,0.005250333,7.15E-05,0
diwan,33,0.004769475,1.64E-06,0.004691186,8.43E-05,9
dizziness,92,0.013296719,8.06E-06,0.011122663,0.000147069,6
dl).437,14,0.002023414,3.41E-09,0.00307278,4.47E-05,2
dl.181,17,0.002457002,2.79E-08,0.003385163,5.10E-05,2
dl.427,18,0.002601532,4.69E-08,0.003010739,5.83E-05,2
dl.436,17,0.002457002,4.42E-08,0.003527021,5.20E-05,4
dna,49,0.007081948,3.77E-05,0.005573341,0.000127116,3
dnv,16,0.002312473,6.81E-07,0.002214919,6.71E-05,0
doc,74,0.010695187,8.02E-06,0.009839442,0.00012481,0
doctor,1359,0.196415667,0.005294551,0.041430751,0.00085531,0
document,280,0.040468276,0.000153884,0.022937937,0.0003296,4
documentation,34,0.004914005,1.13E-07,0.006012883,7.09E-05,4
doesnâ€tmt,15,0.002167943,1.36E-09,0.002614464,4.22E-05,6
doi,155,0.022402081,0.000509763,0.007973994,0.00043024,5
doi:10.1016,19,0.002746062,2.54E-07,0.00289002,6.50E-05,5
doi:10.1056,17,0.002457002,2.00E-07,0.002772293,6.27E-05,4
doi:10.1111,18,0.002601532,5.64E-08,0.002815119,6.32E-05,5
doi:10.1210,28,0.004046828,3.91E-06,0.003515552,9.10E-05,5
doi:10.3949,19,0.002746062,6.13E-07,0.003099382,6.92E-05,4
doi:10.7326,35,0.005058534,4.20E-06,0.004365149,9.22E-05,5
dollar,109,0.015753722,1.59E-05,0.01318449,0.000164234,0
domain,16,0.002312473,2.03E-09,0.003435792,5.30E-05,6
donate,89,0.012863131,8.56E-06,0.010795243,0.000135796,2
donation,65,0.009394421,5.22E-06,0.008883886,0.000122841,4
donohoue,17,0.002457002,1.78E-07,0.001050427,8.14E-05,5
donor,33,0.004769475,5.65E-07,0.005406594,7.49E-05,2
don’t,16,0.002312473,2.67E-08,0.003198147,5.30E-05,0
door,83,0.011995953,1.35E-05,0.009837764,0.000139953,2
doorstep,37,0.005347594,1.17E-06,0.005673434,8.77E-05,9
dopamine,153,0.022113022,3.10E-05,0.015846966,0.000212212,7
dopaminergic,18,0.002601532,8.11E-08,0.003067417,5.96E-05,7
dosage,367,0.053042347,0.000264666,0.027011527,0.000381338,2
dose,876,0.126607891,0.001845443,0.040315115,0.000740493,2
dosing,328,0.047405694,0.000192575,0.024962513,0.00037395,2
dosing.221,15,0.002167943,7.96E-09,0.003240542,4.81E-05,2
dot,12,0.001734355,1.15E-08,0.001875578,4.20E-05,0
double,77,0.011128776,2.79E-05,0.009447538,0.000138744,4
doubt,69,0.009972539,7.00E-06,0.009722533,0.000127622,0
downhill,19,0.002746062,3.87E-07,0.001892663,8.59E-05,0
download,55,0.007949126,6.79E-06,0.006673153,0.000120451,0
downplay,33,0.004769475,4.08E-06,0.00486899,8.25E-05,0
downregulation,16,0.002312473,7.25E-08,0.002805663,5.39E-05,7
downside,142,0.020523197,1.70E-05,0.014708455,0.00017692,0
downstream,36,0.005203064,2.92E-06,0.005213719,8.77E-05,6
downward,65,0.009394421,3.56E-06,0.008382203,0.000120656,6
dps,20,0.002890591,1.99E-06,0.001965297,9.54E-05,9
drag,44,0.0063593,3.34E-06,0.006838922,9.55E-05,0
drain,18,0.002601532,7.07E-08,0.003691739,5.91E-05,0
dramatic,102,0.014742015,7.33E-06,0.011934337,0.000140914,6
dramatically,44,0.0063593,1.45E-06,0.006187109,8.48E-05,4
drastic,68,0.00982801,5.61E-06,0.0089779,0.000112736,0
drastically,100,0.014452956,1.13E-05,0.011836412,0.000151058,0
draw,266,0.038444862,0.000100541,0.020648937,0.000284768,2
drawback,89,0.012863131,4.49E-06,0.01145626,0.000127376,2
dre,85,0.012285012,1.46E-05,0.00961321,0.000145208,4
dread,14,0.002023414,6.02E-09,0.002735511,4.53E-05,4
dream,18,0.002601532,1.26E-07,0.00352536,5.84E-05,0
dress,31,0.004480416,7.50E-08,0.005524248,6.59E-05,2
dressing,36,0.005203064,4.84E-06,0.005178638,9.32E-05,2
dribble,17,0.002457002,3.43E-07,0.002429823,6.20E-05,7
drill,38,0.005492123,4.89E-07,0.00639975,7.75E-05,0
drink,178,0.025726261,8.32E-05,0.015767437,0.000218495,10
drinking,91,0.01315219,8.30E-06,0.011392125,0.000139763,7
drip,20,0.002890591,4.80E-07,0.003156723,7.11E-05,0
dripping,19,0.002746062,4.81E-08,0.003343355,5.94E-05,6
drive,792,0.114467409,0.00154493,0.028453407,0.000558698,6
driver,47,0.006792889,4.24E-07,0.007204452,8.31E-05,6
drop,504,0.072842896,0.000370554,0.024179742,0.000401214,0
drug,761,0.109986992,0.001637508,0.03528836,0.000673028,7
drug.430,19,0.002746062,6.11E-08,0.003760428,5.79E-05,2
drugmaker,19,0.002746062,5.28E-08,0.003647295,5.82E-05,4
dry,174,0.025148143,5.34E-05,0.016074642,0.000224811,2
dryness,34,0.004914005,6.63E-08,0.005134525,6.74E-05,6
dubious,20,0.002890591,2.71E-07,0.003355001,6.19E-05,9
duca,20,0.002890591,2.38E-06,0.002515209,7.72E-05,5
ducharme,67,0.00968348,1.07E-05,0.008700053,0.00011351,9
dugdale,17,0.002457002,2.61E-07,0.002077095,7.13E-05,9
duke,15,0.002167943,1.41E-08,0.003222697,4.57E-05,2
dull,18,0.002601532,2.69E-07,0.002851569,6.50E-05,6
duplication,17,0.002457002,2.17E-07,0.00206305,7.10E-05,9
duration,215,0.031073855,4.56E-05,0.020051577,0.000245143,4
duration.443,16,0.002312473,2.50E-08,0.002888278,6.01E-05,2
durland,20,0.002890591,2.13E-06,0.002603024,8.53E-05,5
dutasteride,32,0.004624946,1.28E-06,0.005234114,7.84E-05,7
dwindle,17,0.002457002,3.43E-09,0.003450122,4.48E-05,6
dynamic,39,0.005636653,2.04E-06,0.006775314,9.49E-05,2
dysfunction,1044,0.150888857,0.002979048,0.033586052,0.000727679,6
dyslipidemia,17,0.002457002,3.41E-08,0.003460829,5.09E-05,4
dysmorphia/”bigorexia,18,0.002601532,4.79E-07,0.002357876,7.25E-05,3
dysmorphic,18,0.002601532,3.37E-07,0.002815057,6.33E-05,3
dysmorphophobia,18,0.002601532,4.14E-07,0.002864414,6.65E-05,2
dystrophy,38,0.005492123,3.39E-06,0.004956377,9.38E-05,7
d’etre,18,0.002601532,6.30E-07,0.002739287,7.34E-05,0
e.g.,265,0.038300332,0.000110244,0.02154562,0.000300625,4
e2348692,19,0.002746062,3.87E-08,0.002673355,7.15E-05,9
e235,15,0.002167943,2.05E-07,0.002776428,4.98E-05,4
e236,20,0.002890591,3.29E-07,0.002899656,6.98E-05,6
e237,19,0.002746062,2.94E-08,0.003133989,5.37E-05,7
e238,20,0.002890591,2.50E-07,0.003347123,6.94E-05,7
e239,19,0.002746062,4.27E-07,0.002934234,6.32E-05,2
e240,19,0.002746062,1.73E-08,0.003648042,5.47E-05,4
e241,20,0.002890591,2.68E-07,0.003127974,6.98E-05,4
e242,18,0.002601532,5.79E-08,0.002861822,5.69E-05,4
eaa,19,0.002746062,3.05E-07,0.002710464,6.98E-05,5
eager,18,0.002601532,5.24E-08,0.003222528,5.32E-05,6
eaif,17,0.002457002,5.34E-07,0.00283951,5.86E-05,0
ear,79,0.011417835,1.59E-05,0.009014566,0.000139206,6
early,611,0.088307559,0.000579055,0.03160073,0.000485992,6
earn,80,0.011562365,2.30E-05,0.010331758,0.000159795,1
earth,17,0.002457002,5.97E-08,0.00312945,5.33E-05,0
ease,191,0.027605145,3.50E-05,0.01567646,0.000195732,6
easily,185,0.026737968,0.000100531,0.016527828,0.000220919,2
east,14,0.002023414,4.52E-08,0.000924831,7.98E-05,9
easy,463,0.066917185,0.000565616,0.029759817,0.00046172,2
eat,505,0.072987426,0.000636911,0.029450746,0.00049085,10
eater,17,0.002457002,2.32E-08,0.003602752,5.36E-05,0
eating,144,0.020812256,4.92E-05,0.01472812,0.000224485,10
eau,81,0.011706894,2.45E-05,0.008911771,0.000141012,4
eau;2025,20,0.002890591,3.42E-07,0.002723723,7.48E-05,4
ebb,17,0.002457002,2.78E-08,0.002836099,5.02E-05,6
ecchymose,20,0.002890591,5.19E-07,0.0037044,6.41E-05,2
ecchymosis,18,0.002601532,2.56E-08,0.003415063,5.76E-05,2
ecdysterone,18,0.002601532,5.03E-08,0.003549883,5.45E-05,10
eckel,135,0.01951149,1.37E-05,0.014164135,0.000165714,4
ed).52,17,0.002457002,1.54E-08,0.003213323,4.94E-05,4
ed)will,18,0.002601532,6.07E-09,0.003424958,4.56E-05,6
edema,71,0.010261598,5.56E-06,0.008918369,0.000120757,7
edex,19,0.002746062,1.37E-07,0.003482471,6.40E-05,2
edge,57,0.008238185,3.47E-06,0.008426141,0.000108216,2
edit,45,0.00650383,2.25E-05,0.004842992,0.00013998,5
edith,18,0.002601532,1.60E-07,0.002608695,6.29E-05,9
edition,16,0.002312473,3.83E-08,0.002988447,5.18E-05,0
editor,15,0.002167943,1.01E-08,0.00286594,5.16E-05,9
editorial,58,0.008382714,2.62E-05,0.006239021,0.000125729,9
eds,76,0.010984246,6.04E-05,0.005302798,0.000208008,5
educate,176,0.025437202,5.13E-05,0.017967931,0.000235435,0
education,155,0.022402081,8.44E-05,0.014612656,0.000247407,4
educational,115,0.016620899,0.000123694,0.011616568,0.000200843,9
edwards,20,0.002890591,3.78E-08,0.003591144,5.78E-05,7
effect,1419,0.20508744,0.006187508,0.044153848,0.000932198,2
effective,647,0.093510623,0.000725002,0.03435696,0.000514603,2
effectively,247,0.0356988,9.31E-05,0.020921151,0.000262756,2
effectiveness,165,0.023847377,4.58E-05,0.017416531,0.000226037,2
effects:-,18,0.002601532,2.22E-08,0.003563647,5.17E-05,7
efficacy,316,0.04567134,0.000184149,0.025791781,0.000374012,2
efficacy.40,17,0.002457002,1.21E-08,0.003431402,5.32E-05,2
efficiency,16,0.002312473,7.16E-08,0.003290372,5.07E-05,4
efficient,33,0.004769475,3.95E-07,0.00595304,7.42E-05,2
effort,264,0.038155803,0.00019266,0.02200053,0.000347939,9
egg,196,0.028327793,0.000205493,0.015928988,0.000277208,10
eggs,38,0.005492123,2.36E-05,0.004181262,0.000119167,10
ehrmann,20,0.002890591,2.42E-06,0.003057375,6.64E-05,5
einstein,17,0.002457002,1.43E-07,0.002342746,6.89E-05,9
eisenberg,40,0.005781182,1.95E-06,0.005821466,9.54E-05,9
ejaculate,81,0.011706894,2.34E-06,0.00928635,0.000120258,6
ejaculation,163,0.023558318,7.05E-05,0.013344187,0.000226278,6
ejaculatory,17,0.002457002,1.86E-07,0.002845666,5.95E-05,6
eje-11,15,0.002167943,2.84E-06,0.001675369,7.11E-05,5
elastic,17,0.002457002,5.94E-08,0.002660599,6.24E-05,2
elasticity,37,0.005347594,9.83E-06,0.004952365,9.39E-05,6
elbow,17,0.002457002,1.81E-07,0.002654455,6.45E-05,2
eld,19,0.002746062,6.74E-07,0.003321691,5.95E-05,9
elder,17,0.002457002,4.68E-07,0.002540578,6.94E-05,7
elderly,33,0.004769475,5.31E-06,0.004622028,9.52E-05,9
elect,13,0.001878884,1.64E-09,0.002742544,4.46E-05,2
election,17,0.002457002,5.42E-08,0.002586069,6.19E-05,9
electrode,19,0.002746062,3.62E-08,0.003966072,5.41E-05,7
electrolyte,62,0.008960832,2.12E-05,0.007116238,0.000139861,7
elegant,13,0.001878884,1.59E-06,0.002177746,4.80E-05,2
element,68,0.00982801,8.44E-06,0.007517601,0.000114769,0
elevate,271,0.03916751,8.12E-05,0.022033687,0.000293368,7
elevated,362,0.052319699,0.000161229,0.024773336,0.000341604,7
elevation,81,0.011706894,1.22E-05,0.009438913,0.000136525,4
eligibility,36,0.005203064,7.06E-07,0.006141809,8.01E-05,2
eligible,46,0.00664836,2.07E-06,0.00717571,9.00E-05,2
eliminate,162,0.023413788,7.47E-05,0.015831005,0.000213463,2
elimination,20,0.002890591,2.23E-08,0.003895154,5.52E-05,7
elixir,29,0.004191357,5.48E-07,0.004447944,7.16E-05,0
elizabeth,18,0.002601532,1.79E-06,0.000585528,0.000109713,5
elizabethtown,20,0.002890591,1.03E-06,0.002325367,8.56E-05,9
elmwood,10,0.001445296,0,0.001163595,5.26E-05,9
elsevi,19,0.002746062,2.13E-06,0.0019032,7.92E-05,5
elsevier,80,0.011562365,7.08E-05,0.006259722,0.000189736,5
elyse,11,0.001589825,7.62E-08,0.001676894,4.34E-05,0
email,234,0.033819916,0.000128874,0.017703813,0.00027715,0
emas,16,0.002312473,4.33E-08,0.002836858,4.96E-05,4
emasculate,17,0.002457002,9.91E-09,0.003199591,4.85E-05,0
emasculating,19,0.002746062,2.80E-08,0.003657102,5.83E-05,0
embark,20,0.002890591,3.80E-07,0.003758225,6.46E-05,2
embarrassed,26,0.003757768,7.88E-08,0.004658186,6.07E-05,0
embarrassing,56,0.008093655,2.97E-06,0.007764701,9.16E-05,0
embarrassment,35,0.005058534,1.77E-07,0.006133085,7.06E-05,6
embase,41,0.005925712,5.75E-06,0.004818689,0.000107196,4
emboli,19,0.002746062,1.01E-07,0.002816793,6.57E-05,4
embolism,34,0.004914005,1.01E-06,0.005052069,7.76E-05,7
embrace,71,0.010261598,7.27E-06,0.009831208,0.000125056,6
embryo,26,0.003757768,1.49E-07,0.00378753,7.14E-05,9
emerge,112,0.01618731,1.25E-05,0.013351954,0.000156702,2
emergency,130,0.018788842,6.51E-05,0.012755819,0.00021993,0
emeritus,19,0.002746062,7.97E-07,0.002972859,6.60E-05,9
emily,40,0.005781182,0.000187269,0.002336647,0.000168828,5
emory,51,0.007371007,8.65E-06,0.007344754,0.000100879,0
emotion,136,0.01965602,9.00E-05,0.013839712,0.000222928,0
emotional,294,0.04249169,0.000147753,0.02143308,0.000294719,6
emotionally,49,0.007081948,6.76E-06,0.006981826,9.85E-05,7
emphasis,39,0.005636653,1.61E-06,0.006365697,9.03E-05,9
emphasize,55,0.007949126,3.04E-06,0.007560455,0.000110013,9
empire,13,0.001878884,6.51E-08,0.00128521,6.73E-05,0
employ,39,0.005636653,4.12E-06,0.005609542,0.000103073,9
employee,19,0.002746062,1.20E-07,0.003136498,5.83E-05,6
empower,68,0.00982801,4.96E-06,0.009025999,0.000117842,6
empt,19,0.002746062,1.89E-07,0.003829574,5.88E-05,4
emptying,18,0.002601532,1.40E-07,0.002965827,6.36E-05,7
emulsion,17,0.002457002,5.52E-07,0.003286224,5.40E-05,2
enable,36,0.005203064,6.82E-07,0.005964616,7.86E-05,2
enantate,18,0.002601532,2.82E-07,0.002566865,7.29E-05,2
enanthate,212,0.030640266,7.02E-05,0.018466105,0.000257224,2
enclomiphene,217,0.031362914,2.45E-05,0.019423206,0.000229987,2
encompass,43,0.006214771,4.24E-07,0.007447059,8.87E-05,4
encounter,33,0.004769475,6.72E-07,0.005047407,7.05E-05,6
encourage,378,0.054632172,0.000265501,0.026801388,0.000396645,0
end,570,0.082381847,0.000629875,0.032594578,0.000525381,0
endeavor,14,0.002023414,8.52E-09,0.002581654,4.72E-05,10
endeavour,19,0.002746062,1.70E-08,0.003793804,5.43E-05,7
endo,47,0.006792889,1.64E-05,0.006319164,0.000115131,9
endocrine,313,0.045237751,0.000567402,0.01914014,0.000429304,5
endocrinol,128,0.018499783,0.000306961,0.008873897,0.000302333,5
endocrinologist,271,0.03916751,9.35E-05,0.020293143,0.000292229,9
endocrinology,379,0.054776702,0.001942559,0.018439571,0.000674097,9
endogenous,179,0.025870791,3.06E-05,0.016795371,0.000219509,7
endorphin,18,0.002601532,8.54E-08,0.003551117,6.03E-05,0
endorse,63,0.009105362,7.28E-05,0.005961758,0.000122185,5
endorsement,37,0.005347594,1.09E-05,0.005114996,9.29E-05,9
endothelial,20,0.002890591,1.14E-07,0.003442374,6.70E-05,4
endpoint,120,0.017343547,1.85E-05,0.013294664,0.000182267,4
endurance,109,0.015753722,1.05E-05,0.011222735,0.000139854,6
endure,19,0.002746062,6.96E-08,0.003710517,5.94E-05,2
energetic,50,0.007226478,2.04E-06,0.007253381,9.78E-05,6
energised,17,0.002457002,2.00E-09,0.003270425,4.34E-05,6
energize,20,0.002890591,7.78E-08,0.003801624,6.42E-05,6
energy,851,0.122994652,0.001310597,0.03304091,0.000596467,6
enforce,16,0.002312473,4.41E-08,0.002911072,5.66E-05,4
engage,260,0.037577685,0.000154423,0.022279076,0.000304618,10
engaging,19,0.002746062,9.35E-08,0.002987558,6.44E-05,0
engelman,20,0.002890591,5.21E-06,0.001343058,0.00010536,5
engine,16,0.002312473,4.01E-07,0.002870478,5.94E-05,0
engineer,38,0.005492123,5.02E-06,0.005843512,9.34E-05,9
england,82,0.011851424,8.88E-06,0.009452798,0.000126905,4
english,35,0.005058534,1.79E-05,0.004508261,9.67E-05,9
enhance,433,0.062581298,0.000366662,0.028468644,0.000430821,6
enhanced,20,0.002890591,6.99E-08,0.003419923,5.84E-05,6
enhancement,20,0.002890591,4.38E-07,0.003855883,6.11E-05,4
enhancer,19,0.002746062,1.90E-06,0.003324451,6.38E-05,2
enjoy,192,0.027749675,7.95E-05,0.018056524,0.000253501,0
enjoyable,20,0.002890591,4.16E-08,0.003809697,6.02E-05,6
enjoyment,36,0.005203064,1.04E-06,0.005514593,8.30E-05,6
enlarge,186,0.026882497,3.90E-05,0.015186357,0.000211966,6
enlarged,137,0.019800549,3.43E-05,0.0134198,0.000192976,7
enlargement,211,0.030495736,4.16E-05,0.017086993,0.000224783,7
enlarging,18,0.002601532,7.05E-08,0.003072434,5.48E-05,7
enlist,30,0.004335887,6.17E-08,0.005037703,5.95E-05,7
enquire,19,0.002746062,5.68E-08,0.003522157,5.15E-05,0
enrol,60,0.008671773,2.65E-06,0.008185986,0.000105802,4
enroll,28,0.004046828,3.94E-08,0.005246513,6.46E-05,9
ensure,513,0.074143662,0.000379814,0.031230349,0.00044495,2
enter,220,0.031796502,9.30E-05,0.017450565,0.000270497,0
enthusiasm,63,0.009105362,2.81E-06,0.00858062,0.000105628,6
entire,179,0.025870791,0.000117044,0.017101197,0.000271269,2
entirely,60,0.008671773,9.55E-06,0.007675521,0.000112966,0
entitled,18,0.002601532,2.09E-07,0.003206195,6.48E-05,0
entity,19,0.002746062,3.44E-09,0.003849649,4.88E-05,0
entry,35,0.005058534,7.89E-07,0.005850031,7.71E-05,0
environment,128,0.018499783,5.44E-05,0.012131239,0.000201087,2
environmental,92,0.013296719,4.09E-05,0.009915405,0.000157526,7
enzyme,207,0.029917618,6.74E-05,0.017458744,0.000245051,7
eosinophil,11,0.001589825,3.57E-07,0.001481332,5.77E-05,7
epic,35,0.005058534,7.62E-07,0.005170209,8.12E-05,0
epidemiology,73,0.010550658,4.40E-06,0.009567746,0.000119331,4
episode,267,0.038589392,0.000189024,0.020376617,0.00034262,0
epistaxis,19,0.002746062,1.40E-07,0.003505496,6.35E-05,2
epo,16,0.002312473,1.31E-08,0.002853495,4.80E-05,7
epub,32,0.004624946,1.71E-05,0.003003613,0.00011075,5
equal,99,0.014308426,3.66E-05,0.010625115,0.00017219,10
equally,18,0.002601532,3.80E-08,0.003596404,5.65E-05,4
equate,18,0.002601532,1.45E-07,0.003062748,6.01E-05,0
equation,17,0.002457002,1.13E-08,0.003294821,4.84E-05,2
equilibrium,33,0.004769475,7.42E-07,0.00481852,8.29E-05,4
equine,16,0.002312473,3.50E-07,0.002557246,6.59E-05,9
equip,38,0.005492123,2.46E-06,0.00695098,8.62E-05,1
equipment,37,0.005347594,3.44E-06,0.005646351,9.57E-05,4
equivalent,45,0.00650383,8.76E-07,0.006626101,8.49E-05,6
equivocal,46,0.00664836,2.16E-06,0.006128284,9.81E-05,4
er.2017,10,0.001445296,6.25E-10,0.001219928,5.14E-05,5
erect,34,0.004914005,3.39E-07,0.005480086,7.17E-05,7
erectile,986,0.142506143,0.002206508,0.033139686,0.000675567,6
erection,602,0.087006793,0.001323484,0.028890426,0.00054656,6
eric,11,0.001589825,3.05E-08,0.002035861,4.47E-05,0
err,16,0.002312473,9.40E-10,0.003633811,4.48E-05,0
erratum,19,0.002746062,1.42E-07,0.003361154,6.34E-05,4
error,74,0.010695187,6.65E-06,0.008653343,0.000118669,4
erroremail,16,0.002312473,1.87E-07,0.003016666,5.74E-05,5
errorinclude,15,0.002167943,2.11E-07,0.002883709,5.51E-05,5
ershler,20,0.002890591,1.27E-05,0.001700061,9.38E-05,5
erythema,56,0.008093655,5.56E-06,0.007972423,0.000116412,2
erythrocyte,15,0.002167943,1.09E-08,0.002787785,4.45E-05,7
erythrocytosis,79,0.011417835,4.25E-06,0.010050027,0.000118323,7
erythropoiesis,57,0.008238185,4.25E-06,0.007237862,0.000105139,7
erythropoietin,22,0.00317965,1.39E-07,0.00358514,5.69E-05,7
escalation,17,0.002457002,1.08E-08,0.003669842,4.82E-05,4
escape,38,0.005492123,1.39E-07,0.00671843,7.47E-05,0
español,29,0.004191357,1.69E-05,0.002867943,0.000108266,8
especially,488,0.070530423,0.000256185,0.028421232,0.000385371,7
essence,17,0.002457002,1.47E-08,0.003083705,4.82E-05,6
essential,489,0.070674953,0.000300642,0.030162555,0.000415675,7
essentially,217,0.031362914,9.50E-05,0.019959057,0.000281458,0
establish,341,0.049284579,0.000187124,0.025082166,0.000339353,4
established,17,0.002457002,9.74E-09,0.003328239,4.72E-05,4
establishment,19,0.002746062,9.65E-08,0.003488508,5.75E-05,4
esteem,90,0.01300766,5.03E-06,0.010263647,0.000125238,6
ester,241,0.034831623,6.98E-05,0.019526101,0.000268624,2
estimate,189,0.027316086,0.00017771,0.015851553,0.000254856,4
estimated,20,0.002890591,2.36E-07,0.003298702,5.04E-05,6
estradiol,247,0.0356988,6.63E-05,0.018328786,0.000253573,7
estrogen,522,0.075444428,0.000535531,0.026431376,0.000462521,7
etc,206,0.029773089,0.000125507,0.01808252,0.000257225,7
ethan,20,0.002890591,9.58E-06,0.001821231,9.24E-05,9
ether,20,0.002890591,4.96E-07,0.002618678,7.73E-05,7
ethically,19,0.002746062,2.73E-08,0.003750951,5.42E-05,6
ethnic,15,0.002167943,2.80E-09,0.002767275,4.68E-05,4
ethnicity,19,0.002746062,2.77E-07,0.003111877,6.00E-05,4
ethos,38,0.005492123,1.54E-06,0.006420588,8.69E-05,0
etiology,58,0.008382714,2.18E-06,0.007444246,0.000102086,4
eugonadal,33,0.004769475,4.97E-07,0.005691152,7.49E-05,4
eugster,13,0.001878884,0,0.001742205,6.05E-05,5
eur,48,0.006937419,2.72E-05,0.004950393,0.000141017,5
eureka,18,0.002601532,1.70E-06,0.002812473,6.69E-05,0
european,106,0.015320133,0.00013062,0.00948667,0.000211974,5
eurycoma,15,0.002167943,5.11E-08,0.002150657,6.13E-05,10
eurycomanone,20,0.002890591,4.74E-07,0.002860159,6.86E-05,10
evaluate,372,0.053764995,0.000117258,0.024501493,0.000307323,4
evaluation,402,0.058100882,0.00035119,0.026828172,0.000392243,4
evan,20,0.002890591,2.77E-07,0.00318207,6.36E-05,9
eve,30,0.004335887,1.27E-06,0.004756745,7.88E-05,9
evening,110,0.015898251,3.85E-05,0.011363393,0.000169742,0
evenly,19,0.002746062,3.06E-07,0.002767707,7.12E-05,9
event,622,0.089897384,0.000940741,0.032976269,0.000625097,4
"events,363",17,0.002457002,3.03E-06,0.002449952,6.51E-05,4
"events.72,73",19,0.002746062,1.56E-07,0.003639347,5.57E-05,4
eventually,77,0.011128776,7.11E-06,0.00962751,0.000120347,0
everybody,82,0.011851424,3.20E-06,0.010603305,0.00012438,0
everyday,118,0.017054488,1.26E-05,0.013006424,0.000152619,6
evidence,797,0.115190056,0.001847616,0.033329063,0.000664905,4
evidence).10,17,0.002457002,2.40E-07,0.003010724,6.06E-05,4
evident,47,0.006792889,1.08E-06,0.006635909,9.08E-05,7
evoke,19,0.002746062,7.71E-08,0.003593231,6.10E-05,0
evolution,36,0.005203064,2.80E-06,0.005160919,9.02E-05,9
evolutionarily,19,0.002746062,3.25E-07,0.002764791,7.06E-05,10
evolutionary,17,0.002457002,2.34E-08,0.003208008,5.32E-05,6
evolve,113,0.01633184,2.13E-05,0.013657053,0.000188288,0
exacerbate,48,0.006937419,1.65E-05,0.006541947,9.97E-05,7
exacerbated,17,0.002457002,7.32E-09,0.003194479,4.56E-05,4
exacerbation,20,0.002890591,1.25E-08,0.003506293,5.83E-05,7
exact,101,0.014597485,1.56E-05,0.011798456,0.000145015,0
exactly,275,0.039745628,0.000130872,0.02148795,0.000302536,0
exam,274,0.039601098,7.60E-05,0.020175408,0.000254011,7
examination,284,0.041046394,0.000134606,0.020926884,0.000298641,4
examine,164,0.023702847,1.83E-05,0.016000389,0.000190816,4
example,574,0.082959965,0.000647512,0.031108159,0.00049884,3
exceed,51,0.007371007,9.47E-07,0.00783823,9.17E-05,7
excellence,24,0.003468709,8.78E-08,0.004426715,6.18E-05,4
excellent,83,0.011995953,2.78E-05,0.01103698,0.000149037,2
exception,69,0.009972539,1.15E-05,0.009658748,0.000121063,2
exceptionally,38,0.005492123,3.93E-06,0.005506788,9.18E-05,6
excerpt,19,0.002746062,4.17E-08,0.003896047,5.37E-05,2
excess,449,0.064893771,0.000339621,0.027341534,0.000428394,7
excessive,240,0.034687094,6.22E-05,0.019766296,0.000246352,7
excessively,50,0.007226478,1.73E-06,0.007407633,0.000100231,2
excipient,19,0.002746062,6.25E-08,0.003613276,6.10E-05,2
excision,19,0.002746062,2.29E-08,0.003640932,5.16E-05,6
excitatory,18,0.002601532,8.54E-08,0.002758463,6.66E-05,7
excite,20,0.002890591,1.39E-07,0.003987447,6.05E-05,0
excited,88,0.012718601,1.21E-05,0.011122118,0.000151329,0
exciting,20,0.002890591,5.50E-08,0.004081408,5.82E-05,2
exclude,145,0.020956786,3.27E-05,0.014793375,0.000197298,4
exclusion,52,0.007515537,1.47E-06,0.00795184,9.55E-05,4
exclusive,36,0.005203064,8.73E-07,0.005673075,7.73E-05,6
exclusively,18,0.002601532,4.77E-08,0.002993073,5.42E-05,6
excrete,18,0.002601532,3.41E-08,0.00321826,5.78E-05,7
excuse,13,0.001878884,2.00E-08,0.002771707,4.37E-05,0
executive,19,0.002746062,1.12E-05,0.0021731,8.48E-05,5
exemestane,17,0.002457002,5.12E-08,0.003448346,5.73E-05,7
exercise,781,0.112877583,0.001286481,0.034502313,0.000591825,6
exert,32,0.004624946,9.21E-07,0.004893598,7.52E-05,0
exertion,36,0.005203064,2.44E-06,0.004966697,8.83E-05,6
exhaust,75,0.010839717,9.93E-06,0.009819343,0.000123585,0
exhaustion,34,0.004914005,1.84E-06,0.005375464,7.83E-05,0
exhibit,69,0.009972539,1.57E-05,0.008886589,0.000126857,2
exist,285,0.041190924,0.000113099,0.022961799,0.000300308,4
existing,50,0.007226478,2.59E-06,0.006948846,9.88E-05,4
exogenous,372,0.053764995,0.000156494,0.025161237,0.000357683,7
expand,54,0.007804596,4.96E-06,0.008212566,0.000108066,0
expansion,37,0.005347594,7.16E-07,0.005579647,8.65E-05,6
expect,367,0.053042347,0.000207663,0.025522976,0.000355269,6
expectancy,57,0.008238185,4.88E-06,0.007685658,0.000114151,0
expectation,181,0.02615985,8.71E-05,0.017725729,0.000249707,6
expected,18,0.002601532,1.41E-07,0.003325615,5.23E-05,7
expense,35,0.005058534,4.11E-07,0.00598818,7.68E-05,0
expensive,130,0.018788842,2.37E-05,0.014442841,0.000176987,0
experience,1193,0.172423761,0.003292977,0.039905104,0.000763682,6
experienced,185,0.026737968,4.13E-05,0.018767339,0.000236263,2
experiment,19,0.002746062,1.32E-07,0.003109377,6.76E-05,9
experimental,11,0.001589825,5.33E-09,0.002222918,4.45E-05,0
expert,730,0.105506576,0.001418413,0.033190382,0.000620181,9
expertise,236,0.034108975,0.000108183,0.020268381,0.000273766,2
expertly,48,0.006937419,1.26E-06,0.007664918,8.58E-05,2
explain,345,0.049862697,0.000154243,0.023664634,0.000331426,0
explainer,16,0.002312473,4.93E-08,0.00291358,5.20E-05,5
explanation,52,0.007515537,3.04E-06,0.00759585,0.000109696,9
explanatory,18,0.002601532,1.39E-08,0.003200148,5.04E-05,7
explicit,41,0.005925712,6.45E-07,0.006868213,8.68E-05,4
explicitly,45,0.00650383,2.96E-06,0.006725202,9.14E-05,4
exploration,18,0.002601532,2.98E-08,0.003615202,5.01E-05,4
explore,297,0.042925278,0.000157695,0.023395917,0.000326631,0
explosion,37,0.005347594,4.17E-07,0.006377438,8.17E-05,4
expose,35,0.005058534,2.38E-06,0.005912684,8.23E-05,2
exposure,146,0.021101315,5.25E-05,0.013335625,0.000203035,7
express,65,0.009394421,1.58E-05,0.007268634,0.000127149,0
ext,19,0.002746062,2.16E-06,0.001333502,0.00010148,9
extend,40,0.005781182,2.29E-06,0.006293274,7.76E-05,0
extensive,109,0.015753722,1.28E-05,0.012486409,0.000161703,2
extensively,35,0.005058534,8.26E-07,0.005807709,7.55E-05,0
extent,127,0.018355254,1.73E-05,0.013751972,0.000159651,4
external,221,0.031941032,0.00015283,0.018477181,0.000266826,2
extra,263,0.038011273,0.000171708,0.019157126,0.00031295,7
extract,33,0.004769475,8.71E-07,0.005745189,8.14E-05,4
extraction,17,0.002457002,1.21E-08,0.003593954,5.29E-05,7
extraneous,20,0.002890591,6.36E-07,0.003520841,6.29E-05,2
extrapolate,18,0.002601532,8.42E-09,0.00356949,5.64E-05,4
extreme,89,0.012863131,1.18E-05,0.010519874,0.000149998,7
extremely,126,0.018210724,3.46E-05,0.013606182,0.000178098,9
extremity,19,0.002746062,3.04E-08,0.003555658,5.48E-05,7
extrusion,48,0.006937419,7.33E-06,0.00712851,0.000110112,2
eye,192,0.027749675,9.16E-05,0.017713179,0.000250336,7
eyebrow,19,0.002746062,1.06E-07,0.003245099,5.56E-05,6
f.c,39,0.005636653,3.93E-05,0.004264804,0.000121275,5
fable,18,0.002601532,8.42E-07,0.002217378,7.92E-05,5
face,244,0.035265212,0.000126549,0.019537457,0.000287658,0
facebook,27,0.003902298,7.08E-06,0.003534126,7.95E-05,0
faced,20,0.002890591,1.02E-07,0.003294265,5.98E-05,6
facial,232,0.033530857,0.000102722,0.016003587,0.000240332,6
facilitate,82,0.011851424,1.78E-05,0.010579904,0.000141248,0
facility,18,0.002601532,1.22E-07,0.003131592,6.19E-05,0
facs,18,0.002601532,1.63E-07,0.003182374,6.50E-05,9
facsm,34,0.004914005,6.07E-07,0.005284972,8.33E-05,9
fact,493,0.071253071,0.000628749,0.027610017,0.000475482,0
factor,951,0.137447608,0.002145383,0.038414629,0.00071641,7
factorial,19,0.002746062,3.44E-08,0.003796317,4.93E-05,7
factory,17,0.002457002,8.31E-07,0.003067311,5.35E-05,0
factual,16,0.002312473,1.53E-09,0.003447848,4.34E-05,2
faculty,16,0.002312473,1.66E-07,0.002798176,5.77E-05,0
fad,19,0.002746062,3.14E-08,0.003949537,5.74E-05,0
fade,17,0.002457002,1.07E-07,0.003141613,5.34E-05,2
fail,286,0.041335453,0.000209313,0.021044616,0.000325264,4
failure,276,0.039890158,0.000137168,0.019180741,0.000286922,7
fair,20,0.002890591,1.25E-08,0.004251286,5.49E-05,4
fairly,81,0.011706894,4.29E-06,0.010373562,0.000121392,0
fall,412,0.059546177,0.000446428,0.025183037,0.000407923,6
FALSE,15,0.002167943,3.38E-08,0.002811375,4.55E-05,7
falsely,34,0.004914005,6.11E-07,0.005527561,7.32E-05,0
familiar,43,0.006214771,1.07E-06,0.006730132,8.35E-05,0
family,428,0.06185865,0.000443916,0.028447966,0.000435036,0
famous,36,0.005203064,8.82E-06,0.004338418,0.000104508,10
fantastic,143,0.020667727,0.000209643,0.012918894,0.000258036,0
fantasy,56,0.008093655,3.06E-06,0.008359078,0.000107307,6
faqs,57,0.008238185,5.59E-06,0.007773853,9.90E-05,0
far,251,0.036276919,0.0001353,0.020446822,0.000289906,0
fare,17,0.002457002,9.35E-08,0.003002513,6.11E-05,9
fashion,46,0.00664836,8.73E-07,0.006937859,8.95E-05,4
fast,423,0.061136002,0.000394894,0.028057142,0.000430026,2
fasted,46,0.00664836,1.88E-06,0.00645292,9.39E-05,7
fasting,17,0.002457002,1.50E-07,0.003017549,5.26E-05,6
fat,729,0.105362047,0.001099388,0.031602956,0.000565191,6
fatal,33,0.004769475,1.29E-06,0.004915798,8.76E-05,4
fate,17,0.002457002,1.33E-07,0.002710453,5.82E-05,6
father,168,0.024280965,7.01E-05,0.015598498,0.000234291,9
fatiguability,17,0.002457002,3.10E-08,0.003149435,4.90E-05,6
fatigue,591,0.085416968,0.000661749,0.02787072,0.000462256,6
fatigued,61,0.008816303,4.21E-06,0.007985195,0.000107169,0
fatty,148,0.021390374,4.77E-05,0.014266472,0.0002145,2
favor,16,0.002312473,4.50E-08,0.002767446,5.88E-05,4
favorable,50,0.007226478,2.13E-06,0.007863487,9.20E-05,4
favorite,95,0.013730308,0.000136874,0.008733362,0.000213456,0
fda,449,0.064893771,0.000495585,0.02747893,0.000452006,2
fda‐registered,20,0.002890591,4.41E-07,0.003292587,6.52E-05,2
fear,49,0.007081948,1.19E-06,0.007578835,9.44E-05,0
feasible,19,0.002746062,8.42E-08,0.003184851,6.29E-05,7
feat,13,0.001878884,4.84E-09,0.002586529,4.91E-05,6
feature,142,0.020523197,5.97E-05,0.013336147,0.000197033,6
feb,121,0.017488076,0.000147289,0.010770473,0.000234004,5
feb;9(2):249,15,0.002167943,4.65E-08,0.002386614,6.05E-05,5
february,108,0.015609192,6.04E-05,0.011765627,0.000199876,4
fecal,22,0.00317965,2.64E-06,0.002714549,8.48E-05,3
fee,84,0.012140483,7.22E-06,0.010991574,0.000142804,2
feeble,18,0.002601532,6.78E-08,0.002887745,4.92E-05,6
feed,34,0.004914005,2.75E-06,0.004641526,8.92E-05,7
feedback,202,0.02919497,9.61E-05,0.016582338,0.000244872,7
feel,1121,0.162017633,0.003351551,0.040821099,0.000833985,0
feeling,268,0.038733921,0.000146124,0.020723247,0.000306779,6
feinberg,18,0.002601532,3.48E-07,0.002398578,7.42E-05,9
feldman,20,0.002890591,2.05E-07,0.003514033,5.60E-05,7
felix,15,0.002167943,1.23E-07,0.001648052,7.35E-05,9
fella,15,0.002167943,1.28E-08,0.002924064,5.02E-05,6
fellow,38,0.005492123,3.60E-06,0.005221825,9.39E-05,9
fellowship,69,0.009972539,1.67E-05,0.008609712,0.000145441,9
felson,7,0.001011707,0,0.00094148,5.39E-05,5
female,446,0.064460182,0.000371186,0.023887401,0.000391271,7
females,17,0.002457002,2.85E-08,0.002978336,5.26E-05,7
fenugreek,16,0.002312473,2.90E-08,0.003143863,5.35E-05,4
fernández,20,0.002890591,1.16E-06,0.002379591,8.69E-05,5
ferreira,20,0.002890591,7.61E-08,0.00281613,7.29E-05,9
ferritin,36,0.005203064,2.38E-05,0.003775206,0.000113812,7
ferrucci,20,0.002890591,2.10E-06,0.001237673,0.000110765,5
fertile,18,0.002601532,9.48E-08,0.003323417,5.70E-05,6
fertility,736,0.106373753,0.000908946,0.033081409,0.000558925,7
fertilizer,19,0.002746062,1.81E-07,0.002960401,6.80E-05,7
fetal,87,0.012574071,1.40E-05,0.009664196,0.000144612,7
fetus,31,0.004480416,8.57E-07,0.004352866,7.59E-05,7
fever,18,0.002601532,3.75E-08,0.003417207,5.29E-05,7
fiber,44,0.0063593,3.70E-06,0.006112046,9.73E-05,10
fibrillation,56,0.008093655,3.38E-06,0.007129283,0.000112095,4
fibrous,56,0.008093655,7.60E-06,0.007861907,0.000126172,7
field,227,0.032808209,9.76E-05,0.019030484,0.000267679,2
fig,49,0.007081948,7.18E-06,0.006069397,0.000110112,7
fight,98,0.014163897,3.98E-05,0.010573589,0.00017208,10
figure,173,0.025003613,3.44E-05,0.014792361,0.000183516,0
fill,107,0.015464663,3.01E-05,0.011931825,0.000175426,0
filter,18,0.002601532,2.11E-06,0.002715173,5.97E-05,9
filtration,18,0.002601532,1.72E-06,0.001978643,7.51E-05,7
final,115,0.016620899,0.000176997,0.01141768,0.00021238,5
finalize,18,0.002601532,4.85E-07,0.003516605,6.32E-05,4
finally,207,0.029917618,0.000107065,0.019368862,0.000266067,0
finance,38,0.005492123,7.93E-07,0.006382183,8.34E-05,2
financial,117,0.016909958,4.96E-05,0.013283487,0.000194968,0
financially,34,0.004914005,3.33E-07,0.00584601,7.79E-05,0
financing,34,0.004914005,4.88E-07,0.005579103,7.93E-05,2
finasteride,156,0.022546611,4.66E-05,0.015001904,0.000216314,7
find,1229,0.177626825,0.004391772,0.042018327,0.000882021,0
finder,16,0.002312473,2.79E-07,0.002851303,4.84E-05,7
finding,344,0.049718167,0.000473479,0.024397418,0.000408483,4
fine,178,0.025726261,5.72E-05,0.017665052,0.00022976,0
finer,19,0.002746062,7.85E-08,0.003733602,5.85E-05,7
finger,20,0.002890591,1.66E-07,0.003588546,5.94E-05,2
finish,19,0.002746062,1.61E-06,0.003116681,6.53E-05,2
finite,20,0.002890591,3.60E-06,0.003166341,6.49E-05,9
finkle,19,0.002746062,4.56E-07,0.003077311,6.28E-05,4
fire,30,0.004335887,5.66E-07,0.004795145,7.24E-05,2
firm,78,0.011273305,1.66E-05,0.01001735,0.000138283,2
firmly,19,0.002746062,2.74E-08,0.003726943,5.52E-05,2
firmness,18,0.002601532,5.74E-07,0.002960917,6.10E-05,4
firsthand,19,0.002746062,1.22E-07,0.00337053,6.02E-05,0
fish,66,0.009538951,1.68E-05,0.008034659,0.000144736,10
fit,261,0.037722214,0.000163039,0.021892401,0.00029701,2
fitness,132,0.019077901,2.76E-05,0.014436129,0.000186448,6
fitzpatrick,20,0.002890591,1.61E-06,0.000601613,0.000119464,9
fix,261,0.037722214,8.29E-05,0.019759923,0.00025566,0
fixate,20,0.002890591,6.86E-08,0.003937306,5.75E-05,4
flag,19,0.002746062,8.43E-08,0.003204275,5.95E-05,7
flagging,20,0.002890591,5.90E-07,0.00379472,5.71E-05,6
flammable,18,0.002601532,6.56E-08,0.003288268,5.57E-05,2
flank,16,0.002312473,1.72E-07,0.002532551,6.13E-05,6
flare,17,0.002457002,3.49E-08,0.002817941,5.39E-05,7
flash,249,0.03598786,6.10E-05,0.018473127,0.000261881,6
flashy,15,0.002167943,2.35E-07,0.002734177,4.95E-05,0
flat,18,0.002601532,1.86E-08,0.00355545,5.63E-05,2
flatten,35,0.005058534,5.14E-06,0.004877885,7.84E-05,6
flavonoid,31,0.004480416,5.19E-07,0.004245683,7.81E-05,10
flavor,18,0.002601532,4.94E-08,0.003147589,5.75E-05,10
flawed,19,0.002746062,9.52E-08,0.003627592,5.80E-05,0
flexibility,17,0.002457002,2.07E-08,0.003462562,4.99E-05,2
flexible,30,0.004335887,1.09E-05,0.004187015,9.52E-05,3
flight,48,0.006937419,6.10E-06,0.006427718,0.000106975,10
flip,30,0.004335887,1.02E-06,0.005059931,7.47E-05,0
float,28,0.004046828,6.78E-07,0.004228036,6.99E-05,7
flood,36,0.005203064,1.36E-07,0.005550633,6.66E-05,7
floor,59,0.008527244,5.78E-05,0.004872533,0.000163405,9
florence,15,0.002167943,8.20E-08,0.002208133,6.75E-05,0
florida,33,0.004769475,8.58E-07,0.005443103,7.45E-05,4
flow,236,0.034108975,0.000102348,0.01953317,0.000294307,10
flu,10,0.001445296,0,0.001687469,4.15E-05,9
fluctuate,120,0.017343547,7.79E-06,0.012913509,0.000152157,2
fluctuation,178,0.025726261,1.61E-05,0.017613931,0.000206359,2
fluid,116,0.016765429,2.03E-05,0.011733133,0.000162736,7
fluoride,17,0.002457002,1.75E-07,0.003359449,5.71E-05,10
flush,90,0.01300766,2.13E-05,0.009539354,0.000147968,6
fly,19,0.002746062,2.20E-07,0.003234644,6.82E-05,9
fnp,7,0.001011707,0,0.000710138,6.16E-05,5
foam,36,0.005203064,7.47E-07,0.005347295,8.31E-05,7
focus,574,0.082959965,0.000693265,0.033508851,0.000533202,6
focused,32,0.004624946,1.40E-06,0.004883579,7.19E-05,0
foetus,17,0.002457002,1.11E-08,0.003089299,5.57E-05,7
fog,180,0.02601532,5.32E-05,0.016329376,0.0002235,6
folate,34,0.004914005,5.19E-07,0.005238432,7.31E-05,7
fold,30,0.004335887,3.08E-07,0.00488962,6.63E-05,0
fold.415,18,0.002601532,3.25E-07,0.003081355,6.59E-05,2
folk,188,0.027171557,4.00E-05,0.018018555,0.000217649,0
follicle,309,0.044659633,0.000126037,0.019385648,0.000296474,7
follow,971,0.140338199,0.002519635,0.040600901,0.000758846,4
following,112,0.01618731,1.95E-05,0.012557539,0.000152093,0
followup,18,0.002601532,1.13E-08,0.003587941,5.07E-05,4
food,577,0.083393554,0.001394295,0.030944653,0.000640087,10
foot,33,0.004769475,3.70E-07,0.005572175,7.45E-05,0
football,15,0.002167943,4.10E-07,0.002812169,5.46E-05,0
force,55,0.007949126,1.18E-05,0.007170947,0.000126782,4
ford,73,0.010550658,1.99E-05,0.00777,0.00012113,9
forecast,15,0.002167943,6.56E-08,0.002776842,4.91E-05,0
forehead,18,0.002601532,6.96E-07,0.002839763,6.52E-05,7
foreign,15,0.002167943,1.23E-08,0.002616961,5.49E-05,7
foremost,16,0.002312473,1.44E-08,0.003147236,5.37E-05,0
foretell,18,0.002601532,1.45E-07,0.003085224,6.12E-05,6
forever,38,0.005492123,3.19E-07,0.006095949,8.12E-05,0
forgetfulness,20,0.002890591,3.07E-09,0.003812123,5.50E-05,6
form,755,0.109119815,0.00190775,0.034579685,0.000625983,2
formal,32,0.004624946,3.05E-07,0.00554746,6.78E-05,2
formally,18,0.002601532,9.26E-08,0.003136009,5.16E-05,6
formation,82,0.011851424,1.16E-06,0.009463437,0.000105389,7
formula,114,0.016476369,8.91E-05,0.012398539,0.00017938,2
formulate,71,0.010261598,6.10E-06,0.010631011,0.000116215,2
formulation,368,0.053186877,0.000240115,0.027368715,0.000414085,2
fortesta,18,0.002601532,1.51E-07,0.002619368,6.47E-05,2
forth,19,0.002746062,6.58E-07,0.00332441,6.92E-05,0
fortify,14,0.002023414,3.08E-08,0.002728321,4.88E-05,0
fortunately,51,0.007371007,1.95E-06,0.007432038,0.000104007,2
forward,171,0.024714554,6.43E-05,0.016990692,0.000238245,0
forwards,19,0.002746062,1.69E-08,0.003754071,5.29E-05,4
foundation,138,0.019945079,6.38E-05,0.012954436,0.000189691,5
foundational,35,0.005058534,1.72E-06,0.005215688,8.85E-05,6
founder,35,0.005058534,8.67E-07,0.005514442,8.49E-05,2
fountain,30,0.004335887,5.84E-07,0.004449937,7.35E-05,0
fraction,41,0.005925712,2.98E-06,0.006158543,9.30E-05,2
fracture,167,0.024136436,2.17E-05,0.015699324,0.000198658,6
fragile,34,0.004914005,2.81E-07,0.005406437,6.95E-05,6
frailty,40,0.005781182,5.36E-06,0.00566325,8.91E-05,6
frame,48,0.006937419,6.06E-06,0.006574999,0.000107939,6
framework,19,0.002746062,3.71E-07,0.003255609,6.15E-05,4
france,39,0.005636653,3.38E-05,0.003794322,0.00013357,5
francisco,35,0.005058534,4.71E-06,0.004276874,0.000109736,9
frank,19,0.002746062,1.33E-08,0.003774317,5.44E-05,0
frederick,38,0.005492123,3.88E-05,0.00240692,0.000158264,5
free,650,0.093944212,0.001217277,0.026040525,0.000531788,7
freedom,17,0.002457002,9.59E-09,0.003485358,5.31E-05,2
freely,31,0.004480416,2.36E-06,0.004815415,7.81E-05,2
frequency,248,0.03584333,0.000106158,0.021935964,0.000291713,2
frequent,179,0.025870791,3.14E-05,0.018293224,0.000221509,2
frequently,341,0.049284579,0.000127742,0.025237278,0.000314614,2
friday,17,0.002457002,1.96E-07,0.00276899,6.25E-05,0
fried,32,0.004624946,7.05E-06,0.00402368,8.87E-05,10
friend,193,0.027894204,5.18E-05,0.017783014,0.000232881,0
friendly,69,0.009972539,1.02E-05,0.009485587,0.000123463,4
frisky,15,0.002167943,1.54E-08,0.002868412,4.97E-05,6
frog,15,0.002167943,1.30E-08,0.003345268,4.92E-05,0
frontal,20,0.002890591,1.22E-06,0.003305612,6.75E-05,7
frontier,39,0.005636653,3.82E-05,0.003309695,0.000147371,5
frsa,19,0.002746062,1.04E-06,0.002177533,8.82E-05,9
fruit,113,0.01633184,0.000134637,0.010498712,0.000222915,10
frustrated,17,0.002457002,2.48E-08,0.003035351,5.57E-05,0
frustrating,76,0.010984246,6.55E-06,0.009788945,0.00012255,0
frustration,20,0.002890591,7.94E-09,0.00424062,4.94E-05,0
fruzzetti,20,0.002890591,5.25E-07,0.00320838,6.97E-05,5
fsh,325,0.046972106,0.000152643,0.020055136,0.00033836,7
fsig,16,0.002312473,1.24E-06,0.002197717,7.19E-05,3
fuel,112,0.01618731,2.08E-05,0.012602795,0.000172138,6
fugh,20,0.002890591,6.15E-06,0.001413926,0.00010502,9
fulfil,18,0.002601532,3.13E-07,0.002457961,7.37E-05,9
fulfill,18,0.002601532,1.07E-07,0.003403157,6.06E-05,0
fulfilling,29,0.004191357,1.23E-07,0.005120275,6.24E-05,6
fullness,15,0.002167943,3.45E-07,0.002822612,4.76E-05,4
fully,221,0.031941032,8.77E-05,0.018113405,0.000248735,2
fun,87,0.012574071,3.00E-05,0.009828129,0.00016924,0
function,1067,0.154213037,0.003519482,0.035737752,0.000776168,7
"function.59,60,62,63",17,0.002457002,7.55E-08,0.003165606,5.37E-05,4
functional,146,0.021101315,0.000184171,0.012361512,0.000294095,5
functioning,55,0.007949126,2.04E-06,0.007773555,0.000104796,6
fund,84,0.012140483,3.40E-05,0.009837903,0.000156086,4
fundamental,78,0.011273305,1.74E-05,0.009455034,0.000142207,4
fundamentally,20,0.002890591,1.90E-07,0.003597041,5.74E-05,7
funding,61,0.008816303,1.93E-05,0.007787448,0.000122681,4
funk,17,0.002457002,2.97E-09,0.003621481,4.58E-05,0
furthermore,34,0.004914005,6.21E-07,0.005311525,8.13E-05,4
future,281,0.040612805,8.93E-05,0.02252523,0.000281986,0
fuzz,20,0.002890591,2.64E-07,0.003254659,6.21E-05,6
fuzzy,18,0.002601532,3.00E-08,0.003353141,4.58E-05,6
g-100,16,0.002312473,8.97E-07,0.00176307,7.39E-05,9
g.diabetes,20,0.002890591,2.64E-06,0.002044842,8.58E-05,5
g.r,20,0.002890591,7.27E-07,0.001079614,0.000105886,5
gaba,20,0.002890591,7.90E-08,0.003460537,5.93E-05,6
gabrielsen,50,0.007226478,1.62E-06,0.006890513,9.74E-05,9
gabrielson,17,0.002457002,6.13E-07,0.002435915,5.96E-05,7
gain,422,0.060991473,0.000212421,0.025484385,0.000347205,6
gainswave,33,0.004769475,1.71E-06,0.005304303,8.13E-05,6
game,65,0.009394421,1.06E-05,0.008840129,0.000120211,0
gamma,19,0.002746062,1.43E-06,0.00153136,9.40E-05,7
gao,20,0.002890591,2.67E-07,0.002968294,6.48E-05,6
gap,103,0.014886544,7.35E-05,0.01161709,0.000187149,5
garage,20,0.002890591,1.56E-07,0.00362648,6.81E-05,0
garbage,19,0.002746062,7.49E-08,0.003763564,5.65E-05,0
garcia,51,0.007371007,1.10E-05,0.00584702,0.000111645,9
garibaldi,20,0.002890591,1.49E-06,0.002172779,8.46E-05,5
garlic,82,0.011851424,7.13E-05,0.007792138,0.000170361,10
garner,19,0.002746062,2.33E-08,0.003760951,5.61E-05,4
gary,58,0.008382714,3.49E-05,0.006128987,0.000152257,5
gas,17,0.002457002,1.17E-07,0.002944693,6.25E-05,0
gascon,15,0.002167943,6.80E-08,0.00289113,5.60E-05,0
gasoline,21,0.003035121,3.23E-07,0.003490975,6.20E-05,7
gasp,20,0.002890591,2.17E-07,0.003280623,6.88E-05,7
gastroenterologist,18,0.002601532,6.88E-07,0.002864329,6.62E-05,3
gastroenterology,20,0.002890591,1.66E-07,0.003131515,6.16E-05,8
gather,32,0.004624946,9.12E-06,0.004488723,9.50E-05,2
gathering,19,0.002746062,1.27E-07,0.003405536,6.57E-05,6
gauge,35,0.005058534,4.85E-07,0.005552495,7.89E-05,2
gauze,16,0.002312473,2.80E-08,0.002425956,6.45E-05,2
gear,18,0.002601532,1.43E-08,0.003446721,5.04E-05,0
gel,756,0.109264345,0.001828539,0.032364212,0.000658268,2
gelatinous,35,0.005058534,4.06E-06,0.004714999,0.000100105,2
geme,27,0.003902298,1.85E-06,0.001776228,0.000110789,5
gender,126,0.018210724,4.23E-05,0.013685974,0.000203009,0
gene,154,0.022257552,6.74E-05,0.013638967,0.000214029,7
general,573,0.082815436,0.000861192,0.032430629,0.000515264,4
generalizability,31,0.004480416,9.19E-07,0.004901553,8.31E-05,4
generalizable,18,0.002601532,1.74E-07,0.003239012,6.15E-05,4
generalize,19,0.002746062,7.92E-08,0.003581153,6.20E-05,4
generally,471,0.068073421,0.000341036,0.02890987,0.000393393,0
generate,64,0.009249892,2.70E-06,0.008838919,0.00010043,4
generation,71,0.010261598,8.79E-06,0.009182714,0.00012297,6
generative,29,0.004191357,8.83E-06,0.003894982,9.17E-05,1
generic,79,0.011417835,1.27E-05,0.010487885,0.000142007,2
generous,18,0.002601532,3.98E-07,0.003403192,5.54E-05,9
geneseo,15,0.002167943,2.14E-07,0.000938038,8.40E-05,9
genetic,422,0.060991473,0.000388427,0.023976227,0.000417971,7
genetically,47,0.006792889,4.37E-06,0.006713937,0.000102229,7
genital,112,0.01618731,3.19E-05,0.011319604,0.000171505,7
genitalia,37,0.005347594,3.35E-06,0.00571505,7.54E-05,0
genitourinary,17,0.002457002,8.89E-08,0.002813121,6.03E-05,7
genius,19,0.002746062,2.66E-07,0.00326056,5.87E-05,0
genotype,18,0.002601532,8.27E-08,0.003011514,5.56E-05,4
genotypically,17,0.002457002,5.62E-08,0.002180369,6.55E-05,7
gent,16,0.002312473,3.08E-08,0.002647914,5.49E-05,0
gentle,18,0.002601532,1.36E-08,0.00345515,4.82E-05,2
gentleman,40,0.005781182,1.04E-06,0.006429784,8.44E-05,0
gently,18,0.002601532,1.93E-07,0.0037291,5.83E-05,2
geographic,33,0.004769475,5.67E-07,0.005041325,8.06E-05,4
geography,19,0.002746062,1.65E-07,0.003693902,5.81E-05,4
george,59,0.008527244,4.58E-06,0.006573436,0.000103714,5
geriatric,37,0.005347594,3.13E-06,0.005269828,9.90E-05,9
geriatricians,20,0.002890591,5.49E-08,0.003877363,6.25E-05,4
gerontology,38,0.005492123,3.44E-06,0.005347886,0.000103315,9
gestational,19,0.002746062,1.61E-07,0.003285174,5.80E-05,7
getting,125,0.018066195,7.11E-06,0.013880322,0.000145992,0
gfobt,17,0.002457002,9.77E-07,0.001850169,8.20E-05,3
gianfrilli,18,0.002601532,2.60E-07,0.002070546,8.42E-05,5
giant,19,0.002746062,1.82E-08,0.003548352,5.50E-05,0
gilbert,20,0.002890591,8.56E-07,0.003112475,6.40E-05,5
gimmicky,17,0.002457002,2.76E-07,0.002771888,6.59E-05,0
gip,15,0.002167943,6.22E-09,0.002897591,4.94E-05,7
girl,32,0.004624946,1.01E-06,0.00490878,6.69E-05,7
girlfriend,16,0.002312473,1.02E-07,0.003301632,5.61E-05,0
glad,96,0.013874837,2.38E-05,0.011039338,0.000161259,0
gladly,18,0.002601532,1.68E-07,0.003489724,5.76E-05,5
gland,616,0.089030207,0.000829697,0.025044077,0.000496815,7
glass,38,0.005492123,1.97E-05,0.004087131,0.000115568,10
glenn,20,0.002890591,3.45E-06,0.001711376,9.48E-05,5
global,35,0.005058534,1.16E-06,0.005462853,7.56E-05,0
globally,12,0.001734355,2.58E-08,0.002099458,4.50E-05,2
globe,17,0.002457002,9.94E-08,0.002887357,4.95E-05,6
globulin,191,0.027605145,5.29E-05,0.013009568,0.000210683,7
glomerular,17,0.002457002,1.43E-07,0.001904626,7.46E-05,7
glp-1,33,0.004769475,1.68E-06,0.005096622,7.90E-05,7
glucagon,18,0.002601532,1.87E-07,0.003297543,5.79E-05,7
glucocorticoid,91,0.01315219,1.21E-05,0.009992763,0.000150369,7
glucose,95,0.013730308,2.70E-05,0.010478116,0.000149654,7
glut,19,0.002746062,2.17E-08,0.003573896,5.72E-05,7
glutamyltransferase,19,0.002746062,1.40E-06,0.001661702,9.12E-05,7
gluteal,43,0.006214771,6.06E-07,0.007190394,8.57E-05,2
glutron,20,0.002890591,1.73E-06,0.002276342,9.06E-05,5
glycemic,46,0.00664836,2.66E-06,0.006396259,9.28E-05,4
glycoprotein,39,0.005636653,3.62E-07,0.005997841,8.03E-05,7
gm117080,15,0.002167943,3.62E-08,0.001943432,6.67E-05,9
gm117325,15,0.002167943,3.62E-08,0.001943432,6.67E-05,9
gm118619,16,0.002312473,1.03E-07,0.002082202,6.87E-05,9
gmc,36,0.005203064,1.64E-06,0.00507801,7.44E-05,9
gmt+0000,13,0.001878884,1.19E-07,0.001609528,6.07E-05,9
gnrh,96,0.013874837,1.16E-05,0.008800779,0.000139379,7
goal,442,0.063882064,0.000461559,0.028319564,0.000412025,2
gold,128,0.018499783,1.55E-05,0.014682844,0.000173754,4
golden,20,0.002890591,2.10E-08,0.004289468,5.70E-05,0
goldfine,32,0.004624946,2.79E-06,0.002968883,0.000107694,5
goldman,30,0.004335887,3.93E-06,0.003325008,8.24E-05,5
golf,16,0.002312473,2.00E-08,0.002702161,4.81E-05,4
gomez,18,0.002601532,6.89E-08,0.002953249,5.33E-05,6
gonad,121,0.017488076,1.15E-05,0.011161205,0.000152243,7
gonadal,123,0.017777135,3.15E-05,0.012397464,0.000188446,7
gonadatrophin,19,0.002746062,3.06E-07,0.003258953,5.62E-05,7
gonadotrophin,75,0.010839717,1.02E-05,0.008024226,0.00013888,7
gonadotropin,313,0.045237751,0.000111204,0.02087256,0.000299011,7
gone,16,0.002312473,4.12E-09,0.002975816,4.72E-05,0
gonorrhea,20,0.002890591,2.04E-06,0.002013567,7.76E-05,3
good,1279,0.184853303,0.004672995,0.04598972,0.000901044,0
goodbye,16,0.002312473,1.12E-08,0.00302007,4.83E-05,9
goodrx,19,0.002746062,7.43E-08,0.003551003,5.91E-05,0
google,142,0.020523197,3.11E-05,0.015254729,0.000219795,4
gooren,19,0.002746062,1.92E-07,0.002666213,7.34E-05,5
goserelin,20,0.002890591,4.07E-07,0.0033123,7.11E-05,7
gout,19,0.002746062,3.35E-07,0.002953277,6.83E-05,10
government,19,0.002746062,5.67E-08,0.003985481,6.04E-05,2
gps,33,0.004769475,8.14E-07,0.00505186,7.30E-05,2
graciela,20,0.002890591,1.38E-06,0.000557882,0.000122906,5
grade,245,0.035409741,8.71E-05,0.017475789,0.000251791,4
gradual,211,0.030495736,4.31E-05,0.017674648,0.000228184,6
gradually,254,0.036710507,4.91E-05,0.018636267,0.00023959,6
graduate,37,0.005347594,2.53E-06,0.005533518,9.64E-05,9
graft,13,0.001878884,3.20E-08,0.002217661,5.48E-05,2
grafting,19,0.002746062,6.18E-07,0.002821372,7.08E-05,2
grain,96,0.013874837,8.51E-05,0.009685012,0.000200412,10
gram,40,0.005781182,3.34E-06,0.005313442,0.000100921,10
grant,58,0.008382714,4.33E-05,0.005650951,0.000151013,9
grantmyre,20,0.002890591,1.70E-06,0.000552106,0.000117895,9
grapeseed,31,0.004480416,3.36E-06,0.004571957,8.64E-05,2
graph,29,0.004191357,1.24E-07,0.004587672,7.57E-05,3
grapple,20,0.002890591,8.00E-08,0.003702144,5.61E-05,6
grass,17,0.002457002,3.76E-08,0.002911345,4.86E-05,4
grave,28,0.004046828,1.53E-06,0.003543458,7.57E-05,7
great,687,0.099291805,0.00121294,0.035628086,0.000620339,0
greatly,80,0.011562365,1.92E-06,0.009714447,0.000107971,6
green,85,0.012285012,0.000146009,0.008732869,0.000185696,10
gregory,19,0.002746062,2.87E-08,0.003297154,5.20E-05,5
grin,19,0.002746062,1.23E-08,0.00373754,4.95E-05,9
grip,37,0.005347594,2.75E-06,0.005303114,9.46E-05,4
grober,115,0.016620899,0.000244455,0.010572337,0.000231318,9
groin,48,0.006937419,4.75E-06,0.006904608,9.36E-05,7
groot,20,0.002890591,4.68E-07,0.002392402,8.27E-05,5
grossly,20,0.002890591,1.62E-07,0.003364702,6.12E-05,7
grossman,19,0.002746062,3.46E-06,0.001864421,9.44E-05,5
grossmann,20,0.002890591,1.94E-06,0.002292736,8.82E-05,5
ground,68,0.00982801,7.61E-05,0.006738278,0.000166265,9
groundbreake,20,0.002890591,2.45E-07,0.003138196,7.27E-05,9
group,435,0.062870357,0.000417056,0.026652628,0.000455065,4
groups.435,15,0.002167943,6.43E-09,0.003129667,4.76E-05,2
grow,373,0.053909524,0.000302585,0.02431734,0.000372595,6
growth,648,0.093655152,0.00095569,0.029173853,0.000547771,7
grubhub,17,0.002457002,5.93E-08,0.003129728,6.35E-05,0
grumpy,18,0.002601532,5.56E-08,0.003144579,6.14E-05,6
gso,17,0.002457002,1.25E-06,0.002669768,6.35E-05,2
guaiac,15,0.002167943,2.06E-07,0.00176125,7.40E-05,3
guarantee,144,0.020812256,3.78E-05,0.015145802,0.00020763,0
guasti,20,0.002890591,1.02E-06,0.002508457,8.48E-05,5
guess,112,0.01618731,1.10E-05,0.013837927,0.000164086,0
guesswork,19,0.002746062,6.76E-08,0.003513665,5.20E-05,4
guest,71,0.010261598,1.21E-05,0.008022269,0.000138415,0
guidance,327,0.047261165,0.000160495,0.025022017,0.000334324,2
guide,384,0.05549935,0.000233618,0.026253106,0.000370737,2
guideline,877,0.126752421,0.003679628,0.037400213,0.000859544,4
guilt,20,0.002890591,1.01E-07,0.003400783,6.53E-05,6
gulf,19,0.002746062,2.03E-07,0.00304982,6.04E-05,9
gum,195,0.028183263,0.000115228,0.015577657,0.000268103,2
gumline,18,0.002601532,4.08E-08,0.003066124,6.01E-05,2
gupta,20,0.002890591,8.00E-06,0.002117451,8.77E-05,5
guralnik,20,0.002890591,9.40E-06,0.001706876,9.38E-05,5
gurney,20,0.002890591,1.81E-06,0.001764233,9.27E-05,5
gut,95,0.013730308,2.01E-05,0.009365196,0.000162382,0
gutter,19,0.002746062,2.85E-08,0.003510854,5.18E-05,0
guy,531,0.076745194,0.000623263,0.030193541,0.000511142,0
gym,142,0.020523197,3.73E-05,0.01473706,0.000195185,0
gynaecomastia,81,0.011706894,7.89E-06,0.009355235,0.00013349,6
gynecological,16,0.002312473,3.95E-07,0.002369998,6.45E-05,7
gynecomastia,323,0.046683047,0.000171305,0.022199509,0.000318643,7
h.s,20,0.002890591,7.00E-07,0.001813686,0.000102937,5
habit,268,0.038733921,0.000122414,0.021545424,0.000299014,7
habituation,20,0.002890591,3.17E-07,0.003796248,6.45E-05,5
habitus,38,0.005492123,1.28E-06,0.005943057,8.12E-05,6
hackett,20,0.002890591,1.96E-06,0.003027105,6.52E-05,5
haddad,13,0.001878884,0,0.001712614,6.06E-05,5
hadley,20,0.002890591,3.87E-07,0.003002428,6.54E-05,9
haematochromatosis,19,0.002746062,2.11E-07,0.002797357,6.78E-05,7
haematocrit,133,0.019222431,2.45E-05,0.013560167,0.000191185,7
haemochromatosis,31,0.004480416,6.43E-07,0.004723856,6.47E-05,7
haemoglobin,55,0.007949126,2.37E-06,0.006377627,9.71E-05,7
hage,37,0.005347594,2.61E-05,0.003542372,0.000138502,9
hair,750,0.108397167,0.001515497,0.030344119,0.000606988,6
hairline,36,0.005203064,2.87E-06,0.005006723,8.34E-05,6
hairy,66,0.009538951,9.11E-06,0.007970744,0.000133305,6
half,339,0.04899552,0.000171805,0.023039765,0.000328128,0
halfway,28,0.004046828,2.01E-07,0.004753487,7.36E-05,0
halifax,10,0.001445296,7.98E-09,0.00115049,5.82E-05,9
hallmark,66,0.009538951,7.27E-06,0.00839025,0.000110275,0
halt,17,0.002457002,1.18E-09,0.003498312,4.45E-05,4
halting,17,0.002457002,2.58E-08,0.002994375,5.08E-05,2
hamper,16,0.002312473,1.49E-09,0.002972831,4.36E-05,7
hand,252,0.036421448,0.000127366,0.019872038,0.000293127,2
hand-,17,0.002457002,4.53E-08,0.002889986,5.82E-05,2
handbook,20,0.002890591,1.45E-06,0.002445737,8.59E-05,5
handing,20,0.002890591,2.98E-06,0.001420542,0.000106908,9
handle,20,0.002890591,2.80E-08,0.004137803,6.16E-05,0
handout,18,0.002601532,5.25E-08,0.0035232,5.54E-05,0
handpicke,18,0.002601532,2.67E-08,0.0036303,4.78E-05,2
hang,101,0.014597485,8.50E-06,0.011941381,0.000139394,0
hany,20,0.002890591,6.70E-06,0.001105523,0.000110974,5
happen,532,0.076889724,0.000382996,0.030536716,0.000450101,0
happiness,50,0.007226478,1.24E-06,0.007194795,9.46E-05,6
happy,228,0.032952739,6.75E-05,0.019943039,0.000261946,0
harbor,34,0.004914005,1.50E-05,0.00423869,9.67E-05,9
hard,303,0.043792456,0.000166613,0.023073697,0.000333664,0
hardening,31,0.004480416,4.17E-07,0.005074639,7.15E-05,4
hardly,18,0.002601532,3.82E-08,0.003666749,5.50E-05,0
hardness,20,0.002890591,1.84E-07,0.003307855,6.46E-05,4
hardy,20,0.002890591,1.55E-06,0.000597429,0.000121056,5
harm,115,0.016620899,1.67E-05,0.011059737,0.000152645,7
harmful,82,0.011851424,1.42E-05,0.009757516,0.000149733,2
harmonization,19,0.002746062,3.45E-07,0.003021976,6.97E-05,4
harvard,102,0.014742015,6.99E-05,0.010557293,0.000185845,9
hashimoto,17,0.002457002,1.38E-07,0.002911698,5.31E-05,7
hassan,19,0.002746062,1.12E-06,0.000382365,0.000118049,5
hassle,34,0.004914005,3.92E-07,0.006244531,7.26E-05,0
hasten,19,0.002746062,3.18E-08,0.003353421,5.65E-05,7
hate,16,0.002312473,4.08E-08,0.003260782,5.57E-05,0
haul,14,0.002023414,3.15E-10,0.003192378,4.09E-05,0
haven,18,0.002601532,2.18E-07,0.002936356,6.34E-05,9
having,59,0.008527244,1.32E-06,0.007676957,9.80E-05,7
havoc,20,0.002890591,1.09E-06,0.003357364,6.21E-05,5
haye,17,0.002457002,1.01E-06,0.002288735,7.12E-05,6
hayes,20,0.002890591,1.82E-06,0.001130279,0.000101522,5
hays,16,0.002312473,2.51E-06,0.002431342,5.67E-05,9
hazard,32,0.004624946,4.20E-06,0.005307702,8.13E-05,10
hazlett,20,0.002890591,5.66E-07,0.002915595,7.31E-05,5
hba1c,63,0.009105362,5.26E-06,0.007648933,0.000112543,7
hcg,512,0.073999133,0.000470867,0.028847271,0.000475842,7
hct,95,0.013730308,1.64E-05,0.011532923,0.000162365,4
hdl,60,0.008671773,5.34E-06,0.006309563,0.000107349,7
head,170,0.024570025,8.45E-05,0.014903374,0.000231238,7
headache,176,0.025437202,4.78E-05,0.016075574,0.000226505,6
headline,20,0.002890591,1.65E-06,0.002267143,8.69E-05,5
headquarter,18,0.002601532,6.76E-07,0.002638239,6.46E-05,9
headspace,19,0.002746062,2.17E-08,0.003800106,4.87E-05,0
heal,67,0.00968348,1.28E-05,0.008297722,0.000124305,9
healing,30,0.004335887,2.87E-06,0.004735182,8.00E-05,6
health,2287,0.330539095,0.030242659,0.049873295,0.001440346,9
healthbeat,37,0.005347594,7.61E-07,0.004360486,6.89E-05,6
healthcare,650,0.093944212,0.000753141,0.032714472,0.000520433,9
healthdirect,25,0.003613239,1.36E-06,0.003765331,6.48E-05,0
healthful,17,0.002457002,3.46E-08,0.003068324,5.36E-05,6
healthier,31,0.004480416,4.88E-08,0.005558155,6.13E-05,0
healthy,1063,0.153634918,0.003183339,0.039372384,0.000764085,10
hear,332,0.047983813,0.000218106,0.024043169,0.00036063,0
hearnshaw,17,0.002457002,1.83E-07,0.003023449,5.30E-05,0
heart,867,0.125307125,0.001726984,0.03393075,0.000646422,7
heart@ccf.org,21,0.003035121,9.30E-08,0.003278301,6.83E-05,0
heartbeat,39,0.005636653,3.85E-06,0.005150786,9.38E-05,6
heartburn,17,0.002457002,1.63E-06,0.00255053,6.11E-05,0
heat,67,0.00968348,1.87E-05,0.008152632,0.000143737,10
heating,18,0.002601532,1.66E-07,0.002906995,5.62E-05,7
heavily,117,0.016909958,3.86E-05,0.012658887,0.000198358,9
heavy,103,0.014886544,2.29E-05,0.011692514,0.000155489,2
heck,18,0.002601532,2.19E-09,0.004037523,5.15E-05,0
height,143,0.020667727,4.64E-05,0.013447417,0.000204733,6
heighten,55,0.007949126,3.21E-06,0.007234832,0.000107399,4
hello,13,0.001878884,6.87E-07,0.00231176,4.83E-05,0
hello@thescoperadio.com,60,0.008671773,1.88E-05,0.006216631,0.0001258,0
help,1653,0.238907357,0.008752913,0.043444802,0.000965308,0
helped,16,0.002312473,3.15E-08,0.002887561,5.10E-05,7
helpful,273,0.039456569,0.000123028,0.021099112,0.000284433,0
helping,19,0.002746062,1.60E-06,0.00351514,6.58E-05,9
helps,68,0.00982801,8.78E-06,0.008557924,0.000107307,6
hematocrit,277,0.040034687,6.78E-05,0.021376814,0.000261441,4
hematology,17,0.002457002,4.47E-07,0.002635099,6.47E-05,7
hematoma,20,0.002890591,6.23E-07,0.003491208,6.63E-05,4
hemochromatosis,126,0.018210724,1.86E-05,0.011670386,0.000185741,7
hemodialysis,17,0.002457002,8.30E-09,0.003129941,4.93E-05,7
hemoglobin,202,0.02919497,3.32E-05,0.017540543,0.000209844,4
henceforth,15,0.002167943,1.17E-09,0.002887397,4.28E-05,4
henry,94,0.013585778,2.67E-05,0.00936958,0.000145001,9
henryford.com,20,0.002890591,3.34E-08,0.003805935,5.57E-05,9
hepatitis,70,0.010117069,3.34E-05,0.007306107,0.000160754,3
hepcidin,32,0.004624946,3.01E-07,0.004777203,7.32E-05,7
herald,18,0.002601532,1.04E-06,0.002468699,7.61E-05,8
herb,63,0.009105362,1.60E-05,0.00803192,0.000133856,10
herbal,48,0.006937419,4.15E-07,0.007369242,8.78E-05,10
hereditary,17,0.002457002,4.76E-09,0.002980325,4.68E-05,6
hernia,13,0.001878884,1.05E-08,0.002226599,5.15E-05,7
hesitant,20,0.002890591,2.19E-07,0.003572517,5.81E-05,0
hesitate,98,0.014163897,2.48E-05,0.010963244,0.000154135,9
hesitation,37,0.005347594,1.01E-06,0.006215482,7.36E-05,6
heterogeneity,62,0.008960832,4.18E-06,0.008865187,0.000119876,4
hey,255,0.036855037,9.60E-05,0.021530132,0.00030634,0
hgh,72,0.010406128,4.41E-06,0.00856125,0.000122339,6
hhsn272201200026c,19,0.002746062,1.51E-07,0.002978628,6.71E-05,9
hhsn272201700060c,19,0.002746062,1.29E-07,0.00292163,6.81E-05,9
hidden,33,0.004769475,7.35E-06,0.004645562,8.85E-05,0
high,1415,0.204509322,0.005916056,0.04065955,0.000918722,7
highest,16,0.002312473,2.87E-08,0.003029603,4.60E-05,4
highland,16,0.002312473,5.86E-07,0.001775436,7.32E-05,9
highlight,213,0.030784795,8.00E-05,0.019822645,0.000265204,4
highly,223,0.032230091,0.000226114,0.018073574,0.000314913,3
hiit,18,0.002601532,1.74E-08,0.003699195,5.69E-05,10
hike,20,0.002890591,2.69E-07,0.00326804,7.16E-05,0
hill,20,0.002890591,6.67E-06,0.001644646,9.91E-05,9
hinder,14,0.002023414,6.07E-09,0.002708696,4.47E-05,7
hint,19,0.002746062,1.76E-08,0.003822097,5.17E-05,6
hip,102,0.014742015,1.38E-05,0.011613438,0.0001519,2
hippocampus,19,0.002746062,2.69E-07,0.003296994,6.67E-05,7
hirsch,20,0.002890591,6.86E-06,0.001405643,0.000104295,9
hirsutism,30,0.004335887,3.34E-07,0.004290405,6.92E-05,6
histiocytosis,16,0.002312473,2.20E-08,0.002574563,5.22E-05,7
historical,14,0.002023414,1.25E-07,0.002539492,5.11E-05,4
historically,84,0.012140483,2.47E-05,0.010585889,0.000154468,7
history,495,0.07154213,0.000390762,0.028726719,0.00041711,4
hit,106,0.015320133,4.97E-06,0.012905543,0.00013901,0
hitter,28,0.004046828,4.11E-07,0.004741491,7.77E-05,0
hiv,235,0.033964446,0.000118401,0.017534023,0.000281487,7
hmg,18,0.002601532,1.10E-08,0.003458237,5.11E-05,0
hobby,36,0.005203064,3.13E-06,0.005977413,8.70E-05,0
hocking,20,0.002890591,1.68E-07,0.003631424,6.11E-05,0
hodis,20,0.002890591,5.60E-07,0.000901823,0.000104622,5
hogenmiller,20,0.002890591,6.93E-06,0.001644183,0.000100143,9
holahan,37,0.005347594,1.28E-06,0.006047409,8.79E-05,9
hold,265,0.038300332,0.00029114,0.019791004,0.000360057,2
holding,16,0.002312473,2.11E-07,0.002065273,7.18E-05,5
holiday,57,0.008238185,1.03E-05,0.008144989,0.000124131,0
holistic,125,0.018066195,7.08E-06,0.015238413,0.000166281,0
hollow,23,0.00332418,5.61E-07,0.003693067,6.50E-05,2
holmes,35,0.005058534,3.69E-05,0.002165877,0.000153869,9
holy,20,0.002890591,1.72E-08,0.004194697,5.61E-05,0
homa,11,0.001589825,3.28E-08,0.002047956,4.46E-05,9
home,370,0.053475936,0.00031396,0.026614619,0.000396263,2
homeostasis,50,0.007226478,1.84E-06,0.007396111,9.87E-05,2
homogenous,18,0.002601532,8.85E-08,0.003235911,6.07E-05,4
homologous,19,0.002746062,8.62E-08,0.003287983,6.33E-05,7
hon,20,0.002890591,1.90E-06,0.001984529,9.41E-05,9
honest,187,0.027027027,3.89E-05,0.018196423,0.000230055,0
honestly,33,0.004769475,5.95E-07,0.005991891,7.90E-05,0
honeymoon,17,0.002457002,3.45E-09,0.003521795,5.13E-05,0
honoraria,44,0.0063593,1.47E-05,0.004202008,0.000146906,9
hoop,18,0.002601532,3.19E-08,0.003141535,5.67E-05,2
hop,20,0.002890591,5.46E-07,0.002981563,7.34E-05,0
hope,178,0.025726261,5.94E-05,0.017326529,0.000252018,0
hopeful,21,0.003035121,2.65E-07,0.00376011,6.66E-05,0
hopefully,69,0.009972539,1.25E-05,0.008813521,0.000118621,0
hopelessness,37,0.005347594,1.93E-06,0.005184071,8.46E-05,6
hopkin,19,0.002746062,1.23E-07,0.003392747,5.69E-05,6
hopkins,44,0.0063593,1.90E-06,0.006833016,8.92E-05,6
horizon,37,0.005347594,1.94E-06,0.006097858,8.55E-05,0
horm,27,0.003902298,7.82E-06,0.002138601,0.000122622,5
hormonal,661,0.095534037,0.000445801,0.034113186,0.000487655,7
hormonal/,18,0.002601532,6.44E-08,0.003053045,5.33E-05,7
hormone,1930,0.278942044,0.015571578,0.041420971,0.00112578,7
hormones,30,0.004335887,2.96E-06,0.003975514,8.87E-05,6
hormones-,20,0.002890591,6.49E-09,0.003576049,5.01E-05,7
hornell,16,0.002312473,1.93E-07,0.001787459,7.41E-05,9
horny,27,0.003902298,2.36E-06,0.003632016,7.42E-05,0
hospice,17,0.002457002,4.86E-07,0.002715501,6.58E-05,7
hospital,244,0.035265212,0.000650544,0.014858339,0.000416188,9
hospitalization,18,0.002601532,6.43E-08,0.00318701,5.05E-05,0
hospitalize,18,0.002601532,1.46E-07,0.003113945,5.69E-05,6
host,106,0.015320133,5.59E-05,0.010287098,0.0002007,0
hostile,20,0.002890591,6.19E-08,0.003806754,5.88E-05,7
hot,311,0.044948692,0.000159776,0.020528588,0.000320559,6
hotale,45,0.00650383,1.38E-06,0.006710483,8.38E-05,0
hotaling,173,0.025003613,2.61E-05,0.015342328,0.000186672,0
hour,519,0.07501084,0.000606649,0.029652617,0.000461401,2
hourglass,18,0.002601532,2.03E-07,0.002716208,6.81E-05,2
hours.424,18,0.002601532,1.17E-07,0.003173719,5.98E-05,4
house,39,0.005636653,6.72E-06,0.005545213,9.81E-05,0
household,20,0.002890591,3.88E-07,0.003143723,6.36E-05,4
houston,50,0.007226478,1.10E-05,0.005890677,0.000104596,9
howard,82,0.011851424,0.000202568,0.008121819,0.000168866,5
hpg,103,0.014886544,2.46E-05,0.011044331,0.000168395,7
hpta,119,0.017199017,5.32E-06,0.012543356,0.000144877,7
hpv,18,0.002601532,3.37E-07,0.002414722,7.36E-05,3
hr=0.84,19,0.002746062,2.84E-07,0.003230094,6.25E-05,4
hr=2.02,16,0.002312473,2.58E-08,0.002646534,5.33E-05,4
hrt,222,0.032085561,0.000141782,0.017547076,0.000286186,6
hse,10,0.001445296,0,0.001624738,4.54E-05,2
html5,19,0.002746062,4.28E-07,0.002901887,6.49E-05,0
http://dx.doi.org/10.5489/cuaj.7252,20,0.002890591,8.69E-08,0.003391157,6.61E-05,4
https://medlineplus.gov/ency/patientinstructions/000722.htm,12,0.001734355,4.51E-09,0.001843205,5.06E-05,9
https://my.clevelandclinic.org/health/articles/24101-testosterone,14,0.002023414,1.55E-10,0.002530327,5.06E-05,5
https://my.clevelandclinic.org/health/diagnostics/24215-testosterone-test,20,0.002890591,2.23E-06,0.002592639,7.54E-05,5
https://my.clevelandclinic.org/health/diseases/24897-low-testosterone-in-woman,15,0.002167943,1.14E-08,0.00258292,5.07E-05,5
https://themenshealthclinic.co.uk/microdosing-trt-the-future-of-testosterone-replacement-therapy/,9,0.001300766,1.65E-09,0.001912909,3.59E-05,5
https://thescoperadio.com,15,0.002167943,2.57E-07,0.001859028,6.51E-05,0
https://whocaresmenshealth.com,11,0.001589825,1.56E-08,0.001246765,5.55E-05,0
https://www.auanet.org/guidelines-and-quality/guidelines/testosterone-deficiency-guideline,19,0.002746062,4.89E-07,0.003041633,7.13E-05,5
https://www.cdc.gov/labstandards/hs_standardization.html,20,0.002890591,4.68E-07,0.002900593,7.19E-05,4
https://www.clinicalkey.com,20,0.002890591,1.28E-06,0.002704283,7.02E-05,5
https://www.endocrine.org/patient-engagement/endocrine-library/hormones-and-endocrine-function/reproductive-hormones,18,0.002601532,6.13E-07,0.002309957,7.38E-05,5
https://www.endocrine.org/patient-engagement/endocrine-library/hypogonadism,14,0.002023414,2.64E-08,0.002358757,5.17E-05,5
https://www.facebook.com/whocaresmenshealth,9,0.001300766,0,0.00107017,4.86E-05,0
https://www.hormone.org/diseases-and-conditions/low-testosteronetestosterone-associate,16,0.002312473,1.72E-07,0.002336065,5.67E-05,10
https://www.hormone.org/your-health-and-hormones/glands-and-hormones-a-to-z/hormones/testosteronelow,14,0.002023414,5.11E-08,0.002310743,5.27E-05,10
https://www.labcorp.com/tests/004226/testosterone-total,16,0.002312473,5.13E-07,0.002442735,6.40E-05,5
https://www.mayomedicallaboratories.com/test-catalog/clinical+and+interpretive/8508,19,0.002746062,1.71E-07,0.00316879,6.70E-05,5
https://www.ncbi.nlm.nih.gov/books/nbk513278/,20,0.002890591,1.05E-06,0.001745896,0.000102998,5
https://www.ncbi.nlm.nih.gov/books/nbk534827/,20,0.002890591,2.56E-06,0.002099596,9.97E-05,5
https://www.ncbi.nlm.nih.gov/books/nbk549843/,20,0.002890591,4.12E-06,0.002835757,7.07E-05,5
https://www.ncbi.nlm.nih.gov/pmc/articles/pmc1476110/,20,0.002890591,6.68E-06,0.002472271,8.22E-05,5
https://www.ncbi.nlm.nih.gov/pmc/articles/pmc2645631/,20,0.002890591,6.34E-07,0.00225912,8.21E-05,5
https://www.ncbi.nlm.nih.gov/pmc/articles/pmc6266690/,18,0.002601532,2.28E-07,0.002972497,5.29E-05,10
https://www.ncbi.nlm.nih.gov/pmc/articles/pmc6571549/,20,0.002890591,1.21E-06,0.001285251,0.00011129,5
https://www.ncbi.nlm.nih.gov/pubmed/15638872,20,0.002890591,5.21E-07,0.002937303,6.67E-05,7
https://www.ncbi.nlm.nih.gov/pubmed/18270261,19,0.002746062,2.69E-07,0.002376806,6.82E-05,5
https://www.ncbi.nlm.nih.gov/pubmed/23482592,19,0.002746062,5.93E-07,0.00263456,7.34E-05,5
https://www.ncbi.nlm.nih.gov/pubmed/25384570,19,0.002746062,1.47E-07,0.003108633,6.17E-05,4
https://www.ncbi.nlm.nih.gov/pubmed/25523084,17,0.002457002,6.69E-07,0.002542674,6.49E-05,5
https://www.ncbi.nlm.nih.gov/pubmed/28434676,17,0.002457002,3.66E-08,0.002608076,5.77E-05,4
https://www.ncbi.nlm.nih.gov/pubmed/30862651,19,0.002746062,1.59E-07,0.003065123,6.67E-05,7
https://www.ncbi.nlm.nih.gov/pubmed/31496147,18,0.002601532,5.59E-07,0.0020414,7.89E-05,5
https://www.ncbi.nlm.nih.gov/pubmed/37589949,10,0.001445296,0,0.001475346,3.99E-05,5
https://www.testing.com/tests/testosterone/,19,0.002746062,6.36E-07,0.003175562,6.82E-05,5
https://www.upmc.com/health-library/article?hwid=abo6506&locale=en-us,14,0.002023414,8.67E-08,0.002346598,5.07E-05,9
https://www.uptodate.com/contents/search,25,0.003613239,1.47E-06,0.00336885,7.71E-05,5
https://www.urologyhealth.org/urologic-conditions/low-testosterone,15,0.002167943,5.50E-07,0.002074869,6.46E-05,5
https://www.womenshealth.gov/a-z-topics/polycystic-ovary-syndrome,20,0.002890591,6.67E-08,0.0037729,6.01E-05,5
hub,34,0.004914005,3.60E-06,0.00502222,8.34E-05,0
hudson,20,0.002890591,1.10E-07,0.003526305,5.62E-05,7
huge,154,0.022257552,3.42E-05,0.016322316,0.000196712,0
huh,18,0.002601532,4.60E-07,0.003708988,5.23E-05,0
hum,19,0.002746062,1.05E-07,0.003269828,6.04E-05,0
human,471,0.068073421,0.001012372,0.026705445,0.000495533,7
hump,17,0.002457002,7.40E-08,0.003438647,4.69E-05,0
hunt,19,0.002746062,5.20E-08,0.003636531,6.37E-05,1
huo,20,0.002890591,1.80E-06,0.001771333,0.000105722,9
hurt,78,0.011273305,6.10E-06,0.01017537,0.000124436,0
hwy,20,0.002890591,1.25E-05,0.001846099,9.32E-05,9
hydrate,20,0.002890591,4.51E-07,0.003157472,7.38E-05,2
hydrated,83,0.011995953,1.74E-05,0.010122664,0.000152692,4
hydration,19,0.002746062,3.32E-07,0.002994657,6.68E-05,2
hydro,29,0.004191357,4.30E-07,0.005372275,7.38E-05,2
hydroxylase,17,0.002457002,2.48E-08,0.003131144,5.05E-05,7
hygiene,33,0.004769475,4.53E-06,0.004631214,9.07E-05,3
hypercholesterolemia,18,0.002601532,7.83E-08,0.003057463,6.32E-05,4
hyperestrogenemia,19,0.002746062,1.52E-07,0.003303763,6.32E-05,4
hyperestrogenism,16,0.002312473,1.76E-08,0.003205103,5.52E-05,2
hypergonadotropic,38,0.005492123,2.31E-07,0.005538166,7.27E-05,7
hyperlipidemia,18,0.002601532,2.28E-08,0.003452218,4.90E-05,7
hyperplasia,136,0.01965602,2.30E-05,0.011690884,0.000166929,7
hyperprolactinemia,47,0.006792889,2.16E-06,0.006126734,0.000109538,7
hypersensitivity,17,0.002457002,1.60E-08,0.003121682,5.28E-05,4
hypertension,137,0.019800549,4.15E-05,0.013696974,0.000197299,7
hyperthyroidism,116,0.016765429,3.60E-05,0.010301102,0.000170286,7
hypertrophy,15,0.002167943,4.68E-09,0.0025332,4.92E-05,7
hypo,34,0.004914005,2.58E-06,0.005231071,7.92E-05,7
hypoactive,16,0.002312473,4.29E-07,0.002695773,5.54E-05,2
hypoallergenic,18,0.002601532,1.17E-07,0.003135736,6.53E-05,2
hypofunction,16,0.002312473,9.89E-08,0.001023961,7.76E-05,5
hypogonadal,290,0.041913571,0.000116433,0.021830964,0.000332371,4
hypogonadism,1192,0.172279231,0.007035984,0.03185505,0.0008803,7
hypogonadotropic,95,0.013730308,8.93E-05,0.008643026,0.000185893,7
hypoparathyroidism,30,0.004335887,8.66E-07,0.004390779,6.96E-05,7
hypopituitarism,19,0.002746062,2.24E-08,0.003324323,5.46E-05,7
hypoplasia,16,0.002312473,2.11E-07,0.002376464,5.85E-05,7
hypotension,18,0.002601532,2.28E-08,0.003335695,5.52E-05,7
hypothalamic,182,0.026304379,6.50E-05,0.015288812,0.000240429,7
hypothalamicpituitary,17,0.002457002,4.55E-08,0.002685508,5.54E-05,7
hypothalamus,333,0.048128342,0.000204128,0.019136918,0.000325747,7
hypothalmus,30,0.004335887,5.82E-07,0.004692394,7.59E-05,7
hypothyroid,20,0.002890591,4.32E-08,0.003830707,5.75E-05,0
hypothyroidism,206,0.029773089,9.23E-05,0.015500375,0.000263416,7
i-80,18,0.002601532,1.01E-07,0.003190979,6.41E-05,9
i.e.,179,0.025870791,7.37E-05,0.016562378,0.000248827,4
iatrogenic,19,0.002746062,3.45E-07,0.002435933,7.07E-05,7
icd9,17,0.002457002,5.10E-07,0.002922981,6.37E-05,0
ice,37,0.005347594,3.76E-06,0.005176431,0.000105624,6
icon,17,0.002457002,1.81E-08,0.002962457,5.19E-05,0
ict,14,0.002023414,5.70E-08,0.002110227,5.87E-05,9
idaho,19,0.002746062,4.41E-07,0.00256848,7.46E-05,9
idea,221,0.031941032,4.23E-05,0.019612789,0.00022642,0
ideal,177,0.025581731,3.34E-05,0.0183006,0.000212668,2
ideally,119,0.017199017,1.11E-05,0.013873527,0.000159291,2
identical,34,0.004914005,3.53E-06,0.005141907,8.42E-05,4
identifiable,17,0.002457002,3.16E-08,0.003686485,5.12E-05,0
identification,20,0.002890591,6.64E-08,0.003771502,6.32E-05,2
identify,557,0.080502963,0.000527082,0.032486065,0.000470029,4
idiopathic,34,0.004914005,5.63E-07,0.004881703,6.75E-05,6
igf-1,56,0.008093655,7.84E-07,0.007417296,8.96E-05,7
ignore,79,0.011417835,5.10E-06,0.009354167,0.000117942,6
iief,20,0.002890591,1.63E-07,0.003676532,6.00E-05,4
iijima,20,0.002890591,1.78E-06,0.002394708,9.10E-05,5
ill,78,0.011273305,3.41E-05,0.008113367,0.000151424,9
illegal,48,0.006937419,1.24E-05,0.006331234,0.000116733,5
illegitimate,15,0.002167943,1.30E-08,0.002925708,4.26E-05,10
illicit,70,0.010117069,5.80E-06,0.009186236,0.000116431,7
illness,274,0.039601098,9.77E-05,0.020462086,0.000291215,7
illuminate,19,0.002746062,2.71E-08,0.003742406,5.07E-05,7
illustrate,36,0.005203064,3.34E-07,0.00617333,7.55E-05,0
illustrative,18,0.002601532,2.29E-07,0.003301004,6.34E-05,2
image,115,0.016620899,4.94E-05,0.011078012,0.000182806,7
imagen,19,0.002746062,3.60E-06,0.002696886,8.02E-05,9
imagine,20,0.002890591,6.71E-07,0.0029312,6.89E-05,7
imaging,99,0.014308426,2.82E-05,0.010353066,0.000163599,7
imbalance,282,0.040757335,5.94E-05,0.020751959,0.000264407,7
imitate,35,0.005058534,2.15E-06,0.005473949,8.16E-05,7
immediate,113,0.01633184,1.01E-05,0.012021487,0.000143554,6
immediately,128,0.018499783,3.04E-05,0.013306121,0.000174465,2
immensely,29,0.004191357,4.26E-07,0.004924561,6.93E-05,9
immersive,19,0.002746062,9.66E-08,0.002970928,6.45E-05,0
immune,105,0.015175603,2.66E-05,0.010852805,0.000168144,7
immunity,20,0.002890591,1.03E-07,0.00344815,6.02E-05,7
immunoassay,65,0.009394421,7.57E-06,0.008574158,0.000134821,4
immunochemical,16,0.002312473,8.25E-07,0.002483444,6.35E-05,3
immunodeficiency,34,0.004914005,1.13E-06,0.00484793,8.28E-05,7
immunology,17,0.002457002,1.22E-07,0.002363025,6.53E-05,9
impact,781,0.112877583,0.001068275,0.034482551,0.000581141,4
impactful,18,0.002601532,5.33E-08,0.003540302,5.25E-05,4
impair,138,0.019945079,1.09E-05,0.014590526,0.000172352,6
impaired,47,0.006792889,6.60E-06,0.006406876,9.59E-05,7
impairment,37,0.005347594,1.72E-06,0.005329318,8.18E-05,6
impairs,53,0.007660066,3.04E-06,0.006759525,0.000107506,7
impart,19,0.002746062,1.82E-07,0.003358619,6.14E-05,4
imperative,92,0.013296719,9.72E-06,0.011404525,0.000149688,4
impersonation,24,0.003468709,1.88E-08,0.00456477,5.82E-05,0
impetus,29,0.004191357,3.85E-08,0.004905286,6.19E-05,4
implant,284,0.041046394,0.000213367,0.021023535,0.000324603,2
implantable,73,0.010550658,2.76E-06,0.010198015,0.000111009,2
implantation,57,0.008238185,3.27E-06,0.008300399,0.000114524,2
implement,103,0.014886544,1.82E-05,0.011775095,0.000145291,9
implication,102,0.014742015,1.16E-05,0.011818521,0.000152981,4
imply,50,0.007226478,5.67E-06,0.007584677,9.64E-05,0
importance,181,0.02615985,5.14E-05,0.017784747,0.000241124,4
important,1149,0.16606446,0.002863395,0.04101768,0.00075173,0
importantly,111,0.016042781,1.31E-05,0.012750061,0.000156669,4
impossible,101,0.014597485,3.10E-05,0.012019388,0.000163424,6
impotence,40,0.005781182,5.18E-07,0.005396491,7.52E-05,6
impression,64,0.009249892,5.69E-06,0.008560315,0.000120981,0
improperly,19,0.002746062,2.11E-07,0.002818737,6.99E-05,2
improve,1024,0.147998266,0.002302101,0.037098498,0.000682145,6
improved,139,0.020089608,2.33E-05,0.014972822,0.000186425,6
improvement,557,0.080502963,0.000411401,0.030804271,0.000459051,4
improvement.297,20,0.002890591,5.45E-08,0.004150982,5.76E-05,4
impulsive,17,0.002457002,2.50E-08,0.003400015,5.33E-05,6
inability,164,0.023702847,2.62E-05,0.014871121,0.000183461,6
inaccurate,51,0.007371007,4.59E-06,0.007002731,0.000103397,4
inactive,27,0.003902298,9.07E-07,0.003958767,7.11E-05,7
inactivity,35,0.005058534,7.14E-07,0.005263542,7.33E-05,7
inadequacy,17,0.002457002,4.01E-08,0.00318411,4.91E-05,6
inadequate,167,0.024136436,3.50E-05,0.015845104,0.000198328,7
inadvertent,18,0.002601532,5.79E-08,0.003285729,6.09E-05,2
inadvertently,17,0.002457002,1.16E-08,0.00336579,4.79E-05,7
inappropriately,16,0.002312473,3.97E-09,0.002988255,4.43E-05,6
inbody,29,0.004191357,9.05E-07,0.005075873,7.57E-05,2
inbox,51,0.007371007,2.85E-06,0.006800988,0.000101256,4
inc,42,0.006070241,8.86E-06,0.005490816,0.00011325,9
incentive,34,0.004914005,4.91E-06,0.004914675,8.27E-05,7
incessantly,19,0.002746062,3.58E-07,0.003021672,6.83E-05,0
inch,20,0.002890591,7.83E-08,0.00376421,5.94E-05,0
incidence,115,0.016620899,2.84E-05,0.01218574,0.000168292,4
incident,20,0.002890591,1.53E-08,0.004117755,5.62E-05,0
incision,48,0.006937419,1.29E-06,0.007708005,9.36E-05,2
incisor,20,0.002890591,3.06E-07,0.003046485,7.22E-05,2
incl,17,0.002457002,5.44E-08,0.002733929,5.59E-05,7
include,1774,0.256395433,0.012810512,0.046254678,0.001118781,7
include:5,17,0.002457002,3.75E-07,0.002824067,5.51E-05,4
inclusion,59,0.008527244,2.76E-06,0.008200691,0.000110943,4
income,20,0.002890591,2.89E-07,0.003212494,6.44E-05,4
incomplete,52,0.007515537,7.98E-06,0.007196425,0.000111203,7
incompletely,17,0.002457002,2.02E-08,0.00331,4.92E-05,0
inconclusive,52,0.007515537,1.51E-06,0.007151216,8.93E-05,6
inconsistence,19,0.002746062,8.30E-08,0.003288317,5.75E-05,4
inconsistent,115,0.016620899,8.03E-06,0.013752683,0.000161853,4
incontinence,62,0.008960832,3.10E-06,0.008624264,0.000107777,7
incorporate,194,0.028038734,0.000126624,0.017872914,0.000260996,10
incorrect,34,0.004914005,1.11E-06,0.004569734,7.40E-05,0
incorrectly,30,0.004335887,1.89E-06,0.004804,7.07E-05,0
increase,1586,0.229223876,0.008654477,0.04173091,0.001037904,6
increased,19,0.002746062,4.88E-09,0.004096195,5.10E-05,6
increasingly,157,0.02269114,4.76E-05,0.015409032,0.000215687,0
incredibly,100,0.014452956,4.08E-05,0.01198307,0.000163927,0
independence,39,0.005636653,1.40E-06,0.005814267,8.95E-05,6
independent,131,0.018933372,3.85E-05,0.013329169,0.000199058,5
independently,39,0.005636653,3.06E-06,0.006428291,9.32E-05,4
indeterminant,15,0.002167943,6.60E-08,0.002946587,5.19E-05,4
index,154,0.022257552,0.000166886,0.012973129,0.000219905,4
indexed,20,0.002890591,2.94E-07,0.003353141,6.47E-05,4
india,18,0.002601532,2.74E-07,0.002772298,7.14E-05,10
indian,20,0.002890591,9.82E-07,0.003329633,6.53E-05,4
indicate,390,0.056366527,0.000203319,0.022967944,0.000327549,4
indication,68,0.00982801,7.61E-06,0.009028182,0.000124797,4
indication.1,16,0.002312473,2.83E-08,0.003276014,4.75E-05,4
indicative,38,0.005492123,2.24E-06,0.005860849,8.66E-05,6
indicator,169,0.024425495,3.62E-05,0.015543739,0.000207132,6
indirect,52,0.007515537,2.05E-06,0.007419478,9.88E-05,4
indirectly,28,0.004046828,4.29E-07,0.004664471,6.33E-05,7
individual,673,0.097268391,0.000686782,0.035114,0.000527843,2
individualised,19,0.002746062,1.82E-08,0.003847608,5.44E-05,9
individualization,15,0.002167943,1.24E-07,0.003010587,5.03E-05,2
individualize,37,0.005347594,2.12E-07,0.006583046,7.36E-05,2
individualized,239,0.034542564,5.87E-05,0.020852763,0.000258058,2
individually,52,0.007515537,7.93E-07,0.007696185,8.68E-05,4
indoor,20,0.002890591,4.41E-08,0.004010808,6.02E-05,0
induce,111,0.016042781,0.000184568,0.010834874,0.000195205,5
indulge,33,0.004769475,1.34E-06,0.005456657,8.84E-05,10
induration,14,0.002023414,5.19E-08,0.002535361,5.00E-05,7
industry,178,0.025726261,8.85E-05,0.016407692,0.000268997,0
inefficient,19,0.002746062,2.18E-08,0.00374481,5.21E-05,6
inevitable,78,0.011273305,5.36E-06,0.009651414,0.000114429,6
inevitably,65,0.009394421,1.26E-05,0.00817923,0.000128525,6
inexpensive,62,0.008960832,9.72E-06,0.007924553,0.000125005,0
inexperienced,19,0.002746062,2.24E-07,0.003613158,5.06E-05,2
infant,63,0.009105362,9.24E-06,0.007239273,0.000114174,7
infarction,135,0.01951149,3.37E-05,0.013192015,0.000217305,4
infect,17,0.002457002,8.36E-09,0.003244627,4.74E-05,4
infection,392,0.056655586,0.000524407,0.023003691,0.000433137,7
infectious,43,0.006214771,1.61E-05,0.004511508,0.000127224,7
infer,18,0.002601532,8.45E-08,0.003087325,5.48E-05,7
inferiority,29,0.004191357,2.43E-06,0.004668605,7.53E-05,2
infertile,70,0.010117069,5.45E-06,0.008619187,0.000118548,7
infertility,559,0.080792022,0.000572547,0.027174447,0.000462391,7
"infertility.33,34",18,0.002601532,1.09E-07,0.003194559,5.57E-05,7
infiltrative,43,0.006214771,4.39E-06,0.005448041,9.79E-05,7
inflammation,174,0.025148143,0.000109968,0.01435372,0.000261827,7
inflammatory,53,0.007660066,3.56E-06,0.006820292,0.000102467,7
inflatable,20,0.002890591,7.41E-08,0.003680502,6.26E-05,2
inflate,15,0.002167943,1.74E-07,0.002885042,5.68E-05,2
influence,442,0.063882064,0.000345178,0.027336555,0.00043035,6
influencer,35,0.005058534,1.01E-06,0.005467661,8.92E-05,6
influenza,18,0.002601532,9.35E-07,0.002296474,7.36E-05,3
info,39,0.005636653,3.50E-06,0.006453584,9.17E-05,0
infographic,10,0.001445296,6.65E-09,0.001600569,4.29E-05,0
inform,176,0.025437202,5.73E-05,0.015721393,0.000205925,4
information,682,0.098569157,0.001402853,0.033740203,0.000640737,0
informed,138,0.019945079,1.35E-05,0.015578586,0.000180117,0
infrastructure,17,0.002457002,1.29E-07,0.002375894,7.09E-05,1
infrequent,38,0.005492123,2.71E-07,0.00660981,7.94E-05,2
infrequently,35,0.005058534,4.11E-07,0.006193239,7.79E-05,2
ingredient,220,0.031796502,0.000138103,0.019289043,0.000292385,10
inherent,32,0.004624946,8.35E-07,0.00513761,8.01E-05,4
inherently,17,0.002457002,3.78E-08,0.003334103,5.31E-05,0
inherit,131,0.018933372,3.08E-05,0.012927355,0.000180034,7
inhibit,162,0.023413788,4.50E-05,0.015343275,0.000219137,7
inhibition,37,0.005347594,1.00E-06,0.005173983,8.71E-05,7
inhibitor,315,0.04552681,0.000324047,0.022393588,0.000377159,7
inhibitory,45,0.00650383,6.01E-06,0.006072016,0.000101406,7
initial,355,0.051307992,0.000227939,0.026640542,0.000375319,2
initially,168,0.024280965,5.21E-05,0.016509416,0.00022841,0
initiate,162,0.023413788,8.82E-05,0.014910178,0.000208405,4
initiation,81,0.011706894,9.72E-06,0.00975886,0.000148905,4
inject,330,0.047694754,0.000155357,0.024849963,0.000342897,2
injectable,357,0.051597052,0.000254561,0.02566213,0.000370109,2
injection,962,0.139037433,0.003039665,0.037095654,0.000769135,2
injection).445,19,0.002746062,1.09E-08,0.004005173,5.23E-05,2
injure,64,0.009249892,1.72E-06,0.007679302,0.000101426,7
injury,351,0.050729874,0.001213887,0.020476596,0.00040768,7
inner,124,0.017921665,4.95E-05,0.012416254,0.000214346,2
innovate,18,0.002601532,3.07E-08,0.003372683,6.05E-05,9
innovation,42,0.006070241,3.75E-07,0.006244694,7.66E-05,2
innovative,61,0.008816303,2.13E-05,0.007251763,0.000130917,9
inordinate,19,0.002746062,9.38E-08,0.003766822,5.95E-05,0
input,12,0.001734355,0,0.002081073,3.97E-05,4
inquire,15,0.002167943,2.40E-09,0.002654576,4.29E-05,6
inquiry,19,0.002746062,5.66E-08,0.003901675,5.59E-05,2
insensitive,16,0.002312473,7.56E-08,0.002584154,5.80E-05,7
insensitivity,18,0.002601532,8.60E-07,0.002932862,5.87E-05,7
insert,185,0.026737968,0.00011024,0.016519258,0.000259863,2
insertion,107,0.015464663,2.96E-05,0.012556316,0.000168358,2
insertion.446,35,0.005058534,2.34E-06,0.005553525,8.70E-05,2
inside,218,0.031507443,0.000220728,0.018130381,0.000315917,2
insight,179,0.025870791,3.65E-05,0.016892813,0.000209046,4
insignificant.366,17,0.002457002,1.78E-07,0.002881039,5.61E-05,4
insist,18,0.002601532,6.72E-08,0.003606321,5.08E-05,0
insomnia,166,0.023991906,3.49E-05,0.014498998,0.000195698,6
inspect,20,0.002890591,1.78E-06,0.003312591,7.42E-05,11
inspection,19,0.002746062,1.25E-06,0.003360614,5.97E-05,2
inspiration,28,0.004046828,8.65E-07,0.004375068,7.20E-05,0
inspire,48,0.006937419,4.82E-06,0.006201097,0.00010293,9
instability,37,0.005347594,3.48E-07,0.005981114,7.86E-05,7
instance,156,0.022546611,1.92E-05,0.015571117,0.0001813,7
instant,19,0.002746062,2.45E-07,0.003211525,6.52E-05,10
instead,289,0.041769042,0.000161205,0.023407311,0.000323782,10
instigator,19,0.002746062,3.21E-08,0.003924595,5.86E-05,0
institute,238,0.034398034,0.000310179,0.016095535,0.000362282,9
institutes,104,0.015031074,0.000128565,0.009090532,0.000203227,9
institution,41,0.005925712,1.32E-06,0.005437375,8.31E-05,0
institutional,35,0.005058534,1.06E-06,0.005971411,8.73E-05,2
instruct,18,0.002601532,3.78E-08,0.00322543,5.59E-05,2
instruction,126,0.018210724,1.50E-05,0.014776314,0.000170039,2
insufficiency,37,0.005347594,9.74E-07,0.004832078,8.06E-05,7
insufficient,79,0.011417835,5.95E-06,0.009945709,0.000130936,4
insulin,294,0.04249169,0.000124261,0.021326022,0.000296954,7
insult,20,0.002890591,8.74E-07,0.003466783,6.78E-05,10
insurance,324,0.046827576,0.000217976,0.023980739,0.000364483,0
insurer,19,0.002746062,5.58E-07,0.002721108,7.21E-05,9
intact,16,0.002312473,3.54E-08,0.00321188,4.71E-05,10
intake,159,0.022980199,4.46E-05,0.015651711,0.00020674,10
integr,19,0.002746062,1.42E-05,0.000944739,0.000115472,5
integral,20,0.002890591,3.72E-08,0.004155658,5.71E-05,0
integrate,18,0.002601532,2.09E-07,0.003341789,6.14E-05,9
integrated,18,0.002601532,9.52E-08,0.003379389,5.38E-05,9
integrity,35,0.005058534,1.73E-06,0.006161684,7.49E-05,0
intellectual,18,0.002601532,6.55E-08,0.003098935,5.82E-05,7
intelligence,26,0.003757768,1.45E-06,0.003142877,9.69E-05,1
intend,89,0.012863131,1.63E-05,0.010453159,0.000144309,0
intense,16,0.002312473,8.83E-09,0.003321068,4.85E-05,7
intensity,128,0.018499783,2.82E-05,0.013174127,0.000164992,6
intensive,48,0.006937419,1.84E-06,0.006745053,8.93E-05,0
intent,17,0.002457002,1.14E-08,0.003625403,5.04E-05,0
intention,18,0.002601532,3.40E-08,0.003578761,5.24E-05,0
inter,38,0.005492123,6.26E-06,0.005167856,9.93E-05,4
interact,84,0.012140483,5.79E-06,0.010309705,0.000129252,7
interaction,38,0.005492123,1.54E-06,0.005651213,8.99E-05,6
interactive,19,0.002746062,9.81E-08,0.003453166,6.22E-05,9
interchangeably,17,0.002457002,2.10E-08,0.002960106,5.37E-05,7
interconnect,20,0.002890591,3.82E-08,0.003960237,5.92E-05,6
intercourse,93,0.013441249,1.91E-05,0.011367261,0.000162468,6
interdisciplinary,35,0.005058534,1.67E-06,0.005427173,9.03E-05,9
interest,509,0.073565544,0.00063864,0.029915763,0.000500417,9
interested,237,0.034253505,0.00014072,0.019291582,0.000263324,9
interesting,138,0.019945079,5.48E-05,0.014767518,0.000207108,0
interestingly,37,0.005347594,4.63E-06,0.004637251,0.000109568,9
interfere,179,0.025870791,2.74E-05,0.017191257,0.000219931,7
interlink,15,0.002167943,9.51E-09,0.002888672,4.41E-05,7
intermittent,33,0.004769475,6.24E-06,0.004717039,7.90E-05,6
intermittently,16,0.002312473,1.07E-08,0.003214242,5.02E-05,7
intern,20,0.002890591,2.58E-06,0.002207032,7.65E-05,5
internal,250,0.036132389,0.0002126,0.019428115,0.000320387,9
international,199,0.028761382,0.000224526,0.017130557,0.000304164,4
internationally,67,0.00968348,1.51E-05,0.008582869,0.000127207,9
internet,266,0.038444862,0.000277549,0.020483058,0.000349566,5
internist,19,0.002746062,1.69E-08,0.004216358,5.60E-05,0
interplay,18,0.002601532,2.12E-07,0.002944067,5.76E-05,7
interpret,107,0.015464663,2.04E-05,0.01233894,0.00016294,4
interpretation,103,0.014886544,1.43E-05,0.011847646,0.000156072,4
interpreter,42,0.006070241,3.31E-06,0.005941063,0.000108258,0
interpretive,19,0.002746062,4.13E-07,0.002922286,6.99E-05,5
interprovincial,19,0.002746062,4.01E-07,0.003250129,6.37E-05,4
interrelated,35,0.005058534,5.45E-07,0.005321854,7.23E-05,6
interrelationship,18,0.002601532,1.65E-08,0.00321841,4.91E-05,6
interrupt,75,0.010839717,1.99E-05,0.00892467,0.00014107,7
interrupted,19,0.002746062,2.32E-08,0.003447101,5.73E-05,6
intertwine,20,0.002890591,1.72E-06,0.003104952,7.11E-05,9
interval,215,0.031073855,7.86E-05,0.019913293,0.000256482,2
intervene,19,0.002746062,1.96E-08,0.003766335,5.63E-05,0
intervention,179,0.025870791,4.44E-05,0.017415467,0.000229509,4
interview,70,0.010117069,7.56E-06,0.009527923,0.000114592,0
interviewer,290,0.041913571,9.41E-05,0.022214157,0.00028834,0
intimacy,153,0.022113022,0.000140501,0.014915831,0.000248857,5
intimate,36,0.005203064,4.41E-06,0.005725956,7.77E-05,2
intimidate,18,0.002601532,3.59E-07,0.003182753,6.38E-05,0
intra,27,0.003902298,7.22E-07,0.004106495,7.98E-05,4
intracranial,19,0.002746062,6.69E-07,0.0027347,6.89E-05,7
intramuscular,224,0.032374621,9.37E-05,0.019036403,0.000267641,2
intramuscularly,74,0.010695187,4.55E-06,0.010177301,0.00012981,2
intranasal,64,0.009249892,8.10E-06,0.008153284,0.000125077,2
intratesticular,43,0.006214771,3.18E-07,0.006654181,7.85E-05,7
intricacy,20,0.002890591,5.99E-07,0.003559079,6.97E-05,6
intricate,10,0.001445296,6.13E-10,0.001766456,4.54E-05,2
intricately,19,0.002746062,4.01E-09,0.003477473,4.56E-05,6
intrinsic,16,0.002312473,1.13E-07,0.002939582,4.96E-05,7
introduce,136,0.01965602,2.36E-05,0.014335567,0.000187909,4
introduction,73,0.010550658,9.03E-06,0.009391283,0.000137809,4
intubation,14,0.002023414,1.49E-08,0.002452143,4.84E-05,0
intuitive,37,0.005347594,1.34E-06,0.006037347,8.97E-05,0
intuitively,28,0.004046828,1.48E-06,0.00496281,6.81E-05,0
invaluable,18,0.002601532,7.21E-08,0.003467909,5.85E-05,9
invasive,155,0.022402081,4.08E-05,0.016419103,0.000212557,2
inventory,19,0.002746062,1.62E-07,0.003199171,6.12E-05,4
inverse,65,0.009394421,5.61E-06,0.008100519,0.000122401,4
inversely,16,0.002312473,1.08E-07,0.002864412,5.07E-05,10
invest,19,0.002746062,1.30E-07,0.003125943,6.04E-05,4
investigate,133,0.019222431,5.38E-05,0.013532114,0.000191068,4
investigation,142,0.020523197,4.51E-05,0.012107865,0.000187187,4
investigational,28,0.004046828,2.59E-06,0.004418215,7.46E-05,9
investigator,87,0.012574071,6.36E-05,0.008774805,0.000176809,9
investor,18,0.002601532,4.79E-07,0.002248173,7.81E-05,9
invigor,96,0.013874837,2.49E-05,0.011537152,0.000162699,9
invite,73,0.010550658,9.87E-06,0.008267881,0.000111448,9
involve,586,0.08469432,0.000548346,0.032869774,0.000489647,4
iodine,31,0.004480416,1.70E-06,0.004067721,8.46E-05,7
iodothyronine,17,0.002457002,1.62E-06,0.001684609,7.97E-05,7
iowa,55,0.007949126,7.16E-06,0.007533719,0.00010645,9
ireland,11,0.001589825,5.11E-07,0.001816783,4.65E-05,2
iron,258,0.037288626,0.000107566,0.018718174,0.000300752,7
irregular,127,0.018355254,2.79E-05,0.012289566,0.000177519,6
irregularity,17,0.002457002,2.04E-08,0.002766354,4.80E-05,7
irrespective,47,0.006792889,3.22E-06,0.006954815,9.78E-05,4
irreversible,20,0.002890591,7.79E-08,0.003572928,5.55E-05,6
irritability,257,0.037144096,9.13E-05,0.019244873,0.000288171,6
irritable,59,0.008527244,1.33E-05,0.006824174,0.000111169,6
irritate,88,0.012718601,1.72E-05,0.011255896,0.000153761,2
irritation,205,0.029628559,7.66E-05,0.017735688,0.000249894,2
ischemia,20,0.002890591,6.95E-06,0.001862043,9.33E-05,5
isidori,37,0.005347594,7.71E-06,0.004376745,0.00011103,5
island,18,0.002601532,3.45E-08,0.002525936,6.92E-05,9
islander,18,0.002601532,1.39E-06,0.002933324,7.19E-05,1
isnâ€tmt,20,0.002890591,1.73E-08,0.003555885,5.10E-05,7
isocaproate,16,0.002312473,1.62E-07,0.001768035,7.67E-05,2
isolate,44,0.0063593,1.76E-06,0.005789851,8.44E-05,7
isolated,36,0.005203064,2.65E-07,0.005492038,7.35E-05,7
issac,20,0.002890591,4.91E-06,0.002096425,9.07E-05,5
issm,17,0.002457002,4.14E-07,0.003008653,5.54E-05,4
issue,1042,0.150599798,0.002865849,0.039464131,0.000727125,0
italian,20,0.002890591,1.40E-07,0.003058829,6.66E-05,4
italy,16,0.002312473,9.01E-08,0.002330187,7.02E-05,0
itching,38,0.005492123,1.48E-06,0.006008377,8.87E-05,2
item,56,0.008093655,5.64E-06,0.007118987,0.000116297,3
itâ€tms,34,0.004914005,2.09E-07,0.005652594,6.43E-05,6
ius,18,0.002601532,2.03E-07,0.002969837,6.48E-05,10
ivan,19,0.002746062,8.99E-06,0.001797396,9.46E-05,9
izumi,20,0.002890591,1.59E-06,0.002320088,9.10E-05,5
j.a,20,0.002890591,1.59E-07,0.002971847,7.12E-05,9
j.beem.2010.11.004,12,0.001734355,4.21E-08,0.001025434,6.48E-05,5
j.h,19,0.002746062,1.34E-06,0.001361286,0.000102333,5
j.ucl.2016.01.004,19,0.002746062,1.65E-06,0.002008079,7.72E-05,5
j.urology.2016.12.066,18,0.002601532,1.06E-07,0.002885628,6.01E-05,5
j.yhbeh.2011.01.009,20,0.002890591,3.90E-06,0.002221741,8.35E-05,5
jack,19,0.002746062,2.49E-08,0.003838542,5.22E-05,0
jackson,20,0.002890591,7.83E-07,0.002561527,7.50E-05,5
jacobs,20,0.002890591,6.21E-07,0.002681025,8.45E-05,5
jam,19,0.002746062,1.31E-07,0.003194131,5.99E-05,6
jama,63,0.009105362,1.11E-05,0.007382214,0.000139758,9
jame,20,0.002890591,3.99E-07,0.001935846,9.13E-05,5
james,68,0.00982801,4.43E-05,0.007402196,0.000114961,9
jameson,20,0.002890591,2.33E-06,0.002366079,7.94E-05,5
jan,38,0.005492123,6.49E-06,0.005097784,9.93E-05,5
jane,19,0.002746062,6.04E-07,0.000309266,0.000128247,5
january,48,0.006937419,3.81E-06,0.006485418,0.000101622,4
jar,41,0.005925712,4.10E-06,0.00526038,0.000102721,2
jatenzo,18,0.002601532,6.98E-08,0.003196289,5.97E-05,2
jay,20,0.002890591,1.27E-06,0.000590622,0.000116633,9
jayasena,36,0.005203064,1.07E-05,0.002898135,0.000151221,5
jc.2018,18,0.002601532,5.92E-08,0.002905396,6.77E-05,5
jcem,19,0.002746062,1.23E-05,0.002139854,7.62E-05,5
jcm8050732,20,0.002890591,1.80E-06,0.001779376,9.80E-05,5
jealous,17,0.002457002,1.25E-07,0.003301242,5.44E-05,0
jean,17,0.002457002,1.90E-07,0.002800019,6.39E-05,9
jeauveau,16,0.002312473,2.33E-08,0.002631496,5.70E-05,6
jefferson,20,0.002890591,1.37E-05,0.001981605,9.11E-05,9
jeffrey,20,0.002890591,7.11E-06,0.000712566,0.000116092,9
jeremy,19,0.002746062,1.04E-07,0.003292352,5.51E-05,7
jeuveau,14,0.002023414,1.27E-07,0.001940209,6.14E-05,6
jewish,18,0.002601532,2.99E-08,0.003213892,5.49E-05,4
jews,17,0.002457002,1.67E-07,0.003270647,5.03E-05,7
jim,41,0.005925712,1.23E-06,0.0061991,8.04E-05,0
job,152,0.021968493,3.38E-05,0.016119712,0.00020455,0
jog,18,0.002601532,1.64E-07,0.003521666,5.80E-05,0
john,233,0.033675387,0.00252053,0.018469926,0.000340944,0
johns,60,0.008671773,4.51E-06,0.008284627,0.000107494,6
johnson,17,0.002457002,8.99E-07,0.002472835,6.20E-05,9
join,77,0.011128776,3.52E-05,0.008431974,0.000145474,0
joint,198,0.028616852,9.33E-05,0.017934005,0.000260349,6
jointed,18,0.002601532,2.49E-07,0.002991665,6.48E-05,0
jointly,20,0.002890591,4.60E-08,0.004191151,5.45E-05,4
joke,45,0.00650383,9.46E-06,0.005627235,0.000110951,0
jolt,19,0.002746062,8.12E-09,0.003816725,5.20E-05,6
jones,49,0.007081948,3.02E-05,0.004153095,0.000154952,9
jordan,18,0.002601532,1.21E-08,0.003648239,5.34E-05,0
jorgez,81,0.011706894,9.66E-06,0.009776807,0.000144104,9
joseph,33,0.004769475,3.55E-06,0.004990848,9.25E-05,9
josh,16,0.002312473,8.28E-09,0.002638308,5.32E-05,6
journal,308,0.044515103,0.000628138,0.02044744,0.000434722,4
journalist,36,0.005203064,9.31E-06,0.004390328,0.000106925,8
journey,215,0.031073855,7.88E-05,0.020313343,0.000266315,2
joyful,19,0.002746062,1.34E-07,0.003820215,5.88E-05,0
juan,20,0.002890591,5.70E-06,0.001897975,9.10E-05,5
judgment,83,0.011995953,1.04E-05,0.010868564,0.000130073,4
judith,20,0.002890591,6.54E-06,0.00080834,0.000116917,5
juice,19,0.002746062,3.16E-07,0.001402222,8.59E-05,10
jul,30,0.004335887,2.47E-05,0.002711657,0.000102145,5
jul;34(7):1669,20,0.002890591,1.59E-06,0.002363453,7.89E-05,5
julie,11,0.001589825,9.11E-10,0.001672574,4.99E-05,9
july,103,0.014886544,0.000229836,0.010383915,0.000197211,4
jump,34,0.004914005,7.90E-07,0.005013662,7.33E-05,2
jun,20,0.002890591,3.80E-06,0.002326132,8.76E-05,5
juncos,19,0.002746062,1.34E-05,0.000756123,0.000120978,5
june,103,0.014886544,0.000946828,0.009387372,0.000232025,5
junior,17,0.002457002,7.90E-07,0.00300416,6.59E-05,0
junk,18,0.002601532,1.01E-07,0.003072339,5.86E-05,10
jury,16,0.002312473,2.63E-08,0.003059224,4.88E-05,7
justify,17,0.002457002,2.16E-07,0.002734715,6.73E-05,0
justin,36,0.005203064,4.74E-07,0.005996381,7.59E-05,0
juxtapose,18,0.002601532,2.13E-08,0.003444077,4.86E-05,0
k.m,38,0.005492123,3.74E-05,0.003364597,0.000125799,5
kadali,12,0.001734355,1.65E-07,0.001844273,6.05E-05,5
kadono,20,0.002890591,1.55E-06,0.002329235,9.10E-05,5
kallman,19,0.002746062,2.34E-07,0.002261435,7.19E-05,7
kallmann,87,0.012574071,2.57E-06,0.009844397,0.000125125,7
kaltsas,19,0.002746062,4.31E-06,0.001869993,9.33E-05,5
kaminetsky,31,0.004480416,7.79E-07,0.005373535,7.59E-05,2
karkowsky,14,0.002023414,6.96E-09,0.001604569,7.03E-05,9
karlye,20,0.002890591,2.66E-06,0.00130174,0.000107159,5
karolina,20,0.002890591,3.31E-06,0.001947101,9.85E-05,9
karyotype,28,0.004046828,5.65E-07,0.004275073,6.97E-05,7
katarzyna,20,0.002890591,2.96E-06,0.001582592,0.000103792,9
kathi,19,0.002746062,1.97E-07,0.002723378,6.49E-05,9
kato,20,0.002890591,1.70E-06,0.002255246,9.49E-05,5
kawaguchi,20,0.002890591,1.85E-06,0.002387701,9.00E-05,5
keck,37,0.005347594,1.02E-06,0.005352964,8.39E-05,9
keevil,20,0.002890591,6.26E-06,0.001184168,0.00010873,5
keith,17,0.002457002,4.63E-07,0.002521091,7.01E-05,5
kelly,20,0.002890591,3.58E-06,0.000664988,0.000115637,5
ken,20,0.002890591,7.64E-06,0.001234736,0.000110754,5
kenner,20,0.002890591,9.25E-06,0.001583702,0.000101189,9
ketoconazole,95,0.013730308,1.43E-05,0.010377373,0.000164157,7
kettle,20,0.002890591,3.47E-07,0.003512277,6.86E-05,2
key,594,0.085850556,0.000566843,0.033185392,0.000503954,6
keyword,36,0.005203064,4.90E-06,0.005405538,8.93E-05,4
khan,20,0.002890591,9.86E-06,0.002237057,7.82E-05,5
khera,88,0.012718601,0.000455634,0.006484834,0.000241384,9
khurram,17,0.002457002,5.55E-08,0.002904246,5.53E-05,4
kian,23,0.00332418,7.01E-08,0.003885265,5.79E-05,9
kick,52,0.007515537,1.03E-06,0.007873748,8.70E-05,0
kid,124,0.017921665,4.48E-05,0.013565661,0.000178144,0
kidney,441,0.063737534,0.002089446,0.023764258,0.000558214,7
kill,18,0.002601532,3.97E-08,0.003114581,5.53E-05,6
killer,51,0.007371007,1.58E-06,0.007781032,0.000105128,0
kilogram,40,0.005781182,2.13E-06,0.005830514,8.32E-05,0
kim,118,0.017054488,1.76E-05,0.012256944,0.000169002,0
kind,594,0.085850556,0.000662934,0.031672736,0.000543482,0
kindly,19,0.002746062,3.12E-07,0.003920167,5.90E-05,2
kinetic,18,0.002601532,6.49E-08,0.003178361,5.69E-05,4
kiran,20,0.002890591,7.18E-06,0.000770175,0.000122469,5
kiss,15,0.002167943,2.34E-08,0.002531032,5.61E-05,0
kit,55,0.007949126,2.64E-06,0.007628364,0.000100813,2
kliegman,27,0.003902298,3.17E-06,0.001952356,0.000108245,5
klinefelter,186,0.026882497,8.82E-05,0.014611747,0.000239792,7
knock,18,0.002601532,3.77E-08,0.00357014,4.92E-05,0
know,1263,0.18254083,0.005051765,0.041695232,0.000903086,0
knowledge,199,0.028761382,0.000112754,0.019153388,0.000290062,4
knowledgeable,119,0.017199017,4.97E-05,0.012948096,0.000174157,2
known,77,0.011128776,3.00E-06,0.01015494,0.000110109,6
kocsis,41,0.005925712,3.68E-06,0.004372201,9.14E-05,5
kopp,30,0.004335887,7.35E-06,0.002497182,0.000107336,5
kovler,17,0.002457002,2.92E-08,0.003474054,5.33E-05,9
kprice@auanet.org,17,0.002457002,2.83E-07,0.002345457,7.23E-05,5
krakowsky,38,0.005492123,0.000119876,0.003645341,0.00012803,9
kretser,20,0.002890591,3.62E-07,0.002234562,8.49E-05,5
kristen,20,0.002890591,5.52E-08,0.003758382,6.39E-05,2
kryptonite,18,0.002601532,7.24E-08,0.003540988,5.18E-05,0
kudo,19,0.002746062,9.58E-08,0.003530681,6.26E-05,0
kuh,20,0.002890591,8.16E-06,0.001061239,0.000115105,5
kumar,28,0.004046828,7.36E-07,0.003827323,7.12E-05,7
kurtz,20,0.002890591,9.52E-06,0.001113256,0.000107758,5
kyrou,19,0.002746062,1.32E-05,0.001752834,9.10E-05,5
kyungah,20,0.002890591,2.98E-06,0.001286793,0.000109726,9
kyzatrex,44,0.0063593,2.49E-06,0.006573938,8.86E-05,2
l.c,20,0.002890591,8.28E-07,0.002809514,7.46E-05,5
lab,688,0.099436335,0.001376175,0.03473186,0.000549329,0
labcorp,45,0.00650383,9.97E-06,0.005986154,0.000106261,5
label,248,0.03584333,0.000108423,0.02068008,0.000292979,4
labeling,62,0.008960832,3.51E-06,0.008619328,0.00012699,4
laboratories,15,0.002167943,1.66E-08,0.002326525,5.92E-05,9
laboratory,398,0.057522763,0.000513005,0.026067593,0.000429875,4
laborde,10,0.001445296,1.34E-10,0.001827224,4.29E-05,0
labs,15,0.002167943,5.49E-08,0.001721113,7.28E-05,9
labwork,36,0.005203064,3.64E-07,0.006698163,7.40E-05,4
lack,529,0.076456135,0.000408039,0.027684378,0.000438306,6
lacking,16,0.002312473,7.47E-07,0.002633029,5.66E-05,6
laden,20,0.002890591,3.31E-07,0.003190857,7.26E-05,10
lady,30,0.004335887,1.52E-06,0.004220705,7.94E-05,0
lagos,18,0.002601532,5.91E-07,0.002757924,6.99E-05,5
lake,17,0.002457002,1.08E-06,0.001846564,7.40E-05,0
laksham,15,0.002167943,4.28E-08,0.002518996,5.79E-05,5
lakshmi,18,0.002601532,3.40E-05,0.001248049,9.41E-05,5
lalitha,13,0.001878884,2.46E-07,0.002076723,6.24E-05,5
lambert,19,0.002746062,2.37E-06,0.001951281,7.98E-05,5
lancet,20,0.002890591,1.25E-06,0.001916651,9.72E-05,5
landing,36,0.005203064,1.08E-05,0.003549461,0.000122099,9
landmark,18,0.002601532,1.25E-07,0.003267445,5.28E-05,4
landon,19,0.002746062,5.28E-06,0.001814749,8.98E-05,5
landscape,34,0.004914005,5.75E-07,0.005824167,8.26E-05,4
language,68,0.00982801,6.05E-05,0.007110871,0.000174998,1
lankveld,20,0.002890591,9.05E-07,0.002695064,8.32E-05,5
large,460,0.066483596,0.000510402,0.028280438,0.000459456,4
largely,65,0.009394421,1.21E-05,0.008231476,0.000124684,6
laryngologist,20,0.002890591,6.09E-07,0.003800512,6.06E-05,10
las,13,0.001878884,1.78E-07,0.001681368,6.01E-05,9
lashen,20,0.002890591,6.29E-06,0.000906163,0.000114277,5
latanoprost,33,0.004769475,1.13E-06,0.005178465,8.04E-05,7
late,524,0.075733487,0.001403173,0.026689578,0.000509383,5
late-30s,18,0.002601532,6.24E-08,0.003189446,5.56E-05,7
lately,51,0.007371007,6.38E-07,0.008436801,8.83E-05,0
later,309,0.044659633,0.000124128,0.021774021,0.000305899,7
lateral,18,0.002601532,1.05E-07,0.003214223,5.90E-05,2
lattimore,19,0.002746062,3.41E-07,0.001989898,8.20E-05,9
laugh,31,0.004480416,4.54E-06,0.004122686,9.15E-05,0
launch,19,0.002746062,2.72E-07,0.003031511,5.88E-05,6
lauren,21,0.003035121,1.39E-06,0.002900123,8.44E-05,0
lauretani,20,0.002890591,1.11E-05,0.001341571,0.000102163,5
lauryl,20,0.002890591,2.87E-07,0.002535199,7.80E-05,7
law,46,0.00664836,1.19E-05,0.006357745,0.000107862,0
lay,51,0.007371007,4.36E-06,0.008020692,0.00010387,0
layer,73,0.010550658,6.06E-06,0.009360531,0.000120789,2
layperson,17,0.002457002,1.07E-08,0.00336309,4.84E-05,0
laziness,26,0.003757768,9.37E-09,0.004499146,5.73E-05,6
lazy,18,0.002601532,1.52E-07,0.003464184,5.98E-05,7
lcms,44,0.0063593,1.47E-06,0.006482742,9.54E-05,4
ldl,32,0.004624946,3.94E-07,0.004919547,6.72E-05,4
leaching,18,0.002601532,1.61E-07,0.002840002,6.58E-05,7
lead,1084,0.156670039,0.002776935,0.040412921,0.000798532,7
leader,92,0.013296719,2.76E-05,0.010578873,0.000162362,9
leadership,15,0.002167943,8.19E-08,0.003116947,4.93E-05,6
leaf,19,0.002746062,5.47E-07,0.002137193,8.11E-05,9
leafy,38,0.005492123,3.60E-05,0.003744907,0.000128622,10
lean,327,0.047261165,0.000422361,0.021097072,0.00033949,6
leaning,20,0.002890591,1.70E-06,0.003019094,7.26E-05,9
learn,526,0.076022547,0.001035466,0.02774626,0.000522964,0
learning,59,0.008527244,4.65E-05,0.00640135,0.000156572,1
leave,239,0.034542564,0.000166409,0.018998574,0.000300199,2
lee,38,0.005492123,7.55E-05,0.002504982,0.000160977,9
left,40,0.005781182,7.28E-07,0.005530697,7.87E-05,4
leg,132,0.019077901,1.91E-05,0.013652531,0.000177441,7
legal,51,0.007371007,2.53E-06,0.007164452,0.000102108,0
legally,32,0.004624946,6.69E-07,0.005276495,7.89E-05,2
legitimate,43,0.006214771,1.26E-06,0.006546296,8.58E-05,7
legro,20,0.002890591,2.44E-06,0.002984635,6.65E-05,5
legume,37,0.005347594,1.44E-05,0.004123819,0.000117792,10
length,103,0.014886544,2.99E-05,0.011466136,0.000164033,0
lengthen,16,0.002312473,5.01E-07,0.002521087,6.65E-05,2
lengthy,17,0.002457002,5.84E-09,0.003612695,5.29E-05,2
lentil,20,0.002890591,8.13E-07,0.001388287,9.36E-05,10
leproult,28,0.004046828,7.16E-07,0.003899688,8.37E-05,9
lessen,27,0.003902298,1.49E-07,0.004664661,6.35E-05,7
lessened,19,0.002746062,4.51E-09,0.003304386,4.67E-05,6
lesser,16,0.002312473,5.11E-09,0.002969744,4.82E-05,7
lesson,14,0.002023414,5.08E-07,0.001934307,5.92E-05,5
lester,18,0.002601532,5.62E-07,0.002730732,6.77E-05,9
let,472,0.068217951,0.00038456,0.0289875,0.000431912,0
lethargic,16,0.002312473,2.16E-08,0.003421227,4.70E-05,0
lethargy,106,0.015320133,6.20E-06,0.011598915,0.000146873,6
letrozole,20,0.002890591,8.72E-08,0.003115302,6.30E-05,7
letter,58,0.008382714,1.00E-05,0.008565368,0.000119938,0
leuprolide,20,0.002890591,4.67E-07,0.00335262,7.01E-05,7
level,2615,0.37794479,0.029871321,0.042530823,0.001215277,7
levels.41,17,0.002457002,8.29E-08,0.003144415,5.77E-05,4
levels.433,18,0.002601532,2.33E-07,0.002923046,6.13E-05,2
"levels.46,47",17,0.002457002,3.74E-08,0.003089812,5.41E-05,6
"levels.48,49",18,0.002601532,3.44E-08,0.003326207,5.64E-05,6
"levels.5,6,12",19,0.002746062,1.28E-07,0.003355633,5.99E-05,4
levels.6,32,0.004624946,1.14E-06,0.004781541,8.02E-05,4
leverage,19,0.002746062,3.43E-08,0.003400024,6.02E-05,4
levitra,29,0.004191357,8.81E-08,0.004702481,6.91E-05,2
levothyroxine,20,0.002890591,3.05E-08,0.003804832,5.70E-05,7
lewis,19,0.002746062,9.49E-06,0.001947311,8.70E-05,5
leydig,159,0.022980199,5.81E-05,0.012862066,0.000233121,7
"lh).5,6,12",14,0.002023414,2.44E-09,0.00250287,4.41E-05,7
liability,20,0.002890591,5.24E-08,0.003222225,6.24E-05,4
libido,812,0.117358,0.001383048,0.032045505,0.000587418,6
library,136,0.01965602,8.95E-05,0.011867198,0.000215213,9
licensable,17,0.002457002,6.88E-07,0.002690833,6.89E-05,5
license,53,0.007660066,1.29E-05,0.007119091,0.000117951,2
licensed,79,0.011417835,4.57E-06,0.010239726,0.000121276,2
lie,66,0.009538951,7.08E-06,0.009024118,0.00011466,6
life,1196,0.172857349,0.003634899,0.042302444,0.000823243,6
"life.5,12",19,0.002746062,1.32E-07,0.003671487,5.90E-05,4
lifeblood,19,0.002746062,2.02E-08,0.00352448,5.11E-05,6
lifelong,150,0.021679433,8.00E-05,0.015191297,0.000192123,9
lifesave,20,0.002890591,3.98E-08,0.003633668,5.69E-05,6
lifespan,32,0.004624946,2.15E-07,0.005279495,6.66E-05,6
lifestyle,762,0.110131522,0.000718761,0.0340698,0.000504811,6
lifetime,35,0.005058534,1.59E-06,0.005909698,8.18E-05,0
lift,88,0.012718601,2.07E-05,0.010827884,0.000149846,0
lifting,32,0.004624946,8.91E-07,0.005438359,7.54E-05,7
light,100,0.014452956,3.14E-05,0.011190297,0.000172233,11
lightheaded,19,0.002746062,1.82E-07,0.002839085,6.48E-05,2
lightheadedness,16,0.002312473,8.11E-08,0.002545655,5.80E-05,6
lightner,20,0.002890591,1.94E-06,0.000521743,0.000118481,5
like,1787,0.258274317,0.014143837,0.048004057,0.001226713,0
likelihood,73,0.010550658,4.18E-06,0.009405262,0.000120197,6
likely,665,0.096112155,0.00069442,0.032587892,0.000502731,0
likewise,53,0.007660066,6.11E-06,0.008221566,0.000101347,2
limb,34,0.004914005,2.71E-07,0.005155166,7.50E-05,6
limit,304,0.043936985,0.000167934,0.023559419,0.000320948,2
limitation,126,0.018210724,2.77E-05,0.014280214,0.000204716,4
limited,114,0.016476369,1.13E-05,0.013759926,0.000168027,2
lincoff,40,0.005781182,2.92E-05,0.003538127,0.00013855,5
lincoln,19,0.002746062,1.67E-06,0.002838278,6.78E-05,9
line,229,0.033097268,0.000144188,0.019325364,0.000284494,0
linger,17,0.002457002,3.89E-08,0.003140089,5.36E-05,4
lining,47,0.006792889,2.33E-06,0.007397678,9.54E-05,2
link,571,0.082526377,0.000843155,0.027768968,0.000530927,7
linthicum,19,0.002746062,3.63E-06,0.002845432,7.16E-05,5
lip,48,0.006937419,5.86E-06,0.006454617,0.00011321,2
lipid,189,0.027316086,0.000162592,0.014895405,0.000240851,7
lipids,17,0.002457002,5.44E-08,0.002771436,5.60E-05,7
lipoderm,31,0.004480416,4.98E-06,0.004148094,9.85E-05,2
lipoprotein,18,0.002601532,6.16E-07,0.002303732,6.16E-05,7
liquid,140,0.020234138,7.82E-05,0.013765449,0.000222675,2
lisa,17,0.002457002,4.32E-08,0.002827104,4.92E-05,9
list,312,0.045093222,0.000251542,0.022887387,0.000339924,0
listen,312,0.045093222,0.000385359,0.022656528,0.000386556,0
listener,82,0.011851424,2.35E-05,0.009353479,0.000154986,0
listening,24,0.003468709,2.04E-07,0.004081366,6.56E-05,0
liter,30,0.004335887,1.21E-06,0.004645117,7.06E-05,4
literally,32,0.004624946,2.18E-06,0.005153953,8.07E-05,0
literature,357,0.051597052,0.000228056,0.027059473,0.000385691,4
little,685,0.099002746,0.001104924,0.034429464,0.000611538,0
liu,19,0.002746062,5.68E-07,0.000304365,0.000128155,5
live,411,0.059401648,0.000487684,0.026912913,0.000396286,0
lived,35,0.005058534,4.02E-07,0.005778563,7.33E-05,6
liver,496,0.07168666,0.000864226,0.027503475,0.000497016,7
livery,19,0.002746062,2.16E-08,0.003722579,5.81E-05,2
living,55,0.007949126,6.71E-06,0.007761279,0.000114874,4
llahana,20,0.002890591,7.17E-07,0.001456565,0.000104531,5
load,18,0.002601532,2.30E-08,0.002718277,5.88E-05,7
loading,14,0.002023414,2.84E-08,0.002938288,5.01E-05,2
lobido,19,0.002746062,2.64E-08,0.003437254,5.02E-05,6
local,130,0.018788842,2.39E-05,0.014955855,0.000185124,2
localize,19,0.002746062,1.24E-07,0.003455436,6.07E-05,4
locate,91,0.01315219,2.63E-05,0.010339916,0.000149628,7
location,214,0.030929325,0.000200305,0.016620067,0.000298491,9
locations13,16,0.002312473,1.42E-07,0.002154364,6.88E-05,9
locationswe,18,0.002601532,2.47E-06,0.003245097,6.46E-05,9
lodge,17,0.002457002,1.65E-07,0.002815419,5.58E-05,7
loh,154,0.022257552,1.87E-05,0.014237126,0.000180643,4
london,13,0.001878884,4.45E-08,0.001183819,7.07E-05,9
long,1192,0.172279231,0.003645766,0.042936551,0.000811602,2
long-,20,0.002890591,1.74E-08,0.003943679,5.67E-05,2
longevity,85,0.012285012,1.28E-05,0.01019467,0.000148211,6
longifolia,15,0.002167943,5.11E-08,0.002153791,6.13E-05,10
longo,20,0.002890591,9.41E-06,0.001468872,9.77E-05,5
longstanding,18,0.002601532,8.62E-08,0.003010518,5.18E-05,6
look,870,0.125740714,0.001861371,0.036940088,0.000677058,0
loop,78,0.011273305,8.59E-06,0.008854848,0.00013349,7
loose,52,0.007515537,2.23E-06,0.007647398,9.99E-05,7
loosely,32,0.004624946,4.74E-06,0.003759525,8.80E-05,7
lopez,20,0.002890591,9.63E-05,0.000825642,0.000116903,5
lose,568,0.082092788,0.000586852,0.03006122,0.000487453,0
loss,967,0.139760081,0.002287527,0.033574816,0.000677243,6
lot,836,0.120826709,0.001531546,0.037568801,0.000664933,0
lotion,74,0.010695187,9.22E-06,0.009435025,0.000137951,2
loud,38,0.005492123,4.34E-06,0.005238311,0.000103874,7
louder,19,0.002746062,2.89E-07,0.002994986,7.03E-05,7
louis,61,0.008816303,2.27E-05,0.006850272,0.00012909,9
louisiana,37,0.005347594,2.88E-06,0.005588393,9.89E-05,9
love,249,0.03598786,0.000179781,0.020636561,0.000308954,0
lover,17,0.002457002,2.59E-08,0.003055404,5.13E-05,0
low,2341,0.338343691,0.022893801,0.037701645,0.001110594,6
lower,522,0.075444428,0.000479248,0.028661914,0.000472413,7
lowering,17,0.002457002,1.13E-08,0.003355913,4.89E-05,0
loyola,20,0.002890591,6.67E-07,0.003053189,7.29E-05,9
ltd,20,0.002890591,1.61E-06,0.002252476,8.83E-05,5
lucia,20,0.002890591,9.59E-06,0.001614337,9.22E-05,5
luck,16,0.002312473,7.75E-09,0.003111476,4.53E-05,0
luckily,71,0.010261598,3.61E-06,0.009955748,0.00011237,2
luis,19,0.002746062,5.16E-06,0.000525397,0.000124746,5
lump,55,0.007949126,5.96E-07,0.007650022,8.68E-05,7
lunch,52,0.007515537,3.46E-05,0.006694278,0.000121668,10
lundy,200,0.028905911,0.000359505,0.016351563,0.000280332,0
lung,158,0.02283567,5.17E-05,0.014867644,0.00021987,7
lure,17,0.002457002,4.25E-08,0.003649747,5.07E-05,0
lustful,17,0.002457002,2.70E-08,0.002992604,5.64E-05,6
lut,31,0.004480416,3.11E-07,0.0044844,7.26E-05,4
luteinise,125,0.018066195,9.98E-06,0.012575576,0.000163681,7
luteinize,211,0.030495736,3.58E-05,0.014444365,0.000200665,7
luteinizing,84,0.012140483,5.05E-06,0.009210359,0.000118533,7
lutenise,65,0.009394421,4.29E-06,0.007840468,9.98E-05,7
lutenize,19,0.002746062,7.40E-07,0.003125341,6.16E-05,7
lymph,16,0.002312473,1.73E-08,0.002868082,5.58E-05,2
lymphatic,41,0.005925712,3.07E-07,0.007119428,8.34E-05,2
lymphocyte,11,0.001589825,1.09E-07,0.00134889,5.89E-05,7
lyon,20,0.002890591,3.38E-07,0.003108992,7.13E-05,4
m.a,20,0.002890591,1.43E-05,0.001957567,8.16E-05,5
m.b.a,17,0.002457002,5.34E-07,0.002578655,6.39E-05,9
m.d,196,0.028327793,0.000143677,0.015556331,0.000290794,9
m.o,20,0.002890591,1.75E-06,0.001841084,0.000101886,5
m.s,53,0.007660066,3.49E-05,0.005884452,0.00013816,5
m19,35,0.005058534,3.80E-06,0.00442946,9.38E-05,5
mace,75,0.010839717,6.23E-06,0.009051238,0.000138468,4
machine,64,0.009249892,2.80E-05,0.00788036,0.000137365,1
mackenzie,19,0.002746062,1.34E-05,0.001263519,0.00010138,5
madsen,35,0.005058534,1.63E-06,0.004632821,9.38E-05,0
magazine,17,0.002457002,1.98E-08,0.003683185,5.21E-05,0
maggi,20,0.002890591,3.59E-07,0.00295707,7.59E-05,6
maggio,20,0.002890591,7.45E-06,0.001197997,0.000107872,5
magic,125,0.018066195,1.67E-05,0.012837241,0.00017327,0
magnesium,96,0.013874837,1.76E-05,0.010519184,0.000170054,10
magnetic,20,0.002890591,2.54E-06,0.002434153,7.88E-05,5
magnify,17,0.002457002,1.87E-08,0.003276696,4.89E-05,4
magnitude,17,0.002457002,4.81E-08,0.003133965,5.44E-05,4
mail,69,0.009972539,7.47E-06,0.009629657,0.000130081,0
main,345,0.049862697,0.000544417,0.021860829,0.000344182,9
mainly,149,0.021534904,9.75E-06,0.013914705,0.000158644,7
maintain,768,0.110998699,0.000890457,0.03485822,0.000565094,6
maintenance,109,0.015753722,1.28E-05,0.012245533,0.000150369,2
major,289,0.041769042,0.000100125,0.022062964,0.000303947,4
majorek,20,0.002890591,3.27E-06,0.001751782,0.000101677,9
majority,170,0.024570025,4.36E-05,0.016377216,0.000216869,0
maker,33,0.004769475,2.79E-07,0.005554488,7.22E-05,4
makeup,16,0.002312473,1.15E-08,0.002966186,4.67E-05,7
making,108,0.015609192,4.29E-05,0.011432956,0.000163528,9
malaria,20,0.002890591,1.18E-07,0.003571285,6.25E-05,7
male,1534,0.221708339,0.012569355,0.037593764,0.001080673,7
malfunction,16,0.002312473,4.58E-09,0.003013652,4.44E-05,7
malnutrition,36,0.005203064,6.60E-07,0.005193249,7.94E-05,7
man,2875,0.415522474,0.04408852,0.046944299,0.001496795,6
manage,653,0.0943778,0.000744257,0.03481419,0.000529922,2
manageable,39,0.005636653,1.58E-06,0.006114822,8.54E-05,0
management,526,0.076022547,0.001047358,0.0302233,0.000526789,4
management.4,17,0.002457002,1.60E-08,0.003645121,5.18E-05,4
manager,18,0.002601532,3.60E-08,0.003770046,5.62E-05,2
mandate,78,0.011273305,1.32E-05,0.010142353,0.00013352,4
mane,19,0.002746062,1.60E-07,0.003685839,6.03E-05,0
manif,20,0.002890591,2.74E-08,0.00435843,5.63E-05,4
manifest,113,0.01633184,3.20E-05,0.012121276,0.000171105,6
manifestation,72,0.010406128,6.32E-06,0.009412968,0.000124788,4
manitoba,14,0.002023414,6.93E-07,0.001757572,6.63E-05,9
manliness,15,0.002167943,2.55E-08,0.002718733,5.08E-05,6
manly,36,0.005203064,2.58E-06,0.005522769,8.39E-05,0
manmade,18,0.002601532,2.31E-08,0.003416471,5.35E-05,7
manner,132,0.019077901,2.56E-05,0.014461024,0.000194956,2
manopause,35,0.005058534,2.34E-07,0.005056136,7.13E-05,9
manufacture,63,0.009105362,4.30E-06,0.008308703,0.000108372,2
manufactured,18,0.002601532,1.23E-08,0.003118394,4.56E-05,7
manufacturer,55,0.007949126,1.59E-06,0.008034143,0.000104086,4
manuscript,27,0.003902298,6.80E-06,0.002110933,0.000122367,5
map,29,0.004191357,3.50E-06,0.003951728,7.37E-05,0
mar,37,0.005347594,1.28E-05,0.003327513,0.0001284,5
maranon,20,0.002890591,7.63E-06,0.000551959,0.000128512,5
marathon,15,0.002167943,2.46E-07,0.002851732,5.44E-05,0
marc,16,0.002312473,4.21E-07,0.002493154,5.84E-05,0
march,48,0.006937419,6.54E-05,0.005368731,0.000123981,5
marco,29,0.004191357,2.57E-07,0.004619119,7.16E-05,6
maria,18,0.002601532,1.23E-06,0.001202308,8.87E-05,5
marijuana,48,0.006937419,7.80E-07,0.006815194,9.67E-05,7
marius,19,0.002746062,4.96E-07,0.002238849,8.04E-05,9
mark,139,0.020089608,0.000207701,0.013560586,0.000217853,5
marked,17,0.002457002,1.47E-07,0.003291191,5.38E-05,6
marker,227,0.032808209,7.04E-05,0.020237841,0.000261756,6
market,193,0.027894204,7.07E-05,0.018854004,0.000261626,2
marketing,108,0.015609192,1.39E-05,0.012222605,0.000161331,0
marketplace,19,0.002746062,1.82E-08,0.003906888,6.37E-05,2
marrow,58,0.008382714,2.54E-06,0.007213527,0.000102792,7
marshall,20,0.002890591,3.81E-07,0.003495149,6.80E-05,9
martin,20,0.002890591,1.54E-06,0.00045162,0.000120572,5
mary,20,0.002890591,1.30E-07,0.003529504,6.08E-05,9
maryland,20,0.002890591,2.86E-07,0.002988849,7.35E-05,9
masculine,116,0.016765429,1.28E-05,0.012168702,0.000165979,6
masculinity,75,0.010839717,1.71E-05,0.009154299,0.000148189,6
masculinize,33,0.004769475,3.50E-07,0.005143191,7.33E-05,7
mask,53,0.007660066,3.75E-06,0.007256603,0.000106753,6
mass,742,0.107240931,0.001069124,0.028229493,0.000518805,6
massachusetts,42,0.006070241,3.57E-06,0.005078814,0.00010504,4
masse,14,0.002023414,2.25E-08,0.002530662,4.57E-05,0
massive,19,0.002746062,1.59E-08,0.003410895,5.66E-05,7
massively,19,0.002746062,1.82E-07,0.003697259,6.22E-05,6
masterson,121,0.017488076,2.05E-05,0.012784699,0.000160542,0
masturbation,17,0.002457002,9.45E-08,0.003022676,5.35E-05,9
match,72,0.010406128,3.55E-05,0.007987396,0.000152854,2
mate,15,0.002167943,2.16E-07,0.002690581,5.65E-05,5
material,34,0.004914005,3.93E-06,0.004950463,8.89E-05,4
mateusz,20,0.002890591,9.94E-08,0.003374133,6.56E-05,9
matrix,34,0.004914005,2.68E-06,0.004607613,9.82E-05,2
matsumoto,74,0.010695187,0.000197083,0.005622265,0.000184383,5
matter,299,0.043214337,0.000125239,0.023029069,0.00031776,0
maturation,61,0.008816303,6.31E-06,0.006999963,0.000114953,7
mature,55,0.007949126,2.33E-06,0.007777957,9.16E-05,7
maturing,20,0.002890591,1.52E-08,0.003802619,5.37E-05,6
maturita,17,0.002457002,1.83E-07,0.002408896,6.81E-05,6
maturity,71,0.010261598,1.20E-05,0.009531997,0.000139335,10
maximal,34,0.004914005,1.35E-06,0.005886547,7.32E-05,2
maximize,74,0.010695187,7.36E-06,0.009902883,0.000128384,2
maximizing,15,0.002167943,8.07E-09,0.002866882,4.72E-05,6
maximum,98,0.014163897,2.84E-05,0.011208254,0.000170401,2
may;43(2):185,19,0.002746062,1.91E-06,0.001677388,8.22E-05,5
maybe,413,0.059690707,0.000293862,0.027279592,0.000404039,0
mayo,226,0.03266368,0.00017975,0.016785269,0.000301881,5
mba,17,0.002457002,1.26E-08,0.002924779,5.74E-05,9
mbchb,64,0.009249892,2.02E-05,0.007586168,0.000137875,9
mbcs,19,0.002746062,9.67E-07,0.002144169,8.90E-05,9
mcbride,20,0.002890591,3.99E-07,0.001935846,9.13E-05,5
mcdonald,17,0.002457002,9.75E-09,0.003761933,5.06E-05,0
mcgarvey,20,0.002890591,3.62E-06,0.001760172,1.00E-04,9
mcgill,16,0.002312473,1.84E-06,0.001815899,7.36E-05,9
mclachlin,20,0.002890591,3.32E-06,0.002853161,6.76E-05,5
"md,1",20,0.002890591,4.78E-06,0.00127876,0.000101087,5
"md,2",20,0.002890591,4.19E-06,0.000971207,0.000103513,5
md1,20,0.002890591,1.54E-05,0.001631487,9.68E-05,9
md10,20,0.002890591,1.37E-05,0.001030984,0.000109294,9
md11,20,0.002890591,3.15E-05,0.001414361,1.00E-04,9
md12,20,0.002890591,2.33E-05,0.001910565,9.07E-05,9
md2,20,0.002890591,8.96E-06,0.00149067,0.000100293,9
md3,20,0.002890591,2.72E-06,0.000919608,0.000110412,9
md4,20,0.002890591,1.69E-06,0.000700764,0.000114216,9
md5,20,0.002890591,1.24E-06,0.000604539,0.000116319,9
md6,20,0.002890591,1.83E-06,0.000544109,0.00011818,9
md7,20,0.002890591,1.12E-06,0.000453755,0.000121304,9
md8,20,0.002890591,1.15E-06,0.000535977,0.000120377,9
md9,20,0.002890591,2.29E-06,0.000528133,0.000119583,9
mds,17,0.002457002,2.82E-08,0.003249786,5.36E-05,0
"md‡†,3",20,0.002890591,2.42E-06,0.000959305,0.000103474,5
meagan,20,0.002890591,4.33E-06,0.001178554,0.000106045,5
meal,116,0.016765429,8.29E-05,0.012391387,0.000196823,10
mean,1035,0.149588091,0.002823604,0.039397631,0.000757892,0
meaning,55,0.007949126,6.03E-06,0.00784563,0.000104728,4
meaningful,50,0.007226478,2.16E-06,0.007234409,0.000101393,4
means,54,0.007804596,7.35E-06,0.007572263,0.000104103,6
meantime,54,0.007804596,5.95E-06,0.008119968,0.000106285,0
measure,750,0.108397167,0.001101787,0.032035068,0.000578625,4
measured,50,0.007226478,3.97E-06,0.00686265,0.000103465,2
measurement,345,0.049862697,0.000223915,0.023599327,0.000370953,4
meat,36,0.005203064,3.52E-06,0.005568571,9.05E-05,10
mechanism,116,0.016765429,9.83E-05,0.012272213,0.000195741,5
mechanistically,16,0.002312473,4.37E-08,0.00294462,5.15E-05,7
med,57,0.008238185,3.57E-05,0.006594598,0.000157932,0
med.0000000000000086,20,0.002890591,1.08E-06,0.002200897,8.20E-05,5
medial,19,0.002746062,8.90E-08,0.003584941,5.68E-05,0
median,62,0.008960832,3.51E-06,0.008392493,0.000110417,4
medical,1479,0.213759214,0.011112788,0.044593889,0.001109308,9
medically,196,0.028327793,9.32E-05,0.015564483,0.000240741,9
medicare,19,0.002746062,7.94E-08,0.003294387,6.32E-05,4
medicate,45,0.00650383,1.78E-06,0.006052678,8.82E-05,6
medicated,36,0.005203064,4.25E-06,0.005212396,9.29E-05,2
medication,1272,0.183841596,0.004053595,0.044714511,0.000860807,2
medicine,986,0.142506143,0.004905142,0.035144887,0.000900927,9
medicine.net,13,0.001878884,2.15E-08,0.002424756,4.66E-05,9
meditation,68,0.00982801,4.85E-06,0.009220624,0.000110953,7
mediterranean,35,0.005058534,1.97E-06,0.00600892,8.10E-05,10
medium,161,0.023269259,0.000119223,0.014765167,0.000255436,9
medline,52,0.007515537,6.47E-06,0.006320933,0.000114507,4
medlineplus,31,0.004480416,1.09E-06,0.004535019,8.25E-05,9
medlineplus.gov,9,0.001300766,0,0.001884101,3.84E-05,9
meet,363,0.052464229,0.000257064,0.025401317,0.000390621,2
meeting,43,0.006214771,7.09E-06,0.005437125,0.000112246,4
meikle,27,0.003902298,2.33E-07,0.003725585,6.39E-05,7
melatonin,34,0.004914005,1.38E-06,0.00591408,7.76E-05,7
melish,17,0.002457002,3.95E-07,0.002620003,5.59E-05,7
mellitus,51,0.007371007,3.59E-06,0.00657617,0.000106083,7
melme,46,0.00664836,9.79E-06,0.004447892,0.000128488,5
member,323,0.046683047,0.000780104,0.023445122,0.000413071,9
membership,53,0.007660066,1.04E-05,0.007582943,0.000112384,9
membrane,36,0.005203064,2.23E-06,0.005547069,9.22E-05,2
memorial,33,0.004769475,1.19E-05,0.002394751,0.00013271,9
memory,281,0.040612805,0.000293405,0.020710693,0.000327061,6
men,19,0.002746062,2.09E-07,0.003292206,6.54E-05,2
"men.29,32",18,0.002601532,5.66E-08,0.00328562,5.70E-05,4
men.436,17,0.002457002,1.08E-07,0.003123613,6.06E-05,2
men.438,15,0.002167943,1.06E-08,0.003002803,4.73E-05,2
men.65,16,0.002312473,5.45E-09,0.002774355,4.64E-05,6
men5,20,0.002890591,9.74E-08,0.003408361,6.11E-05,4
mendonça,20,0.002890591,7.61E-08,0.00281613,7.29E-05,9
meno,19,0.002746062,6.66E-07,0.003365623,6.82E-05,0
menopausal,78,0.011273305,3.18E-06,0.009137725,0.000110017,6
menopause,654,0.09452233,0.001025225,0.026950719,0.000520461,6
mens,18,0.002601532,4.47E-07,0.002102705,7.64E-05,5
menstrual,90,0.01300766,1.46E-05,0.009533496,0.000141133,6
menstruate,15,0.002167943,1.54E-08,0.002886002,4.72E-05,7
menstruation,118,0.017054488,1.68E-05,0.011607773,0.000161042,6
mental,578,0.083538084,0.000714612,0.030635648,0.000508249,0
mentally,135,0.01951149,2.83E-05,0.014434603,0.000185088,6
mention,210,0.030351207,5.22E-05,0.018585976,0.000236027,0
mentor,19,0.002746062,5.21E-07,0.002943373,6.38E-05,7
menu,76,0.010984246,8.20E-06,0.009921249,0.000137333,0
mercury,19,0.002746062,6.50E-07,0.002964593,7.13E-05,10
merely,37,0.005347594,1.49E-06,0.005743142,9.26E-05,2
merit,16,0.002312473,1.50E-07,0.003058561,5.47E-05,0
merkle,16,0.002312473,7.13E-09,0.002836446,5.25E-05,7
merschel,15,0.002167943,2.86E-08,0.002631765,4.72E-05,9
mesotherapy,18,0.002601532,1.20E-07,0.002883883,6.17E-05,7
mess,20,0.002890591,9.90E-09,0.003975326,5.35E-05,2
message,142,0.020523197,3.30E-05,0.014601926,0.00019181,0
messaging,18,0.002601532,1.00E-07,0.002948593,6.54E-05,6
messenger,40,0.005781182,2.88E-07,0.005996136,7.68E-05,7
messy,18,0.002601532,4.06E-08,0.003291483,5.74E-05,2
meta,251,0.036276919,0.000191178,0.019872463,0.000338467,4
metab,71,0.010261598,0.000103094,0.005796721,0.000188083,5
metabolic,384,0.05549935,0.000399106,0.024009284,0.000401705,7
metabolise,35,0.005058534,5.27E-07,0.00551904,7.43E-05,7
metabolism,306,0.044226044,0.000394125,0.021028481,0.00037087,9
metabolite,54,0.007804596,2.42E-06,0.007764201,0.000108706,7
metabolization,19,0.002746062,1.31E-08,0.003899845,5.36E-05,2
metabolize,86,0.012429542,2.19E-06,0.011211347,0.000123093,2
metal,39,0.005636653,2.55E-06,0.005754916,9.61E-05,2
metastatic,68,0.00982801,6.16E-06,0.0084266,0.000104339,4
metered,33,0.004769475,6.85E-06,0.004258752,0.000109845,2
method,456,0.065905478,0.0003053,0.029719869,0.000413281,2
methodist,36,0.005203064,1.07E-06,0.005366719,7.80E-05,4
methodological,20,0.002890591,5.63E-07,0.003382768,6.51E-05,4
methodologically,19,0.002746062,9.32E-08,0.003608386,5.78E-05,0
methodologist,18,0.002601532,4.53E-08,0.003498369,5.74E-05,4
methodology,157,0.02269114,3.61E-05,0.015601024,0.000221469,4
methotrexate,18,0.002601532,2.19E-08,0.003082282,5.29E-05,7
metoclopramide,20,0.002890591,5.61E-07,0.003352546,7.00E-05,7
metronome,16,0.002312473,2.26E-08,0.003494235,5.03E-05,0
metropolitan,34,0.004914005,4.74E-06,0.005180287,9.31E-05,9
metros,20,0.002890591,6.51E-08,0.00359881,6.31E-05,6
metuchen,15,0.002167943,3.98E-08,0.001667104,7.31E-05,9
mg/5,20,0.002890591,7.71E-07,0.001757781,9.07E-05,2
mhb,17,0.002457002,3.66E-07,0.002098822,7.61E-05,9
mhc,20,0.002890591,2.27E-07,0.003614464,5.47E-05,9
miami,54,0.007804596,1.61E-05,0.005834505,0.000139559,8
michael,49,0.007081948,4.57E-06,0.006612325,0.00010283,9
michelle,30,0.004335887,2.61E-06,0.003783112,9.04E-05,8
michigan,48,0.006937419,2.43E-06,0.007069694,0.000106149,9
micro,20,0.002890591,1.02E-08,0.004219819,5.59E-05,7
microbiome,19,0.002746062,1.22E-07,0.003417188,6.08E-05,0
microdose,75,0.010839717,8.33E-06,0.009949198,0.000141082,2
microdosing,83,0.011995953,6.29E-06,0.011310127,0.000139882,2
microemboli,20,0.002890591,5.48E-07,0.00307232,7.39E-05,2
microneedle,13,0.001878884,5.23E-07,0.001903561,5.53E-05,6
microneedling,31,0.004480416,1.92E-06,0.00432407,8.67E-05,6
microphone,13,0.001878884,5.20E-07,0.002099115,5.31E-05,0
microporous,17,0.002457002,1.75E-07,0.002688675,6.08E-05,2
microprocessor,14,0.002023414,1.77E-09,0.002126252,4.91E-05,7
microscope,18,0.002601532,2.07E-06,0.002702642,6.50E-05,11
microsurgery,19,0.002746062,2.47E-07,0.003187859,5.90E-05,0
mid,107,0.015464663,8.48E-06,0.012814732,0.000154597,4
mid-,18,0.002601532,6.24E-08,0.003200653,5.56E-05,7
mid-20,20,0.002890591,7.15E-07,0.003197512,7.07E-05,10
mid-30s,20,0.002890591,1.66E-07,0.003731382,5.83E-05,4
middle,317,0.045815869,0.000231051,0.022746664,0.000338648,0
midlife,62,0.008960832,3.28E-05,0.008161264,0.0001248,0
midsection,36,0.005203064,2.55E-07,0.00564807,7.19E-05,7
midwest,18,0.002601532,2.12E-08,0.003348743,5.81E-05,0
mike,41,0.005925712,3.47E-06,0.004554974,9.43E-05,5
mild,255,0.036855037,7.89E-05,0.020928427,0.000273865,2
milestone,67,0.00968348,1.37E-05,0.006075381,0.00014364,3
milk,75,0.010839717,4.15E-05,0.007654916,0.000148354,7
milky,18,0.002601532,2.59E-08,0.002940498,5.65E-05,7
mill,20,0.002890591,1.11E-07,0.003679007,6.17E-05,0
millar,19,0.002746062,1.39E-07,0.003005271,6.50E-05,4
miller,40,0.005781182,2.21E-06,0.005534245,9.33E-05,0
millimeter,18,0.002601532,8.64E-09,0.003514957,5.55E-05,6
million,68,0.00982801,9.64E-07,0.008703483,9.10E-05,6
milman,20,0.002890591,2.99E-06,0.001824423,8.48E-05,5
mimic,158,0.02283567,4.67E-05,0.015846944,0.000199838,7
mimicking,19,0.002746062,3.01E-08,0.003905432,5.77E-05,2
mimics,19,0.002746062,2.19E-08,0.003696249,5.57E-05,4
mind,296,0.042780749,0.000317053,0.020608601,0.000335727,0
mindful,19,0.002746062,3.58E-08,0.003962317,5.73E-05,6
mindfulness,20,0.002890591,3.30E-07,0.003256808,7.19E-05,6
mindset,51,0.007371007,3.11E-06,0.007447652,0.000111811,6
mindy,17,0.002457002,8.37E-07,0.002586851,7.28E-05,0
miner,19,0.002746062,1.36E-06,0.000395209,0.000117043,5
mineral,226,0.03266368,6.77E-05,0.01819723,0.000243557,6
minhas,35,0.005058534,2.95E-05,0.003148574,0.000128046,5
mini,19,0.002746062,1.38E-07,0.003506727,5.82E-05,7
miniaturization,17,0.002457002,8.02E-08,0.003139255,5.40E-05,7
minimal,122,0.017632606,3.51E-05,0.013886187,0.000180257,2
minimally,58,0.008382714,6.34E-06,0.008284342,0.000114936,2
minimise,146,0.021101315,2.09E-05,0.016111505,0.000190111,7
minimize,192,0.027749675,1.54E-05,0.018845566,0.000203978,2
minimum,126,0.018210724,1.62E-05,0.014602257,0.000167906,2
minn,10,0.001445296,1.15E-09,0.001498329,4.81E-05,9
minnesota,12,0.001734355,5.58E-08,0.001824224,5.63E-05,9
minor,146,0.021101315,0.000232118,0.013301954,0.000256063,9
minoxidil,74,0.010695187,6.42E-06,0.00936967,0.000139587,7
minstlm,19,0.002746062,9.50E-07,0.002323288,8.70E-05,9
minus,47,0.006792889,3.17E-07,0.007570626,8.51E-05,0
minute,447,0.064604712,0.000528505,0.027743319,0.000456732,2
minutes.425,20,0.002890591,1.93E-07,0.003213726,6.77E-05,4
minutes.438,18,0.002601532,1.17E-07,0.003335974,5.84E-05,2
miracle,20,0.002890591,4.04E-07,0.003579191,6.09E-05,0
miraculous,15,0.002167943,1.47E-08,0.002875689,4.95E-05,0
mirror,19,0.002746062,1.31E-07,0.003515599,5.77E-05,0
mirroring,20,0.002890591,1.73E-07,0.003319355,6.56E-05,4
misconception,86,0.012429542,1.30E-05,0.010002741,0.00013457,0
misdiagnose,54,0.007804596,6.08E-06,0.007314519,0.000104984,4
misdiagnosis,18,0.002601532,1.06E-08,0.003264133,4.98E-05,4
miserable,37,0.005347594,2.71E-06,0.005663151,8.39E-05,0
misinformation,18,0.002601532,3.23E-08,0.003322154,5.55E-05,9
mislead,50,0.007226478,1.98E-06,0.007697602,0.000103357,0
misleading,35,0.005058534,2.85E-07,0.005676045,7.11E-05,6
miss,266,0.038444862,9.41E-05,0.020824728,0.000274692,0
mission,115,0.016620899,3.72E-05,0.011410976,0.000177564,9
mistake,72,0.010406128,1.88E-05,0.008229007,0.00012999,0
mistaken,17,0.002457002,2.82E-08,0.003040671,5.27E-05,6
misunderstand,18,0.002601532,1.38E-07,0.002815242,6.55E-05,7
misunderstanding,15,0.002167943,3.43E-09,0.00278907,4.32E-05,6
misunderstood,30,0.004335887,1.02E-06,0.00482341,6.65E-05,2
misuse,91,0.01315219,5.05E-06,0.01114526,0.00013593,7
mitch,410,0.059257118,0.000363414,0.025226896,0.000432008,0
mitigate,113,0.01633184,1.73E-05,0.012618006,0.000158099,7
mitigation,19,0.002746062,7.50E-07,0.003799759,5.96E-05,4
mix,90,0.01300766,8.17E-06,0.010859248,0.000136017,0
mixed,106,0.015320133,5.89E-06,0.012072293,0.000139994,4
mixture,36,0.005203064,2.09E-06,0.005294445,9.06E-05,2
mizokami,20,0.002890591,3.48E-06,0.002220121,8.89E-05,5
mmas,17,0.002457002,9.07E-08,0.003062692,5.26E-05,4
mobile,18,0.002601532,5.80E-07,0.002753218,5.09E-05,0
mobility,54,0.007804596,5.26E-06,0.007234932,0.000115968,6
modality,103,0.014886544,1.68E-05,0.012498454,0.000158862,2
mode,48,0.006937419,1.18E-05,0.006714899,9.84E-05,10
model,68,0.00982801,4.00E-05,0.008210125,0.000156536,1
moderate,373,0.053909524,0.000203956,0.024717268,0.000367458,4
moderately,32,0.004624946,1.47E-06,0.004636239,7.31E-05,4
moderation,38,0.005492123,1.91E-06,0.005891547,9.11E-05,10
modern,73,0.010550658,7.59E-06,0.009544536,0.000136825,7
modest,68,0.00982801,3.28E-06,0.008802956,0.000104351,6
modifiable,50,0.007226478,3.89E-06,0.007208948,0.000104914,0
modification,183,0.026448909,2.47E-05,0.017156258,0.000190223,2
modify,130,0.018788842,0.00010628,0.012509461,0.000224351,9
modulate,19,0.002746062,4.51E-08,0.003632548,6.12E-05,6
modulator,86,0.012429542,1.18E-05,0.009815992,0.000137302,7
mohit,20,0.002890591,1.02E-05,0.001282246,0.000103668,9
mohr,19,0.002746062,1.69E-07,0.002517655,6.59E-05,5
moisture,17,0.002457002,1.39E-07,0.002858004,6.57E-05,2
moisturize,15,0.002167943,7.43E-08,0.00269431,5.61E-05,2
moisturizing,31,0.004480416,1.39E-06,0.005001914,8.15E-05,2
mojo,15,0.002167943,1.32E-07,0.002502737,5.13E-05,0
molecular,87,0.012574071,0.00012739,0.008221435,0.000211705,5
molecule,17,0.002457002,8.47E-09,0.003355119,4.94E-05,7
moment,84,0.012140483,2.39E-05,0.010650422,0.000147195,0
monday,19,0.002746062,1.67E-08,0.003810275,5.30E-05,4
money,61,0.008816303,3.93E-06,0.008740356,0.000119041,0
monitor,559,0.080792022,0.000336444,0.030550059,0.000413803,4
monitored,17,0.002457002,5.22E-08,0.003104294,5.32E-05,7
monitoring,375,0.054198584,0.000198481,0.026308083,0.000362113,4
monkeypox,18,0.002601532,2.60E-07,0.002198753,7.67E-05,3
monocyte,12,0.001734355,1.81E-06,0.001427727,5.98E-05,7
monograph,20,0.002890591,1.32E-07,0.002749327,7.30E-05,2
monosaturate,16,0.002312473,1.37E-07,0.002655387,5.72E-05,10
monotherapy,97,0.014019367,1.00E-05,0.011381754,0.000148269,7
month,883,0.127619598,0.001506335,0.039090221,0.000679602,2
monthly,74,0.010695187,7.35E-06,0.010099124,0.000134708,2
months).5,19,0.002746062,4.81E-08,0.003434497,5.85E-05,4
months.447,19,0.002746062,2.47E-08,0.003843452,5.81E-05,2
months.77,19,0.002746062,1.35E-08,0.003454453,5.48E-05,6
montori,19,0.002746062,1.25E-07,0.002965434,5.87E-05,5
montreal,19,0.002746062,2.39E-06,0.002185567,8.02E-05,9
mood,719,0.103916751,0.000979468,0.030637942,0.000548622,6
moodiness,80,0.011562365,6.29E-06,0.009543588,0.000113745,6
morbidity,72,0.010406128,8.26E-06,0.009216346,0.000127993,7
morgentaler,75,0.010839717,0.000255421,0.006681443,0.000205727,9
morning,462,0.066772655,0.000290586,0.025411047,0.000373068,2
moroccan,17,0.002457002,3.18E-07,0.002709621,5.64E-05,10
mortality,164,0.023702847,4.19E-05,0.01439577,0.000219165,4
mortality.56,18,0.002601532,5.83E-08,0.003190607,5.92E-05,4
mortality.67,19,0.002746062,5.53E-07,0.003506971,5.63E-05,4
moserthroughout,16,0.002312473,7.04E-08,0.002784227,5.95E-05,9
mother,87,0.012574071,2.46E-05,0.009656968,0.000163215,7
motility,36,0.005203064,1.09E-06,0.005654733,8.34E-05,10
motion,19,0.002746062,3.87E-08,0.003307472,5.87E-05,7
motional,20,0.002890591,1.01E-07,0.00371629,6.35E-05,0
motivate,39,0.005636653,1.88E-06,0.005904207,8.54E-05,6
motivated,52,0.007515537,9.25E-07,0.007676871,8.86E-05,0
motivation,240,0.034687094,8.55E-05,0.019002707,0.000277577,6
mount,39,0.005636653,8.00E-08,0.006038174,7.06E-05,7
mountain,34,0.004914005,4.94E-06,0.004432412,9.80E-05,9
moura,20,0.002890591,1.19E-06,0.002052568,9.64E-05,5
mouse,18,0.002601532,3.06E-07,0.002550042,7.42E-05,9
moustache,18,0.002601532,1.47E-07,0.002845822,6.38E-05,6
mouth,103,0.014886544,3.10E-06,0.012219136,0.000128737,2
movement,16,0.002312473,1.43E-07,0.003069274,5.56E-05,0
movie,37,0.005347594,1.23E-05,0.005255903,1.00E-04,0
mph,25,0.003613239,0.000107907,0.00102357,0.000129126,5
mrcgp,48,0.006937419,5.79E-06,0.006492276,0.000103556,9
mri,98,0.014163897,1.20E-05,0.010682687,0.000154987,7
mris,18,0.002601532,2.89E-08,0.003290073,5.21E-05,7
mrsb,19,0.002746062,1.11E-06,0.002249796,8.91E-05,9
msacl.org,18,0.002601532,3.41E-07,0.002326002,7.66E-05,9
msc,40,0.005781182,0.000127295,0.002386296,0.000175107,5
muco,19,0.002746062,9.09E-07,0.00288534,6.61E-05,2
mucosa,37,0.005347594,1.82E-06,0.0060717,9.12E-05,2
mucosal,19,0.002746062,3.95E-08,0.003771383,5.75E-05,2
mucous,19,0.002746062,3.45E-08,0.003824712,5.78E-05,2
muddle,20,0.002890591,1.57E-08,0.003867866,5.89E-05,6
mulhall,45,0.00650383,9.14E-05,0.005116101,0.000137008,5
multi,105,0.015175603,9.12E-05,0.011474033,0.000199672,3
multicenter,36,0.005203064,2.00E-06,0.005220087,9.10E-05,4
multidisciplinary,45,0.00650383,4.43E-06,0.006026771,0.000100279,9
multidose,16,0.002312473,7.25E-07,0.0017816,7.75E-05,2
multifactorial,54,0.007804596,6.48E-06,0.007844005,0.000110131,6
multimedia,18,0.002601532,7.49E-08,0.003309733,5.58E-05,4
multimorbidity,57,0.008238185,2.54E-06,0.007748086,0.000108047,4
multiple,370,0.053475936,0.000195661,0.026030496,0.000345929,2
multisystem,19,0.002746062,3.68E-07,0.00318882,5.87E-05,7
multitude,18,0.002601532,5.25E-08,0.003043534,5.60E-05,7
multivitamin,58,0.008382714,2.59E-06,0.00782517,0.000103247,2
mump,103,0.014886544,2.58E-05,0.010519892,0.000162973,7
mumps,52,0.007515537,1.57E-06,0.006829787,0.000101305,7
muniz,20,0.002890591,1.51E-06,0.000644909,0.000120658,5
murad,19,0.002746062,1.03E-06,0.000385512,0.000118174,5
muraleedharan,20,0.002890591,2.08E-07,0.003528432,6.09E-05,4
"muraleedharan,233",19,0.002746062,4.72E-08,0.003163544,6.07E-05,4
muscle,1015,0.1466975,0.002417321,0.033241695,0.000671414,6
muscular,170,0.024570025,4.04E-05,0.015001393,0.000208778,6
musculature,34,0.004914005,4.28E-06,0.004957552,8.43E-05,6
muse,18,0.002601532,8.48E-08,0.002837547,6.63E-05,2
mushroom,19,0.002746062,2.37E-06,0.00280684,7.05E-05,6
musi,96,0.013874837,1.58E-05,0.010058916,0.000154227,0
music,30,0.004335887,1.05E-06,0.003912406,8.76E-05,0
mutation,89,0.012863131,9.34E-06,0.009328174,0.000141752,7
muthigi,169,0.024425495,2.27E-05,0.016132192,0.000195411,2
mychart,48,0.006937419,5.23E-06,0.006865107,0.000115137,0
myelodysplastic,16,0.002312473,3.68E-07,0.003054545,5.12E-05,7
myers,19,0.002746062,1.76E-07,0.00279472,6.99E-05,8
myhealth,38,0.005492123,4.28E-06,0.005143399,7.85E-05,0
myocardial,138,0.019945079,3.05E-05,0.013479549,0.000220386,4
myotonic,33,0.004769475,1.92E-06,0.004377279,8.97E-05,7
myriad,70,0.010117069,1.37E-06,0.009346009,9.68E-05,6
myth,212,0.030640266,7.39E-05,0.018019555,0.000263148,0
n.l,20,0.002890591,1.34E-06,0.002348558,8.60E-05,5
"n=1,261",17,0.002457002,1.18E-07,0.002602204,6.16E-05,4
"n=1,773",15,0.002167943,6.16E-08,0.00246989,5.44E-05,4
n=13,20,0.002890591,2.36E-07,0.003341029,6.52E-05,4
n=238,16,0.002312473,4.48E-08,0.002956085,4.67E-05,4
n=343,16,0.002312473,1.79E-07,0.002551895,5.52E-05,4
"n=37,565",16,0.002312473,1.81E-08,0.003021852,4.99E-05,4
n=395,18,0.002601532,1.52E-08,0.003462022,4.69E-05,4
"n=55,593",18,0.002601532,2.10E-07,0.002755771,6.45E-05,4
n=581,18,0.002601532,1.64E-07,0.002910147,5.82E-05,4
nad,18,0.002601532,1.02E-07,0.002975997,5.60E-05,7
nada,17,0.002457002,1.57E-07,0.002773532,5.87E-05,0
nagaraju,20,0.002890591,3.82E-07,0.003801342,6.41E-05,4
nagging,19,0.002746062,7.48E-08,0.003371014,6.04E-05,0
nail,32,0.004624946,3.05E-07,0.005509788,7.50E-05,0
namesake,17,0.002457002,1.51E-07,0.002497679,6.54E-05,10
namiki,20,0.002890591,4.81E-06,0.002192498,9.00E-05,5
nandrolone,17,0.002457002,3.16E-07,0.003544635,5.85E-05,2
nannan,20,0.002890591,3.61E-08,0.003637364,5.56E-05,9
nanogram,174,0.025148143,2.80E-05,0.014041861,0.00018232,4
nanomole,14,0.002023414,1.70E-08,0.002570375,4.86E-05,4
narcotic,54,0.007804596,7.24E-07,0.007227538,9.01E-05,7
narrow,65,0.009394421,5.66E-06,0.007961481,0.000119134,2
narrowing,31,0.004480416,5.56E-07,0.004763978,6.88E-05,6
nasal,253,0.036565978,0.000119487,0.020538152,0.000306888,2
nasir,123,0.017777135,1.35E-05,0.01275697,0.00017106,4
nasopharyngitis,19,0.002746062,1.88E-07,0.003487634,6.35E-05,2
natesto,133,0.019222431,4.77E-05,0.013954441,0.000215524,2
nation,48,0.006937419,1.13E-05,0.006272988,0.000110386,9
national,308,0.044515103,0.000561039,0.019035011,0.000393971,9
nationwide,58,0.008382714,8.82E-06,0.008299405,0.000124912,9
native,19,0.002746062,2.62E-08,0.003910697,5.06E-05,0
natural,635,0.091776268,0.00055948,0.031961533,0.000476529,7
naturally,513,0.074143662,0.000319462,0.025522994,0.000378513,7
nature,186,0.026882497,0.000103238,0.01757672,0.000257673,4
naturopathic,19,0.002746062,7.59E-08,0.003822192,5.69E-05,0
nausea,78,0.011273305,1.66E-05,0.009973226,0.000142504,6
navigate,84,0.012140483,3.87E-06,0.010518386,0.000127456,2
navigation,34,0.004914005,1.49E-06,0.00494224,8.85E-05,0
navy,20,0.002890591,6.49E-07,0.001496576,9.19E-05,10
nayeri,44,0.0063593,7.76E-07,0.006644848,8.67E-05,4
naïve,20,0.002890591,1.16E-07,0.003455485,6.27E-05,4
ncbi.nlm.nih.gov,49,0.007081948,2.48E-05,0.004110925,0.000183005,5
ncic,35,0.005058534,6.88E-06,0.004221578,0.000104898,9
neapolitan,16,0.002312473,9.36E-08,0.002845894,6.27E-05,0
near,195,0.028183263,6.78E-05,0.017338675,0.000233945,0
nearby,19,0.002746062,1.27E-07,0.003484326,5.88E-05,0
nearly,227,0.032808209,0.00011732,0.018097265,0.000261665,4
nebido,44,0.0063593,6.67E-06,0.005790461,0.000118166,2
nebraska,19,0.002746062,1.28E-06,0.002687357,6.98E-05,9
necessarily,353,0.051018933,0.000247438,0.024828148,0.000354011,0
necessary,449,0.064893771,0.000344539,0.02887458,0.000412378,2
necessitate,20,0.002890591,4.65E-07,0.003333141,6.48E-05,4
necessity,16,0.002312473,2.99E-08,0.002641416,6.33E-05,0
neck,51,0.007371007,8.66E-06,0.006434072,0.000110883,7
need,1550,0.224020812,0.006695555,0.045775071,0.00095327,0
needle,236,0.034108975,0.000159133,0.01851674,0.000290852,2
needless,17,0.002457002,2.33E-08,0.003754183,5.12E-05,2
negate,37,0.005347594,5.11E-07,0.005935894,8.14E-05,4
negative,350,0.050585345,0.000201465,0.023590085,0.000349354,7
negatively,163,0.023558318,1.99E-05,0.015973784,0.000184225,7
negativity,20,0.002890591,9.80E-08,0.003667278,7.00E-05,1
neglect,20,0.002890591,1.31E-07,0.003630693,6.02E-05,6
negotiable,30,0.004335887,2.37E-07,0.005794358,6.88E-05,2
nehra,20,0.002890591,1.26E-06,0.002108254,8.32E-05,5
neighbor,17,0.002457002,4.08E-08,0.003339318,5.76E-05,0
nejmoa2215025,17,0.002457002,1.45E-07,0.002772808,6.38E-05,4
nelson,63,0.009105362,0.00060152,0.003757009,0.000199113,5
neonatal,17,0.002457002,2.36E-07,0.003114893,5.79E-05,7
nerd,18,0.002601532,1.53E-08,0.003440831,5.00E-05,7
nerve,65,0.009394421,3.92E-06,0.008577288,0.000103993,7
nervosa,19,0.002746062,3.94E-08,0.003279182,5.92E-05,7
nervous,113,0.01633184,7.35E-05,0.01063529,0.000215107,6
nestle,16,0.002312473,4.17E-07,0.001633787,7.17E-05,9
net,57,0.008238185,6.69E-06,0.006666499,0.000105747,4
netflix,16,0.002312473,6.00E-08,0.00298099,6.10E-05,0
network,141,0.020378667,0.000101231,0.012137384,0.000245019,9
neural,35,0.005058534,1.16E-05,0.004826101,9.12E-05,6
neurochemical,20,0.002890591,7.78E-08,0.003681401,6.41E-05,6
neuroimage,20,0.002890591,1.68E-06,0.002553934,7.63E-05,5
neurological,31,0.004480416,2.97E-06,0.004153768,8.55E-05,7
neuropathy,20,0.002890591,4.45E-08,0.003425795,5.12E-05,7
neuropsychiatric,18,0.002601532,2.59E-07,0.002947259,6.14E-05,7
neurotransmitter,127,0.018355254,2.92E-05,0.012889213,0.000198585,7
neutral,45,0.00650383,8.60E-06,0.006222468,0.000106884,4
neutralize,17,0.002457002,1.19E-08,0.00320649,5.28E-05,7
neutrophil,15,0.002167943,5.91E-06,0.001729903,6.43E-05,7
never,288,0.041624512,0.000115337,0.022209508,0.00029831,0
new,808,0.116779881,0.002351964,0.037240786,0.000723976,2
newborn,40,0.005781182,1.16E-05,0.004623189,9.16E-05,7
newly,20,0.002890591,1.00E-06,0.00346073,6.26E-05,0
newlywed,18,0.002601532,1.02E-07,0.003598151,5.93E-05,0
news,267,0.038589392,0.000385185,0.019072196,0.000361679,9
newsletter,90,0.01300766,3.73E-05,0.007997789,0.00013751,9
newsroom,18,0.002601532,1.62E-07,0.003108578,6.38E-05,0
nexus,19,0.002746062,3.01E-07,0.002580443,7.28E-05,9
nhs,252,0.036421448,0.000261804,0.02005065,0.000316211,2
nice,73,0.010550658,5.66E-06,0.009804499,0.000119853,0
niche,19,0.002746062,9.71E-07,0.002975491,7.28E-05,0
nicolas,35,0.005058534,2.52E-06,0.004662768,8.43E-05,9
nicole,18,0.002601532,5.81E-08,0.003030061,5.34E-05,9
nicotine,18,0.002601532,9.71E-08,0.003544631,5.80E-05,2
nificant,20,0.002890591,4.45E-07,0.003514705,6.48E-05,4
night,347,0.050151756,0.000315831,0.023530136,0.000375956,0
nighter,19,0.002746062,1.50E-07,0.003181187,6.54E-05,0
nightly,18,0.002601532,4.01E-08,0.003536186,5.86E-05,7
nih,18,0.002601532,1.00E-08,0.003139263,5.09E-05,4
nihms627664,20,0.002890591,5.37E-06,0.001274448,0.000103583,5
nihmsid,20,0.002890591,9.50E-07,0.001390676,0.000104208,5
nipple,26,0.003757768,1.52E-06,0.004281419,6.91E-05,7
nissen,66,0.009538951,6.86E-05,0.006654206,0.000147736,5
nitrate,35,0.005058534,2.28E-06,0.005304518,8.97E-05,2
nitric,30,0.004335887,1.08E-06,0.004212527,7.99E-05,7
nmol,214,0.030929325,5.18E-05,0.016538562,0.000234768,4
nobel,19,0.002746062,2.40E-07,0.002742458,6.91E-05,7
nocturia,16,0.002312473,1.30E-08,0.002966146,5.14E-05,7
nocturnal,31,0.004480416,4.70E-06,0.004393892,7.69E-05,5
nodule,43,0.006214771,4.28E-06,0.005785932,9.56E-05,7
nohara,20,0.002890591,1.87E-06,0.002413773,9.03E-05,5
nomenclature,26,0.003757768,2.98E-06,0.003912785,6.62E-05,4
non,440,0.063593005,0.000647018,0.024887532,0.000442912,2
nonbound,18,0.002601532,9.82E-08,0.002229783,6.69E-05,5
noncancerous,28,0.004046828,6.19E-07,0.004251823,7.37E-05,7
nonetheless,18,0.002601532,3.08E-08,0.003590022,5.46E-05,4
noninvasive,31,0.004480416,5.73E-07,0.004754323,7.99E-05,4
nonmedical,19,0.002746062,5.79E-08,0.00386403,5.33E-05,7
nonoral,30,0.004335887,2.32E-08,0.005452298,6.09E-05,2
nonprofit,19,0.002746062,2.10E-07,0.003174069,5.62E-05,9
nonsmoker,20,0.002890591,1.67E-08,0.004150619,5.31E-05,6
nonspecific,33,0.004769475,1.24E-07,0.005409914,6.42E-05,6
noon,15,0.002167943,7.67E-09,0.002789869,4.56E-05,7
noonan,17,0.002457002,9.65E-09,0.002925387,5.55E-05,7
nope,15,0.002167943,1.73E-09,0.003530839,4.69E-05,0
norm,49,0.007081948,5.62E-06,0.007366632,0.000106395,6
normal,1213,0.175314352,0.003887184,0.034964513,0.000781287,6
normalisation,36,0.005203064,1.68E-06,0.005649688,8.77E-05,6
normalise,75,0.010839717,6.55E-06,0.010106782,0.000129287,6
normalising,18,0.002601532,1.27E-07,0.003415341,5.20E-05,6
normalization,61,0.008816303,5.19E-06,0.008379277,0.000117286,4
normalize,82,0.011851424,5.23E-06,0.009437975,0.000115458,4
normalized,33,0.004769475,4.33E-07,0.005476218,8.16E-05,4
normally,233,0.033675387,0.000102407,0.018813939,0.000281785,7
north,94,0.013585778,0.000116843,0.007513315,0.000245361,9
northeast,29,0.004191357,5.31E-06,0.004234503,7.98E-05,0
northshore,20,0.002890591,2.20E-06,0.001553054,0.000104769,9
northwest,18,0.002601532,5.22E-08,0.003185287,5.85E-05,9
northwestern,34,0.004914005,1.31E-05,0.004352662,9.34E-05,9
nos,19,0.002746062,1.98E-07,0.002941668,6.76E-05,9
nose,159,0.022980199,4.89E-05,0.015311026,0.000215111,2
nosebleed,18,0.002601532,4.76E-08,0.003338707,5.58E-05,2
nostril,85,0.012285012,1.19E-05,0.010412538,0.00012845,2
not,2463,0.355976297,0.026431364,0.053488805,0.001398682,0
notable,46,0.00664836,2.71E-06,0.007025497,0.000103838,2
notably,32,0.004624946,2.89E-07,0.005204406,6.81E-05,4
note,563,0.08137014,0.000633517,0.031360434,0.000516217,4
noteworthy,20,0.002890591,1.18E-07,0.003304468,6.36E-05,2
notice,515,0.074432721,0.000683407,0.028149764,0.000463252,6
noticeable,111,0.016042781,6.52E-06,0.011926207,0.000128263,6
notion,55,0.007949126,5.53E-06,0.007630869,0.00011821,9
nourish,20,0.002890591,8.23E-08,0.004244682,5.80E-05,6
nov,33,0.004769475,2.78E-07,0.005082067,6.76E-05,6
nov;165(5):675,16,0.002312473,7.72E-06,0.00177492,7.16E-05,5
november,32,0.004624946,1.10E-06,0.004793163,7.36E-05,0
novo,16,0.002312473,1.81E-07,0.00284463,6.11E-05,6
nowadays,68,0.00982801,4.54E-06,0.00965788,0.000124878,0
noyes,20,0.002890591,1.22E-06,0.001329806,9.99E-05,9
nuance,63,0.009105362,3.17E-06,0.009396225,0.000110173,0
nuanced,62,0.008960832,1.86E-06,0.008714504,0.000106576,0
number,563,0.08137014,0.000560108,0.030990052,0.000485991,0
numerical,36,0.005203064,3.06E-06,0.005182233,9.30E-05,4
numerous,107,0.015464663,1.57E-05,0.012474754,0.000154489,6
nurse,70,0.010117069,2.68E-05,0.008437907,0.000139837,0
nursing,15,0.002167943,1.53E-07,0.00212026,5.39E-05,7
nurture,20,0.002890591,7.65E-08,0.003629364,7.03E-05,1
nut,53,0.007660066,6.20E-05,0.005642581,0.000143298,10
nutrient,181,0.02615985,5.52E-05,0.017584112,0.000231575,10
nutrition,266,0.038444862,0.000126469,0.02267424,0.000319746,10
nutritional,103,0.014886544,3.02E-05,0.010872395,0.000176572,7
nutritionist,43,0.006214771,2.29E-06,0.00643993,9.17E-05,0
nutshell,20,0.002890591,4.67E-08,0.00393074,5.65E-05,0
oat,20,0.002890591,3.01E-06,0.001862226,8.72E-05,10
obe,19,0.002746062,7.96E-07,0.00218251,7.89E-05,5
obese,201,0.029050441,2.70E-05,0.017349553,0.000217375,7
obesity,580,0.083827143,0.001981286,0.027369616,0.00051144,7
obgyn,17,0.002457002,2.14E-08,0.003311306,5.73E-05,0
objective,92,0.013296719,2.25E-05,0.01180308,0.000161815,4
objectively,37,0.005347594,1.38E-06,0.006380951,8.50E-05,0
obligate,35,0.005058534,2.94E-06,0.005398505,7.99E-05,0
obscene,20,0.002890591,8.41E-08,0.003350054,5.97E-05,0
observation,35,0.005058534,2.46E-06,0.005959998,8.72E-05,0
observational,86,0.012429542,1.49E-05,0.009750194,0.000149428,4
observe,104,0.015031074,1.58E-05,0.012519279,0.000166861,2
observed,38,0.005492123,3.22E-06,0.005970674,8.30E-05,4
obstruction,35,0.005058534,7.19E-07,0.004987969,7.58E-05,7
obstructive,238,0.034398034,7.92E-05,0.018184059,0.000260916,7
obtain,276,0.039890158,0.000162981,0.021214943,0.000310777,2
obvious,78,0.011273305,1.11E-05,0.00938167,0.000117362,6
obviously,163,0.023558318,3.36E-05,0.016190199,0.000211181,0
oby.21092,20,0.002890591,6.82E-06,0.002045545,8.70E-05,5
occasion,91,0.01315219,4.25E-06,0.010710726,0.000133667,4
occasionally,99,0.014308426,5.20E-05,0.011411475,0.00016982,10
occlusive,20,0.002890591,1.40E-07,0.003647043,6.61E-05,2
occult,16,0.002312473,3.96E-07,0.001626977,8.10E-05,3
occur,643,0.092932505,0.001060151,0.029835484,0.000543031,7
occurrence,67,0.00968348,1.28E-05,0.008535221,0.000126728,4
ocean,20,0.002890591,1.60E-07,0.003673432,6.06E-05,0
ochsner,143,0.020667727,8.76E-05,0.013170674,0.000217379,9
oct,13,0.001878884,1.19E-07,0.001647021,6.10E-05,9
october,29,0.004191357,3.62E-06,0.003277311,8.76E-05,5
odd,53,0.007660066,6.67E-06,0.007607191,0.000114899,4
oestradiol,289,0.041769042,0.000119444,0.022003226,0.000317331,7
oestrodiol,17,0.002457002,4.94E-08,0.003394161,5.34E-05,7
oestrogen,376,0.054343113,0.000234087,0.024691082,0.000375456,7
offer,813,0.117502529,0.001310416,0.038573139,0.000635096,2
offering,19,0.002746062,3.81E-08,0.003670799,5.90E-05,0
office,292,0.04220263,0.000311595,0.022456918,0.000341839,0
officer,23,0.00332418,3.44E-07,0.003249131,6.36E-05,0
official,55,0.007949126,9.93E-07,0.008169801,9.73E-05,4
officially,53,0.007660066,7.22E-06,0.007433769,9.95E-05,4
offset,31,0.004480416,2.56E-06,0.004851862,7.54E-05,0
offspre,20,0.002890591,5.40E-08,0.003374748,6.46E-05,4
oftentime,103,0.014886544,5.76E-06,0.013303527,0.000149231,0
ohio,58,0.008382714,1.31E-05,0.006893108,0.000116715,0
oil,225,0.03251915,0.000383997,0.016892218,0.000334466,2
oily,107,0.015464663,1.66E-05,0.010891472,0.000142097,7
okay,190,0.027460616,6.77E-05,0.017623423,0.000246166,0
oklahoma,19,0.002746062,2.34E-07,0.002414859,7.74E-05,9
old,906,0.130943778,0.001968611,0.033808431,0.00070035,6
"old.6,14,15",15,0.002167943,1.38E-08,0.0030781,4.74E-05,4
oligospermia,46,0.00664836,1.06E-06,0.006193674,9.03E-05,7
olive,58,0.008382714,7.40E-05,0.005758733,0.000146347,10
olympic,18,0.002601532,8.74E-08,0.003425197,5.23E-05,0
omega-3,49,0.007081948,1.66E-06,0.007321624,9.91E-05,2
omeprazole,16,0.002312473,1.26E-07,0.002576284,6.12E-05,0
omit,19,0.002746062,5.85E-07,0.003416764,6.33E-05,2
onboarde,18,0.002601532,2.13E-08,0.003628501,5.23E-05,2
oncology,18,0.002601532,4.10E-07,0.002554672,6.59E-05,7
onecare,18,0.002601532,2.07E-07,0.002693515,7.33E-05,5
ong,20,0.002890591,7.41E-06,0.001298801,0.000108629,5
ongoing,371,0.053620465,0.000187592,0.027413633,0.000364483,4
onion,95,0.013730308,8.75E-05,0.009061717,0.000177387,10
online,718,0.103772221,0.004394429,0.033331569,0.000888542,5
onset,288,0.041624512,0.000412499,0.017923281,0.000309769,5
ontario,12,0.001734355,2.27E-08,0.001164025,6.63E-05,9
ontreatment,20,0.002890591,6.53E-07,0.003895714,5.93E-05,2
oomph,18,0.002601532,8.36E-08,0.003412137,6.20E-05,0
open,246,0.035554271,0.000116581,0.020310274,0.000307742,0
opening,35,0.005058534,2.63E-06,0.00472852,9.20E-05,2
openly,30,0.004335887,8.58E-07,0.005249999,7.55E-05,0
operate,71,0.010261598,1.67E-05,0.008948162,0.000141041,9
operator,18,0.002601532,4.81E-08,0.002968668,6.47E-05,4
ophthalmology,18,0.002601532,5.13E-08,0.00324283,6.19E-05,9
opiate,47,0.006792889,2.31E-06,0.006281401,9.39E-05,7
opin,48,0.006937419,2.19E-05,0.004668168,0.000155735,5
opinion,240,0.034687094,0.000137187,0.019074611,0.00028168,0
opioid,198,0.028616852,7.13E-05,0.017218178,0.000256482,7
opportunity,186,0.026882497,2.39E-05,0.019666882,0.000217474,0
oppose,67,0.00968348,4.09E-06,0.009374475,0.000121184,0
opposite,124,0.017921665,2.89E-05,0.012931021,0.000186998,0
opt,121,0.017488076,1.50E-05,0.013398533,0.00015621,0
optimal,512,0.073999133,0.00033685,0.031336686,0.000454718,2
optimally,34,0.004914005,8.55E-07,0.005279404,7.93E-05,6
optimisation,67,0.00968348,1.61E-05,0.008813148,0.000118759,9
optimise,158,0.02283567,6.81E-06,0.017199868,0.000178312,7
optimistic,19,0.002746062,1.57E-08,0.003812585,5.59E-05,2
optimization,106,0.015320133,1.58E-05,0.012050443,0.000166254,9
optimize,318,0.045960399,8.94E-05,0.024445189,0.000302337,2
option,1071,0.154791155,0.002749523,0.040511492,0.000757365,2
optional,19,0.002746062,5.78E-09,0.003725674,5.43E-05,4
or=0.89,17,0.002457002,1.35E-07,0.003059495,5.57E-05,4
or=1.54,17,0.002457002,1.80E-07,0.002926813,5.53E-05,4
or=2.06,19,0.002746062,1.24E-07,0.003478887,5.96E-05,4
oral,486,0.070241364,0.000635607,0.027519917,0.000468733,2
orally,51,0.007371007,1.41E-06,0.00781997,0.000100314,2
oraverse,18,0.002601532,1.49E-07,0.003322043,6.19E-05,2
orchard,16,0.002312473,1.66E-07,0.002531917,6.14E-05,9
orchiectomy,52,0.007515537,8.86E-06,0.006502776,0.00010639,7
orchitis,46,0.00664836,4.95E-06,0.005816092,0.000103829,7
order,449,0.064893771,0.000352119,0.025970844,0.000380201,2
ordering,46,0.00664836,4.19E-07,0.007148364,8.41E-05,2
oregon,20,0.002890591,4.34E-08,0.003641437,6.04E-05,6
organ,303,0.043792456,0.000162662,0.019907137,0.00030704,7
organic,38,0.005492123,5.30E-06,0.005494172,9.55E-05,7
organisation,12,0.001734355,4.12E-08,0.001763092,6.07E-05,1
organise,59,0.008527244,1.46E-06,0.009052288,0.000107809,2
organization,67,0.00968348,0.000119454,0.006805999,0.000144984,5
organize,19,0.002746062,1.24E-07,0.003095586,6.80E-05,9
orgasm,79,0.011417835,1.93E-05,0.008435126,0.000135821,6
origin,37,0.005347594,2.55E-07,0.005936079,7.74E-05,7
original,115,0.016620899,3.51E-05,0.012485134,0.000177901,0
originally,112,0.01618731,2.12E-05,0.010921977,0.000158629,0
originating,15,0.002167943,7.05E-08,0.002342114,5.71E-05,10
orthinne,19,0.002746062,8.06E-09,0.003184443,4.89E-05,7
orthopaedic,32,0.004624946,2.50E-06,0.00401006,9.43E-05,7
orthopedic,19,0.002746062,1.26E-08,0.003906807,5.33E-05,6
osa,32,0.004624946,5.84E-07,0.005074212,7.02E-05,7
osinubi,20,0.002890591,1.22E-06,0.002696735,7.73E-05,5
osteopenia,38,0.005492123,2.41E-06,0.00527549,9.34E-05,7
osteoporosis,313,0.045237751,0.000171104,0.02068946,0.000305979,6
osterberg,15,0.002167943,2.83E-09,0.003014843,4.37E-05,6
otc,20,0.002890591,4.34E-07,0.002412075,7.65E-05,3
otolaryngology,19,0.002746062,2.49E-07,0.002691052,6.81E-05,7
outburst,17,0.002457002,2.29E-08,0.003297876,5.43E-05,7
outcome,427,0.061714121,0.000471315,0.029020132,0.000445345,4
outer,45,0.00650383,1.98E-06,0.006634333,9.17E-05,2
outlandish,18,0.002601532,3.52E-08,0.003519591,5.16E-05,0
outline,93,0.013441249,1.66E-05,0.011136358,0.000141042,0
outlook,53,0.007660066,2.56E-06,0.007656422,9.15E-05,7
outnumber,20,0.002890591,4.49E-08,0.004101132,6.22E-05,0
outpace,20,0.002890591,1.04E-07,0.003879829,5.84E-05,0
outpatient,55,0.007949126,7.73E-06,0.007404486,0.00012662,2
output,51,0.007371007,1.77E-06,0.007141255,9.28E-05,6
outside,276,0.039890158,0.000130316,0.022798924,0.000311492,2
outweigh,132,0.019077901,2.01E-05,0.013297394,0.000178513,0
ovarian,112,0.01618731,2.68E-05,0.010318841,0.000160206,7
ovary,261,0.037722214,6.26E-05,0.017548712,0.000243536,7
overactive,18,0.002601532,6.16E-08,0.003027143,4.91E-05,7
overall,895,0.129353953,0.001471472,0.038925398,0.000664048,6
overcome,52,0.007515537,4.20E-06,0.007675266,9.56E-05,2
overdiagnosing,16,0.002312473,9.16E-09,0.003001869,4.36E-05,4
overdraw,20,0.002890591,8.78E-09,0.004222789,5.10E-05,2
overeating,31,0.004480416,9.94E-08,0.005374756,6.40E-05,7
overestimate,16,0.002312473,4.60E-08,0.002839108,5.75E-05,6
overlap,52,0.007515537,9.92E-07,0.007819448,9.25E-05,6
overlapping,19,0.002746062,1.00E-08,0.003585379,5.43E-05,4
overload,36,0.005203064,1.23E-06,0.005134383,8.16E-05,7
overlook,53,0.007660066,1.04E-06,0.007521613,9.42E-05,6
overnight,20,0.002890591,5.48E-08,0.004131985,5.50E-05,6
overproduce,32,0.004624946,2.41E-07,0.005258019,7.24E-05,7
overproduction,55,0.007949126,1.70E-06,0.00751563,9.54E-05,7
override,35,0.005058534,7.55E-08,0.005986915,6.83E-05,7
oversee,18,0.002601532,2.47E-07,0.003267767,5.11E-05,2
oversight,53,0.007660066,2.94E-06,0.008125017,0.000104741,2
overstate,19,0.002746062,1.71E-07,0.003946414,6.00E-05,0
overtax,19,0.002746062,1.77E-07,0.003590188,5.86E-05,9
overtrain,20,0.002890591,6.12E-09,0.004084455,5.52E-05,10
overtraine,19,0.002746062,1.16E-08,0.003503752,4.93E-05,7
overtreat,19,0.002746062,2.64E-08,0.003608543,5.04E-05,0
overuse,20,0.002890591,5.16E-08,0.00402093,5.64E-05,2
overview,153,0.022113022,8.36E-05,0.014838814,0.000210698,5
overweight,235,0.033964446,3.90E-05,0.01844065,0.000223117,7
overwhelmed,14,0.002023414,1.22E-09,0.00301498,4.80E-05,0
overwhelming,63,0.009105362,4.01E-06,0.009122981,0.000116423,6
overwhelmingly,15,0.002167943,6.19E-08,0.003034025,5.28E-05,4
ovid,34,0.004914005,2.16E-06,0.004460644,8.70E-05,4
ovulate,17,0.002457002,8.28E-09,0.003457194,4.80E-05,0
ovulation,47,0.006792889,1.06E-06,0.006454211,9.09E-05,7
oxandrolone,18,0.002601532,3.41E-07,0.003495767,6.03E-05,2
oxf,20,0.002890591,5.24E-07,0.002991424,6.61E-05,7
oxford,19,0.002746062,1.35E-07,0.003287522,6.45E-05,6
oxidative,35,0.005058534,9.87E-07,0.004544585,8.66E-05,10
oxide,30,0.004335887,9.32E-07,0.004185647,7.96E-05,7
oxygen,123,0.017777135,3.00E-05,0.013003602,0.000184995,7
oxytocin,16,0.002312473,4.48E-09,0.003145389,4.72E-05,2
oyetewa,19,0.002746062,6.49E-08,0.003579543,5.87E-05,9
oyster,76,0.010984246,7.06E-05,0.008064139,0.000155102,10
o’leary,20,0.002890591,1.47E-06,0.001254808,0.000103634,5
p.100426,20,0.002890591,1.26E-06,0.002878081,7.29E-05,5
p.1184530,19,0.002746062,1.70E-06,0.001823307,9.30E-05,5
p.1512268,20,0.002890591,4.42E-06,0.002018699,8.83E-05,5
p.8217,17,0.002457002,1.29E-06,0.002690432,6.86E-05,5
p.98,19,0.002746062,1.44E-06,0.003094821,7.16E-05,5
p.e0162480,17,0.002457002,4.87E-07,0.002488471,6.65E-05,9
p<0.0001,17,0.002457002,1.17E-07,0.003113775,5.19E-05,4
p<0.01,25,0.003613239,2.92E-07,0.003642003,6.96E-05,4
p=0.02,19,0.002746062,2.40E-07,0.00319717,6.52E-05,4
p=0.03).220,18,0.002601532,2.00E-07,0.003123805,5.73E-05,4
pace,50,0.007226478,4.01E-06,0.007844321,0.000105481,0
pacific,18,0.002601532,5.22E-08,0.003136082,5.82E-05,9
pack,56,0.008093655,2.46E-05,0.005702759,0.000150616,2
package,60,0.008671773,8.80E-06,0.008151238,0.00012215,2
packaging,20,0.002890591,1.55E-07,0.003173414,5.99E-05,2
page,84,0.012140483,1.43E-05,0.009827567,0.000124247,0
pahor,58,0.008382714,1.80E-06,0.008397111,0.000107335,6
pain,365,0.052753288,0.000363764,0.024226686,0.000403904,2
pain.431,20,0.002890591,1.49E-07,0.003683658,6.71E-05,2
painful,97,0.014019367,2.66E-05,0.011273097,0.000152364,2
painkiller,18,0.002601532,9.92E-09,0.003042142,5.28E-05,7
painless,20,0.002890591,8.41E-07,0.003614872,6.45E-05,2
pairing,20,0.002890591,3.49E-07,0.00273827,8.09E-05,11
paladin,40,0.005781182,1.15E-05,0.003495445,0.000137177,9
palatable,17,0.002457002,1.69E-08,0.003306064,5.41E-05,2
palm,19,0.002746062,1.25E-06,0.002488306,8.10E-05,8
palpable,14,0.002023414,1.48E-07,0.002532468,4.92E-05,7
palpitation,19,0.002746062,1.39E-07,0.003165404,6.30E-05,6
pan,36,0.005203064,1.38E-05,0.004107774,0.000114524,10
panacea,30,0.004335887,3.72E-07,0.005290777,6.43E-05,0
panchatsharam,20,0.002890591,1.57E-06,0.002715194,8.29E-05,5
pancreatic,15,0.002167943,4.45E-07,0.002561376,5.65E-05,7
pandemic,83,0.011995953,1.63E-05,0.009845938,0.000158222,9
panel,465,0.067206244,0.000817496,0.028187932,0.000465225,4
panhypopituitarism,18,0.002601532,3.92E-07,0.002544669,6.16E-05,7
panic,34,0.004914005,1.79E-06,0.005491485,7.38E-05,7
papanikolaou,20,0.002890591,1.89E-06,0.002197219,8.96E-05,5
paper,211,0.030495736,0.000105787,0.017978648,0.000280024,9
par,20,0.002890591,1.09E-06,0.00276695,7.73E-05,10
paradi,20,0.002890591,4.79E-06,0.002079681,9.17E-05,5
paralimbic,16,0.002312473,4.85E-08,0.002985153,5.81E-05,7
parallel,51,0.007371007,1.25E-06,0.007862289,9.60E-05,0
parameter,108,0.015609192,1.52E-05,0.01243649,0.000156069,4
parasympathetic,52,0.007515537,1.42E-05,0.006404653,0.000136938,6
parathyroid,19,0.002746062,2.14E-08,0.003236595,5.53E-05,7
parede,20,0.002890591,8.97E-07,0.00239166,8.60E-05,5
parent,94,0.013585778,2.17E-05,0.011363689,0.000162301,0
parish,20,0.002890591,2.44E-06,0.001603521,0.000104712,9
park,19,0.002746062,9.40E-08,0.003062791,6.95E-05,0
parking,98,0.014163897,1.66E-05,0.010597874,0.000144208,0
parkview,13,0.001878884,1.34E-07,0.002163715,5.44E-05,9
parse,20,0.002890591,2.54E-08,0.004227885,5.58E-05,0
partial,35,0.005058534,1.07E-06,0.00547093,7.21E-05,7
partially,17,0.002457002,3.64E-08,0.003381524,5.65E-05,2
participant,84,0.012140483,1.15E-05,0.009752457,0.000134478,6
participate,85,0.012285012,9.97E-05,0.009637184,0.000169948,9
particle,15,0.002167943,1.23E-08,0.002616961,5.49E-05,7
particular,284,0.041046394,0.000198026,0.023265204,0.000335593,4
particularly,430,0.062147709,0.00029465,0.027609318,0.000394166,7
partly,35,0.005058534,1.04E-06,0.005652306,7.57E-05,6
partner,342,0.049429108,0.000330476,0.025165119,0.000370359,0
partnership,70,0.010117069,4.58E-06,0.010124735,0.000118614,2
party,65,0.009394421,2.64E-05,0.007841795,0.000150153,1
pas,18,0.002601532,6.48E-08,0.003336735,5.60E-05,0
pass,200,0.028905911,0.000110764,0.018653936,0.000273738,9
passion,33,0.004769475,1.94E-07,0.005278779,6.66E-05,6
passionate,20,0.002890591,4.44E-08,0.003942264,6.30E-05,0
passive,19,0.002746062,1.44E-07,0.003556735,5.95E-05,9
past,295,0.042636219,0.000106153,0.022887444,0.000301166,7
pasta,19,0.002746062,2.01E-07,0.002771204,7.21E-05,10
pastry,28,0.004046828,2.88E-06,0.003527024,8.65E-05,10
pastuszak,137,0.019800549,1.97E-05,0.014441809,0.000177707,0
pat,19,0.002746062,9.65E-08,0.003591474,6.21E-05,0
patch,444,0.064171123,0.000463799,0.025803979,0.000433353,2
patches.182,18,0.002601532,4.94E-07,0.003280956,5.72E-05,2
patel,35,0.005058534,8.62E-05,0.001640099,0.000158963,9
paternal,42,0.006070241,2.74E-06,0.005633167,9.50E-05,7
path,96,0.013874837,1.18E-05,0.011295679,0.000134021,6
pathogenesis,20,0.002890591,1.04E-06,0.001684346,0.000101007,5
pathologist,18,0.002601532,1.96E-07,0.0029993,6.54E-05,4
pathology,117,0.016909958,3.65E-05,0.011741118,0.000170383,9
pathophysiological,36,0.005203064,2.48E-07,0.006117654,7.90E-05,7
pathophysiology,18,0.002601532,8.58E-07,0.002772756,7.19E-05,5
pathway,153,0.022113022,5.98E-05,0.015215959,0.00021243,7
patience,87,0.012574071,1.64E-05,0.011781304,0.000145669,6
patient,1964,0.283856049,0.014823428,0.053669567,0.001282569,4
patients.181,15,0.002167943,8.42E-08,0.002890882,5.70E-05,2
patrick,19,0.002746062,9.60E-08,0.003471158,6.51E-05,4
pattern,344,0.049718167,0.000273035,0.022867823,0.000387429,7
pause,34,0.004914005,2.18E-06,0.004791962,9.45E-05,7
pay,222,0.032085561,0.000108161,0.019136861,0.000274289,0
pcm,17,0.002457002,1.53E-09,0.003730442,5.31E-05,2
pcos,64,0.009249892,1.98E-06,0.007454735,9.70E-05,7
pcp,77,0.011128776,1.45E-05,0.009210868,0.000124286,0
pcv,12,0.001734355,6.27E-10,0.00237158,4.52E-05,4
pde5,103,0.014886544,7.33E-05,0.010614077,0.000202379,4
pdf,63,0.009105362,7.52E-05,0.006430174,0.000139383,8
peace,18,0.002601532,7.43E-08,0.003271823,5.38E-05,7
peak,407,0.058823529,0.000281734,0.026707928,0.000417132,2
pearlman,68,0.00982801,1.00E-05,0.008025218,0.000127219,8
ped,20,0.002890591,4.67E-08,0.003981828,5.91E-05,7
pediatric,74,0.010695187,7.66E-05,0.005495242,0.00020151,5
pediatrician,19,0.002746062,2.59E-08,0.003407061,5.22E-05,6
pee,19,0.002746062,7.58E-09,0.003377187,5.62E-05,7
peel,20,0.002890591,6.95E-07,0.003401838,6.24E-05,2
peer,32,0.004624946,1.82E-06,0.004360409,8.84E-05,5
pellet,453,0.065471889,0.000550103,0.027129333,0.000459165,2
pelvis,17,0.002457002,2.42E-07,0.002461294,6.27E-05,7
pen,18,0.002601532,2.28E-08,0.00339033,5.73E-05,2
pencina,37,0.005347594,3.61E-05,0.003422189,0.000121426,5
penetrate,50,0.007226478,4.43E-06,0.007078338,0.000114722,2
penetration,46,0.00664836,7.28E-06,0.006293826,0.000112588,2
penile,228,0.032952739,0.000295897,0.017192156,0.000351854,2
penis,367,0.053042347,0.000471187,0.021839519,0.00042022,2
pennsylvania,61,0.008816303,2.33E-05,0.007142745,0.000132778,9
people,1053,0.152189623,0.003518593,0.040483234,0.000812769,0
peptide,85,0.012285012,1.73E-05,0.009606513,0.000140988,7
peptide-1,18,0.002601532,1.67E-07,0.00324253,5.81E-05,7
perceive,68,0.00982801,1.59E-05,0.008415141,0.000142129,10
percent,355,0.051307992,0.000144563,0.022894299,0.000333239,6
percentage,217,0.031362914,6.14E-05,0.019586177,0.000248002,4
percentile,16,0.002312473,8.61E-09,0.003269382,4.97E-05,4
perception,86,0.012429542,1.68E-05,0.010711411,0.00014467,6
perelman,60,0.008671773,2.51E-05,0.006747727,0.000137284,9
perfect,113,0.01633184,1.33E-05,0.013301149,0.000173324,0
perfectly,63,0.009105362,3.77E-06,0.009383937,0.000107711,0
perform,484,0.069952305,0.000468772,0.028671507,0.000440017,4
performance,461,0.066628125,0.000405999,0.027895318,0.000433209,6
perimenopause,38,0.005492123,1.34E-06,0.005277933,7.60E-05,6
period,435,0.062870357,0.000420292,0.027281035,0.000442527,6
periodic,97,0.014019367,3.66E-06,0.011814275,0.000128506,2
periodically,36,0.005203064,2.78E-06,0.005797329,8.75E-05,4
peripheral,37,0.005347594,1.92E-06,0.005066517,9.64E-05,4
permanent,99,0.014308426,1.06E-05,0.011773956,0.000155979,7
permanently,43,0.006214771,2.07E-06,0.00597477,8.84E-05,10
permeator,19,0.002746062,3.36E-08,0.003450524,6.31E-05,2
permit,18,0.002601532,1.89E-08,0.003593509,5.43E-05,2
perpetual,19,0.002746062,1.65E-07,0.003437034,6.69E-05,4
perpetuate,19,0.002746062,1.95E-06,0.002825611,7.45E-05,6
perseverance,19,0.002746062,3.25E-08,0.004273647,5.50E-05,2
persist,35,0.005058534,1.59E-07,0.005849489,7.15E-05,7
persistent,147,0.021245845,2.36E-05,0.015291022,0.000202939,6
persistently,39,0.005636653,3.67E-07,0.005683327,7.81E-05,4
person,490,0.070819483,0.000505226,0.029576404,0.000425521,0
personal,356,0.051452522,0.000426507,0.025820861,0.000397364,0
personalise,56,0.008093655,6.45E-07,0.008416966,9.22E-05,2
personalised,31,0.004480416,1.27E-06,0.005513607,6.66E-05,2
personality,19,0.002746062,2.52E-08,0.003595513,5.74E-05,7
personalize,146,0.021101315,4.02E-05,0.014785531,0.000196861,9
personalized,117,0.016909958,1.51E-05,0.01369443,0.000168323,9
personally,95,0.013730308,9.28E-06,0.01169501,0.00014777,0
perspective,161,0.023269259,0.000190412,0.014988278,0.000254294,5
perth,19,0.002746062,1.94E-07,0.003349019,6.48E-05,9
pertinent,19,0.002746062,4.59E-08,0.003421425,5.05E-05,7
pesticide,18,0.002601532,5.61E-07,0.003000039,6.19E-05,7
pet,17,0.002457002,7.38E-09,0.003611128,5.11E-05,2
petar,153,0.022113022,0.00016393,0.01334173,0.000237757,0
peter,56,0.008093655,0.000111083,0.004993168,0.000157954,5
peterson,101,0.014597485,1.63E-05,0.011379768,0.000160399,4
peyronie,94,0.013585778,5.15E-05,0.009926055,0.000177079,2
pfizer,27,0.003902298,3.32E-06,0.002621671,0.000106185,9
pfs,30,0.004335887,1.03E-06,0.004612141,8.39E-05,0
pgc,16,0.002312473,7.38E-08,0.002997719,5.91E-05,4
ph.d,49,0.007081948,1.72E-06,0.006692915,9.94E-05,9
pharmaceutical,119,0.017199017,3.44E-05,0.013361064,0.00018917,4
pharmacist,18,0.002601532,1.99E-07,0.003291732,5.61E-05,2
pharmacodynamic,63,0.009105362,7.68E-06,0.008232656,0.000132379,2
pharmacokinetic,218,0.031507443,0.000104205,0.019862419,0.000306684,2
pharmacological,37,0.005347594,3.86E-06,0.005484578,9.76E-05,5
pharmacology,19,0.002746062,9.11E-08,0.004083376,5.96E-05,2
pharmacother,32,0.004624946,1.17E-05,0.003642948,0.000114597,5
pharmacotherapy,19,0.002746062,4.81E-07,0.002354106,7.84E-05,5
pharmacy,283,0.040901864,0.000210748,0.022342054,0.000345482,2
phase,82,0.011851424,6.55E-06,0.011145641,0.000121556,0
phd,126,0.018210724,0.000702261,0.010903199,0.000293272,9
phenomenon,68,0.00982801,1.54E-05,0.008119759,0.000123292,6
phenotypically,18,0.002601532,7.52E-08,0.002253122,6.85E-05,7
phentolamine,19,0.002746062,1.55E-07,0.00345805,6.36E-05,2
phenylpropionate,15,0.002167943,7.54E-07,0.001719094,7.08E-05,2
philadelphia,83,0.011995953,7.48E-05,0.006294221,0.000206613,5
philosophy,17,0.002457002,8.93E-08,0.003292627,5.32E-05,0
phimosis,20,0.002890591,1.45E-06,0.002824096,7.22E-05,3
phlebotomist,19,0.002746062,4.16E-07,0.002982269,6.57E-05,2
phlebotomy,153,0.022113022,4.77E-05,0.014979448,0.000199832,2
phone,149,0.021534904,7.10E-05,0.013170943,0.000207167,9
phosphatase,18,0.002601532,7.05E-07,0.001607118,8.84E-05,7
phosphodiesterase,42,0.006070241,5.24E-07,0.006435998,7.59E-05,4
photo,40,0.005781182,2.45E-06,0.006219239,0.000102816,0
photography,15,0.002167943,2.05E-06,0.001862944,6.89E-05,0
phrase,33,0.004769475,1.25E-06,0.005212272,7.61E-05,6
physic,19,0.002746062,2.23E-07,0.002616391,7.57E-05,9
physical,969,0.14004914,0.002320872,0.039112224,0.000704422,6
physical/,19,0.002746062,3.65E-08,0.003254632,6.03E-05,6
physically,179,0.025870791,5.37E-05,0.017564263,0.000226687,6
physician,672,0.097123862,0.001146217,0.033640705,0.000581132,0
physicians,18,0.002601532,2.85E-09,0.003495506,4.61E-05,4
physiol,23,0.00332418,1.91E-05,0.001045617,0.000132459,5
physiologic,100,0.014452956,1.59E-05,0.011603707,0.000160334,2
physiological,386,0.055788409,0.000348401,0.027599098,0.000415553,7
physiologically,34,0.004914005,5.04E-07,0.00525819,8.00E-05,2
physiology,282,0.040757335,0.00078621,0.02114892,0.000429953,5
physique,57,0.008238185,2.57E-06,0.007721699,0.000112291,6
phytoestrogen,16,0.002312473,1.84E-07,0.002430305,5.56E-05,10
pick,87,0.012574071,9.39E-06,0.011139554,0.000135878,10
picture,256,0.036999566,5.39E-05,0.021216247,0.000246972,0
piece,60,0.008671773,3.13E-06,0.008227532,0.00010735,2
piggyback,14,0.002023414,5.13E-08,0.001493913,6.99E-05,0
pile,18,0.002601532,4.19E-08,0.003479464,5.92E-05,0
pill,408,0.058968059,0.00015289,0.025678412,0.000341151,2
pillar,34,0.004914005,1.11E-06,0.005615985,8.33E-05,6
pilz,19,0.002746062,1.87E-07,0.003019772,6.63E-05,10
pin,17,0.002457002,8.71E-08,0.003297983,5.22E-05,0
pinch,13,0.001878884,1.60E-08,0.002490774,4.78E-05,2
pine,33,0.004769475,1.32E-05,0.00405906,0.000101156,9
pinpoint,47,0.006792889,3.01E-07,0.007267035,8.06E-05,7
pint,17,0.002457002,1.68E-08,0.003657378,5.30E-05,2
pittsburgh,31,0.004480416,6.32E-06,0.003656213,0.000101068,9
pituitary,666,0.096256684,0.001191885,0.025839447,0.00055133,7
pivotal,37,0.005347594,1.30E-06,0.005566083,8.38E-05,6
pizza,16,0.002312473,1.08E-07,0.002881549,6.24E-05,0
pkg,20,0.002890591,2.21E-07,0.003011838,6.65E-05,8
place,545,0.078768608,0.001259706,0.031496404,0.00057512,2
placebo,309,0.044659633,0.000168636,0.021808002,0.000337074,4
placebo.29,17,0.002457002,1.08E-07,0.003287026,5.55E-05,4
placebo.53,15,0.002167943,2.90E-09,0.003149136,4.38E-05,4
placement,18,0.002601532,2.05E-08,0.003724502,5.05E-05,2
placenta,29,0.004191357,1.05E-06,0.004566113,7.44E-05,7
plague,16,0.002312473,2.56E-07,0.002277099,6.23E-05,4
plan,626,0.090475502,0.000609822,0.033549678,0.000494122,2
plant,19,0.002746062,1.87E-07,0.003836242,5.34E-05,10
plaque,99,0.014308426,3.64E-05,0.010780481,0.000156333,4
plasma,119,0.017199017,4.88E-05,0.011354113,0.000205191,6
plastic,53,0.007660066,1.70E-05,0.005850313,0.000137107,7
plate,19,0.002746062,4.81E-07,0.00271785,7.02E-05,10
platelet,126,0.018210724,7.37E-05,0.0113101,0.000218354,6
platform,148,0.021390374,2.50E-05,0.015782419,0.000209023,0
platz,18,0.002601532,6.07E-05,0.000631028,0.000104621,5
play,530,0.076600665,0.000552737,0.027678836,0.000458539,6
player,46,0.00664836,1.80E-06,0.007099501,9.30E-05,0
playlist,16,0.002312473,5.87E-08,0.002939065,5.99E-05,0
pleasant,19,0.002746062,3.56E-08,0.003227017,5.65E-05,6
pleasanton,27,0.003902298,6.36E-06,0.003053437,7.47E-05,9
pleased,37,0.005347594,1.85E-06,0.006249659,8.43E-05,0
pleasure,102,0.014742015,4.26E-05,0.010675053,0.000188643,0
plenty,165,0.023847377,3.55E-05,0.016027178,0.000199941,0
plethora,20,0.002890591,2.87E-08,0.003987447,5.35E-05,0
plication,16,0.002312473,3.88E-07,0.002298514,6.70E-05,2
plos,17,0.002457002,5.86E-07,0.002290647,7.04E-05,9
plug,19,0.002746062,1.86E-07,0.003493071,6.31E-05,0
plummet,31,0.004480416,2.50E-07,0.004874535,7.11E-05,7
plunge,15,0.002167943,7.68E-10,0.003022181,4.60E-05,6
plunger,19,0.002746062,6.26E-07,0.002720076,6.64E-05,2
plus,246,0.035554271,7.00E-05,0.021742616,0.000272158,2
pmc,40,0.005781182,1.92E-05,0.003333575,0.000154106,5
pmc2645631,20,0.002890591,5.87E-07,0.00239102,7.97E-05,5
pmc3073592,10,0.001445296,0,0.000875938,5.62E-05,5
pmc3081396,20,0.002890591,4.03E-06,0.002218588,8.44E-05,5
pmc3188848,10,0.001445296,0,0.0007874,6.03E-05,5
pmc4074000,20,0.002890591,6.62E-06,0.001882624,9.41E-05,5
pmc4154787,20,0.002890591,9.51E-07,0.002281285,8.08E-05,5
pmc4168024,20,0.002890591,1.59E-06,0.001528509,0.000100087,5
pmc4650468,20,0.002890591,8.16E-07,0.001977764,9.03E-05,5
pmc4744737,20,0.002890591,8.43E-07,0.002287739,8.13E-05,5
pmc6571549,20,0.002890591,2.19E-06,0.001590735,0.000103053,5
pmcid,137,0.019800549,0.000294364,0.007131936,0.00040543,5
pmid,87,0.012574071,0.000116232,0.007138198,0.000238804,5
pmol,34,0.004914005,2.57E-07,0.005596988,7.21E-05,4
pneumococcal,18,0.002601532,2.98E-07,0.002147328,7.75E-05,3
pocket,95,0.013730308,8.60E-06,0.011967536,0.000149517,0
podcast,184,0.026593438,0.000125336,0.013951701,0.00025412,0
podcaster,39,0.005636653,1.83E-06,0.00627235,9.14E-05,6
point,525,0.075878017,0.000611604,0.029281926,0.000450555,0
pointe,17,0.002457002,4.16E-07,0.001334519,8.25E-05,9
pointer,18,0.002601532,5.48E-08,0.003065502,5.32E-05,7
poisoning,65,0.009394421,1.76E-05,0.007617255,0.000144489,0
poke,36,0.005203064,2.34E-06,0.005424238,8.50E-05,2
policy,114,0.016476369,6.24E-05,0.010155103,0.000169499,0
political,52,0.007515537,7.26E-06,0.007625818,0.000119554,9
polycthemia,19,0.002746062,8.88E-07,0.002976401,6.67E-05,4
polycystic,62,0.008960832,3.04E-06,0.007358126,9.91E-05,7
polycythaemia,32,0.004624946,6.17E-07,0.005068659,7.57E-05,6
polycythemia,299,0.043214337,0.000113271,0.021708889,0.000286591,2
polygenic,18,0.002601532,9.34E-08,0.003296297,6.01E-05,7
polyp,18,0.002601532,4.03E-08,0.003307424,5.99E-05,7
polypharmacy,17,0.002457002,2.90E-08,0.002968454,5.55E-05,7
pome,51,0.007371007,1.11E-05,0.006997908,0.000120582,2
pomegranate,50,0.007226478,4.91E-05,0.005187336,0.000126535,10
pool,20,0.002890591,9.44E-08,0.003947617,6.58E-05,4
pooled,39,0.005636653,6.46E-06,0.005655945,0.000101493,4
poor,442,0.063882064,0.000276904,0.025342949,0.000379298,6
poorly,71,0.010261598,2.88E-06,0.009609894,0.000114814,7
pop,19,0.002746062,6.25E-07,0.0028563,6.52E-05,0
popeye,17,0.002457002,4.03E-08,0.003117977,5.98E-05,10
popular,168,0.024280965,3.16E-05,0.017275974,0.000190345,0
popularity,104,0.015031074,1.33E-05,0.012692507,0.000166521,4
popularly,19,0.002746062,2.23E-07,0.002572564,6.67E-05,9
population,343,0.049573638,0.00022433,0.02452709,0.000386915,4
population‐base,16,0.002312473,4.21E-07,0.002604293,6.59E-05,5
popup,20,0.002890591,1.59E-07,0.003418185,6.96E-05,0
pore,39,0.005636653,6.28E-06,0.005563231,9.56E-05,4
porebski,20,0.002890591,1.56E-06,0.001231567,0.000110511,9
pornography,19,0.002746062,5.39E-07,0.002693354,7.59E-05,6
portal,65,0.009394421,2.29E-06,0.009495366,0.000115106,2
portion,51,0.007371007,8.12E-06,0.007128654,0.000118566,10
portland,35,0.005058534,8.62E-07,0.005579218,8.40E-05,6
pose,60,0.008671773,6.72E-06,0.007441414,0.000103851,7
positas,12,0.001734355,9.36E-08,0.001522799,5.83E-05,9
position,42,0.006070241,6.96E-06,0.00520444,0.000109084,2
positive,397,0.057378234,0.00030573,0.026909541,0.000407394,6
positively,94,0.013585778,1.75E-05,0.010603683,0.000158039,6
positivity,20,0.002890591,9.51E-08,0.003443214,7.20E-05,1
possibility,126,0.018210724,2.11E-05,0.014123914,0.000172478,2
possible,701,0.101315219,0.001036177,0.03415921,0.000554365,4
possibly,95,0.013730308,9.51E-06,0.012046535,0.000132504,0
post,131,0.018933372,6.75E-05,0.013112055,0.000239434,8
postmenopausal,18,0.002601532,2.20E-09,0.003271889,4.53E-05,6
potency,20,0.002890591,2.74E-08,0.004125546,6.00E-05,6
potent,55,0.007949126,3.98E-06,0.007526514,0.000112439,6
potential,843,0.121838416,0.001305637,0.037862119,0.000636377,7
"potential.37,38",19,0.002746062,4.79E-07,0.00359954,5.90E-05,2
"potential.5,6,33,35,36",19,0.002746062,2.37E-08,0.003705175,5.55E-05,2
potentially,425,0.061425061,0.000249757,0.027970452,0.000387741,4
potentshottm,24,0.003468709,1.07E-06,0.00325039,8.18E-05,6
potentwavetm,28,0.004046828,1.40E-06,0.003739156,8.94E-05,6
pouch,16,0.002312473,1.48E-06,0.002285028,6.06E-05,2
poultry,19,0.002746062,7.93E-06,0.002323455,7.18E-05,10
pound,168,0.024280965,4.58E-05,0.015697248,0.000223159,0
pour,13,0.001878884,4.17E-08,0.002147708,5.10E-05,7
power,172,0.024859084,9.51E-05,0.015014423,0.000217064,4
powerful,90,0.01300766,4.99E-05,0.010255654,0.000161402,11
pp.1151,20,0.002890591,1.70E-06,0.002923656,7.23E-05,5
pp.15,29,0.004191357,4.97E-06,0.003456209,0.000114223,9
pp.180,20,0.002890591,7.16E-07,0.003426682,6.11E-05,4
pp.200,19,0.002746062,1.40E-05,0.001864397,8.92E-05,5
pp.2021,17,0.002457002,3.77E-08,0.003300903,4.87E-05,9
pp.238,17,0.002457002,1.27E-07,0.00287313,5.38E-05,0
pp.3,20,0.002890591,2.87E-07,0.002874643,7.13E-05,4
pp.317,16,0.002312473,2.83E-07,0.002719579,6.15E-05,5
pp.349,20,0.002890591,1.58E-06,0.002843615,8.20E-05,5
pp.42,20,0.002890591,1.80E-06,0.001681575,9.46E-05,5
pp.46,17,0.002457002,2.45E-07,0.002450024,6.78E-05,6
pp.557,20,0.002890591,9.74E-07,0.00258794,8.44E-05,5
pp.761,20,0.002890591,1.00E-06,0.002103499,9.25E-05,5
pp.855,20,0.002890591,1.76E-06,0.002714045,7.49E-05,5
pp.e2348692,18,0.002601532,1.01E-08,0.002493537,7.04E-05,9
pract,25,0.003613239,7.12E-06,0.002309566,0.000103898,5
practical,97,0.014019367,1.30E-05,0.011858846,0.000148428,4
practice,602,0.087006793,0.001445349,0.032808821,0.000629962,4
practitioner,218,0.031507443,0.000111105,0.020451197,0.000298918,4
prad,18,0.002601532,5.94E-08,0.002778487,6.11E-05,7
prader,19,0.002746062,1.37E-08,0.003434017,5.57E-05,7
prasad,17,0.002457002,2.16E-08,0.003231606,5.23E-05,2
prasanth,20,0.002890591,5.23E-06,0.0012181,0.000102829,5
pre,166,0.023991906,6.14E-05,0.015850876,0.000231695,4
precaution,39,0.005636653,2.99E-07,0.006888107,8.19E-05,4
precede,38,0.005492123,1.97E-06,0.005879265,8.66E-05,6
precipitously,16,0.002312473,8.60E-09,0.002757794,4.96E-05,0
precise,51,0.007371007,2.19E-06,0.00682932,8.95E-05,7
precision,34,0.004914005,2.81E-06,0.005430973,9.14E-05,4
precision.10,15,0.002167943,6.34E-07,0.002236541,5.97E-05,4
preclude,11,0.001589825,7.67E-10,0.002010929,3.90E-05,4
precocious,32,0.004624946,4.17E-07,0.004964624,6.60E-05,7
precursor,144,0.020812256,1.95E-05,0.014189638,0.000184281,7
predate,17,0.002457002,4.33E-08,0.003299301,5.03E-05,4
predefine,19,0.002746062,1.21E-07,0.003854301,5.51E-05,0
prediabete,53,0.007660066,5.59E-06,0.00741254,0.000104451,7
predict,113,0.01633184,2.28E-05,0.011866372,0.000180176,4
predictability,19,0.002746062,1.14E-07,0.003857187,5.54E-05,2
predictable,54,0.007804596,9.04E-07,0.008136735,9.92E-05,2
predictive,20,0.002890591,2.30E-08,0.003754112,5.30E-05,6
predictor,35,0.005058534,2.97E-06,0.004957561,8.41E-05,4
prediman,27,0.003902298,4.39E-07,0.004045132,7.37E-05,4
predisposed,20,0.002890591,1.12E-07,0.003918362,5.93E-05,7
predisposition,33,0.004769475,2.56E-07,0.005248913,7.30E-05,7
prednisolone,20,0.002890591,7.56E-08,0.003921061,5.79E-05,0
prednisone,37,0.005347594,6.18E-07,0.005209658,8.49E-05,7
predominant,36,0.005203064,1.26E-06,0.005318199,8.19E-05,9
predominantly,35,0.005058534,3.84E-07,0.005501224,7.83E-05,0
predominately,18,0.002601532,4.30E-08,0.003223613,5.21E-05,6
preexist,45,0.00650383,2.96E-07,0.006931811,7.83E-05,4
preexposure,16,0.002312473,3.37E-08,0.002663587,6.05E-05,3
prefer,230,0.033241798,5.71E-05,0.02049114,0.000248582,2
preferably,49,0.007081948,1.57E-06,0.007202785,9.56E-05,2
preference,184,0.026593438,4.50E-05,0.017618067,0.000221682,2
preferred,49,0.007081948,1.44E-06,0.007211093,9.10E-05,2
pregnancy,59,0.008527244,1.41E-05,0.006737825,0.000126508,7
pregnancy.34,18,0.002601532,1.19E-07,0.003211425,5.72E-05,7
pregnant,114,0.016476369,2.09E-05,0.011710768,0.000169156,7
pregnenolone,66,0.009538951,2.16E-06,0.008435072,0.000113612,7
preliminary,39,0.005636653,5.67E-07,0.006579625,8.03E-05,4
premal,20,0.002890591,1.16E-06,0.000481413,0.000120047,9
premature,155,0.022402081,6.61E-05,0.013188946,0.000191439,6
prematurely,16,0.002312473,5.39E-08,0.002911034,5.51E-05,6
premier,17,0.002457002,1.73E-08,0.002959816,5.73E-05,9
premise,19,0.002746062,1.81E-07,0.003514742,6.14E-05,0
premium,17,0.002457002,2.91E-08,0.00369199,5.33E-05,2
prep,17,0.002457002,6.45E-08,0.002806411,6.24E-05,3
preparation,169,0.024425495,8.45E-05,0.016713775,0.000245131,2
preparations.421,19,0.002746062,6.33E-09,0.00405354,5.21E-05,2
preparations.441,19,0.002746062,1.93E-07,0.003420478,6.02E-05,2
prepare,155,0.022402081,8.94E-05,0.014833756,0.000202615,2
prepared,15,0.002167943,1.46E-09,0.003536744,4.46E-05,0
presbyterian,15,0.002167943,2.11E-07,0.002223991,6.11E-05,9
prescribe,755,0.109119815,0.001063564,0.035051875,0.000600373,2
prescribed,47,0.006792889,4.86E-07,0.007531072,8.55E-05,2
prescriber,20,0.002890591,3.84E-07,0.003609138,5.66E-05,4
prescribing,172,0.024859084,5.12E-05,0.016939078,0.000249723,4
prescription,543,0.078479549,0.000690439,0.031342394,0.00050338,2
prescription(s,20,0.002890591,6.73E-08,0.003952284,5.71E-05,2
presence,150,0.021679433,5.43E-05,0.014710339,0.00022246,4
present,388,0.056077468,0.00028056,0.025016216,0.000376775,4
presentation,112,0.01618731,3.46E-05,0.011826428,0.000191975,9
preservation,79,0.011417835,2.66E-06,0.010126783,0.000115916,7
preservative,17,0.002457002,2.08E-07,0.002827607,6.37E-05,10
preserve,213,0.030784795,3.67E-05,0.019136963,0.000233864,7
presidential,17,0.002457002,7.23E-08,0.002643811,6.05E-05,9
press,39,0.005636653,4.17E-06,0.005235895,0.000105547,4
pressed,19,0.002746062,2.87E-07,0.0031789,6.23E-05,0
pressing,20,0.002890591,3.05E-08,0.004044187,5.42E-05,0
pressure,571,0.082526377,0.000639196,0.029947178,0.000475814,7
preston,20,0.002890591,1.31E-05,0.001849987,8.46E-05,5
presumably,17,0.002457002,1.47E-07,0.003043977,5.60E-05,10
pretend,34,0.004914005,5.49E-08,0.006011351,6.60E-05,0
pretty,253,0.036565978,9.68E-05,0.021313148,0.000301791,0
prevail,20,0.002890591,3.25E-07,0.003054482,6.69E-05,9
prevalence,206,0.029773089,6.54E-05,0.017936719,0.000277224,4
prevalent,60,0.008671773,1.56E-06,0.008389719,9.74E-05,4
prevent,506,0.073131955,0.000462608,0.029755603,0.00047083,7
preventable,34,0.004914005,2.48E-06,0.004863409,8.23E-05,0
preventative,83,0.011995953,2.11E-05,0.010222392,0.000138585,10
prevention,260,0.037577685,0.000279601,0.01846695,0.000353915,3
preventive,63,0.009105362,6.12E-06,0.008352994,0.000114601,4
preview,15,0.002167943,7.59E-08,0.002847435,5.67E-05,5
previous,182,0.026304379,6.75E-05,0.015145126,0.000207963,4
previously,150,0.021679433,4.58E-05,0.015592853,0.000204057,4
priapism,63,0.009105362,1.53E-05,0.008275082,0.00013147,2
price,99,0.014308426,6.30E-05,0.010777335,0.000188687,2
pricing,34,0.004914005,8.84E-07,0.006180188,7.64E-05,2
prick,28,0.004046828,1.21E-06,0.003972346,7.78E-05,2
primarily,160,0.023124729,3.79E-05,0.014489529,0.000211357,7
primary,816,0.117936118,0.001379229,0.031772049,0.000577299,7
prince,20,0.002890591,1.98E-06,0.001121587,0.000109252,5
principal,39,0.005636653,1.43E-05,0.004646136,0.000105,9
principle,90,0.01300766,6.94E-06,0.011550266,0.000143366,4
prior,396,0.057233704,0.000266472,0.026815714,0.000397189,2
priori,17,0.002457002,7.60E-08,0.00341996,5.00E-05,4
prioritise,83,0.011995953,9.31E-06,0.011325396,0.000127351,2
prioritize,66,0.009538951,1.24E-06,0.009636101,0.000111087,10
priority,55,0.007949126,9.70E-06,0.007742259,0.00010213,10
privacy,44,0.0063593,6.46E-06,0.005818976,0.0001065,0
private,215,0.031073855,6.78E-05,0.01884482,0.000248332,2
privately,32,0.004624946,1.02E-06,0.005046867,7.20E-05,0
prize,38,0.005492123,3.00E-06,0.005009075,0.000103135,4
prn,20,0.002890591,2.88E-07,0.00392441,6.35E-05,6
pro,235,0.033964446,3.44E-05,0.020597437,0.000236127,2
proactive,111,0.016042781,4.33E-06,0.012079113,0.000137085,6
probably,326,0.047116635,0.000162734,0.02435725,0.000342032,0
probe,19,0.002746062,2.75E-08,0.003629451,6.08E-05,0
problem,980,0.141638965,0.001903643,0.034064227,0.000631574,7
problematic,20,0.002890591,2.59E-08,0.003674022,5.37E-05,4
proc,19,0.002746062,6.80E-07,0.003206612,6.42E-05,9
procedure,427,0.061714121,0.000543127,0.027663087,0.000461392,2
proceed,18,0.002601532,1.06E-07,0.003127072,6.28E-05,0
process,868,0.125451655,0.002017038,0.039627631,0.000719207,2
processing,82,0.011851424,5.47E-05,0.00914025,0.00016588,5
procreate,17,0.002457002,1.20E-07,0.00329252,5.89E-05,10
proctor,20,0.002890591,4.43E-07,0.002377419,8.13E-05,9
prod,15,0.002167943,3.99E-09,0.002510169,5.11E-05,7
produce,827,0.119525943,0.001557812,0.029861027,0.000620149,7
producer,45,0.00650383,3.54E-06,0.006107894,9.18E-05,0
product,487,0.070385894,0.000444291,0.030257785,0.000480416,2
production,1067,0.154213037,0.002662631,0.035415943,0.000741322,7
production.17,16,0.002312473,3.26E-08,0.002798076,5.52E-05,7
productivity,37,0.005347594,3.51E-06,0.005453914,9.15E-05,6
productsprp,18,0.002601532,7.37E-08,0.002695975,5.74E-05,6
prof,19,0.002746062,2.35E-06,0.002457673,7.22E-05,9
professional,488,0.070530423,0.000336101,0.029277044,0.000435327,0
professionalism,20,0.002890591,2.36E-07,0.003740471,6.22E-05,9
professionally,18,0.002601532,6.10E-07,0.003161356,5.55E-05,9
professor,236,0.034108975,0.000171381,0.016926442,0.000347028,9
profile,338,0.04885099,0.000187471,0.025168252,0.000337027,2
profilesexplore,19,0.002746062,5.77E-07,0.003357443,6.38E-05,0
profit,65,0.009394421,3.79E-06,0.006885437,9.41E-05,0
profound,52,0.007515537,2.56E-06,0.007072585,0.000102917,2
profoundly,20,0.002890591,1.40E-07,0.003735607,6.18E-05,0
progesterone,111,0.016042781,2.00E-05,0.011307318,0.000160583,7
prognosis,17,0.002457002,1.10E-08,0.003305023,5.16E-05,7
program,358,0.051741581,0.000286403,0.026039247,0.000401855,9
progress,203,0.0293395,5.44E-05,0.019018434,0.000240182,2
progression,67,0.00968348,1.40E-05,0.007771402,0.00013653,4
progressive,104,0.015031074,2.53E-05,0.011853102,0.000171617,6
progressively,15,0.002167943,1.06E-09,0.00292038,4.16E-05,7
prohibit,35,0.005058534,9.33E-06,0.004166558,0.000110543,1
prohibitively,32,0.004624946,8.39E-07,0.005676595,6.80E-05,2
prohylaxis,16,0.002312473,3.37E-08,0.002664534,6.07E-05,3
project,65,0.009394421,2.82E-05,0.007979054,0.000145606,9
prolactin,291,0.042058101,0.00012367,0.019437278,0.000315975,7
prolactinoma,49,0.007081948,2.24E-06,0.006566694,9.98E-05,7
prolactinoma.6,20,0.002890591,1.98E-08,0.003487713,5.63E-05,4
proliferate,17,0.002457002,1.58E-08,0.003629398,5.05E-05,0
prolong,57,0.008238185,3.27E-06,0.00770895,0.000102412,6
prolonged,35,0.005058534,2.05E-07,0.006054314,7.11E-05,2
prolotherapie,15,0.002167943,8.62E-07,0.002476551,5.58E-05,6
prolozone,13,0.001878884,5.73E-08,0.002097853,5.43E-05,6
prominent,37,0.005347594,8.11E-07,0.006105063,7.81E-05,0
promise,78,0.011273305,6.75E-06,0.010445139,0.000125169,0
promising,40,0.005781182,1.68E-06,0.005563372,8.27E-05,6
promote,421,0.060846943,0.000409274,0.027379082,0.000438839,6
promotional,17,0.002457002,2.66E-07,0.003231338,6.08E-05,4
prompt,52,0.007515537,2.41E-06,0.007096225,9.22E-05,7
promptly,52,0.007515537,1.03E-05,0.006929574,0.000115511,6
prone,89,0.012863131,1.51E-05,0.010226443,0.00014674,7
pronounce,38,0.005492123,1.63E-07,0.005764535,7.35E-05,6
pronounced,15,0.002167943,3.01E-08,0.002569432,4.63E-05,6
propecia,59,0.008527244,4.26E-06,0.007797267,0.000110704,7
propel,19,0.002746062,3.02E-08,0.003512618,6.17E-05,9
propensity,26,0.003757768,3.86E-07,0.00414253,7.21E-05,4
proper,245,0.035409741,3.39E-05,0.020256976,0.000239874,6
properly,239,0.034542564,9.34E-05,0.019036044,0.00026201,7
property,44,0.0063593,2.34E-06,0.005888932,9.40E-05,7
prophylactic,19,0.002746062,1.13E-07,0.003300508,6.31E-05,4
propionate,102,0.014742015,3.67E-05,0.010708334,0.000160507,2
proportion,65,0.009394421,3.50E-06,0.008236011,0.000111271,4
proportional,18,0.002601532,3.81E-07,0.00286227,5.98E-05,10
proportionally,17,0.002457002,2.36E-08,0.003137174,5.54E-05,4
proposal,18,0.002601532,9.42E-08,0.003408374,6.06E-05,4
propose,18,0.002601532,2.93E-07,0.003084115,6.92E-05,4
proprietary,33,0.004769475,7.31E-06,0.004174662,0.000105678,2
prospective,17,0.002457002,7.74E-09,0.003394973,5.36E-05,4
prostaglandin,17,0.002457002,5.45E-08,0.003116069,5.58E-05,7
prostate,901,0.13022113,0.002211948,0.031408097,0.000640144,4
prostatectomy,19,0.002746062,2.80E-08,0.003304805,5.53E-05,4
prostatespecific,18,0.002601532,1.42E-08,0.00317156,5.06E-05,7
prostatic,106,0.015320133,1.76E-05,0.010495159,0.000147263,7
prostatitis,17,0.002457002,1.15E-08,0.003123559,4.90E-05,7
prosthetic,34,0.004914005,1.04E-06,0.005631075,8.25E-05,2
protect,195,0.028183263,7.36E-05,0.016503607,0.000241293,10
protective,53,0.007660066,3.15E-05,0.006594177,0.00012399,5
protein,264,0.038155803,0.000175864,0.017418765,0.000269015,10
protocol,634,0.091631739,0.000574229,0.034900255,0.000510744,2
proudly,20,0.002890591,9.47E-08,0.003749741,6.43E-05,9
prove,277,0.040034687,0.000105289,0.022459694,0.000283089,0
proven,17,0.002457002,1.25E-08,0.003532236,5.40E-05,0
provide,1027,0.148431854,0.002989875,0.043288761,0.000807249,2
provider,972,0.140482729,0.002184261,0.037107629,0.000666188,2
provisional,18,0.002601532,4.80E-08,0.00358631,5.72E-05,4
proxy,15,0.002167943,6.78E-09,0.002714854,4.32E-05,4
prp,68,0.00982801,4.23E-06,0.008587079,0.000123573,2
prudent,16,0.002312473,1.12E-07,0.002653486,5.61E-05,4
pruritus,38,0.005492123,4.58E-06,0.005706495,9.71E-05,2
przemyslaw,20,0.002890591,2.80E-06,0.001333161,0.000109226,9
psa,279,0.040323746,9.99E-05,0.018708435,0.000272664,4
pshot,16,0.002312473,2.58E-07,0.002346229,6.42E-05,6
psychiatric,20,0.002890591,7.02E-07,0.003309959,6.45E-05,9
psychiatrist,53,0.007660066,2.35E-06,0.007932855,0.000100134,4
psychiatry,29,0.004191357,1.24E-06,0.004640742,7.19E-05,9
psychoactive,20,0.002890591,6.74E-07,0.003443481,7.07E-05,7
psychological,370,0.053475936,0.000284847,0.024419732,0.000367512,6
psychologist,54,0.007804596,2.97E-06,0.00769743,0.000101476,9
psychology,19,0.002746062,9.22E-08,0.003659726,6.00E-05,9
psychosis,12,0.001734355,9.66E-08,0.001960511,5.38E-05,7
pubertal,50,0.007226478,1.77E-05,0.005931329,0.00010974,7
puberty,455,0.065760948,0.000752569,0.023487385,0.000436083,7
pubescent,19,0.002746062,2.92E-08,0.00329479,5.43E-05,7
pubic,129,0.018644313,2.84E-05,0.012033505,0.00017296,6
public,174,0.025148143,0.000138415,0.016645975,0.00027509,4
publication,96,0.013874837,2.20E-05,0.011360608,0.000172085,4
publish,523,0.075588958,0.00273664,0.028028607,0.000659198,4
publishing,57,0.008238185,4.18E-05,0.006274506,0.000135267,5
pubme,36,0.005203064,1.12E-05,0.004657318,0.000110565,5
pubmed,18,0.002601532,6.25E-07,0.003131473,5.99E-05,4
pubmed.ncbi.nlm.nih.gov/25279570/.,20,0.002890591,2.63E-07,0.003049655,7.35E-05,5
pubmed.ncbi.nlm.nih.gov/27313122/.,18,0.002601532,3.19E-08,0.003154302,6.40E-05,9
pubmed.ncbi.nlm.nih.gov/29562364/.,20,0.002890591,2.11E-06,0.002263025,8.25E-05,5
puget,16,0.002312473,4.04E-07,0.002197916,7.05E-05,9
pull,84,0.012140483,1.70E-05,0.01033742,0.000155848,0
pulmonary,118,0.017054488,4.52E-05,0.011602639,0.000217751,7
pulsatile,14,0.002023414,1.03E-08,0.002172402,4.88E-05,7
"pulsatility.18,19",19,0.002746062,6.13E-08,0.003438496,5.85E-05,7
pump,171,0.024714554,5.94E-05,0.015009391,0.000220755,2
punching,19,0.002746062,1.45E-07,0.003507049,5.95E-05,0
purchase,115,0.016620899,3.88E-05,0.012883603,0.00020124,2
pure,18,0.002601532,8.49E-09,0.003625566,4.72E-05,7
purgatorio,17,0.002457002,1.09E-07,0.002503841,7.26E-05,0
purgatory,19,0.002746062,2.20E-07,0.002578985,7.88E-05,0
purine,20,0.002890591,6.19E-07,0.003031706,7.26E-05,10
purity,20,0.002890591,7.17E-08,0.004081794,5.87E-05,6
purpose,247,0.0356988,0.000174508,0.021157324,0.000297507,4
pursue,123,0.017777135,3.45E-05,0.013139714,0.000177558,7
push,78,0.011273305,5.67E-06,0.010095829,0.000124568,0
puttylike,16,0.002312473,1.51E-08,0.002866194,5.40E-05,2
puzzle,56,0.008093655,3.09E-06,0.007754442,0.000103974,2
pélégrini,20,0.002890591,4.97E-06,0.002206074,8.96E-05,5
q&a,54,0.007804596,3.95E-06,0.007411963,0.000123858,4
qaseem,25,0.003613239,1.96E-07,0.0042139,6.30E-05,5
qol,65,0.009394421,1.94E-06,0.008777566,0.000100139,4
quadmix,19,0.002746062,5.21E-07,0.003501538,6.24E-05,2
qualified,97,0.014019367,1.06E-05,0.011649529,0.000151201,2
qualify,137,0.019800549,2.17E-05,0.014893548,0.00018223,2
qualitative,84,0.012140483,7.91E-06,0.010674999,0.00013035,6
qualitatively,20,0.002890591,1.13E-07,0.003783123,5.26E-05,6
quality,853,0.123283712,0.001493704,0.03826759,0.000672674,6
quantify,53,0.007660066,3.28E-06,0.007140675,0.000107163,4
quantitative,81,0.011706894,7.10E-06,0.009815118,0.00012209,4
quantitatively,20,0.002890591,1.04E-07,0.003503816,5.80E-05,6
quantity,140,0.020234138,8.24E-06,0.014994541,0.000163001,4
quarter,16,0.002312473,1.29E-07,0.002837592,5.12E-05,0
quercetin,31,0.004480416,4.95E-07,0.004257913,7.89E-05,10
query,15,0.002167943,2.60E-08,0.002814226,4.76E-05,4
quest,18,0.002601532,4.41E-08,0.003558242,5.81E-05,2
question,754,0.108975285,0.001497442,0.034039357,0.000602268,0
questionable,59,0.008527244,4.45E-06,0.008076296,0.000111068,0
questionnaire,194,0.028038734,5.48E-05,0.016731994,0.000216195,4
questionnairetestosterone,20,0.002890591,1.81E-08,0.003931748,5.22E-05,4
quick,276,0.039890158,0.000129455,0.021961168,0.000304386,0
quickly,225,0.03251915,6.31E-05,0.020229495,0.000252781,2
quiet,50,0.007226478,3.52E-06,0.007318368,0.000102508,0
quinton,20,0.002890591,2.14E-06,0.002311053,8.82E-05,5
quit,121,0.017488076,5.36E-06,0.013764195,0.000149807,7
quiz,132,0.019077901,1.21E-05,0.013341378,0.000158016,6
quizby,16,0.002312473,0,0.002953112,5.22E-05,0
quizdefy,19,0.002746062,2.76E-08,0.003799127,5.06E-05,2
quizget,17,0.002457002,2.69E-08,0.003157899,4.98E-05,6
quiztestosterone,33,0.004769475,6.47E-07,0.005104104,7.11E-05,6
r.a,19,0.002746062,6.04E-07,0.00132193,0.000102561,5
r.d,20,0.002890591,7.22E-07,0.003449131,6.79E-05,9
r01,16,0.002312473,2.35E-07,0.002115571,6.77E-05,9
r951,19,0.002746062,1.50E-05,0.001476153,0.000104261,5
r958,19,0.002746062,5.42E-05,0.001525343,9.86E-05,5
rabbit,18,0.002601532,3.65E-07,0.002547608,7.43E-05,9
race,87,0.012574071,3.16E-05,0.009472016,0.000157237,6
rachel,28,0.004046828,8.57E-07,0.003985948,8.35E-05,9
racing,14,0.002023414,1.72E-07,0.001840231,6.25E-05,0
radial,61,0.008816303,3.88E-06,0.008629948,0.000113015,0
radiation,278,0.040179217,0.000151938,0.018696484,0.000305249,7
radical,37,0.005347594,1.07E-06,0.005148738,8.49E-05,10
radio,119,0.017199017,5.44E-05,0.012417989,0.000189435,0
radiology,19,0.002746062,2.25E-07,0.00262063,6.84E-05,7
radiotherapy,19,0.002746062,1.89E-08,0.00381767,5.22E-05,7
rage,35,0.005058534,1.67E-06,0.005299693,8.53E-05,6
raise,532,0.076889724,0.000424728,0.030100047,0.000442033,7
raisin,40,0.005781182,2.61E-06,0.006625132,8.14E-05,0
raison,19,0.002746062,6.66E-07,0.002850352,7.55E-05,0
rajfer,20,0.002890591,2.06E-06,0.00254867,7.85E-05,5
raloxifene,20,0.002890591,1.25E-07,0.003915619,6.30E-05,7
ramanathan,18,0.002601532,1.99E-05,0.001337501,9.19E-05,5
ramification,19,0.002746062,7.03E-08,0.003186199,6.27E-05,9
randeva,19,0.002746062,5.38E-07,0.001809125,9.81E-05,5
random,34,0.004914005,1.42E-06,0.005944299,8.07E-05,4
randomization,36,0.005203064,5.27E-07,0.005585051,7.30E-05,4
randomize,101,0.014597485,2.74E-05,0.010904963,0.000175611,4
randomized,57,0.008238185,6.15E-06,0.007667876,0.000120637,4
randomly,33,0.004769475,4.58E-07,0.005347568,7.13E-05,2
range,924,0.13354531,0.001784822,0.036311767,0.00065003,2
ranges.13,17,0.002457002,2.02E-08,0.003315599,5.21E-05,4
rank,63,0.009105362,2.42E-05,0.007314566,0.000148033,9
rapid,135,0.01951149,6.97E-05,0.013728284,0.0002248,6
rapidly,127,0.018355254,1.28E-05,0.014588954,0.000184047,6
rapport,17,0.002457002,5.05E-08,0.003478733,5.33E-05,0
rare,288,0.041624512,0.000175003,0.02130255,0.000321245,7
rarely,104,0.015031074,1.23E-05,0.011974251,0.00014429,4
rarity,19,0.002746062,8.04E-09,0.003928698,5.11E-05,0
rash,65,0.009394421,3.97E-06,0.00899694,0.000113834,2
rastrelli,20,0.002890591,4.21E-07,0.003012388,7.70E-05,6
rat,37,0.005347594,3.69E-05,0.00341447,0.000135347,5
rate,441,0.063737534,0.000540712,0.027081351,0.00044789,4
rating,17,0.002457002,1.98E-08,0.003233415,5.29E-05,4
ratio,206,0.029773089,8.05E-05,0.019264491,0.000257226,7
rationale,42,0.006070241,2.09E-06,0.006048628,8.97E-05,6
rationalize,18,0.002601532,1.78E-07,0.003152247,6.12E-05,4
raw,48,0.006937419,3.10E-06,0.007052718,9.82E-05,2
ray,39,0.005636653,9.95E-06,0.004969561,0.00011296,11
raymond,13,0.001878884,3.87E-07,0.002001637,6.15E-05,5
rbc,32,0.004624946,8.53E-08,0.005165897,6.24E-05,7
rct,169,0.024425495,6.74E-05,0.016330841,0.000242988,4
rcts).181,18,0.002601532,3.32E-08,0.003622389,5.71E-05,2
rda,20,0.002890591,1.24E-07,0.00355522,6.59E-05,10
reach,428,0.06185865,0.000312522,0.027015178,0.000400764,2
react,18,0.002601532,4.05E-08,0.003163074,6.09E-05,7
reaction,145,0.020956786,7.09E-05,0.014213481,0.000206174,2
read,364,0.052608758,0.000207996,0.02308856,0.000358807,0
reader,79,0.011417835,7.73E-06,0.010711808,0.000152262,4
readily,72,0.010406128,1.90E-05,0.008995516,0.000148626,6
reading,98,0.014163897,2.18E-05,0.011636178,0.000161469,4
readjust,17,0.002457002,1.56E-08,0.00317674,4.83E-05,6
ready,261,0.037722214,0.000146898,0.019699832,0.000305538,0
real,334,0.048272872,0.000308331,0.023275385,0.000370957,0
realistic,67,0.00968348,2.44E-06,0.009361281,0.000105102,0
realistically,20,0.002890591,7.74E-08,0.003741134,6.00E-05,0
reality,138,0.019945079,3.14E-05,0.015245543,0.000196799,0
realize,170,0.024570025,1.50E-05,0.017106225,0.000189653,0
reap,17,0.002457002,2.20E-08,0.003679698,5.03E-05,0
reappraisal,20,0.002890591,8.41E-07,0.002586677,7.83E-05,5
rear,19,0.002746062,3.64E-08,0.004079979,5.71E-05,0
reason,533,0.077034254,0.000419893,0.029672977,0.000448185,0
reasonable,197,0.028472323,5.63E-05,0.018845305,0.00024567,0
reasonably,20,0.002890591,5.89E-08,0.003970403,5.60E-05,2
reassessment,18,0.002601532,2.10E-07,0.003082858,5.42E-05,7
reassurance,18,0.002601532,6.62E-09,0.004102377,5.36E-05,0
reassure,90,0.01300766,1.03E-05,0.011679536,0.000137782,0
rebalance,20,0.002890591,6.62E-09,0.003955817,4.79E-05,0
rebalancing,16,0.002312473,4.48E-09,0.003570167,4.53E-05,2
rebecca,20,0.002890591,7.07E-06,0.000772457,0.000118751,5
rebound,18,0.002601532,4.87E-09,0.003975463,4.91E-05,0
rebuild,18,0.002601532,3.62E-08,0.003512659,4.91E-05,6
recalibrate,35,0.005058534,1.23E-06,0.006025855,8.23E-05,6
recall,34,0.004914005,3.21E-07,0.005274724,7.11E-05,7
recede,18,0.002601532,6.13E-08,0.003103374,6.19E-05,6
receipt,18,0.002601532,2.57E-07,0.003043412,6.08E-05,9
receive,661,0.095534037,0.001838649,0.032708316,0.000614909,9
recent,349,0.050440815,0.000247149,0.024356733,0.000353401,4
recently,218,0.031507443,0.000104119,0.018886377,0.000288945,4
receptor,307,0.044370574,0.000154998,0.02130004,0.00032866,7
recheck,14,0.002023414,8.60E-08,0.002880814,4.85E-05,0
rechecke,36,0.005203064,1.13E-06,0.006019566,7.41E-05,0
reckelhoff,19,0.002746062,5.93E-07,0.000315235,0.000128308,5
reclaim,71,0.010261598,1.36E-05,0.008986664,0.000144744,9
recognise,141,0.020378667,3.01E-05,0.014456839,0.000186685,2
recognition,20,0.002890591,8.01E-09,0.004111962,4.89E-05,4
recognize,251,0.036276919,0.000117959,0.020763506,0.000288682,4
recombinant,18,0.002601532,3.35E-08,0.003064131,5.33E-05,7
recommend,851,0.122994652,0.00179439,0.036696333,0.000686742,2
recommendation,556,0.080358433,0.000827475,0.028224649,0.000521376,4
recommendation).5,17,0.002457002,1.10E-07,0.002984261,5.23E-05,4
"recommendation).5,39",17,0.002457002,8.87E-10,0.003294579,4.85E-05,4
"recommendation).5,6",17,0.002457002,1.23E-08,0.003309755,5.19E-05,4
recommendation).75,14,0.002023414,1.08E-07,0.002742567,4.90E-05,4
recommended5,18,0.002601532,2.04E-08,0.003601328,5.09E-05,4
reconfirm,17,0.002457002,9.08E-08,0.003226324,5.13E-05,10
reconstruction,19,0.002746062,1.17E-06,0.003317223,6.16E-05,9
record,93,0.013441249,1.84E-05,0.011694209,0.000163068,2
recording,19,0.002746062,9.57E-07,0.003477208,6.48E-05,0
recover,117,0.016909958,1.99E-05,0.012888699,0.000153193,6
recovery,197,0.028472323,5.21E-05,0.018813943,0.00023405,2
recreational,35,0.005058534,1.04E-07,0.006204561,7.16E-05,7
recruit,19,0.002746062,3.62E-07,0.002699084,7.11E-05,9
rectal,132,0.019077901,2.30E-05,0.01363283,0.000176845,4
recur,32,0.004624946,1.27E-07,0.005285928,6.56E-05,0
recurrence,18,0.002601532,1.43E-07,0.002951562,6.24E-05,4
red,556,0.080358433,0.000855146,0.025616779,0.000471891,7
redistribution,51,0.007371007,5.08E-07,0.00690205,9.10E-05,6
redmon,20,0.002890591,6.62E-06,0.000847141,0.000113318,5
redness,36,0.005203064,2.26E-06,0.005313774,9.19E-05,2
reduce,986,0.142506143,0.002398702,0.036915357,0.000721083,6
reduced,129,0.018644313,1.72E-05,0.013080956,0.000178333,6
reductase,107,0.015464663,1.92E-05,0.011651488,0.000167895,7
reduction,271,0.03916751,8.32E-05,0.020796668,0.000277786,6
redundant,19,0.002746062,8.25E-08,0.003625478,5.55E-05,7
reevaluate,20,0.002890591,9.80E-09,0.004394269,5.45E-05,0
refer,534,0.077178783,0.00057987,0.02928809,0.00046707,9
reference,453,0.065471889,0.000839857,0.02705207,0.00055254,4
referral,108,0.015609192,9.09E-06,0.012664574,0.000154729,0
refine,19,0.002746062,1.82E-07,0.003218958,6.33E-05,10
refined,60,0.008671773,1.12E-05,0.007276284,0.000124818,10
reflect,185,0.026737968,0.00010083,0.01598869,0.000265414,9
reflection,52,0.007515537,3.66E-06,0.00763735,0.0001007,0
reflective,32,0.004624946,1.81E-06,0.005049896,7.98E-05,4
reformulate,16,0.002312473,1.21E-07,0.002644779,6.07E-05,2
reframe,19,0.002746062,4.06E-07,0.003207213,6.60E-05,9
refrigerate,19,0.002746062,2.07E-07,0.003406634,6.21E-05,2
refute,18,0.002601532,4.47E-07,0.003260233,6.07E-05,4
regain,151,0.021823963,1.97E-05,0.015570141,0.000185024,6
regard,107,0.015464663,1.50E-05,0.012998418,0.000155624,0
regardless,108,0.015609192,1.77E-05,0.012626121,0.000154567,6
regenerate,46,0.00664836,6.19E-06,0.006247706,9.63E-05,7
regeneration,42,0.006070241,8.46E-07,0.006224344,8.19E-05,7
regenerative,94,0.013585778,2.14E-05,0.010679479,0.000163696,6
regiman,72,0.010406128,9.83E-06,0.010426422,0.00012473,10
regime,51,0.007371007,1.89E-06,0.007821245,9.87E-05,2
regimen,174,0.025148143,3.43E-05,0.018295512,0.000220597,0
region,176,0.025437202,0.000110238,0.016004349,0.000268832,4
regional,36,0.005203064,3.43E-06,0.005203633,9.81E-05,9
regionally,20,0.002890591,7.88E-08,0.003654734,5.77E-05,6
register,153,0.022113022,8.91E-05,0.013199842,0.000227182,4
registered,19,0.002746062,7.30E-08,0.003115639,5.11E-05,6
registration,33,0.004769475,3.71E-07,0.006051087,7.96E-05,2
registry,19,0.002746062,2.44E-07,0.003168669,6.24E-05,7
regret,19,0.002746062,1.90E-08,0.003978636,5.40E-05,4
regul,19,0.002746062,1.54E-05,0.000930118,0.000115769,5
regular,599,0.086573204,0.000618193,0.032377284,0.000469138,2
regularly,246,0.035554271,3.97E-05,0.020899112,0.000233531,2
regulate,431,0.062292239,0.000283354,0.025009375,0.000381873,7
regulated,51,0.007371007,3.77E-06,0.007187463,9.87E-05,7
regulation,219,0.031651973,0.00010999,0.019301557,0.000268459,5
regulatory,16,0.002312473,3.63E-09,0.003692834,4.97E-05,2
rehab,19,0.002746062,4.79E-08,0.003513015,5.31E-05,7
rehabilitation,77,0.011128776,2.41E-05,0.008204372,0.000153089,9
reignite,20,0.002890591,3.50E-07,0.003283295,7.31E-05,9
reimbursement,33,0.004769475,2.96E-06,0.004817783,9.31E-05,0
reinforce,56,0.008093655,4.24E-06,0.007791742,0.000112025,6
reintroduction,19,0.002746062,7.92E-08,0.003203221,5.70E-05,2
rekindling,18,0.002601532,3.59E-08,0.003583902,5.38E-05,6
relate,867,0.125307125,0.001989221,0.03462772,0.000672676,4
related,116,0.016765429,1.68E-05,0.012128646,0.000151645,4
relation,37,0.005347594,2.29E-06,0.006062974,7.95E-05,6
relationship,423,0.061136002,0.000554752,0.026860724,0.000464721,0
relative,160,0.023124729,3.59E-05,0.016090575,0.000218457,4
relatively,159,0.022980199,2.68E-05,0.016334489,0.000203276,2
relax,64,0.009249892,1.04E-05,0.008070586,0.000130492,0
relaxation,108,0.015609192,1.62E-05,0.012527702,0.000163555,7
relaxed,17,0.002457002,3.35E-08,0.003127355,5.62E-05,0
relaxing,16,0.002312473,1.10E-08,0.003230331,5.39E-05,2
release,485,0.070096835,0.00055609,0.025664009,0.000465188,7
relevance,33,0.004769475,2.26E-07,0.005873256,8.14E-05,4
relevant,95,0.013730308,2.48E-05,0.010883665,0.000169439,4
reliability,59,0.008527244,4.19E-06,0.008419042,0.000119362,4
reliable,209,0.030206677,0.000113179,0.019556792,0.000271774,2
reliance,20,0.002890591,1.42E-07,0.003805263,5.88E-05,6
relie,19,0.002746062,7.96E-08,0.003253155,5.90E-05,4
relief,207,0.029917618,3.77E-05,0.018907477,0.000231349,2
relieve,164,0.023702847,1.49E-05,0.015430709,0.000169473,6
reliever,19,0.002746062,3.24E-08,0.003599525,5.17E-05,7
religion,20,0.002890591,3.63E-07,0.003600183,6.67E-05,6
reluctance,20,0.002890591,1.96E-07,0.003831322,6.35E-05,4
rely,110,0.015898251,2.09E-05,0.012901942,0.000167796,0
remain,337,0.04870646,0.000275662,0.025751541,0.000388623,4
remained,17,0.002457002,1.34E-07,0.002976384,5.54E-05,6
remains,20,0.002890591,3.45E-08,0.003926644,5.57E-05,4
remarkable,20,0.002890591,1.79E-07,0.003668534,5.84E-05,9
remedy,37,0.005347594,1.75E-07,0.005604138,6.64E-05,6
remember,330,0.047694754,0.000225138,0.024442681,0.000353275,0
remind,37,0.005347594,1.59E-06,0.005607752,8.09E-05,0
reminder,19,0.002746062,7.84E-08,0.003476706,6.32E-05,0
remote,19,0.002746062,1.79E-07,0.003673921,5.81E-05,2
remotely,31,0.004480416,4.90E-07,0.005580443,7.49E-05,2
removal,84,0.012140483,1.59E-05,0.009835573,0.000155435,7
remove,196,0.028327793,0.000156859,0.016147619,0.000262576,2
remuneration,15,0.002167943,5.41E-08,0.003087099,5.49E-05,4
renal,34,0.004914005,9.63E-07,0.005023579,8.02E-05,7
render,17,0.002457002,1.46E-06,0.002174359,6.66E-05,9
renew,218,0.031507443,0.000103332,0.019186335,0.000282801,9
renewal,19,0.002746062,4.46E-07,0.003025436,7.06E-05,6
renowne,19,0.002746062,5.44E-07,0.002704872,6.85E-05,9
renowned,18,0.002601532,4.85E-07,0.002171709,8.00E-05,8
repair,113,0.01633184,1.90E-05,0.012040814,0.000168071,7
repeat,230,0.033241798,0.000108964,0.019600837,0.000267945,4
repeatedly,19,0.002746062,1.80E-07,0.003498751,5.44E-05,7
reperfusion,20,0.002890591,1.14E-05,0.001648334,9.69E-05,5
replace,249,0.03598786,5.17E-05,0.019620251,0.00023594,2
replacement,1381,0.199595317,0.004805941,0.037843039,0.000892322,9
replenish,86,0.012429542,1.58E-06,0.01045487,0.00011255,6
replicate,37,0.005347594,3.03E-07,0.006356615,7.77E-05,2
report,566,0.081803729,0.000920733,0.031836887,0.000554125,4
reporting,52,0.007515537,4.12E-06,0.007455982,0.000110103,4
represent,167,0.024136436,8.23E-05,0.016733355,0.00025348,4
representation,57,0.008238185,1.57E-05,0.00663397,0.000128676,0
representative,33,0.004769475,9.34E-07,0.005307644,7.66E-05,4
reproduce,22,0.00317965,3.86E-08,0.003999612,5.35E-05,6
reproduction,91,0.01315219,8.73E-06,0.010092396,0.000135135,7
reproductive,367,0.053042347,0.000195921,0.022078192,0.000334977,7
republican,56,0.008093655,9.73E-06,0.00655292,0.000145219,9
reputable,51,0.007371007,1.85E-06,0.008177343,9.99E-05,2
reputation,17,0.002457002,5.40E-08,0.002822114,5.44E-05,6
request,184,0.026593438,3.72E-05,0.01648459,0.000206844,2
require,897,0.129643012,0.001696483,0.041008891,0.000715395,2
required,30,0.004335887,2.71E-08,0.005126486,6.24E-05,2
requirement,144,0.020812256,2.41E-05,0.016159902,0.000193875,2
research,865,0.125018066,0.003775727,0.037333709,0.000815652,9
researcher,456,0.065905478,0.000683597,0.027111104,0.000470059,4
resection,19,0.002746062,1.79E-08,0.003993802,5.31E-05,7
resemblance,17,0.002457002,7.89E-09,0.003212977,4.61E-05,6
resemble,18,0.002601532,4.33E-08,0.003242603,5.18E-05,6
reserve,37,0.005347594,9.02E-07,0.005181033,7.99E-05,6
reset,20,0.002890591,1.44E-07,0.003854747,6.24E-05,7
residency,37,0.005347594,3.39E-06,0.004850742,0.000105244,0
resident,38,0.005492123,2.57E-06,0.005858569,9.35E-05,4
resilience,39,0.005636653,3.43E-06,0.005948407,9.95E-05,6
resilient,33,0.004769475,2.75E-06,0.005015148,9.05E-05,6
resistance,260,0.037577685,0.000117148,0.019944586,0.000286939,7
resolution,50,0.007226478,5.57E-06,0.006871013,0.000109425,4
resolve,177,0.025581731,5.58E-05,0.016418423,0.000226593,6
resonance,20,0.002890591,1.73E-06,0.002647278,7.56E-05,5
resonate,20,0.002890591,4.71E-08,0.003669536,6.18E-05,6
resort,57,0.008238185,1.47E-06,0.009018279,0.000103316,2
resource,153,0.022113022,4.24E-05,0.015981533,0.000216229,0
respect,68,0.00982801,1.39E-05,0.009028781,0.000138169,4
respectful,12,0.001734355,8.24E-08,0.001499073,5.58E-05,9
respectively,63,0.009105362,2.14E-06,0.008608067,0.00011538,4
respiratory,35,0.005058534,4.14E-06,0.004376897,9.82E-05,7
respond,374,0.054054054,0.000204436,0.026878803,0.000377315,2
response,525,0.075878017,0.000486825,0.030469453,0.000460393,4
responsibility,74,0.010695187,2.04E-05,0.009538284,0.000140571,0
responsible,324,0.046827576,0.000161101,0.021345692,0.000328781,7
responsive,27,0.003902298,1.55E-06,0.004004592,7.62E-05,9
rest,281,0.040612805,0.000181897,0.022431433,0.000334485,0
restart,123,0.017777135,5.55E-06,0.012804399,0.000145199,7
restaurant,18,0.002601532,1.87E-07,0.002708944,7.39E-05,0
restful,64,0.009249892,3.14E-06,0.008137785,9.86E-05,0
restlessness,19,0.002746062,3.55E-07,0.003295949,6.25E-05,6
restoration,83,0.011995953,2.50E-05,0.010188572,0.000138761,2
restorative,101,0.014597485,1.45E-05,0.011774342,0.000159191,7
restore,435,0.062870357,0.000188892,0.026117577,0.000366637,6
restrict,61,0.008816303,5.02E-06,0.007996751,0.000118805,6
restriction,75,0.010839717,2.76E-05,0.008959122,0.000134234,1
restrictive,35,0.005058534,1.17E-06,0.005903829,8.32E-05,2
resubmit,23,0.00332418,7.94E-08,0.004086316,6.26E-05,4
result,1509,0.2180951,0.006588398,0.044308786,0.00098379,4
resultant,26,0.003757768,2.55E-07,0.004342699,5.71E-05,6
resume,20,0.002890591,9.90E-08,0.0038828,5.89E-05,6
resurface,14,0.002023414,4.85E-09,0.002451288,4.74E-05,2
retain,47,0.006792889,6.08E-07,0.007021581,8.98E-05,7
retention,165,0.023847377,3.55E-05,0.014908327,0.00020631,7
reteste,16,0.002312473,2.59E-09,0.002989198,4.25E-05,6
rethink,19,0.002746062,2.32E-06,0.002809283,7.11E-05,6
retina,18,0.002601532,3.34E-08,0.003557983,5.32E-05,7
retired,19,0.002746062,6.66E-07,0.003125822,6.38E-05,10
retrograde,28,0.004046828,4.37E-07,0.004432985,7.33E-05,7
retrospect,36,0.005203064,5.04E-07,0.006167339,7.72E-05,0
retrospective,92,0.013296719,1.94E-05,0.01089049,0.000173769,4
retrospectively,19,0.002746062,3.57E-07,0.003749352,5.98E-05,0
retry,16,0.002312473,1.07E-07,0.002594927,4.96E-05,0
return,259,0.037433155,9.26E-05,0.021389788,0.000269028,2
reuptake,17,0.002457002,3.68E-07,0.002858933,6.10E-05,6
reuse,19,0.002746062,8.17E-08,0.003214254,5.67E-05,2
reveal,128,0.018499783,4.22E-05,0.013139824,0.000177025,4
reversal,64,0.009249892,4.77E-06,0.008472594,0.000111753,0
reverse,217,0.031362914,3.71E-05,0.018045588,0.000229318,6
reversible,163,0.023558318,3.88E-05,0.015738779,0.000207545,4
revert,19,0.002746062,1.57E-07,0.002899238,6.87E-05,7
review,789,0.11403382,0.002684552,0.035897434,0.000800154,4
reviewer,29,0.004191357,2.32E-05,0.003172681,0.000119449,5
revise,20,0.002890591,4.89E-08,0.003676233,6.26E-05,4
revitalize,20,0.002890591,7.17E-07,0.00300207,7.19E-05,9
revolutionary,20,0.002890591,7.25E-08,0.003661975,6.39E-05,9
reward,159,0.022980199,5.91E-05,0.016715825,0.000222988,1
rewarding,20,0.002890591,4.33E-07,0.003908232,6.04E-05,7
rheumatic,20,0.002890591,4.60E-07,0.003414754,6.09E-05,9
rhinorrhea,19,0.002746062,1.27E-07,0.003485925,6.35E-05,2
rhode,19,0.002746062,5.54E-08,0.002729909,7.07E-05,9
rhythm,109,0.015753722,1.78E-05,0.012373252,0.000157299,2
rhythm.181,20,0.002890591,1.20E-07,0.003255702,6.46E-05,2
rhythmical,37,0.005347594,1.94E-06,0.006086903,8.96E-05,2
rice,53,0.007660066,4.51E-05,0.006021805,0.000132221,10
rich,182,0.026304379,0.000102648,0.016288866,0.000262516,10
richard,20,0.002890591,1.18E-06,0.000511311,0.000120397,9
ride,18,0.002601532,3.39E-08,0.003404415,5.34E-05,0
right,845,0.122127475,0.00214588,0.036844602,0.000698794,0
rigorous,38,0.005492123,4.97E-06,0.004990797,0.000102508,9
rigorously,18,0.002601532,2.51E-08,0.003320532,5.44E-05,4
ring,44,0.0063593,2.53E-06,0.005969906,9.77E-05,2
rip,18,0.002601532,9.62E-08,0.003498861,5.44E-05,0
rise,415,0.059979766,0.000278994,0.027965476,0.000419236,6
risk,1606,0.232114467,0.009706497,0.04230688,0.001087593,4
"risk,233",15,0.002167943,9.06E-08,0.002434855,6.32E-05,4
risk.373,16,0.002312473,5.95E-07,0.002506032,6.54E-05,4
risky,40,0.005781182,4.98E-06,0.005700331,9.49E-05,10
rita,23,0.00332418,1.83E-05,0.00301374,9.79E-05,5
ritual,19,0.002746062,9.49E-08,0.003554838,6.26E-05,6
river,38,0.005492123,1.60E-05,0.003815617,0.000140153,9
roaccutane,19,0.002746062,7.19E-07,0.00327026,6.15E-05,7
road,128,0.018499783,9.54E-05,0.012910982,0.000202922,9
robert,81,0.011706894,0.000340648,0.007065494,0.00020939,5
robertson,41,0.005925712,1.10E-05,0.00444734,0.000116169,5
robotic,35,0.005058534,1.74E-06,0.005772749,8.32E-05,7
robust,124,0.017921665,2.50E-05,0.014379029,0.00017785,6
robyn,9,0.001300766,7.18E-07,0.001213785,6.53E-05,5
rochester,101,0.014597485,0.000134458,0.008788405,0.000221268,9
rock,19,0.002746062,7.12E-08,0.003737373,4.87E-05,6
rod,22,0.00317965,5.16E-07,0.003890234,7.08E-05,2
rodrigo,20,0.002890591,7.68E-06,0.000655153,0.000125802,5
rodriguez,20,0.002890591,2.82E-06,0.001280764,0.000107324,5
rogers,83,0.011995953,6.26E-06,0.009702371,0.00012741,6
role,549,0.079346726,0.000623027,0.027818738,0.000467051,6
roller,18,0.002601532,6.87E-08,0.003442674,5.61E-05,2
rollercoaster,20,0.002890591,6.16E-08,0.003932668,5.47E-05,7
roman,19,0.002746062,1.77E-08,0.004106021,5.57E-05,0
ronald,57,0.008238185,0.000100973,0.003365325,0.00021276,5
ronde,19,0.002746062,3.02E-07,0.003198452,6.22E-05,5
roof,37,0.005347594,2.42E-06,0.005667481,8.49E-05,0
room,123,0.017777135,4.15E-05,0.0134585,0.000212576,0
roosevelt,43,0.006214771,3.61E-07,0.006899774,8.00E-05,0
root,98,0.014163897,1.54E-05,0.011699189,0.00013903,0
rosen,31,0.004480416,5.27E-06,0.002663846,0.000108727,5
rotate,33,0.004769475,1.14E-07,0.005356577,7.50E-05,2
rouge,19,0.002746062,1.12E-05,0.001859237,8.34E-05,9
rough,35,0.005058534,8.96E-07,0.005935319,6.90E-05,6
roughly,79,0.011417835,8.40E-06,0.010012427,0.000128307,2
rounded,20,0.002890591,3.34E-08,0.004075876,5.45E-05,9
route,141,0.020378667,3.48E-05,0.015144892,0.000187616,2
routine,330,0.047694754,0.000130852,0.024763885,0.000317564,2
routinely,125,0.018066195,1.22E-05,0.013806824,0.000165689,4
rrr,32,0.004624946,2.13E-06,0.004851358,7.69E-05,4
rtcs,16,0.002312473,6.36E-08,0.003207124,5.32E-05,4
rub,103,0.014886544,1.13E-05,0.011938919,0.00015558,2
rubber,32,0.004624946,1.14E-06,0.005051188,7.98E-05,2
ruisheng,19,0.002746062,2.84E-06,0.000361364,0.000126817,5
ruiz,20,0.002890591,6.78E-06,0.000782724,0.000122478,5
rule,237,0.034253505,5.78E-05,0.018701753,0.000240563,7
run,312,0.045093222,0.000245856,0.023486603,0.000370442,0
running,19,0.002746062,3.30E-07,0.003383612,6.08E-05,6
runz,9,0.001300766,8.25E-10,0.001673989,4.11E-05,9
rural,19,0.002746062,6.32E-08,0.003401986,6.12E-05,2
rush,35,0.005058534,5.64E-07,0.005710619,7.88E-05,2
ryan,40,0.005781182,0.000296183,0.003817829,0.000146223,9
s.e,20,0.002890591,1.00E-05,0.001450277,9.59E-05,5
s.l,20,0.002890591,2.21E-06,0.002152898,8.61E-05,5
saad,20,0.002890591,2.02E-07,0.003113708,6.94E-05,5
saalu,20,0.002890591,8.75E-07,0.002841893,7.45E-05,5
sabotage,19,0.002746062,9.45E-08,0.003532582,5.68E-05,10
sabrina,8,0.001156236,8.31E-08,0.001172009,5.59E-05,5
sachet,34,0.004914005,1.53E-05,0.003611276,0.00010985,2
sacrifice,18,0.002601532,8.13E-08,0.003532783,5.91E-05,10
sad,47,0.006792889,2.67E-06,0.006834465,9.78E-05,6
sadness,63,0.009105362,3.71E-06,0.008221657,0.000117355,6
safe,644,0.093077034,0.000746331,0.033469749,0.000531425,2
safely,235,0.033964446,0.000109783,0.019618134,0.000262743,2
safety,493,0.071253071,0.000601308,0.030378555,0.000495495,4
safety.30,19,0.002746062,1.72E-08,0.004097243,5.49E-05,2
saint,29,0.004191357,5.78E-06,0.003524283,8.72E-05,9
salad,49,0.007081948,2.24E-05,0.006325975,0.000119855,10
sale,36,0.005203064,1.39E-06,0.005357112,8.45E-05,0
saliva,18,0.002601532,2.85E-08,0.00326415,5.41E-05,2
salivary,19,0.002746062,6.83E-08,0.003512393,5.66E-05,10
salmon,36,0.005203064,3.47E-05,0.003567966,0.00011764,10
salonia,35,0.005058534,7.55E-06,0.004250051,0.000109462,4
salt,63,0.009105362,4.36E-05,0.006847045,0.000152274,0
samplaski,76,0.010984246,5.22E-06,0.010003107,0.00013576,0
sample,312,0.045093222,0.000248198,0.021159845,0.000349268,4
san,47,0.006792889,1.65E-05,0.00511578,0.000137095,9
sandeep,46,0.00664836,1.92E-05,0.0051177,0.000118318,9
sandya,20,0.002890591,2.03E-06,0.001246915,0.00011028,9
sara,16,0.002312473,1.89E-07,0.002792075,5.87E-05,9
sarcoidosis,60,0.008671773,7.85E-06,0.007200628,0.000118012,7
sarcopenia,37,0.005347594,4.95E-06,0.005232432,8.28E-05,6
sardine,46,0.00664836,7.63E-06,0.005837242,0.00010526,10
sather,21,0.003035121,1.54E-05,0.002710705,9.50E-05,5
satisfaction,93,0.013441249,7.05E-06,0.011627138,0.00013409,6
satisfactory,46,0.00664836,1.08E-06,0.007004707,8.81E-05,6
satisfied,19,0.002746062,3.98E-07,0.003546865,5.67E-05,4
satisfy,40,0.005781182,7.49E-07,0.006455164,8.18E-05,6
saturate,80,0.011562365,1.06E-05,0.009524224,0.000150765,10
sauna,18,0.002601532,1.15E-07,0.002782781,5.83E-05,7
saunder,20,0.002890591,2.20E-06,0.00203389,8.15E-05,5
sauté,44,0.0063593,2.79E-05,0.004824358,0.000120373,10
save,80,0.011562365,7.00E-06,0.010018891,0.00012683,7
sawgrass,16,0.002312473,1.42E-07,0.002125292,6.88E-05,9
saya,19,0.002746062,2.38E-08,0.003847107,5.33E-05,0
scale,90,0.01300766,1.48E-05,0.010832033,0.000141242,4
scalp,86,0.012429542,1.20E-05,0.009511933,0.000140152,7
scan,123,0.017777135,2.01E-05,0.012953514,0.000172386,7
scanner,27,0.003902298,3.79E-07,0.005039408,7.31E-05,2
scanning,20,0.002890591,3.76E-07,0.003472856,6.37E-05,7
scar,77,0.011128776,3.17E-05,0.009419957,0.000150699,2
scarring,20,0.002890591,2.97E-07,0.003516777,6.28E-05,7
scd,18,0.002601532,5.49E-05,0.000851389,0.000100906,5
scenario,78,0.011273305,5.83E-06,0.011114171,0.000123899,2
scentless,18,0.002601532,1.40E-07,0.003069791,6.61E-05,2
schedule,317,0.045815869,0.000200107,0.022854902,0.000344886,2
scheduling,14,0.002023414,4.95E-07,0.001646066,6.26E-05,0
scheme,19,0.002746062,1.21E-07,0.003208602,6.33E-05,4
schizophrenia,13,0.001878884,1.25E-07,0.001987214,5.76E-05,7
scholarship,20,0.002890591,7.17E-07,0.002405573,8.40E-05,9
school,230,0.033241798,0.000299356,0.016851251,0.000376225,9
schwarzenegger,16,0.002312473,1.13E-08,0.003424284,5.17E-05,0
scialli,20,0.002890591,2.02E-06,0.001823372,0.00010424,9
science,278,0.040179217,0.000517652,0.020445837,0.000403533,9
sciences,42,0.006070241,2.58E-06,0.006082943,9.50E-05,0
scientific,217,0.031362914,0.000413856,0.015323064,0.000386122,9
scientifically,33,0.004769475,1.41E-06,0.005201425,7.31E-05,0
scientist,99,0.014308426,2.27E-05,0.009959191,0.000150013,0
sciex,19,0.002746062,9.87E-07,0.002350875,8.27E-05,9
scope,85,0.012285012,3.16E-05,0.008984685,0.000144942,0
scopus,17,0.002457002,1.28E-07,0.002830671,6.37E-05,4
score,123,0.017777135,2.48E-05,0.011869623,0.000178709,4
"score.13,20",20,0.002890591,9.55E-08,0.0033331,6.49E-05,4
scot,566,0.081803729,0.000695126,0.029797123,0.000539059,0
scott,419,0.060557884,0.00099871,0.023860595,0.000485162,0
screen,385,0.055643879,0.000496616,0.024131765,0.000414296,5
screened,15,0.002167943,4.31E-08,0.002672047,5.25E-05,0
screening,389,0.056221997,0.000424732,0.024671767,0.000416842,3
scripps.org,17,0.002457002,1.61E-08,0.003424792,4.97E-05,0
script,58,0.008382714,7.83E-06,0.008015792,0.000112213,0
scrotal,17,0.002457002,8.60E-07,0.002631292,6.82E-05,2
scrotum,146,0.021101315,5.46E-05,0.014508998,0.000207013,7
sculpt,18,0.002601532,9.49E-08,0.003162613,5.60E-05,6
sdna,16,0.002312473,9.41E-07,0.001273129,8.72E-05,3
seafood,34,0.004914005,1.96E-05,0.004262943,0.00010315,10
seamless,49,0.007081948,3.02E-06,0.007741631,0.000100685,2
search,392,0.056655586,0.000585839,0.025524854,0.000511159,4
seared,18,0.002601532,3.64E-07,0.001302947,8.39E-05,10
sears,30,0.004335887,1.52E-06,0.00404418,8.64E-05,0
seattle,86,0.012429542,3.18E-05,0.010404131,0.000173119,5
sebaceous,45,0.00650383,7.26E-06,0.006419254,0.000100864,7
sebum,64,0.009249892,4.01E-06,0.008300026,0.000122583,2
second,35,0.005058534,3.37E-06,0.005194557,9.53E-05,2
secondary,427,0.061714121,0.000410441,0.022786647,0.000390548,7
secondly,18,0.002601532,2.31E-08,0.003569813,4.72E-05,0
secret,19,0.002746062,1.85E-08,0.004148665,5.63E-05,10
secrete,113,0.01633184,8.58E-06,0.011216835,0.000144253,7
secretion,104,0.015031074,1.35E-05,0.010984559,0.000151834,7
section,112,0.01618731,2.54E-05,0.012213225,0.000179168,3
sectional,20,0.002890591,5.73E-06,0.00252922,7.82E-05,5
secure,37,0.005347594,3.49E-06,0.005675787,8.78E-05,2
securely,16,0.002312473,2.65E-08,0.003057862,5.59E-05,0
sedative,20,0.002890591,5.75E-08,0.003726093,6.09E-05,7
sedentary,74,0.010695187,1.43E-06,0.009294799,0.000105595,6
seed,54,0.007804596,8.44E-05,0.005644766,0.000133217,10
seek,517,0.074721781,0.000446281,0.031306214,0.000492042,0
seesaw,19,0.002746062,4.81E-07,0.002768334,6.80E-05,7
segue,18,0.002601532,1.19E-07,0.003230538,5.24E-05,0
seldom,16,0.002312473,1.24E-07,0.00313075,5.06E-05,2
select,277,0.040034687,0.000144315,0.022293874,0.000306822,2
selection,37,0.005347594,1.98E-06,0.005846479,8.72E-05,4
selective,115,0.016620899,2.61E-05,0.011777439,0.000166363,7
selenium,40,0.005781182,5.77E-07,0.006154985,8.19E-05,10
self,448,0.064749241,0.000402913,0.027763478,0.000436449,6
sell,131,0.018933372,1.39E-05,0.015808611,0.000183705,0
semaglutide,47,0.006792889,1.23E-06,0.006814255,9.22E-05,6
semen,154,0.022257552,2.16E-05,0.014893347,0.000185514,7
semi,16,0.002312473,5.72E-07,0.001892336,7.33E-05,0
semirigid,17,0.002457002,1.54E-07,0.003082271,6.36E-05,2
send,200,0.028905911,4.74E-05,0.016858395,0.000233329,7
seneca,16,0.002312473,1.16E-07,0.001969402,7.05E-05,9
senior,80,0.011562365,1.14E-05,0.0098568,0.000147962,9
sensation,36,0.005203064,1.43E-06,0.005423468,8.24E-05,6
sense,400,0.057811823,0.000385305,0.025769314,0.000405548,0
sensible,19,0.002746062,1.83E-08,0.003896467,5.69E-05,4
sensitise,19,0.002746062,3.69E-07,0.003683707,6.09E-05,7
sensitive,148,0.021390374,8.53E-05,0.014615871,0.000212392,7
sensitivity,230,0.033241798,8.87E-05,0.018681237,0.000251338,7
sep,39,0.005636653,1.16E-05,0.004691348,0.000102763,5
separate,164,0.023702847,4.65E-05,0.014989098,0.000201506,2
september,88,0.012718601,5.94E-05,0.009880155,0.000184132,0
sera,20,0.002890591,1.18E-06,0.003249227,6.68E-05,4
serge,20,0.002890591,1.62E-05,0.00113944,0.000107202,9
series,105,0.015175603,2.80E-05,0.012374813,0.00017832,4
seriously,69,0.009972539,3.82E-06,0.009128593,0.000119714,0
serm,94,0.013585778,1.65E-05,0.010838101,0.000156152,7
sermorelin,38,0.005492123,2.60E-06,0.005514452,9.59E-05,9
serotonergic,19,0.002746062,1.20E-07,0.00351892,5.88E-05,7
serotonin,93,0.013441249,1.26E-05,0.009954625,0.000140422,6
sertoli,15,0.002167943,8.57E-09,0.002575357,5.11E-05,7
serum,509,0.073565544,0.000704748,0.028265172,0.000518529,4
serve,214,0.030929325,0.000213508,0.018866187,0.000316948,4
service,371,0.053620465,0.000605296,0.023976294,0.000403301,0
serving,20,0.002890591,2.59E-07,0.002783242,7.32E-05,10
session,102,0.014742015,3.29E-05,0.012038271,0.000161945,10
set,294,0.04249169,0.000281613,0.02321367,0.000336551,0
sethi,16,0.002312473,1.03E-07,0.002650879,5.72E-05,9
setting,114,0.016476369,1.63E-05,0.013699668,0.000156039,4
settle,38,0.005492123,3.95E-06,0.005899048,9.71E-05,0
severe,445,0.064315653,0.000440277,0.026279077,0.000432447,7
severely,63,0.009105362,1.80E-05,0.007515391,0.000134057,0
severity,115,0.016620899,1.44E-05,0.013214537,0.000149171,2
sex,1032,0.149154502,0.002774942,0.030980065,0.00069011,6
sexual,1191,0.172134702,0.004945298,0.036848587,0.000880646,6
sexuality,35,0.005058534,1.55E-05,0.004313638,0.000118161,5
sexually,145,0.020956786,7.42E-05,0.0145576,0.00022463,7
sexy,20,0.002890591,8.39E-08,0.003592421,6.25E-05,7
shabalin,19,0.002746062,1.12E-05,0.002009817,9.06E-05,9
shade,17,0.002457002,2.01E-08,0.003319718,5.64E-05,3
shadow,18,0.002601532,3.78E-09,0.003467902,4.67E-05,6
shady,19,0.002746062,7.25E-08,0.003239734,6.38E-05,0
shadyside,14,0.002023414,1.07E-07,0.001977384,5.95E-05,9
shah,52,0.007515537,1.84E-06,0.007089066,9.92E-05,4
shalender,20,0.002890591,1.77E-05,0.002072834,8.56E-05,5
shall,18,0.002601532,1.85E-08,0.00352739,5.32E-05,0
shallow,44,0.0063593,9.90E-07,0.007456717,8.75E-05,2
shallower,16,0.002312473,2.11E-07,0.002759765,6.16E-05,2
shame,64,0.009249892,3.33E-06,0.009414481,0.000119483,0
shampoo,32,0.004624946,6.11E-07,0.004743015,8.34E-05,7
shannon,20,0.002890591,4.69E-06,0.001256843,0.000105837,5
shape,115,0.016620899,6.41E-05,0.01184961,0.000188394,11
shaped,17,0.002457002,6.70E-07,0.002690165,6.43E-05,7
share,262,0.037866744,0.000188637,0.019815931,0.000311818,9
sharp,118,0.017054488,2.60E-05,0.013492816,0.000189642,6
sharpen,38,0.005492123,4.31E-06,0.005742091,8.08E-05,6
sharpness,38,0.005492123,9.49E-07,0.005740724,9.25E-05,6
shave,69,0.009972539,7.44E-06,0.008653466,0.000127563,0
shbg,311,0.044948692,0.000138115,0.020169512,0.000315573,7
sheep,19,0.002746062,4.77E-07,0.003185135,6.81E-05,9
sheet,17,0.002457002,1.06E-08,0.003462424,5.45E-05,0
sheffield,18,0.002601532,1.99E-07,0.002813337,6.83E-05,9
shelf,17,0.002457002,7.20E-09,0.003314952,4.74E-05,9
shen,20,0.002890591,1.11E-07,0.002969305,6.46E-05,6
shgb,33,0.004769475,6.97E-07,0.005143638,7.42E-05,7
shift,111,0.016042781,8.66E-06,0.013030404,0.00015419,2
shigehara,20,0.002890591,1.66E-06,0.002099621,9.86E-05,5
shingle,18,0.002601532,2.60E-07,0.002208923,7.66E-05,3
shiny,18,0.002601532,2.31E-07,0.002640462,6.75E-05,0
ship,37,0.005347594,2.83E-06,0.006016625,8.89E-05,2
shivakumar,20,0.002890591,2.44E-07,0.003937658,6.04E-05,4
shock,35,0.005058534,2.59E-07,0.006003763,7.08E-05,2
shockwave,107,0.015464663,8.71E-06,0.012720489,0.000160437,0
shoot,19,0.002746062,8.61E-08,0.003366552,5.82E-05,2
shop,20,0.002890591,2.41E-08,0.003911541,5.94E-05,0
shore,26,0.003757768,6.95E-07,0.003897909,7.10E-05,4
short,542,0.07833502,0.000740125,0.030846111,0.000529815,2
short-,41,0.005925712,2.65E-06,0.006600718,8.38E-05,2
shortage,44,0.0063593,8.84E-07,0.006800657,8.58E-05,7
shorten,19,0.002746062,8.64E-08,0.00370388,5.80E-05,7
shorter,39,0.005636653,2.17E-06,0.006528893,9.12E-05,2
shortness,59,0.008527244,6.21E-06,0.007508485,0.000120261,6
shot,160,0.023124729,1.63E-05,0.015485077,0.000182395,2
shottm,14,0.002023414,2.32E-07,0.001908926,6.20E-05,6
shoulder,117,0.016909958,3.44E-05,0.011915982,0.000175577,2
shower,90,0.01300766,4.03E-05,0.010292304,0.000163072,2
shrink,224,0.032374621,6.59E-05,0.017727853,0.000238822,7
shrinkage,242,0.034976153,7.31E-05,0.019279389,0.000252926,0
shrivel,32,0.004624946,1.30E-07,0.005439097,6.80E-05,7
shrug,19,0.002746062,2.52E-08,0.003413061,5.29E-05,6
shrunken,19,0.002746062,4.57E-09,0.003649097,4.62E-05,7
shumaker,17,0.002457002,1.58E-07,0.002602047,6.76E-05,4
shut,130,0.018788842,1.51E-05,0.013471027,0.000176595,0
shutdown,20,0.002890591,3.38E-07,0.003434195,6.53E-05,7
shy,69,0.009972539,4.78E-06,0.009240523,0.000118416,0
sick,20,0.002890591,1.54E-07,0.003199715,5.65E-05,5
sicker,18,0.002601532,2.57E-07,0.002777162,5.96E-05,9
sickle,42,0.006070241,3.00E-07,0.00581397,7.66E-05,7
sideburn,18,0.002601532,8.84E-08,0.002648482,6.69E-05,6
sig-,20,0.002890591,3.28E-07,0.0031567,6.70E-05,4
sigh,38,0.005492123,3.22E-06,0.005832763,9.52E-05,2
sight,16,0.002312473,1.06E-07,0.002876188,5.28E-05,0
sigmoidoscopy,16,0.002312473,1.32E-06,0.002113158,7.08E-05,3
sign,760,0.109842463,0.001216108,0.031890153,0.000570026,6
signal,318,0.045960399,0.000132805,0.02116258,0.00032182,7
significance,68,0.00982801,1.03E-05,0.0086463,0.000123184,4
significant,616,0.089030207,0.000650641,0.032691806,0.00053137,4
significantly,357,0.051597052,0.00012665,0.023836574,0.000323744,4
signify,32,0.004624946,6.69E-07,0.005229287,7.21E-05,7
signs.(moderate,17,0.002457002,5.02E-10,0.003220766,4.55E-05,4
sildenafil,89,0.012863131,1.50E-05,0.010269933,0.000155387,2
silence,42,0.006070241,2.68E-06,0.006100066,8.68E-05,0
silent,43,0.006214771,1.14E-05,0.005663629,0.000106074,7
silently,19,0.002746062,2.13E-08,0.003769942,5.26E-05,0
silicone,35,0.005058534,6.36E-06,0.005267605,9.52E-05,2
silva,20,0.002890591,1.32E-06,0.002332374,8.71E-05,5
silver,50,0.007226478,0.000110648,0.00597351,0.000140813,5
similar,476,0.068796069,0.00028132,0.028163987,0.00039715,2
similarity,18,0.002601532,1.14E-08,0.003280817,5.21E-05,6
similarly,64,0.009249892,4.16E-06,0.008046484,0.00010711,7
simple,330,0.047694754,0.000170535,0.024408298,0.000343503,0
simplification,20,0.002890591,5.32E-08,0.003883904,5.96E-05,2
simplify,34,0.004914005,3.60E-07,0.005651814,7.20E-05,2
simply,438,0.063303946,0.0005089,0.028282286,0.000459832,6
simply:-,16,0.002312473,7.35E-08,0.002844081,5.74E-05,2
simultaneously,33,0.004769475,6.16E-07,0.005156905,7.43E-05,6
sinai,127,0.018355254,8.98E-05,0.010198536,0.000204902,9
single,237,0.034253505,8.02E-05,0.020534366,0.000273137,0
singlecare,19,0.002746062,3.64E-08,0.003529347,5.98E-05,0
singpiel,30,0.004335887,2.27E-06,0.003704841,9.04E-05,0
sinus,18,0.002601532,1.95E-08,0.003646986,5.37E-05,7
siri,17,0.002457002,9.53E-09,0.003223982,5.40E-05,0
sit,129,0.018644313,3.88E-05,0.014097735,0.000187319,0
site,379,0.054776702,0.000501879,0.02501724,0.000444687,2
situate,17,0.002457002,1.65E-08,0.003059148,5.36E-05,7
situation,189,0.027316086,8.00E-05,0.018059622,0.000241131,0
size,577,0.083393554,0.000727885,0.030621493,0.000486648,7
sizeable,20,0.002890591,7.98E-08,0.003877165,6.12E-05,4
sized,42,0.006070241,3.74E-06,0.00600087,9.40E-05,2
skeletal,35,0.005058534,9.07E-07,0.005315056,7.96E-05,7
skew,18,0.002601532,2.00E-07,0.003158089,6.09E-05,4
skewed,48,0.006937419,1.11E-05,0.006820959,0.000104394,6
ski,14,0.002023414,4.49E-08,0.001825424,6.33E-05,0
skill,17,0.002457002,6.30E-08,0.003113977,5.34E-05,0
skilled,18,0.002601532,1.18E-08,0.003515621,5.00E-05,0
skillful,20,0.002890591,2.17E-08,0.004268114,5.57E-05,9
skimp,20,0.002890591,8.80E-09,0.003881064,5.08E-05,6
skin,703,0.101604278,0.001524025,0.031735654,0.000623362,2
skin.449,16,0.002312473,3.52E-07,0.002742739,6.23E-05,2
skincare,20,0.002890591,6.31E-07,0.002799448,7.36E-05,7
skinless,19,0.002746062,8.60E-06,0.002481077,7.02E-05,10
skip,51,0.007371007,2.46E-06,0.007657633,8.60E-05,2
skull,16,0.002312473,3.92E-08,0.002952213,5.19E-05,7
slang,18,0.002601532,1.24E-07,0.0030957,5.64E-05,7
sle,20,0.002890591,4.93E-07,0.002750588,7.63E-05,7
sleep,948,0.137014019,0.002138179,0.035357966,0.000657181,7
sleepiness,28,0.004046828,5.32E-08,0.004669793,6.43E-05,6
sleeping,37,0.005347594,5.95E-07,0.005916724,8.02E-05,0
sleeplessness,16,0.002312473,1.74E-08,0.003112337,4.60E-05,7
sleeve,18,0.002601532,7.55E-08,0.00316816,5.26E-05,2
sleuthing,20,0.002890591,9.50E-07,0.003544987,6.90E-05,6
slew,20,0.002890591,7.83E-09,0.004199071,5.23E-05,0
slide,15,0.002167943,2.20E-09,0.00307963,4.39E-05,0
slidell,20,0.002890591,2.20E-06,0.001518033,0.000104428,9
slight,104,0.015031074,2.46E-05,0.010331975,0.00014746,2
slightly,138,0.019945079,2.70E-05,0.014272875,0.000173603,2
slim,34,0.004914005,3.02E-07,0.005566844,6.83E-05,0
slip,36,0.005203064,6.05E-06,0.004796329,8.92E-05,0
slow,393,0.056800116,0.000285776,0.026208674,0.000392291,2
slowing,18,0.002601532,1.36E-08,0.003119827,5.05E-05,6
slowly,201,0.029050441,0.000104951,0.017039251,0.000247011,2
sluggish,37,0.005347594,4.18E-07,0.005783292,6.58E-05,0
smack,19,0.002746062,1.59E-07,0.003574064,6.45E-05,0
small,615,0.088885677,0.00069861,0.033021651,0.000505845,2
smart,55,0.007949126,7.78E-07,0.007987093,8.84E-05,0
smartwatch,20,0.002890591,5.57E-07,0.003497288,6.33E-05,0
smell,62,0.008960832,5.97E-06,0.00790487,0.000118777,7
smith,688,0.099436335,0.001578957,0.032551194,0.000641482,0
smoke,69,0.009972539,2.48E-06,0.009412364,0.000109472,7
smoker,35,0.005058534,8.46E-07,0.006076706,7.76E-05,7
smoking,247,0.0356988,3.82E-05,0.020242059,0.000239838,7
smooth,64,0.009249892,1.40E-05,0.008836633,0.000130993,2
smoother,31,0.004480416,4.35E-06,0.004972339,7.64E-05,0
smoothly,35,0.005058534,3.05E-07,0.006100342,7.49E-05,0
smsna,39,0.005636653,1.39E-05,0.004347255,0.000113689,9
snack,19,0.002746062,9.17E-07,0.002493359,7.29E-05,10
snapshot,20,0.002890591,2.38E-08,0.003893754,5.11E-05,7
snore,84,0.012140483,1.84E-05,0.010089706,0.000142238,0
snoring,38,0.005492123,4.44E-06,0.005465189,9.97E-05,7
snort,20,0.002890591,6.53E-07,0.003094434,7.15E-05,7
snowie,20,0.002890591,6.94E-08,0.004293161,5.68E-05,2
snyder,88,0.012718601,0.000202343,0.007877986,0.0001946,5
soak,23,0.00332418,8.27E-07,0.003449767,7.05E-05,2
soap,20,0.002890591,8.96E-07,0.002692027,7.58E-05,7
social,198,0.028616852,0.000238045,0.016941068,0.000328325,9
socialization,16,0.002312473,5.61E-08,0.003304963,5.40E-05,0
socialize,19,0.002746062,1.72E-07,0.003498125,6.05E-05,6
societal,39,0.005636653,3.75E-06,0.006427804,9.86E-05,6
society,326,0.047116635,0.000866512,0.019857413,0.000454856,5
sodium,37,0.005347594,1.20E-05,0.003800986,0.000115121,7
soft,98,0.014163897,3.61E-05,0.010439254,0.000175146,10
soften,28,0.004046828,2.11E-06,0.004362203,7.22E-05,2
software,18,0.002601532,2.30E-07,0.002292023,7.62E-05,1
sole,20,0.002890591,2.79E-08,0.00420521,5.44E-05,4
solely,156,0.022546611,4.35E-05,0.016608559,0.000212572,4
solicit,19,0.002746062,1.26E-07,0.003466076,5.97E-05,4
solid,35,0.005058534,1.06E-06,0.005736269,8.04E-05,6
soljancic,20,0.002890591,7.28E-05,0.001100136,0.000110576,5
solubility,20,0.002890591,2.72E-07,0.00355434,7.03E-05,2
solubilize,19,0.002746062,1.11E-07,0.004067078,5.61E-05,2
solution,329,0.047550224,0.000197569,0.024210125,0.000328134,2
solvay,17,0.002457002,1.81E-07,0.002573174,6.45E-05,9
solve,101,0.014597485,1.13E-05,0.011496463,0.000142793,0
somatosensory,20,0.002890591,5.97E-07,0.003070633,7.60E-05,6
somebody,187,0.027027027,3.03E-05,0.018451649,0.000216863,0
somewhat,34,0.004914005,4.22E-07,0.005239696,6.92E-05,6
song,17,0.002457002,1.62E-07,0.002969255,6.39E-05,0
sonogram,17,0.002457002,5.21E-08,0.002826008,5.16E-05,7
soon,286,0.041335453,0.000197195,0.022660955,0.000329736,0
sooriakumaran,20,0.002890591,1.79E-05,0.001702518,9.47E-05,5
sore,56,0.008093655,3.19E-06,0.007226559,0.000105734,2
soreness,20,0.002890591,2.98E-08,0.003973739,6.03E-05,2
sorry,49,0.007081948,7.52E-06,0.005640648,9.68E-05,0
sort,151,0.021823963,2.78E-05,0.01449249,0.000188578,0
sound,262,0.037866744,0.000156443,0.020396892,0.00030067,0
source,318,0.045960399,0.000228031,0.022750934,0.000354992,10
south,81,0.011706894,0.000126546,0.006204105,0.000217938,9
southwestern,18,0.002601532,1.95E-08,0.003511888,5.01E-05,4
space,239,0.034542564,8.52E-05,0.021302781,0.000281965,0
span,48,0.006937419,1.10E-05,0.005893785,0.000112283,5
spark,58,0.008382714,2.86E-06,0.008233329,0.000112568,6
spatial,46,0.00664836,1.75E-05,0.005717919,0.000119013,5
spaziani,19,0.002746062,9.45E-07,0.002099042,8.82E-05,5
speak,320,0.046249458,0.000284616,0.022979242,0.000358571,0
speaker,88,0.012718601,9.39E-05,0.007357914,0.00022905,9
spearhead,16,0.002312473,7.32E-08,0.002700634,5.32E-05,6
special,121,0.017488076,4.25E-05,0.013139128,0.000179246,2
specialise,65,0.009394421,6.63E-06,0.008147932,0.000118228,2
specialised,20,0.002890591,1.68E-06,0.003162406,7.23E-05,5
specialist,501,0.072409308,0.000473375,0.028093229,0.000452295,9
specialize,201,0.029050441,6.15E-05,0.017990668,0.000235569,9
specialized,177,0.025581731,4.64E-05,0.017842699,0.000222154,0
specialties,17,0.002457002,7.25E-08,0.003033705,6.02E-05,9
specialty,114,0.016476369,3.78E-05,0.011689071,0.000177979,9
specific,766,0.11070964,0.000946883,0.0350035,0.000567736,4
specifically,220,0.031796502,4.98E-05,0.019196038,0.000245611,4
specificity,38,0.005492123,1.41E-06,0.006093323,8.82E-05,4
specify,33,0.004769475,5.89E-07,0.005937726,6.65E-05,4
specimen,32,0.004624946,2.01E-07,0.00557845,7.34E-05,4
spectacular,20,0.002890591,1.10E-07,0.003899351,5.72E-05,0
spectrometry,19,0.002746062,1.03E-07,0.003099565,6.16E-05,4
spectrometry.26,20,0.002890591,1.01E-06,0.002975637,6.77E-05,4
spectrum,68,0.00982801,1.57E-05,0.008482553,0.000137612,9
speculate,16,0.002312473,1.04E-07,0.002818609,5.08E-05,9
speculation,18,0.002601532,4.22E-07,0.002477612,6.99E-05,9
speculative,20,0.002890591,7.28E-08,0.003120174,6.59E-05,9
speech,37,0.005347594,2.38E-06,0.005430846,9.15E-05,6
speed,67,0.00968348,4.48E-06,0.008299129,0.00011217,6
spend,165,0.023847377,3.09E-05,0.017791239,0.000221824,0
sperate,18,0.002601532,5.99E-08,0.003082481,5.25E-05,4
sperm,716,0.103483162,0.000757455,0.029923814,0.000509047,7
spermatogenesis,142,0.020523197,2.48E-05,0.014291137,0.000182642,7
spike,198,0.028616852,4.38E-05,0.018494199,0.000231716,2
spinach,95,0.013730308,6.97E-05,0.009981353,0.000190774,10
spine,49,0.007081948,9.61E-06,0.006362426,0.000103474,7
spiral,48,0.006937419,1.33E-06,0.006804943,9.36E-05,6
spirit,20,0.002890591,5.47E-08,0.003945251,6.59E-05,4
spironolactone,49,0.007081948,2.71E-06,0.006648157,0.00010511,7
spit,18,0.002601532,3.25E-08,0.003280736,5.38E-05,2
split,32,0.004624946,3.35E-06,0.005209118,7.75E-05,0
spoiler,19,0.002746062,1.79E-07,0.003262345,5.55E-05,0
sponge,19,0.002746062,5.26E-07,0.003333376,5.81E-05,6
sponsoring,18,0.002601532,2.00E-06,0.001482398,8.50E-05,5
spontaneous,43,0.006214771,2.62E-07,0.006086324,7.25E-05,6
spoon,19,0.002746062,4.37E-07,0.003116497,6.17E-05,2
sport,101,0.014597485,0.000115261,0.010133378,0.000189069,6
spot,128,0.018499783,5.93E-05,0.013109768,0.000195042,2
spotify,42,0.006070241,1.39E-06,0.005058162,9.25E-05,0
spouse,69,0.009972539,8.77E-06,0.00973968,0.000122976,0
spray,123,0.017777135,1.81E-05,0.013272912,0.00017396,2
spread,71,0.010261598,3.80E-06,0.009599785,0.000112936,2
spring,20,0.002890591,3.96E-05,0.001558664,9.89E-05,5
springfield,19,0.002746062,4.36E-07,0.002299508,7.71E-05,9
spritzer,20,0.002890591,2.41E-05,0.001417631,9.83E-05,5
spur,18,0.002601532,4.62E-09,0.003216005,4.88E-05,7
spurt,27,0.003902298,5.67E-08,0.004426571,6.03E-05,7
squat,20,0.002890591,2.42E-07,0.003352795,5.86E-05,6
ssris,17,0.002457002,4.44E-07,0.002757914,6.01E-05,6
stabilise,106,0.015320133,7.80E-06,0.013155259,0.000158207,2
stability,98,0.014163897,1.41E-05,0.012096988,0.000160306,2
stabilization,50,0.007226478,1.66E-06,0.007123541,8.79E-05,6
stabilize,52,0.007515537,2.21E-06,0.007279107,9.50E-05,4
stabilizer,20,0.002890591,8.25E-08,0.003591899,6.33E-05,4
stable,317,0.045815869,0.000103593,0.026063142,0.000332209,2
staff,104,0.015031074,2.48E-05,0.011466567,0.000184398,0
stage,253,0.036565978,9.42E-05,0.021077076,0.000286809,7
stagnant,20,0.002890591,1.14E-07,0.003639319,6.26E-05,4
stake,38,0.005492123,1.90E-06,0.005600558,9.26E-05,9
stall,17,0.002457002,6.89E-09,0.003435807,4.71E-05,2
stamina,120,0.017343547,9.49E-06,0.013136125,0.000162128,6
stamp,18,0.002601532,1.47E-07,0.003164952,6.07E-05,9
stand,119,0.017199017,1.10E-05,0.013363773,0.000152153,0
standalone,57,0.008238185,4.30E-06,0.008021952,0.000112847,0
standard,347,0.050151756,0.000178905,0.024971053,0.000350166,4
standardization,94,0.013585778,2.25E-05,0.011212487,0.000172119,4
standardized,20,0.002890591,7.62E-08,0.003717808,6.72E-05,4
standpoint,64,0.009249892,6.21E-07,0.009627618,9.55E-05,0
stanford,19,0.002746062,1.13E-07,0.003177105,6.48E-05,9
stanfordhealthcare.org,15,0.002167943,1.76E-08,0.002727872,5.62E-05,6
stanozolol,18,0.002601532,1.96E-07,0.003901241,5.61E-05,2
stanton.honig@yale.edu,19,0.002746062,2.38E-07,0.00312006,6.47E-05,9
staple,16,0.002312473,2.34E-07,0.002810689,5.91E-05,10
star,50,0.007226478,4.92E-05,0.006334373,0.000117067,0
starch,19,0.002746062,4.89E-07,0.002722289,6.92E-05,10
start,1129,0.163173869,0.00333648,0.040262537,0.000775374,0
startedinjectable,20,0.002890591,1.37E-08,0.004032038,5.28E-05,2
startedpatient,19,0.002746062,2.80E-08,0.003997325,5.24E-05,2
startedsource,20,0.002890591,1.89E-07,0.003020892,7.06E-05,5
startedtestosterone,16,0.002312473,3.04E-07,0.002800524,6.11E-05,9
starter,30,0.004335887,6.75E-08,0.004946902,6.54E-05,2
starting,83,0.011995953,5.05E-06,0.011461474,0.000127477,2
stat,14,0.002023414,1.02E-07,0.002908004,5.37E-05,2
state,475,0.068651539,0.000592566,0.029196902,0.000500273,9
state.434,17,0.002457002,4.19E-09,0.003708579,4.86E-05,4
statement,376,0.054343113,0.00023326,0.023691379,0.000365068,4
states,141,0.020378667,7.31E-05,0.01338759,0.000210997,9
states).440,15,0.002167943,1.02E-07,0.002928277,5.20E-05,2
statin,50,0.007226478,6.84E-06,0.006994389,0.000109518,4
statistic,66,0.009538951,9.59E-06,0.008438746,0.000128829,4
statistical,61,0.008816303,4.86E-06,0.008728767,0.000128383,4
statistically,55,0.007949126,4.31E-06,0.007409649,0.000111259,4
stature,19,0.002746062,3.20E-07,0.003295841,5.87E-05,6
status,85,0.012285012,5.50E-05,0.009583203,0.000150608,7
stay,522,0.075444428,0.0006014,0.031423338,0.000491641,0
ste,24,0.003468709,4.39E-06,0.002789557,7.17E-05,9
steadily,33,0.004769475,3.40E-07,0.005406343,7.85E-05,2
steady,238,0.034398034,7.09E-05,0.020632119,0.00027038,2
steele,296,0.042780749,0.000579843,0.020145149,0.00040006,0
steep,16,0.002312473,1.85E-07,0.002952472,5.39E-05,6
steer,18,0.002601532,2.85E-08,0.003794865,5.93E-05,0
stem,61,0.008816303,5.05E-06,0.007976118,0.000106722,6
stendra,16,0.002312473,2.25E-08,0.002760506,5.82E-05,2
step,548,0.079202197,0.000550781,0.031958586,0.000456812,9
stereotype,19,0.002746062,1.11E-07,0.003510093,6.17E-05,6
sterile,38,0.005492123,6.52E-07,0.006284605,7.47E-05,0
sterility,35,0.005058534,1.12E-07,0.006045586,6.87E-05,0
sterilization,17,0.002457002,1.87E-08,0.003601345,4.83E-05,0
sterilize,18,0.002601532,4.19E-07,0.003010816,6.63E-05,10
steroid,345,0.049862697,0.000188245,0.022377289,0.000341093,7
steroidal,17,0.002457002,1.08E-07,0.002976992,5.45E-05,0
"steroids.42,43",19,0.002746062,5.83E-08,0.003742473,5.96E-05,2
steve,45,0.00650383,1.63E-06,0.006153221,8.77E-05,0
steven,49,0.007081948,6.21E-06,0.00596438,0.000112102,0
stevens,51,0.007371007,1.05E-05,0.006664038,0.000122119,5
stew,19,0.002746062,1.47E-06,0.00171749,8.26E-05,10
sti,17,0.002457002,1.34E-07,0.002670949,6.05E-05,3
stick,159,0.022980199,5.71E-05,0.01626003,0.000214859,2
stickler,16,0.002312473,1.21E-09,0.003373324,4.40E-05,0
sticky,80,0.011562365,1.82E-05,0.009796175,0.000142109,2
stiffness,20,0.002890591,4.93E-08,0.003195468,5.94E-05,6
stigma,35,0.005058534,1.16E-06,0.005777309,8.09E-05,0
stimulant,20,0.002890591,4.23E-07,0.002682313,7.30E-05,3
stimulate,553,0.079924845,0.00064273,0.024494138,0.00044826,7
stimulating,16,0.002312473,3.97E-09,0.002871515,4.64E-05,7
stimulation,99,0.014308426,1.99E-05,0.010615632,0.000152462,7
stimulus,44,0.0063593,1.43E-05,0.005120669,0.000127477,5
sting,42,0.006070241,4.11E-06,0.005353098,9.66E-05,2
stitch,15,0.002167943,3.84E-07,0.002033511,6.82E-05,2
stock,123,0.017777135,1.19E-05,0.013594303,0.000157033,9
stoléru,20,0.002890591,1.45E-06,0.002216107,9.29E-05,5
stone,62,0.008960832,1.24E-05,0.007812261,0.000126979,6
stool,16,0.002312473,1.09E-06,0.00146905,8.36E-05,3
stop,600,0.086717734,0.00070289,0.031101188,0.000508117,0
storage,30,0.004335887,7.20E-09,0.005383356,5.71E-05,6
store,124,0.017921665,3.50E-05,0.012896705,0.000186589,2
storm,18,0.002601532,2.43E-07,0.003154045,5.62E-05,6
story,249,0.03598786,0.000168455,0.020496778,0.000286824,0
straight,34,0.004914005,3.00E-06,0.005454662,8.97E-05,0
straighten,32,0.004624946,4.18E-06,0.004386669,9.47E-05,2
straightforward,98,0.014163897,1.46E-05,0.01198738,0.000151554,2
strain,36,0.005203064,2.66E-07,0.006023589,7.39E-05,2
strained,20,0.002890591,3.67E-08,0.003796237,5.44E-05,6
strait,19,0.002746062,1.41E-06,0.003102309,7.46E-05,1
strange,17,0.002457002,1.35E-07,0.00327042,5.90E-05,10
strapline,19,0.002746062,1.14E-07,0.00323642,5.93E-05,0
strategic,38,0.005492123,1.40E-07,0.006615826,7.33E-05,2
strategy,248,0.03584333,0.000153825,0.020210498,0.000291095,4
strategy.420,17,0.002457002,2.08E-08,0.003223263,5.28E-05,2
stratification,20,0.002890591,3.84E-07,0.0032793,6.44E-05,4
stratify,20,0.002890591,2.15E-07,0.003224876,6.07E-05,4
stream,51,0.007371007,1.92E-05,0.007075,0.000108828,11
streamlined,19,0.002746062,3.21E-08,0.004092102,5.37E-05,2
street,62,0.008960832,0.000112225,0.005395435,0.000163029,9
strength,648,0.093655152,0.000911561,0.029718875,0.000517794,6
strengthen,33,0.004769475,2.19E-07,0.005403386,6.57E-05,6
strengthening,19,0.002746062,1.09E-07,0.003364456,6.42E-05,10
strenuous,20,0.002890591,1.06E-08,0.003483378,5.57E-05,6
stress,657,0.094955918,0.000830826,0.031613393,0.000528169,7
stressful,34,0.004914005,1.76E-07,0.005626959,6.68E-05,6
stressor,71,0.010261598,5.35E-06,0.009773377,0.000129153,6
stretch,37,0.005347594,4.73E-06,0.005575471,9.40E-05,2
striant,20,0.002890591,6.08E-08,0.004099908,6.02E-05,2
striatum,19,0.002746062,9.43E-07,0.003183167,6.59E-05,7
strict,82,0.011851424,9.77E-06,0.01078811,0.000138384,4
strictly,34,0.004914005,1.07E-05,0.004546665,8.79E-05,9
strike,30,0.004335887,1.32E-05,0.003955998,9.61E-05,0
striking,14,0.002023414,1.16E-07,0.002441107,5.46E-05,4
stringent,18,0.002601532,2.00E-07,0.00296209,5.55E-05,4
strive,100,0.014452956,2.51E-05,0.011548544,0.00016087,1
stroke,357,0.051597052,0.000229618,0.023091291,0.000347058,4
strong,560,0.080936552,0.001266712,0.028650343,0.00055649,4
strongly,110,0.015898251,1.85E-05,0.011631136,0.000160402,9
structural,72,0.010406128,1.10E-05,0.00908194,0.000125801,6
structural/,20,0.002890591,8.92E-08,0.003702396,5.74E-05,4
structure,179,0.025870791,8.57E-05,0.016732335,0.000241823,2
structured,54,0.007804596,1.23E-06,0.008142797,0.000103208,4
struggle,265,0.038300332,0.00013317,0.02180489,0.000304159,0
student,48,0.006937419,5.76E-06,0.006509565,0.000114775,4
studies.438,18,0.002601532,2.85E-08,0.003514098,5.69E-05,2
study,1356,0.195982078,0.009133523,0.04497036,0.001130263,4
study.29,19,0.002746062,4.86E-08,0.003689636,5.89E-05,4
stuff,156,0.022546611,3.26E-05,0.016026013,0.000213752,0
style,75,0.010839717,1.18E-05,0.009416958,0.000123969,10
suarez,20,0.002890591,1.94E-06,0.002936504,7.13E-05,8
sub,64,0.009249892,4.36E-06,0.009301189,0.000121175,2
subclinical,30,0.004335887,8.10E-07,0.004396435,6.95E-05,7
subcutaneous,226,0.03266368,9.85E-05,0.01878539,0.000262126,2
subcutaneously,69,0.009972539,4.64E-06,0.010066909,0.000126071,2
subfertile,16,0.002312473,4.60E-08,0.002972728,4.97E-05,7
subfertility,19,0.002746062,6.98E-08,0.00350205,5.40E-05,7
subject,127,0.018355254,3.16E-05,0.012965374,0.000187409,0
subjective,52,0.007515537,5.16E-06,0.007480534,0.000110395,4
subjectively,20,0.002890591,2.21E-08,0.003963076,5.59E-05,2
sublingual,18,0.002601532,2.49E-07,0.003274823,6.16E-05,6
submission,17,0.002457002,2.11E-07,0.003163177,6.32E-05,4
submit,47,0.006792889,3.17E-06,0.006379505,9.10E-05,0
suboptimal,64,0.009249892,5.23E-06,0.008930902,0.000104798,4
subpar,35,0.005058534,5.87E-07,0.005646854,7.57E-05,0
subscribe,176,0.025437202,0.000111557,0.012710718,0.000241711,0
subscription,21,0.003035121,8.03E-08,0.003969393,6.17E-05,2
subsequent,88,0.012718601,7.73E-06,0.010741173,0.000139906,4
subsequently,32,0.004624946,4.68E-06,0.004854793,8.88E-05,5
subset,18,0.002601532,2.52E-08,0.003902222,5.43E-05,0
subside,18,0.002601532,2.03E-07,0.003148635,6.08E-05,7
substance,211,0.030495736,0.00011322,0.019115032,0.000278068,5
substandard,20,0.002890591,1.37E-07,0.003750595,5.77E-05,7
substantial,82,0.011851424,1.24E-05,0.010092339,0.000140681,6
substantially,16,0.002312473,5.19E-09,0.003369515,4.91E-05,7
substitute,69,0.009972539,1.38E-05,0.009157947,0.0001275,4
substitution,34,0.004914005,7.85E-06,0.004527562,9.69E-05,5
subtle,34,0.004914005,7.48E-08,0.005758419,6.73E-05,6
subtler,19,0.002746062,7.41E-08,0.003065157,5.63E-05,7
suburban,19,0.002746062,6.09E-08,0.003426319,6.11E-05,2
success,231,0.033386328,9.21E-05,0.0206795,0.000271812,0
successful,226,0.03266368,5.58E-05,0.020197374,0.000254336,0
successfully,89,0.012863131,2.25E-05,0.009884822,0.000164715,6
suck,32,0.004624946,2.25E-06,0.004688939,9.24E-05,0
sudden,165,0.023847377,3.93E-05,0.015767732,0.000220956,6
suddenly,68,0.00982801,1.11E-05,0.009101053,0.000126957,0
sue,17,0.002457002,5.44E-07,0.00257195,6.52E-05,9
suffer,442,0.063882064,0.000293628,0.025297452,0.000390445,6
suffering,31,0.004480416,8.39E-08,0.005152789,6.06E-05,6
sufficiency,19,0.002746062,3.97E-08,0.003840704,5.66E-05,0
sufficient,245,0.035409741,0.000108721,0.021340154,0.000272961,4
sufficiently,18,0.002601532,3.03E-08,0.003282002,4.84E-05,4
sugar,305,0.044081515,0.0001132,0.022051959,0.000313878,10
suggest,601,0.086862263,0.000526036,0.031366254,0.000472736,4
suggestive,70,0.010117069,1.92E-06,0.008701938,0.000103365,6
suh,20,0.002890591,3.09E-06,0.001323593,0.000108761,9
suicide,111,0.016042781,1.70E-05,0.013133942,0.000171231,0
suit,119,0.017199017,5.52E-06,0.014069047,0.000148329,2
suitability,20,0.002890591,3.75E-08,0.004061546,5.69E-05,2
suitable,202,0.02919497,3.23E-05,0.019302908,0.000220843,2
suite,88,0.012718601,0.000140282,0.007376265,0.000225411,9
sulfate,69,0.009972539,2.69E-05,0.007266469,0.000142155,7
sulphate,22,0.00317965,3.07E-07,0.003868701,5.50E-05,7
sum,18,0.002601532,8.75E-09,0.003316635,4.50E-05,6
summarise,20,0.002890591,1.41E-06,0.003541564,5.98E-05,6
summarize,28,0.004046828,3.69E-07,0.005123001,6.48E-05,2
summary,178,0.025726261,0.000237194,0.016076617,0.000251854,4
summative,19,0.002746062,3.56E-08,0.003353776,6.12E-05,4
summer,22,0.00317965,1.69E-06,0.00363178,6.63E-05,0
sun,42,0.006070241,1.26E-05,0.00513795,9.49E-05,9
sunlight,18,0.002601532,1.31E-07,0.003151674,6.05E-05,7
super,192,0.027749675,9.10E-05,0.018305691,0.000252372,0
superficial,14,0.002023414,5.64E-08,0.002564899,5.69E-05,2
superfood,20,0.002890591,1.12E-06,0.002935583,7.52E-05,10
superior,20,0.002890591,7.05E-07,0.003476817,6.24E-05,9
superman,30,0.004335887,4.19E-07,0.005008419,7.48E-05,0
supervise,115,0.016620899,3.01E-05,0.012762632,0.000165085,4
supervision,140,0.020234138,1.84E-05,0.015202275,0.000178543,2
supplement,621,0.089752854,0.000936137,0.032336191,0.000560191,0
supplemental,109,0.015753722,2.22E-05,0.012521646,0.000142172,2
supplementation,272,0.039312039,0.000104757,0.022066275,0.000296859,2
supply,186,0.026882497,0.000107223,0.016976502,0.000238261,2
support,940,0.135857783,0.003867924,0.039845213,0.000775309,9
supportive,70,0.010117069,1.67E-05,0.009049981,0.00013892,4
suppose,124,0.017921665,2.64E-05,0.013736869,0.000186736,0
suppository,43,0.006214771,3.26E-06,0.00589537,0.000102243,2
suppress,230,0.033241798,3.62E-05,0.018954879,0.000232667,7
suppresse,17,0.002457002,2.82E-08,0.003183868,5.10E-05,7
suppression,126,0.018210724,2.33E-05,0.013635827,0.000186225,7
supra,36,0.005203064,1.10E-06,0.006343159,8.15E-05,2
supraphysiological,92,0.013296719,1.14E-05,0.010766376,0.000159627,7
supraspinal,20,0.002890591,5.78E-07,0.003101132,7.60E-05,6
surampudi,20,0.002890591,5.04E-06,0.001232888,0.00010239,5
sure,623,0.090041914,0.000857414,0.03229678,0.00052099,0
surface,123,0.017777135,5.90E-05,0.013586373,0.000218323,2
surge,101,0.014597485,9.06E-06,0.011713378,0.000149047,6
surgeon,38,0.005492123,3.10E-06,0.006048313,9.55E-05,0
surgery,466,0.067350773,0.001446089,0.024193196,0.000532903,9
surgical,205,0.029628559,0.000111421,0.016892805,0.000272837,7
surgically,63,0.009105362,4.75E-06,0.008161675,0.000112819,7
surprise,36,0.005203064,1.16E-05,0.00502715,9.80E-05,0
surprised,52,0.007515537,6.69E-06,0.007267914,0.000104427,0
surprising,61,0.008816303,1.77E-06,0.007990406,0.000102617,6
surprisingly,19,0.002746062,2.95E-07,0.003152905,6.43E-05,0
surround,173,0.025003613,0.000114464,0.016518625,0.000252123,4
surrounding,18,0.002601532,2.90E-08,0.003584226,5.82E-05,10
surveillance,45,0.00650383,3.16E-06,0.006834415,9.49E-05,4
survey,63,0.009105362,1.18E-05,0.008180697,0.000137256,4
survival,98,0.014163897,3.04E-05,0.010537953,0.000178219,4
survivor,36,0.005203064,1.79E-06,0.005646639,8.02E-05,9
survivorship,20,0.002890591,4.23E-07,0.003306249,6.92E-05,2
susceptible,35,0.005058534,1.64E-06,0.004950046,8.68E-05,7
suspect,206,0.029773089,6.67E-05,0.017001729,0.000238269,7
suspend,16,0.002312473,1.21E-06,0.002419275,6.27E-05,2
suspicion,53,0.007660066,3.37E-06,0.007137178,0.000108589,7
sustain,68,0.00982801,1.07E-05,0.00909281,0.000113823,2
sustainable,70,0.010117069,2.68E-06,0.010219442,0.000120828,2
sustainably,16,0.002312473,1.07E-07,0.003116895,5.15E-05,10
sustained,64,0.009249892,2.11E-06,0.009158269,0.000101201,2
sustanon,47,0.006792889,1.08E-05,0.006203668,0.000108154,2
swallow,34,0.004914005,1.07E-06,0.005272912,8.28E-05,2
swap,20,0.002890591,2.23E-07,0.003154479,6.63E-05,10
sweat,119,0.017199017,5.67E-05,0.011751843,0.000205787,6
sweaty,17,0.002457002,6.17E-08,0.002843985,4.69E-05,6
sweet,30,0.004335887,2.08E-06,0.004639687,7.98E-05,0
sweeten,19,0.002746062,8.29E-08,0.002778519,6.81E-05,10
swell,111,0.016042781,2.57E-05,0.011896274,0.000163715,7
swelling,67,0.00968348,1.35E-06,0.008566326,0.000100831,7
swerdloff,94,0.013585778,0.000179891,0.005674834,0.000259917,5
swimming,33,0.004769475,5.33E-07,0.005511263,7.86E-05,2
swing,318,0.045960399,0.00013335,0.021979856,0.000309822,6
switch,131,0.018933372,4.28E-05,0.014221075,0.000177928,2
swj,19,0.002746062,2.51E-06,0.00180203,8.12E-05,5
swollen,94,0.013585778,6.36E-06,0.009180311,0.000120175,6
sydell,21,0.003035121,8.88E-08,0.003220337,6.76E-05,0
symbol,16,0.002312473,2.18E-08,0.002680391,5.22E-05,10
sympathetic,33,0.004769475,2.97E-06,0.004373048,0.000104402,10
symptom,1725,0.249313485,0.008853485,0.038954498,0.000920571,6
symptomatic,266,0.038444862,0.000104189,0.021694509,0.000309333,4
symptomatically,50,0.007226478,2.64E-06,0.007248773,0.000100768,4
symptomology,19,0.002746062,1.23E-07,0.003659501,5.29E-05,0
synder,17,0.002457002,7.50E-08,0.00278563,5.72E-05,5
syndrome,499,0.072120249,0.000879993,0.024995267,0.000519386,7
synergistically,18,0.002601532,1.76E-07,0.003204022,6.09E-05,6
synthesis,74,0.010695187,7.89E-06,0.008079777,0.000131948,7
synthesise,19,0.002746062,4.40E-08,0.003318088,5.06E-05,7
synthesize,18,0.002601532,1.66E-06,0.002545224,6.13E-05,7
synthetic,133,0.019222431,1.08E-05,0.013450032,0.000165025,7
syphilis,20,0.002890591,2.43E-06,0.00214555,7.77E-05,3
syringe,18,0.002601532,5.92E-08,0.003202458,6.31E-05,2
syrinx,26,0.003757768,7.65E-07,0.003964986,7.79E-05,2
system,657,0.094955918,0.001751979,0.03133448,0.00062861,2
system(s,19,0.002746062,3.02E-07,0.003571498,6.14E-05,2
systematic,105,0.015175603,3.89E-05,0.011609842,0.000198209,4
systematically,15,0.002167943,5.65E-08,0.002827564,5.68E-05,4
systemic,37,0.005347594,5.09E-06,0.005512126,9.36E-05,2
t.g,20,0.002890591,2.39E-06,0.001559255,9.70E-05,5
t.h,15,0.002167943,1.24E-07,0.001858008,6.75E-05,9
t.m,20,0.002890591,1.39E-05,0.001957438,9.23E-05,5
tab,20,0.002890591,1.28E-07,0.004164735,5.25E-05,0
table,245,0.035409741,0.000143727,0.019460133,0.000293308,4
tablet,210,0.030351207,0.000138416,0.017619409,0.000282284,2
tackle,79,0.011417835,6.41E-05,0.009293675,0.000124317,9
tact,20,0.002890591,3.99E-08,0.00403708,5.76E-05,0
tactic,19,0.002746062,6.22E-08,0.00329092,6.43E-05,0
tadalafil,78,0.011273305,1.49E-05,0.009197745,0.000137506,2
tag,30,0.004335887,5.18E-06,0.003249068,9.88E-05,8
tailor,240,0.034687094,5.90E-05,0.022082903,0.00027156,2
tailored,39,0.005636653,1.31E-06,0.00584448,8.73E-05,9
takeaway,81,0.011706894,5.29E-05,0.009526237,0.000150901,10
taker,18,0.002601532,2.33E-07,0.003129788,6.49E-05,0
tale,99,0.014308426,1.19E-05,0.01094816,0.000163068,0
talent,15,0.002167943,1.06E-06,0.002193771,6.39E-05,0
talk,858,0.124006359,0.001531026,0.036123194,0.000641772,0
tall,15,0.002167943,2.58E-07,0.002410005,5.89E-05,0
tammany,20,0.002890591,2.44E-06,0.001563143,0.000103245,9
tamoxifen,68,0.00982801,7.82E-06,0.008852418,0.000134148,7
tampa,62,0.008960832,4.06E-06,0.008515189,0.000111905,2
tandem,18,0.002601532,8.47E-08,0.003452892,5.80E-05,9
tank,17,0.002457002,1.16E-07,0.002933548,6.26E-05,0
tans,19,0.002746062,1.96E-07,0.003375053,6.20E-05,2
taper,60,0.008671773,2.79E-06,0.00869433,0.000108905,2
tapering,19,0.002746062,2.56E-08,0.00346846,5.54E-05,2
tarantino,19,0.002746062,4.03E-07,0.002248142,8.65E-05,5
target,214,0.030929325,6.71E-05,0.018983545,0.000256941,4
targeted,17,0.002457002,1.14E-06,0.001594891,8.60E-05,3
task,106,0.015320133,5.02E-05,0.012499071,0.000175927,11
tasked,20,0.002890591,9.20E-08,0.003956267,6.51E-05,4
taste,16,0.002312473,1.47E-07,0.003103834,5.52E-05,10
taylor,17,0.002457002,2.56E-06,0.002586886,5.94E-05,9
td.5,19,0.002746062,3.99E-08,0.003661578,5.81E-05,4
"td.5,6",17,0.002457002,5.78E-08,0.00317543,5.39E-05,4
"td.6,9,25",20,0.002890591,5.02E-07,0.003710972,6.60E-05,4
"td.76,77",19,0.002746062,2.12E-08,0.003665611,5.39E-05,4
td5,20,0.002890591,2.33E-08,0.003959973,5.54E-05,4
"td5,7",19,0.002746062,4.73E-08,0.003713023,5.51E-05,4
tds,17,0.002457002,1.38E-07,0.003366042,5.47E-05,2
tea,34,0.004914005,3.11E-05,0.003465355,0.000104928,10
teach,52,0.007515537,4.10E-06,0.00771641,0.000108405,0
teaching,13,0.001878884,5.30E-09,0.002396652,5.03E-05,4
team,605,0.087440382,0.001296617,0.031027261,0.000556114,9
tease,34,0.004914005,3.16E-07,0.005433703,7.21E-05,0
technical,18,0.002601532,1.56E-07,0.003310662,6.32E-05,6
technically,18,0.002601532,1.60E-07,0.003212021,5.51E-05,6
technique,204,0.029484029,0.000130245,0.018576625,0.000281272,2
technology,169,0.024425495,0.000125596,0.016773171,0.000257696,1
teen,79,0.011417835,7.51E-06,0.009410474,0.000115601,6
teenage,35,0.005058534,1.54E-06,0.005260477,8.71E-05,7
teenager,32,0.004624946,1.32E-06,0.004453383,8.20E-05,7
telehealth,85,0.012285012,9.75E-06,0.01157279,0.000146732,2
telemedicine,148,0.021390374,2.93E-05,0.015280105,0.000206402,2
telephone,71,0.010261598,3.36E-06,0.010145076,0.00012486,2
television,92,0.013296719,2.78E-05,0.010966065,0.000147239,0
tell,597,0.086284145,0.000887913,0.031822066,0.000530302,0
telling,19,0.002746062,4.76E-07,0.002984862,6.26E-05,0
temperature,51,0.007371007,4.81E-06,0.006676092,0.000107544,7
temple,17,0.002457002,2.23E-08,0.003004752,5.56E-05,6
temporarily,34,0.004914005,2.09E-06,0.005181489,8.48E-05,7
temporary,168,0.024280965,3.02E-05,0.017079779,0.000221006,7
tend,510,0.073710074,0.000391705,0.029205335,0.000440658,0
tender,55,0.007949126,8.86E-07,0.00735811,8.83E-05,6
tenderness,139,0.020089608,2.87E-05,0.014014765,0.000188878,7
tennessee,18,0.002601532,5.10E-07,0.002728297,6.63E-05,9
tension,66,0.009538951,1.06E-05,0.0081308,0.00013628,6
term,957,0.138314785,0.001755451,0.039125364,0.000694826,4
terminally,18,0.002601532,6.64E-07,0.002421081,7.00E-05,9
terms—“secret,18,0.002601532,2.58E-07,0.002592794,6.92E-05,9
terrible,31,0.004480416,1.33E-06,0.004984846,8.51E-05,0
terrific,19,0.002746062,1.14E-07,0.003924557,5.21E-05,0
terrifying,17,0.002457002,2.62E-08,0.003386769,5.50E-05,0
tertiary,19,0.002746062,1.59E-08,0.003890141,5.69E-05,4
tertile,32,0.004624946,4.96E-07,0.005061054,7.32E-05,4
test,1171,0.16924411,0.004553591,0.032261585,0.000727053,4
testable,16,0.002312473,6.58E-08,0.002860683,5.36E-05,7
testament,20,0.002890591,8.42E-08,0.003390054,5.65E-05,2
testes,141,0.020378667,2.34E-05,0.014025239,0.000180082,7
testicle,729,0.105362047,0.001351,0.028714032,0.000562667,7
testicular,605,0.087440382,0.000843292,0.028765266,0.000504093,7
testim,87,0.012574071,2.80E-05,0.009659773,0.000176794,2
testimonial,50,0.007226478,8.65E-07,0.007988619,9.48E-05,0
testing,616,0.089030207,0.000960607,0.031603285,0.000506778,4
testing.com,18,0.002601532,2.38E-07,0.002853588,7.03E-05,5
testis,574,0.082959965,0.00099403,0.025438196,0.000474723,7
testogel,14,0.002023414,1.88E-07,0.001056567,7.55E-05,2
testolactone,20,0.002890591,1.06E-07,0.00318067,6.30E-05,7
testopel,29,0.004191357,6.10E-08,0.005111449,6.03E-05,2
testosterone,4108,0.593727417,0.127528274,0.047678692,0.001510449,4
testosterone.27,20,0.002890591,1.24E-06,0.003267465,6.63E-05,4
testosterone.5,19,0.002746062,1.48E-08,0.003819581,5.08E-05,4
"testosterone.54,55",17,0.002457002,2.10E-08,0.003247882,5.20E-05,4
testosterone.9,14,0.002023414,1.34E-06,0.001885974,5.76E-05,7
testosterone.you,16,0.002312473,1.67E-08,0.00297707,5.07E-05,7
testosteroneto,19,0.002746062,1.04E-07,0.003896735,5.90E-05,2
tetanus,18,0.002601532,1.18E-06,0.002210533,7.56E-05,3
text,71,0.010261598,7.42E-06,0.009420653,0.000133238,0
textbook,53,0.007660066,3.95E-05,0.003977003,0.000154702,5
textual,19,0.002746062,1.59E-07,0.00272236,6.64E-05,0
texture,18,0.002601532,1.55E-08,0.003587999,5.47E-05,2
tgrp,19,0.002746062,3.67E-07,0.00319458,6.50E-05,5
thalamus,19,0.002746062,7.84E-07,0.003217023,6.65E-05,7
thalassemia,30,0.004335887,1.11E-07,0.004575635,6.51E-05,7
thank,240,0.034687094,0.000172013,0.017594515,0.000297259,0
thankfully,19,0.002746062,1.76E-07,0.002878662,5.73E-05,0
theirs,18,0.002601532,1.07E-08,0.0032722,4.89E-05,6
theme,17,0.002457002,2.56E-07,0.002988871,6.66E-05,4
theoretically,37,0.005347594,1.32E-06,0.005632164,8.40E-05,4
theory,30,0.004335887,2.82E-06,0.004306619,8.65E-05,5
therapeutic,397,0.057378234,0.000430245,0.027620694,0.000438682,2
therapeutic.446,20,0.002890591,2.31E-07,0.00348282,6.38E-05,2
therapie,19,0.002746062,1.65E-07,0.003345952,6.15E-05,6
therapies.417,19,0.002746062,7.85E-07,0.003614652,6.04E-05,2
therapist,52,0.007515537,1.48E-06,0.007714344,9.40E-05,0
therapy,2245,0.324468854,0.021027593,0.047209304,0.001294588,4
"therapy.28,29",18,0.002601532,9.12E-08,0.003183805,5.32E-05,6
therapy.5,19,0.002746062,1.80E-07,0.003371662,5.72E-05,4
therapy.75,17,0.002457002,6.11E-08,0.002912182,5.63E-05,4
therapy6,18,0.002601532,1.13E-08,0.003440152,5.29E-05,4
therapyis,16,0.002312473,3.23E-09,0.003354397,4.77E-05,2
thereafter.438,17,0.002457002,5.19E-08,0.003853875,5.32E-05,2
thereof,20,0.002890591,2.12E-08,0.003467242,5.61E-05,7
thermostat,40,0.005781182,3.30E-06,0.004769556,9.70E-05,7
thescoperadio.com,48,0.006937419,4.03E-06,0.00595314,9.70E-05,0
thewissen,20,0.002890591,4.36E-07,0.002669079,8.47E-05,5
thick,18,0.002601532,2.62E-08,0.003449946,5.81E-05,6
thicken,45,0.00650383,9.26E-07,0.006989623,8.04E-05,7
thickening,17,0.002457002,5.23E-09,0.003320195,4.72E-05,4
thickness,19,0.002746062,1.52E-07,0.002528303,7.32E-05,6
thigh,154,0.022257552,5.12E-05,0.015155869,0.000225117,2
thin,127,0.018355254,4.07E-05,0.012651805,0.000187101,2
thing,1051,0.151900564,0.002813904,0.038737341,0.000766138,0
think,1081,0.15623645,0.003153784,0.041133182,0.000845831,0
thinking,100,0.014452956,1.70E-05,0.011401387,0.000164474,6
thinning,118,0.017054488,2.16E-05,0.01233474,0.000157359,6
thirty,29,0.004191357,9.02E-08,0.004593479,5.89E-05,6
thirumavalavan,112,0.01618731,8.46E-06,0.01215604,0.000147412,9
thomas,84,0.012140483,1.59E-05,0.009488965,0.000153081,0
thoracic,64,0.009249892,6.98E-06,0.007504791,0.00012351,0
thorough,261,0.037722214,0.000179134,0.021177721,0.00028981,4
thoroughly,118,0.017054488,4.44E-06,0.014386876,0.000156435,4
thought,223,0.032230091,0.00011635,0.018844682,0.000281229,0
thoughtful,37,0.005347594,3.14E-06,0.005702644,9.00E-05,7
thoughtfully,20,0.002890591,1.91E-08,0.004443249,5.46E-05,0
thousand,153,0.022113022,2.45E-05,0.014954886,0.000198081,0
threat,19,0.002746062,1.09E-08,0.003481355,5.38E-05,7
threaten,53,0.007660066,3.85E-06,0.007992532,9.05E-05,2
three-,19,0.002746062,2.27E-08,0.003440892,5.60E-05,2
threshold,159,0.022980199,2.60E-05,0.015290243,0.000203265,4
thrilled,17,0.002457002,7.07E-08,0.003227955,5.90E-05,4
thrive,35,0.005058534,8.49E-07,0.005253357,8.19E-05,0
throat,19,0.002746062,3.64E-07,0.003133716,6.25E-05,7
throb,16,0.002312473,2.85E-07,0.002616772,5.30E-05,2
thromboembolic,50,0.007226478,3.40E-06,0.006511518,0.000108935,4
thromboembolism,48,0.006937419,3.21E-06,0.007148815,0.000100349,4
thrombophilia,52,0.007515537,7.97E-07,0.007114544,9.40E-05,7
thrombosis,36,0.005203064,1.34E-06,0.005083154,8.81E-05,4
throttle,39,0.005636653,2.68E-06,0.005474522,8.71E-05,10
throw,61,0.008816303,3.78E-06,0.008559697,0.000103301,0
thyroid,444,0.064171123,0.00050721,0.021842703,0.000393333,7
thyroiditis,17,0.002457002,1.35E-07,0.002801957,5.34E-05,7
thyrotropin,16,0.002312473,1.06E-08,0.002488074,5.17E-05,7
thyroxine,42,0.006070241,1.14E-05,0.004752996,0.000113753,7
tidbit,17,0.002457002,3.32E-09,0.003291851,5.64E-05,0
tie,146,0.021101315,1.60E-05,0.014829383,0.000178938,6
tightly,58,0.008382714,1.18E-05,0.006644748,0.000108216,7
time,1580,0.228356699,0.008531653,0.05001563,0.001107139,0
timed,28,0.004046828,1.63E-07,0.004548547,6.52E-05,2
timeline,91,0.01315219,6.20E-06,0.011297036,0.000125744,6
timely,34,0.004914005,3.52E-07,0.005363242,7.52E-05,6
timer,20,0.002890591,1.25E-07,0.003660609,6.03E-05,2
timing,107,0.015464663,5.81E-06,0.013287353,0.000150195,2
timothy,20,0.002890591,1.05E-07,0.003254551,6.67E-05,9
tinker,34,0.004914005,1.90E-06,0.005485329,8.11E-05,0
tinkering,17,0.002457002,1.18E-07,0.003631773,5.59E-05,0
tiny,103,0.014886544,2.45E-05,0.011982091,0.000170368,2
tip,198,0.028616852,6.20E-05,0.016496574,0.000229488,10
tired,259,0.037433155,9.03E-05,0.019729399,0.000279392,0
tiredness,131,0.018933372,1.65E-05,0.013059476,0.000171862,6
tirzepatide,32,0.004624946,4.71E-07,0.00519232,7.25E-05,6
tissue,554,0.080069374,0.000737365,0.03036494,0.000509542,7
"tissue.44,45",18,0.002601532,1.84E-08,0.003027595,5.74E-05,7
tit,20,0.002890591,6.89E-08,0.003348501,6.10E-05,6
title,34,0.004914005,2.60E-06,0.004809936,9.34E-05,3
titrate,33,0.004769475,3.20E-07,0.005746366,7.24E-05,2
titration,70,0.010117069,4.36E-06,0.010006763,0.000126936,2
tlando,18,0.002601532,6.64E-08,0.003258796,5.90E-05,2
tmt,16,0.002312473,2.09E-08,0.002949297,4.89E-05,6
to-1,15,0.002167943,8.15E-09,0.003011559,4.60E-05,7
tobacco,79,0.011417835,7.91E-06,0.009964113,0.000127812,3
today,461,0.066628125,0.000396594,0.028638656,0.000445846,0
toledo,20,0.002890591,5.24E-07,0.003048967,7.14E-05,0
tolerability,18,0.002601532,1.83E-08,0.003840972,5.75E-05,2
tolerable,36,0.005203064,1.40E-06,0.005888457,8.84E-05,10
tolerance,96,0.013874837,1.03E-05,0.011739458,0.000140683,6
tolerate,36,0.005203064,6.48E-07,0.00606996,8.14E-05,2
toll,20,0.002890591,1.80E-06,0.003303028,6.49E-05,5
tom,137,0.019800549,1.46E-05,0.014025373,0.000168367,0
tomlinson,19,0.002746062,1.38E-05,0.002052448,8.32E-05,5
ton,63,0.009105362,2.77E-06,0.009097788,0.000107059,0
tone,62,0.008960832,8.66E-06,0.006814092,0.000124034,0
tongkat,52,0.007515537,1.15E-05,0.006006171,0.000122445,10
tongue,36,0.005203064,1.99E-06,0.005696588,8.74E-05,2
tonsil,18,0.002601532,3.01E-07,0.003196485,5.61E-05,7
tool,233,0.033675387,7.54E-05,0.021138213,0.000279944,4
tooth,84,0.012140483,2.83E-05,0.009864999,0.000157984,2
topi,29,0.004191357,1.97E-06,0.00423345,7.80E-05,2
topic,357,0.051597052,0.000272684,0.025682657,0.000374473,0
topical,572,0.082670906,0.00068047,0.030730862,0.000513379,2
topically,60,0.008671773,3.69E-06,0.008224145,0.000121318,2
toronto,22,0.00317965,4.75E-06,0.002814788,7.53E-05,9
torre,19,0.002746062,1.61E-06,0.003097263,7.42E-05,1
torso,18,0.002601532,8.97E-08,0.003499764,5.37E-05,2
tosterone,19,0.002746062,2.00E-06,0.002915793,6.38E-05,6
tostran,15,0.002167943,4.77E-07,0.001279761,7.98E-05,2
total,722,0.10435034,0.001694456,0.028572426,0.000616842,4
totally,16,0.002312473,2.85E-08,0.003388681,5.40E-05,0
touch,138,0.019945079,3.12E-05,0.01418293,0.000184219,2
tough,36,0.005203064,1.77E-06,0.005587004,8.68E-05,0
touliatos,62,0.008960832,5.14E-06,0.006829807,0.000106907,5
tour,19,0.002746062,6.66E-07,0.002780729,5.13E-05,0
town,45,0.00650383,2.62E-06,0.006979503,9.64E-05,0
toxic,27,0.003902298,1.70E-06,0.004261637,7.26E-05,7
toxicity,80,0.011562365,3.32E-06,0.010577382,0.00011775,2
toxin,93,0.013441249,1.53E-05,0.010488656,0.000150565,7
toyota,15,0.002167943,2.09E-06,0.001830997,7.08E-05,0
trace,38,0.005492123,1.05E-06,0.006020461,8.44E-05,2
track,191,0.027605145,0.000125993,0.017602065,0.000239174,11
tracker,19,0.002746062,3.51E-08,0.003218369,5.43E-05,0
tract,143,0.020667727,2.77E-05,0.013379261,0.000189325,7
traction,48,0.006937419,9.57E-06,0.006287827,0.000112585,9
trade,53,0.007660066,7.47E-06,0.007224438,0.000112064,2
tradeoff,20,0.002890591,2.30E-07,0.003444268,6.75E-05,9
traditional,250,0.036132389,0.000123109,0.021396024,0.000293181,2
traditionally,87,0.012574071,3.72E-06,0.010869764,0.000129714,7
trail,20,0.002890591,8.27E-08,0.003500704,6.04E-05,2
train,189,0.027316086,4.67E-05,0.018000623,0.000245528,0
trainer,20,0.002890591,1.32E-07,0.003310378,7.09E-05,9
training,293,0.04234716,0.000201214,0.022250487,0.000320152,10
traish,56,0.008093655,2.34E-05,0.00478044,0.000168948,5
trait,129,0.018644313,1.25E-05,0.013483373,0.000154201,6
trajectory,35,0.005058534,6.50E-07,0.005448279,7.32E-05,6
trans,16,0.002312473,9.00E-09,0.003161276,5.28E-05,2
transcript,65,0.009394421,1.47E-05,0.006433228,0.000131303,0
transcription,19,0.002746062,1.64E-07,0.002924621,6.47E-05,0
transdermal,308,0.044515103,0.000181872,0.023133106,0.000347084,2
transfer,202,0.02919497,7.36E-05,0.017904787,0.00026309,2
transference,162,0.023413788,4.00E-05,0.016612258,0.000225902,2
transform,67,0.00968348,1.62E-06,0.008424753,0.000102606,7
transformation,35,0.005058534,3.37E-06,0.005500371,7.86E-05,0
transformative,33,0.004769475,1.48E-06,0.004919728,7.67E-05,9
transgender,25,0.003613239,1.10E-06,0.003194032,7.85E-05,3
transient,18,0.002601532,3.54E-08,0.00359884,5.04E-05,6
transition,64,0.009249892,1.38E-06,0.009073358,0.000107761,7
transitory,19,0.002746062,1.99E-08,0.004061499,5.60E-05,2
translate,71,0.010261598,5.53E-05,0.008109013,0.000155719,8
translational,34,0.004914005,4.66E-06,0.004763276,9.89E-05,9
transmission,35,0.005058534,1.83E-06,0.005783048,7.94E-05,2
transmit,66,0.009538951,1.47E-05,0.008462669,0.000134897,7
transmittable,24,0.003468709,3.93E-07,0.003958305,6.66E-05,7
transparency,37,0.005347594,2.60E-06,0.005626257,9.27E-05,0
transparent,20,0.002890591,1.43E-07,0.004000477,5.70E-05,6
transplantation,18,0.002601532,5.96E-07,0.002870766,6.34E-05,7
transport,87,0.012574071,1.68E-05,0.009474703,0.000148481,7
trauma,171,0.024714554,6.93E-05,0.014452509,0.000225051,7
traumatic,50,0.007226478,8.59E-06,0.006102169,0.000110409,7
travel,107,0.015464663,5.03E-05,0.010362602,0.000180329,7
traverse,102,0.014742015,9.71E-06,0.011481723,0.000153708,4
travison,20,0.002890591,4.10E-06,0.001705653,9.30E-05,5
treadmill,20,0.002890591,6.83E-07,0.003612398,6.56E-05,0
treat,1026,0.148287325,0.002326668,0.037191387,0.000716787,4
treatable,122,0.017632606,1.32E-05,0.01260898,0.00015494,7
treating,20,0.002890591,2.81E-07,0.003447311,5.76E-05,6
treatment,2156,0.311605723,0.018763203,0.048920989,0.001223653,4
treatment.2,14,0.002023414,3.44E-09,0.002597469,4.34E-05,4
"treatment.7,27,31",18,0.002601532,1.69E-07,0.003185308,6.19E-05,4
treatments.regenerative,19,0.002746062,7.26E-07,0.002770833,6.97E-05,6
tremendous,64,0.009249892,4.03E-05,0.007887148,0.000126203,11
tremendously,18,0.002601532,5.16E-08,0.003606231,5.41E-05,2
tremor,19,0.002746062,9.12E-08,0.002755957,6.53E-05,6
trend,136,0.01965602,2.74E-05,0.014371337,0.000210806,4
trh,24,0.003468709,7.65E-07,0.003405631,6.58E-05,7
tri,17,0.002457002,1.50E-06,0.001905275,7.62E-05,7
trial,628,0.090764561,0.001179431,0.031377409,0.000614607,4
triale,14,0.002023414,4.25E-09,0.002883796,4.69E-05,0
trick,52,0.007515537,5.93E-06,0.007254451,0.000107409,0
trickle,18,0.002601532,1.79E-07,0.003646937,5.41E-05,2
tricky,75,0.010839717,3.42E-06,0.009666555,0.000108597,0
trigger,246,0.035554271,9.12E-05,0.018710426,0.000266348,7
triglyceride,45,0.00650383,6.47E-06,0.005862436,9.30E-05,7
triiodothyronine,28,0.004046828,1.18E-06,0.003910732,7.71E-05,7
trim,19,0.002746062,1.01E-07,0.003058906,6.45E-05,6
trimix,111,0.016042781,4.60E-05,0.012384507,0.000190918,2
trip,33,0.004769475,7.37E-08,0.006298571,6.92E-05,0
triple,56,0.008093655,1.09E-05,0.0079336,0.000109684,4
triptorelin,20,0.002890591,7.37E-07,0.00327865,7.06E-05,7
trivialise,20,0.002890591,6.24E-07,0.00349364,6.03E-05,0
troche,19,0.002746062,1.73E-07,0.003422512,6.44E-05,2
trost,45,0.00650383,0.0001105,0.004787827,0.000143242,5
trouble,270,0.03902298,8.28E-05,0.019658665,0.000259907,6
troublesome,52,0.007515537,2.75E-06,0.007032653,0.000102674,6
troubling,50,0.007226478,1.39E-07,0.007389984,7.58E-05,6
trough,140,0.020234138,3.55E-05,0.014715376,0.000209177,2
troy,373,0.053909524,0.00033546,0.024075807,0.000438283,0
trt,1677,0.242376066,0.008590032,0.044901544,0.000949237,2
trt.â,19,0.002746062,7.73E-08,0.003390438,4.75E-05,6
trucker,14,0.002023414,1.80E-08,0.002794545,4.74E-05,0
TRUE,336,0.048561931,0.000207396,0.025067876,0.000356101,0
truly,106,0.015320133,8.66E-06,0.012445943,0.000155623,0
trunk,18,0.002601532,7.35E-09,0.003443757,5.21E-05,7
trust,92,0.013296719,8.97E-06,0.011746335,0.000140148,2
trusted,37,0.005347594,1.78E-06,0.005377482,8.82E-05,9
trustworthy,20,0.002890591,7.65E-08,0.003786063,5.45E-05,0
truth,35,0.005058534,3.68E-06,0.005204701,8.57E-05,6
truven,20,0.002890591,2.73E-07,0.003209735,6.66E-05,4
try,721,0.10420581,0.001035049,0.035318579,0.000579914,0
tsh,120,0.017343547,1.79E-05,0.011253725,0.000160474,7
ttrial,85,0.012285012,3.49E-05,0.009130553,0.000145895,9
tub,18,0.002601532,1.19E-07,0.002812224,5.73E-05,7
tube,78,0.011273305,4.82E-05,0.007369039,0.000173948,2
tuberculosis,47,0.006792889,8.54E-06,0.005021343,0.000115533,3
tuft,20,0.002890591,5.48E-08,0.003297817,6.06E-05,6
tumor,224,0.032374621,7.16E-05,0.015671312,0.000237562,7
tumour,75,0.010839717,1.64E-05,0.008576072,0.000123681,7
tune,81,0.011706894,5.94E-06,0.011188932,0.000125368,0
tuning,20,0.002890591,2.31E-07,0.003365086,5.99E-05,2
turley,12,0.001734355,2.21E-07,0.001796284,6.02E-05,5
turn,338,0.04885099,0.000189298,0.023851244,0.000317735,0
turner,29,0.004191357,3.81E-07,0.003939979,6.88E-05,7
tweak,19,0.002746062,6.86E-07,0.00313882,6.21E-05,10
twice,272,0.039312039,0.000142074,0.021721651,0.000301888,2
twist,21,0.003035121,9.17E-07,0.003019196,6.65E-05,2
twitter,18,0.002601532,1.79E-06,0.002294288,6.96E-05,8
tyler,20,0.002890591,4.88E-06,0.001178026,0.000107492,5
type,864,0.124873537,0.001668211,0.035337718,0.000647594,7
type-2,38,0.005492123,1.64E-07,0.006007998,7.15E-05,7
typical,243,0.035120682,4.81E-05,0.020154677,0.000232493,6
typically,789,0.11403382,0.00102539,0.036855541,0.000582047,2
tügertimur,20,0.002890591,6.66E-06,0.001607734,0.000100634,9
u.s,222,0.032085561,0.000168604,0.018331054,0.000293412,9
u01,14,0.002023414,4.14E-08,0.002121311,6.01E-05,9
uab,34,0.004914005,1.69E-06,0.00517305,7.58E-05,9
ucf,15,0.002167943,4.79E-08,0.002232559,6.16E-05,1
uchicago,17,0.002457002,7.22E-08,0.003312732,5.57E-05,9
ucla,66,0.009538951,1.79E-05,0.008314601,0.000133181,9
ucsf,14,0.002023414,8.34E-08,0.002698529,4.70E-05,9
uhealth,17,0.002457002,1.97E-07,0.00285306,5.63E-05,9
ukas,20,0.002890591,7.19E-07,0.003318134,7.09E-05,9
ultimate,67,0.00968348,3.10E-05,0.008736673,0.00013486,9
ultimately,227,0.032808209,7.93E-05,0.021377493,0.000272807,0
ultrasound,70,0.010117069,4.54E-06,0.009478388,0.000120679,0
umiami,19,0.002746062,7.98E-07,0.002590972,6.80E-05,8
unable,147,0.021245845,3.87E-05,0.013727412,0.00017976,7
unabridged,17,0.002457002,7.87E-06,0.002256059,6.97E-05,8
unachievable,19,0.002746062,4.75E-07,0.003034643,6.26E-05,7
unaddresse,19,0.002746062,3.64E-08,0.00314252,5.85E-05,7
unattached,33,0.004769475,1.29E-06,0.004373261,7.06E-05,7
unavailable,53,0.007660066,3.23E-06,0.007709068,0.000101509,2
unavoidable,20,0.002890591,4.65E-08,0.003584279,6.11E-05,0
unaware,36,0.005203064,2.37E-07,0.006039139,7.19E-05,4
unbelievable,20,0.002890591,7.55E-07,0.003124001,7.70E-05,11
unbelievably,17,0.002457002,6.39E-07,0.0026914,6.64E-05,6
unbiased,38,0.005492123,1.12E-06,0.005617804,8.16E-05,0
unblinde,25,0.003613239,7.13E-08,0.004728849,6.18E-05,4
unblock,19,0.002746062,1.48E-07,0.003171082,6.32E-05,4
unbound,79,0.011417835,3.79E-06,0.009393119,0.000116342,7
unc,16,0.002312473,1.35E-07,0.002630666,5.94E-05,0
uncertain,20,0.002890591,8.40E-08,0.003912017,5.75E-05,4
uncertainty,34,0.004914005,2.20E-06,0.005583715,8.26E-05,4
unchecked,32,0.004624946,2.52E-07,0.004975294,7.06E-05,7
unclear,128,0.018499783,1.63E-05,0.012305504,0.00015824,4
uncomfortable,149,0.021534904,5.03E-05,0.014614625,0.00021355,2
uncommon,57,0.008238185,2.21E-06,0.007884801,9.77E-05,6
uncompromised,20,0.002890591,6.31E-08,0.003865819,5.52E-05,9
unconscious,20,0.002890591,9.20E-08,0.004046744,6.08E-05,6
uncontrolle,64,0.009249892,3.32E-06,0.008114344,0.000111068,7
uncontrolled,45,0.00650383,5.98E-07,0.006690618,8.75E-05,7
uncover,17,0.002457002,3.47E-09,0.00320342,4.31E-05,6
undecanoate,216,0.031218384,0.000104494,0.018853977,0.000271508,2
undeconate,27,0.003902298,3.49E-07,0.004429129,6.73E-05,2
undenaconate,16,0.002312473,1.66E-07,0.003032979,5.56E-05,2
underactive,34,0.004914005,5.37E-07,0.005508949,7.27E-05,7
underarm,85,0.012285012,6.25E-06,0.010150959,0.000128965,2
underdeveloped,11,0.001589825,5.63E-08,0.001772615,4.78E-05,7
underdevelopment,16,0.002312473,3.50E-08,0.002337089,5.97E-05,7
underestimate,37,0.005347594,2.35E-06,0.005737261,8.16E-05,6
undergo,329,0.047550224,0.000123765,0.024191699,0.000316151,7
undergrad,20,0.002890591,3.24E-07,0.003067912,7.17E-05,0
undergraduate,30,0.004335887,2.89E-06,0.004555988,8.48E-05,4
underlie,267,0.038589392,4.22E-05,0.021034491,0.00024524,7
underlying,266,0.038444862,4.44E-05,0.020353861,0.000252773,7
undermine,20,0.002890591,1.98E-07,0.003382311,7.24E-05,6
underproducing,18,0.002601532,3.05E-08,0.003081001,4.84E-05,4
underproduction,53,0.007660066,7.77E-07,0.007613689,8.72E-05,6
underscore,19,0.002746062,2.04E-07,0.003331639,6.27E-05,4
understand,702,0.101459749,0.000728341,0.033560831,0.000506894,0
understandably,19,0.002746062,2.64E-08,0.003609334,6.21E-05,7
understanding,269,0.038878451,9.43E-05,0.022495553,0.000291675,4
understate,20,0.002890591,7.74E-07,0.002989014,6.72E-05,0
undert,20,0.002890591,3.93E-08,0.00382276,5.63E-05,0
undertake,66,0.009538951,6.22E-06,0.008655593,0.000119926,4
underutilise,18,0.002601532,9.80E-08,0.003086692,4.83E-05,6
underwater,18,0.002601532,2.17E-06,0.00221529,7.61E-05,0
undescende,36,0.005203064,9.74E-07,0.004871417,8.05E-05,7
undescended,98,0.014163897,2.68E-05,0.009849873,0.000167183,7
undesirable,61,0.008816303,1.51E-05,0.00746639,0.000116643,6
undiagnose,19,0.002746062,1.10E-07,0.00340071,6.20E-05,4
undiagnosed,18,0.002601532,2.72E-07,0.003318054,5.90E-05,6
uneasy,17,0.002457002,4.04E-08,0.003320432,5.11E-05,4
unequivocally,59,0.008527244,1.30E-06,0.007336954,9.57E-05,4
unevaluated,29,0.004191357,4.35E-08,0.005021038,6.17E-05,7
unexpected,37,0.005347594,5.50E-06,0.005762551,8.10E-05,11
unexplained,113,0.01633184,1.52E-05,0.011663213,0.000152088,6
unfamiliar,35,0.005058534,1.02E-07,0.006578896,7.04E-05,2
unfavorable,35,0.005058534,6.01E-07,0.005346985,7.53E-05,4
unfavourable,20,0.002890591,2.27E-08,0.003823195,5.67E-05,7
unfortunately,238,0.034398034,7.42E-05,0.021155767,0.000273469,0
ungrade,19,0.002746062,3.05E-07,0.003871867,5.41E-05,4
unhealthy,93,0.013441249,1.34E-05,0.010795449,0.000142857,7
unhelpful,18,0.002601532,7.54E-09,0.003287914,5.28E-05,6
uniformly,16,0.002312473,1.65E-08,0.002678078,5.05E-05,0
unintended,18,0.002601532,3.16E-08,0.003274332,5.38E-05,6
unintentional,18,0.002601532,9.61E-08,0.003168138,5.90E-05,0
unique,361,0.05217517,0.000198628,0.026797907,0.0003711,2
unit,17,0.002457002,2.89E-09,0.003121684,4.78E-05,4
united,146,0.021101315,9.18E-05,0.013850401,0.000220064,9
universal,46,0.00664836,1.38E-05,0.005084705,0.000102511,9
universally,17,0.002457002,1.58E-08,0.003056925,5.29E-05,6
university,476,0.068796069,0.001657277,0.022617982,0.000613957,9
unknown,103,0.014886544,7.08E-06,0.011703511,0.000141722,4
unlike,169,0.024425495,2.65E-05,0.016287635,0.000195251,6
unlikely,140,0.020234138,1.02E-05,0.014573237,0.000166215,7
unlimited,17,0.002457002,3.04E-08,0.003174603,5.81E-05,9
unlock,47,0.006792889,3.87E-06,0.006417412,9.73E-05,6
unmask,19,0.002746062,5.58E-07,0.003308802,5.78E-05,7
unmatched,19,0.002746062,1.49E-08,0.003840036,5.68E-05,0
unnecessary,28,0.004046828,1.83E-07,0.004515804,6.01E-05,4
unnoticed,13,0.001878884,5.57E-08,0.002247182,4.17E-05,6
unpleasant,116,0.016765429,2.33E-05,0.012685204,0.0001618,6
unprocessed,20,0.002890591,1.40E-07,0.003541438,6.44E-05,10
unpublished,19,0.002746062,6.73E-08,0.003258803,6.43E-05,4
unrealistic,20,0.002890591,9.49E-08,0.003580261,6.10E-05,6
unreasonable,16,0.002312473,8.27E-08,0.003099837,5.45E-05,7
unregulated,50,0.007226478,3.07E-06,0.007479365,0.000103283,2
unrelated,32,0.004624946,2.69E-07,0.005267141,6.82E-05,6
unresolved,17,0.002457002,6.18E-09,0.003349536,4.65E-05,7
unsafe,108,0.015609192,3.47E-06,0.012080115,0.00012946,7
unsatisfactory,20,0.002890591,2.39E-08,0.003595125,5.20E-05,6
unsettling,19,0.002746062,3.32E-08,0.003484608,5.34E-05,6
unstable,16,0.002312473,6.50E-09,0.003305664,4.64E-05,4
unsubscribe,18,0.002601532,7.81E-08,0.003274447,5.85E-05,0
unsure,32,0.004624946,8.74E-07,0.005372472,7.51E-05,6
unsustainable,16,0.002312473,2.86E-08,0.002710412,5.53E-05,7
untested,17,0.002457002,1.73E-07,0.002836036,6.39E-05,0
untreated,176,0.025437202,1.57E-05,0.015938672,0.000186564,7
untrue,18,0.002601532,2.21E-07,0.003375722,6.02E-05,0
unused,19,0.002746062,6.16E-08,0.003613672,5.72E-05,2
unusual,93,0.013441249,1.40E-05,0.010480605,0.000141319,7
unusually,18,0.002601532,1.55E-08,0.00325596,4.74E-05,4
unveil,17,0.002457002,1.72E-07,0.003180303,5.84E-05,4
unverified,20,0.002890591,6.43E-07,0.002944093,6.85E-05,9
unwanted,143,0.020667727,1.90E-05,0.014157058,0.000178492,6
unwashe,20,0.002890591,5.56E-08,0.003564524,6.06E-05,2
unwaveringly,17,0.002457002,1.07E-07,0.003297727,5.68E-05,0
update,240,0.034687094,0.000196009,0.01823928,0.000311962,4
update.11,19,0.002746062,3.62E-08,0.003825045,6.39E-05,4
upload,16,0.002312473,4.99E-08,0.002243733,6.84E-05,1
upmc,83,0.011995953,3.80E-05,0.008082279,0.000152937,9
upper,277,0.040034687,0.000204778,0.021118444,0.000337936,2
upset,20,0.002890591,6.36E-08,0.003523029,5.55E-05,7
upside,53,0.007660066,1.90E-06,0.00750844,9.61E-05,6
uptake,46,0.00664836,5.78E-06,0.006382425,0.000106187,2
uptick,19,0.002746062,3.58E-07,0.003017518,6.83E-05,9
upward,18,0.002601532,4.57E-08,0.002843281,6.54E-05,2
upwards,20,0.002890591,3.21E-08,0.003656144,5.59E-05,6
urea,60,0.008671773,2.33E-05,0.006187925,0.000140948,7
urethra,48,0.006937419,5.58E-06,0.006163201,0.000103778,2
urethral,35,0.005058534,1.98E-06,0.004987591,9.68E-05,2
urge,117,0.016909958,1.73E-05,0.013719242,0.000170222,0
urgency,34,0.004914005,1.42E-06,0.005105595,8.81E-05,7
urgent,90,0.01300766,2.32E-05,0.010063789,0.000161805,0
urinary,301,0.043503396,0.000189712,0.021203645,0.000337949,7
urinate,33,0.004769475,2.15E-06,0.004783814,8.61E-05,7
urinating,61,0.008816303,7.26E-06,0.007592502,0.000103609,7
urination,43,0.006214771,2.18E-06,0.006123307,9.48E-05,7
urine,46,0.00664836,2.65E-06,0.006562818,9.59E-05,2
urmc,83,0.011995953,2.15E-05,0.009766762,0.000167989,9
urol,61,0.008816303,2.37E-05,0.006074433,0.000165959,4
urologia,13,0.001878884,9.21E-08,0.001377179,7.26E-05,8
urologic,132,0.019077901,2.54E-05,0.013118102,0.000181417,9
urological,231,0.033386328,0.000206729,0.017979042,0.000289267,4
urologist,629,0.090909091,0.000873695,0.031206803,0.000560332,0
urology,575,0.083104495,0.002448939,0.026496097,0.000651849,9
urotronic,19,0.002746062,4.12E-07,0.002359472,7.77E-05,9
usa,36,0.005203064,1.88E-05,0.00411952,0.000120112,2
usable,15,0.002167943,1.85E-08,0.002695019,4.75E-05,7
usage,97,0.014019367,2.15E-05,0.012419508,0.000162574,2
usc,40,0.005781182,1.23E-06,0.005753592,8.61E-05,9
use,1303,0.188322012,0.005324722,0.044745832,0.000926049,7
useful,190,0.027460616,6.19E-05,0.018643645,0.000245494,2
user,125,0.018066195,2.46E-05,0.01432352,0.000173675,4
uss,20,0.002890591,2.17E-08,0.003842724,5.71E-05,4
usual,82,0.011851424,1.48E-05,0.009784264,0.000128031,7
usually,658,0.095100448,0.000786783,0.032134046,0.000510059,2
utah,193,0.027894204,0.000124274,0.01514841,0.000260874,0
utero,31,0.004480416,2.22E-07,0.004706561,6.81E-05,7
uterus,33,0.004769475,9.19E-07,0.004749539,7.59E-05,7
uti,21,0.003035121,1.64E-07,0.003430063,6.26E-05,7
utilisation,20,0.002890591,9.62E-08,0.003732749,5.96E-05,6
utilise,49,0.007081948,6.87E-07,0.007423912,9.17E-05,2
utilization,17,0.002457002,5.52E-08,0.003008444,5.21E-05,7
utilize,192,0.027749675,6.52E-05,0.017647962,0.000233086,4
utlized,18,0.002601532,6.83E-09,0.003090939,4.59E-05,7
uva,126,0.018210724,7.13E-05,0.013170801,0.000205169,9
vaccine,36,0.005203064,5.11E-06,0.00470269,9.96E-05,3
vacuum,62,0.008960832,1.10E-05,0.007428352,0.000131347,2
vaginal,34,0.004914005,7.55E-08,0.005125007,6.83E-05,6
vague,19,0.002746062,5.77E-07,0.003211295,5.60E-05,0
valenti,20,0.002890591,1.21E-05,0.001580441,9.56E-05,5
valet,18,0.002601532,7.23E-08,0.003079618,6.09E-05,0
valid,96,0.013874837,4.19E-05,0.010819269,0.000172114,5
validate,134,0.019366961,1.88E-05,0.013072103,0.000167232,4
validated,34,0.004914005,2.06E-07,0.00566218,7.67E-05,4
validity,19,0.002746062,3.84E-06,0.002734203,7.22E-05,5
valuable,68,0.00982801,1.05E-05,0.009100309,0.000120477,9
value,339,0.04899552,0.000207835,0.024629909,0.000362656,2
values.428,17,0.002457002,2.99E-08,0.003220519,5.77E-05,2
van,77,0.011128776,4.30E-05,0.008628746,0.00016327,9
vancouver,25,0.003613239,3.37E-06,0.003231697,8.03E-05,9
vanity,18,0.002601532,1.45E-07,0.003870269,5.51E-05,0
vardenafil,54,0.007804596,7.28E-06,0.007291926,0.000112246,2
variability,187,0.027027027,5.86E-05,0.018483594,0.000255989,4
variable,165,0.023847377,5.15E-05,0.017275207,0.000234027,2
variably,35,0.005058534,5.18E-06,0.005625086,8.44E-05,2
variance,19,0.002746062,3.63E-08,0.00354788,5.76E-05,4
variant,17,0.002457002,1.87E-06,0.002767305,5.98E-05,2
variation,154,0.022257552,4.69E-05,0.015536315,0.000213864,2
varie,105,0.015175603,9.34E-06,0.012662797,0.0001457,2
varied,51,0.007371007,2.99E-06,0.007276714,0.000107556,4
variety,359,0.051886111,0.000200501,0.024834374,0.000325428,0
vary,556,0.080358433,0.000400006,0.029909033,0.000442105,4
varying,18,0.002601532,5.08E-08,0.00292892,5.41E-05,4
vascular,140,0.020234138,3.45E-05,0.013312877,0.000188879,0
vascularity,16,0.002312473,6.86E-09,0.00354445,5.02E-05,2
vasectomy,46,0.00664836,4.82E-06,0.006099329,0.000103606,0
vast,67,0.00968348,5.47E-06,0.008907545,0.000122068,0
vastly,20,0.002890591,2.56E-07,0.004145591,5.95E-05,0
vattikuti,12,0.001734355,7.03E-09,0.001964516,4.59E-05,9
veciana,20,0.002890591,1.89E-06,0.002829845,7.23E-05,8
vegetable,139,0.020089608,0.00017091,0.011913909,0.000266912,10
vegetarian,19,0.002746062,1.04E-07,0.003302048,5.83E-05,9
vein,92,0.013296719,2.74E-05,0.009767673,0.000135243,2
vendor,38,0.005492123,5.82E-06,0.005053203,0.000105399,2
venesection,18,0.002601532,9.68E-08,0.003333629,5.54E-05,7
venkataramany,39,0.005636653,3.05E-05,0.004347439,0.000133234,9
venothrombolic,21,0.003035121,9.05E-09,0.00370808,5.48E-05,4
venous,62,0.008960832,7.69E-06,0.007933162,0.000126474,4
ventilator,18,0.002601532,7.10E-09,0.00324934,4.83E-05,0
ventura,20,0.002890591,5.82E-07,0.002704228,8.19E-05,5
verbal,29,0.004191357,1.78E-07,0.005000908,7.12E-05,6
verboon,20,0.002890591,7.10E-07,0.002724727,8.50E-05,5
verify,60,0.008671773,2.08E-06,0.008078763,0.000100094,2
versa,19,0.002746062,3.65E-08,0.003504838,5.51E-05,0
versabase,30,0.004335887,1.16E-06,0.004926059,8.07E-05,2
versatile,36,0.005203064,8.75E-06,0.004703197,0.000101306,10
version,130,0.018788842,0.000112647,0.01361487,0.000204691,8
versus,202,0.02919497,4.95E-05,0.018267428,0.000225576,2
vesicle,20,0.002890591,1.42E-07,0.003659061,6.75E-05,2
vessel,204,0.029484029,6.55E-05,0.017481483,0.000249373,7
veteran,19,0.002746062,1.53E-08,0.003307163,5.03E-05,6
viable,48,0.006937419,2.44E-06,0.007191237,9.06E-05,2
viagra,61,0.008816303,6.04E-06,0.007457431,0.000121333,2
vial,50,0.007226478,1.45E-05,0.006408491,0.000119154,2
vibrant,35,0.005058534,1.19E-06,0.005785342,8.43E-05,6
vibrator,18,0.002601532,1.15E-07,0.003614792,5.71E-05,0
vice,20,0.002890591,7.27E-08,0.003632898,5.59E-05,0
vicious,19,0.002746062,3.67E-08,0.003861608,5.48E-05,6
victoria,19,0.002746062,2.70E-07,0.003132051,6.63E-05,0
video,124,0.017921665,4.78E-05,0.012609272,0.000200955,2
view,231,0.033386328,0.000159149,0.018995893,0.000278083,0
viewing,19,0.002746062,5.43E-07,0.002803102,7.37E-05,6
vigen,18,0.002601532,8.37E-08,0.003495494,5.26E-05,4
vigilant,20,0.002890591,2.50E-08,0.003916809,5.08E-05,7
vignera,19,0.002746062,3.16E-07,0.002239422,8.33E-05,5
vigor,48,0.006937419,1.12E-06,0.006691652,8.73E-05,6
vigorous,59,0.008527244,7.68E-07,0.008555157,9.41E-05,10
vigorously,18,0.002601532,5.86E-09,0.003481571,4.94E-05,7
vincenzi,19,0.002746062,3.24E-07,0.002267506,8.55E-05,5
vinci,19,0.002746062,7.39E-08,0.003254486,6.61E-05,7
violence,17,0.002457002,5.64E-07,0.002054651,7.22E-05,9
viral,35,0.005058534,3.02E-06,0.004932166,8.13E-05,7
virgin,16,0.002312473,7.64E-07,0.002566003,5.75E-05,10
virginia,37,0.005347594,8.02E-06,0.004649131,0.000110079,9
virility,37,0.005347594,5.10E-06,0.005538077,8.26E-05,6
virormone,15,0.002167943,1.07E-07,0.002517959,5.96E-05,2
virtual,85,0.012285012,5.67E-05,0.009845624,0.000166087,0
virtually,14,0.002023414,2.90E-08,0.001960072,5.85E-05,9
virulence,19,0.002746062,5.36E-08,0.003560792,5.66E-05,4
virus,62,0.008960832,1.20E-05,0.007064633,0.000135135,7
visceral,95,0.013730308,2.23E-05,0.010127935,0.000153316,6
viscosity,45,0.00650383,4.24E-06,0.00666831,0.000106739,2
viscous,16,0.002312473,3.58E-09,0.003252025,4.85E-05,2
visible,51,0.007371007,4.28E-06,0.007325923,0.000108343,7
visibly,19,0.002746062,3.98E-08,0.003753828,5.76E-05,0
vision,71,0.010261598,1.18E-05,0.008892179,0.000122437,7
visit,391,0.056511057,0.000482246,0.026316498,0.000418159,0
visitor,47,0.006792889,5.29E-06,0.005998226,0.000113167,0
visual,92,0.013296719,6.03E-05,0.009599021,0.000183008,5
visuospatial,18,0.002601532,7.53E-08,0.003397164,5.92E-05,6
vitaility,17,0.002457002,1.38E-08,0.003385311,5.53E-05,9
vital,207,0.029917618,3.15E-05,0.018463568,0.000222377,6
vitality,386,0.055788409,0.00030506,0.025535769,0.000397827,6
vitamin,368,0.053186877,0.000349968,0.022786811,0.000395,10
vlcfa,20,0.002890591,2.47E-07,0.002870384,6.39E-05,7
vocabulary,18,0.002601532,3.93E-07,0.003092903,6.39E-05,4
vocal,15,0.002167943,5.14E-08,0.002731959,5.29E-05,7
vogelxo,18,0.002601532,7.20E-08,0.002499296,6.69E-05,2
voice,243,0.035120682,7.14E-05,0.017135685,0.000243501,6
void,19,0.002746062,1.28E-07,0.003321656,5.96E-05,4
voiding,48,0.006937419,7.37E-06,0.006247223,0.000103094,5
vol,20,0.002890591,1.57E-06,0.002821194,8.24E-05,5
volume,269,0.038878451,0.000252407,0.019590144,0.000347347,4
volume.61,19,0.002746062,2.34E-07,0.003374258,6.15E-05,4
vomit,19,0.002746062,2.30E-07,0.003224064,6.51E-05,0
vomiting,16,0.002312473,8.52E-08,0.002397154,6.28E-05,6
vote,31,0.004480416,1.67E-06,0.003890053,9.90E-05,9
voter,34,0.004914005,3.02E-06,0.004879533,9.75E-05,9
vs.,45,0.00650383,1.16E-06,0.006320784,8.70E-05,7
vte,36,0.005203064,4.60E-07,0.005849045,7.75E-05,4
vulnerable,62,0.008960832,6.41E-06,0.007977073,0.000126142,0
waist,136,0.01965602,2.32E-05,0.013021119,0.000181909,4
waistline,18,0.002601532,4.83E-08,0.002868091,6.32E-05,6
wait,163,0.023558318,7.00E-05,0.016159445,0.000221163,0
waiting,82,0.011851424,1.30E-05,0.010832408,0.000154216,0
wake,123,0.017777135,2.05E-05,0.01428197,0.000179213,0
walk,136,0.01965602,9.25E-05,0.013067786,0.000209295,0
walking,19,0.002746062,2.92E-08,0.003037404,5.36E-05,6
wall,36,0.005203064,9.41E-06,0.004756062,0.000102136,6
walloping,20,0.002890591,4.66E-07,0.003489147,6.68E-05,0
walsh,18,0.002601532,7.50E-08,0.003248128,6.34E-05,4
wane,37,0.005347594,2.87E-06,0.005332924,8.55E-05,2
wang,45,0.00650383,2.24E-05,0.003061065,0.000154081,5
want,827,0.119525943,0.001820313,0.037918613,0.000671675,0
war,13,0.001878884,6.51E-08,0.001278797,6.73E-05,0
warm,19,0.002746062,1.08E-07,0.002798096,6.50E-05,6
warn,96,0.013874837,1.29E-05,0.011263536,0.000156806,4
warning,201,0.029050441,8.59E-05,0.018029395,0.000253439,4
warrant,116,0.016765429,1.91E-05,0.011357268,0.000160093,4
warren,10,0.001445296,0,0.001849559,4.29E-05,9
wary,53,0.007660066,4.44E-06,0.006958568,0.000108593,10
wash,77,0.011128776,1.02E-05,0.00981512,0.000129249,2
washing,19,0.002746062,4.12E-07,0.00338932,6.60E-05,2
washington,157,0.02269114,9.31E-05,0.014329537,0.000249028,9
waste,74,0.010695187,7.11E-06,0.009523268,0.000141772,0
wasting,20,0.002890591,1.99E-07,0.003534508,5.87E-05,6
watch,183,0.026448909,0.000196165,0.016516491,0.000249983,0
water,243,0.035120682,0.000301903,0.019941142,0.000305494,7
wave,111,0.016042781,1.16E-05,0.012586711,0.000161494,0
wavetm,16,0.002312473,2.91E-07,0.002232644,6.58E-05,6
wax,20,0.002890591,1.34E-07,0.003888515,6.25E-05,2
way,953,0.137736667,0.001511686,0.039766951,0.000652062,0
weak,324,0.046827576,0.00014963,0.022864998,0.000323144,4
weaken,33,0.004769475,1.17E-06,0.005274039,7.60E-05,7
weakened,34,0.004914005,1.26E-06,0.00522205,7.22E-05,6
weakening,43,0.006214771,4.18E-07,0.006172703,7.80E-05,6
weakness,142,0.020523197,2.76E-05,0.013405153,0.000185808,6
wear,83,0.011995953,5.93E-06,0.010843317,0.000131503,0
wearer,16,0.002312473,2.21E-08,0.003180628,4.99E-05,2
webinar,19,0.002746062,1.84E-08,0.004035731,6.04E-05,0
webmaster,19,0.002746062,7.96E-07,0.002124748,8.22E-05,0
website,254,0.036710507,0.000317441,0.019953059,0.000371913,0
website.11,16,0.002312473,2.23E-08,0.002819103,5.34E-05,4
week,784,0.113311172,0.001341859,0.035741163,0.000606732,2
weekend,35,0.005058534,2.78E-06,0.005585445,9.44E-05,0
weekly,191,0.027605145,5.95E-05,0.017957353,0.00022952,2
wei,20,0.002890591,2.34E-06,0.003120109,6.65E-05,5
weickert,20,0.002890591,8.60E-07,0.001744775,0.000102746,5
weigh,115,0.016620899,1.67E-05,0.012935876,0.000154475,0
weight,851,0.122994652,0.001725527,0.03362967,0.00061974,6
weighting,25,0.003613239,3.34E-07,0.003883141,7.36E-05,4
weird,34,0.004914005,1.59E-06,0.005727832,7.79E-05,0
welcome,148,0.021390374,6.46E-05,0.013545214,0.000226575,0
wellbee,62,0.008960832,5.74E-06,0.008245495,0.000112802,6
wellbeing,275,0.039745628,0.000105631,0.02156947,0.000299454,6
wellness,354,0.051163463,0.00019559,0.025152482,0.000357338,9
wellsville,18,0.002601532,2.57E-07,0.001911494,7.87E-05,9
west,102,0.014742015,0.000152297,0.008182988,0.000255018,9
western,67,0.00968348,9.83E-05,0.006838085,0.000139444,9
wet,14,0.002023414,4.96E-09,0.002895389,4.46E-05,2
whack,18,0.002601532,5.73E-08,0.003113938,5.47E-05,9
wham,19,0.002746062,6.71E-08,0.003783277,5.78E-05,0
whatnot,35,0.005058534,1.54E-06,0.005728942,7.99E-05,0
wheat,20,0.002890591,5.88E-06,0.002315981,7.81E-05,10
whichever,32,0.004624946,1.76E-07,0.005719785,6.90E-05,2
whilst,223,0.032230091,6.86E-05,0.019310993,0.000259057,7
whirlpool,18,0.002601532,1.30E-07,0.002776223,5.85E-05,7
white,130,0.018788842,9.54E-05,0.012359628,0.000227651,10
whocaresmenshealth.com,17,0.002457002,1.36E-06,0.002377001,5.11E-05,0
wide,214,0.030929325,5.30E-05,0.018868813,0.000227035,4
widely,107,0.015464663,9.49E-06,0.01283603,0.000155304,4
widen,16,0.002312473,9.48E-08,0.002528189,6.30E-05,7
widespread,37,0.005347594,1.17E-06,0.005879564,8.35E-05,6
wierman,19,0.002746062,6.50E-07,0.002331329,7.52E-05,5
wife,63,0.009105362,7.32E-06,0.0089723,0.000106301,0
wildly,18,0.002601532,1.35E-07,0.002747438,6.60E-05,7
wilke,19,0.002746062,1.45E-05,0.001408513,9.82E-05,5
willi,34,0.004914005,1.48E-06,0.00487978,8.17E-05,7
williams,40,0.005781182,1.20E-05,0.003546378,0.000126803,5
willing,67,0.00968348,3.65E-06,0.00981137,0.000115417,0
willingness,18,0.002601532,1.04E-08,0.004006286,5.17E-05,0
window,51,0.007371007,5.21E-06,0.007319037,9.79E-05,2
wine,17,0.002457002,1.31E-07,0.002707279,5.48E-05,10
wink,16,0.002312473,6.36E-08,0.002701696,5.76E-05,0
winnipeg,15,0.002167943,7.07E-07,0.001768592,7.01E-05,9
winter,29,0.004191357,3.29E-06,0.00403627,8.24E-05,0
wipe,19,0.002746062,3.29E-07,0.002797431,6.98E-05,0
wire,18,0.002601532,1.75E-08,0.003310606,5.40E-05,2
wisdom,20,0.002890591,2.76E-06,0.001318747,0.000105668,5
wise,58,0.008382714,8.24E-07,0.00902427,9.94E-05,0
wish,117,0.016909958,1.24E-05,0.014204684,0.00017119,0
withdrawal,20,0.002890591,4.91E-07,0.003925623,5.59E-05,4
withnosymptom,18,0.002601532,1.15E-07,0.003513229,5.16E-05,4
without,726,0.104928458,0.001147234,0.035360399,0.000619163,2
witness,18,0.002601532,8.85E-07,0.002751471,7.20E-05,0
wittert,20,0.002890591,1.29E-06,0.002061405,8.74E-05,5
wladek,30,0.004335887,4.84E-06,0.004272572,8.85E-05,9
wolf,15,0.002167943,8.55E-09,0.002968309,5.16E-05,0
wolff,17,0.002457002,1.27E-07,0.00233462,6.14E-05,9
woman,913,0.131955485,0.003387133,0.032174714,0.00077353,6
womb,34,0.004914005,2.46E-07,0.00495898,6.94E-05,7
womenshealth.gov,19,0.002746062,5.22E-08,0.003331837,6.53E-05,5
wonder,179,0.025870791,2.78E-05,0.016972982,0.000197599,0
wonderful,19,0.002746062,7.69E-08,0.00366558,5.80E-05,7
wood,17,0.002457002,6.96E-08,0.00310267,5.28E-05,6
woolfork,19,0.002746062,9.91E-06,0.00144745,0.000100788,9
word,189,0.027316086,4.59E-05,0.017277988,0.000225622,0
work,1241,0.179361179,0.00536763,0.045252404,0.000904418,0
worker,17,0.002457002,1.09E-07,0.003343878,5.49E-05,0
working,19,0.002746062,6.01E-07,0.003095882,6.46E-05,4
workington,20,0.002890591,6.30E-07,0.002440488,8.06E-05,9
workout,92,0.013296719,1.27E-05,0.01127073,0.000136697,6
workup,89,0.012863131,2.68E-06,0.010861202,0.000116473,7
world,166,0.023991906,0.000138737,0.0153427,0.000269604,9
worldwide,36,0.005203064,8.66E-06,0.005163127,8.97E-05,10
worried,108,0.015609192,2.12E-05,0.01264025,0.000164857,0
worry,208,0.030062148,8.19E-05,0.017340973,0.000243089,0
worsen,320,0.046249458,0.000127161,0.021981369,0.000299256,7
worsening,20,0.002890591,1.17E-07,0.003210045,5.76E-05,6
worsens,17,0.002457002,3.79E-08,0.003235537,5.28E-05,6
worth,230,0.033241798,6.47E-05,0.019794126,0.00024713,0
worthwhile,50,0.007226478,1.43E-06,0.007513969,8.96E-05,6
wow,79,0.011417835,1.00E-05,0.010254325,0.000133424,0
wrap,45,0.00650383,1.07E-06,0.006307185,9.02E-05,0
wreak,19,0.002746062,1.09E-06,0.003206436,6.04E-05,5
wrecked,19,0.002746062,1.68E-07,0.003473883,6.67E-05,0
wrinkle,20,0.002890591,4.39E-07,0.002987989,7.02E-05,6
write,145,0.020956786,8.02E-05,0.013834839,0.000219723,0
writer,19,0.002746062,8.06E-07,0.002628398,6.79E-05,8
wrong,166,0.023991906,4.50E-05,0.016628507,0.000217792,0
www.fda.gov/drugs/drug-safety-and-availability/fda-drug-safety-communication-fda-cautions-about-using-testosterone-products-low-testosterone-due,19,0.002746062,1.39E-07,0.003452905,6.08E-05,4
www.fda.gov/drugs/drugsafety/ucm436259.htm,14,0.002023414,1.09E-08,0.002697892,4.73E-05,4
wyatt,20,0.002890591,2.24E-07,0.003019589,7.15E-05,8
wyoming,18,0.002601532,4.45E-07,0.002442203,7.19E-05,9
xxy,53,0.007660066,7.50E-06,0.006403242,0.000106433,7
xyosted,17,0.002457002,5.12E-08,0.003325805,5.24E-05,2
yale,61,0.008816303,2.05E-05,0.0077884,0.000123075,9
yang,20,0.002890591,4.53E-08,0.003801653,5.87E-05,6
yassin,20,0.002890591,3.69E-07,0.00285165,7.07E-05,4
yeah,527,0.076167076,0.000768333,0.030733038,0.000533667,0
year,1120,0.161873103,0.004641119,0.037623324,0.000914385,4
yearlong,20,0.002890591,1.99E-07,0.003586674,6.78E-05,0
yearly,29,0.004191357,1.23E-07,0.005109038,6.29E-05,4
years.13,17,0.002457002,5.37E-08,0.003157011,5.60E-05,4
yep,38,0.005492123,1.11E-06,0.006057801,8.07E-05,0
yes,236,0.034108975,5.47E-05,0.019550825,0.000238385,0
yialamas,18,0.002601532,1.10E-06,0.001323557,8.65E-05,5
yield,39,0.005636653,1.45E-06,0.006409143,8.86E-05,4
yin,20,0.002890591,9.15E-08,0.003744757,5.93E-05,6
yoav,20,0.002890591,8.02E-06,0.001151088,0.000113138,5
yoga,73,0.010550658,1.42E-05,0.009413979,0.00013473,6
yolk,18,0.002601532,1.41E-07,0.003099553,5.66E-05,10
yonah,20,0.002890591,6.73E-06,0.001447318,9.99E-05,9
york,51,0.007371007,1.40E-05,0.005998026,0.000138509,9
young,513,0.074143662,0.000456735,0.027585404,0.000448471,6
youth,99,0.014308426,1.10E-05,0.010683545,0.000153626,9
youthful,68,0.00982801,3.16E-06,0.009242503,0.000113789,6
youtube,19,0.002746062,1.84E-08,0.004035731,6.04E-05,0
zafalon,19,0.002746062,1.36E-07,0.002676089,7.11E-05,5
zercher,8,0.001156236,4.05E-07,0.000966424,6.33E-05,5
zhang,20,0.002890591,1.54E-07,0.00302915,6.38E-05,6
zinc,192,0.027749675,8.09E-05,0.016808641,0.000259969,10
zip,17,0.002457002,2.02E-07,0.002767815,5.76E-05,0
zit,33,0.004769475,1.83E-06,0.005211658,8.01E-05,2
zito,20,0.002890591,2.53E-06,0.002487791,8.77E-05,5
zitti,17,0.002457002,6.57E-08,0.003215736,5.72E-05,0
zitzmann,56,0.008093655,2.24E-05,0.005209022,0.00016393,5
zone,50,0.007226478,1.01E-06,0.008113185,9.46E-05,0
|ꚛooo,24,0.003468709,7.79E-09,0.004457604,5.19E-05,4
|ꚛꚛoo,91,0.01315219,8.34E-06,0.009880467,0.000138109,4
|ꚛꚛꚛo,43,0.006214771,2.15E-07,0.006341914,8.05E-05,4
