node,deg,deg_norm,betweenness,eigenvector,pagerank,community
(aspen,6,0.000867177337765573,7.77209343371221e-08,0.0011960430645793143,5.229382858323712e-05,1
(bayer,8,0.0011562364503540975,8.542820950152694e-08,0.0008243001228958438,7.859632651931226e-05,1
"(besin),gel",6,0.000867177337765573,9.03426443403675e-09,0.0004499597035448883,6.342864828667435e-05,1
"(ferring),gel",9,0.0013007660066483597,3.1435305679052984e-07,0.001482533614338092,6.210859764677318e-05,1
(nordic,9,0.0013007660066483597,1.0581477131312353e-07,0.0021328396512633927,6.3271544587994e-05,1
"(prostrakan),gel",9,0.0013007660066483597,2.0635006082129016e-07,0.0008463400452162499,8.604231722949762e-05,1
"+1,150%)—likely",10,0.0014452955629426219,6.424598657569728e-07,0.002051315650798885,6.769797621522796e-05,12
.in,10,0.0014452955629426219,2.035313525922353e-07,0.0025118357904109533,6.140247669096631e-05,5
/memory,10,0.0014452955629426219,1.2783471997119616e-07,0.0023980873566194294,5.97700550453962e-05,5
1.publishe,10,0.0014452955629426219,4.556246972010858e-07,0.0017018168467153782,7.393883793146054e-05,11
10division,7,0.0010117068940598353,8.436093254694947e-09,0.0013725784164636812,5.1975328262270843e-05,11
11division,9,0.0013007660066483597,2.809053749936503e-08,0.0013706386451429447,7.137620356471455e-05,11
12department,10,0.0014452955629426219,1.0831234114510111e-06,0.0018546799689945952,6.927254779871799e-05,11
12nmol,9,0.0013007660066483597,6.748079717436038e-08,0.002412821116820892,4.4686071886004296e-05,6
13a,6,0.000867177337765573,6.76280350458672e-09,0.0012272093588844449,5.1342725290518e-05,11
15nmol,8,0.0011562364503540975,4.907774831547194e-10,0.002957554726531409,4.005616866289681e-05,3
1688%—a,9,0.0013007660066483597,1.9351824384441417e-07,0.002580858413980336,5.031188978670348e-05,3
180pmol,6,0.000867177337765573,5.522885943041284e-10,0.0018835105321800165,3.8703772817778574e-05,1
18y,19,0.0027460615695909813,2.2007729950190544e-05,0.0024890809262049576,9.428008163344053e-05,2
1gm,10,0.0014452955629426219,2.9978364528282905e-07,0.0023873462971383884,6.341583849786885e-05,1
1improvement,10,0.0014452955629426219,3.1387886319772084e-07,0.0023810067175442148,5.3461312485154365e-05,5
2021;15(5):e234,10,0.0014452955629426219,2.697796287052663e-07,0.0020381453480832774,7.19624514297302e-05,2
2023a,10,0.0014452955629426219,2.7316277018548314e-08,0.0028598698262830755,4.81859208539607e-05,7
20s-30s,7,0.0010117068940598353,7.122934573480271e-07,0.0018072821851071483,4.7051220742832305e-05,3
20y,15,0.0021679433444139326,8.736649527579604e-06,0.0017858584491635924,9.092997476228271e-05,2
24emory,9,0.0013007660066483597,1.6980652540649497e-08,0.0031864554206913016,4.775763755447285e-05,3
2838ur,9,0.0013007660066483597,3.6838665694856694e-08,0.0029543540683179235,4.348403575395854e-05,3
2improved,10,0.0014452955629426219,2.4612989855013165e-06,0.0024434213903503127,5.784876563252531e-05,5
300s,15,0.0021679433444139326,3.011830485575612e-08,0.004786034927204979,5.138104712214531e-05,0
35y,10,0.0014452955629426219,1.4088858711905605e-06,0.0009593968005279845,8.077591872813138e-05,2
3improved,9,0.0013007660066483597,3.166506699670009e-07,0.002262181295436999,5.694938919882203e-05,5
40s-60s,8,0.0011562364503540975,6.225661282452908e-08,0.0021795624858603414,4.702541970723884e-05,6
40y,10,0.0014452955629426219,2.1454433535935533e-07,0.000715378910505045,8.46186930340237e-05,2
45y,10,0.0014452955629426219,2.110684573187242e-07,0.0006825690261005536,8.513348884914844e-05,2
4636(4men,15,0.0021679433444139326,1.4368858522977171e-06,0.003591414876926241,7.17043586669766e-05,3
4improved,9,0.0013007660066483597,4.3828251894613247e-07,0.0022039054893463056,5.857045180357195e-05,5
4ml,10,0.0014452955629426219,5.842313789099186e-07,0.0015424455086369218,8.162571390512606e-05,1
50s+,9,0.0013007660066483597,4.298284728821239e-08,0.00250872438621738,4.284620936099488e-05,7
50y,14,0.0020234137881196706,1.0697172520737182e-05,0.0012528369936951936,9.176786004527399e-05,2
5increased,10,0.0014452955629426219,8.546482113979398e-07,0.0020217422712601667,6.913499693700276e-05,5
60s,8,0.0011562364503540975,1.6476694345760872e-08,0.002113031685431563,4.466430323916916e-05,7
60s-80s,9,0.0013007660066483597,1.13693638937688e-07,0.002324346857265842,4.9196490784021816e-05,6
60y,18,0.0026015320132967193,1.884370847793286e-05,0.0019077914033020925,9.869807686160117e-05,2
65y,23,0.00332417979476803,2.6002948450690733e-05,0.0027465576554600102,0.00011224289800071846,2
682x.143317,10,0.0014452955629426219,1.0784866095405054e-06,0.0018550031609595394,7.166180589960729e-05,11
69y,26,0.0037577684636508164,2.442166226049034e-05,0.0032246840127918316,0.00012046291592309564,2
6increase,10,0.0014452955629426219,9.73214259641324e-07,0.0014390810567598373,7.846240606503995e-05,5
700s,8,0.0011562364503540975,9.696515540719341e-08,0.002310384980075884,4.787164159046785e-05,0
7improve,10,0.0014452955629426219,1.5901343898541446e-06,0.001525687419962214,7.792835665524919e-05,5
80y,30,0.004335886688827865,2.653444144353232e-05,0.0037489934421048553,0.00013355280184827351,2
8improve,10,0.0014452955629426219,1.2346761113694426e-06,0.0021382280199684685,6.619082765562246e-05,5
950ng,10,0.0014452955629426219,8.901557440470412e-09,0.0035080478178095933,4.8889163872448704e-05,0
9increase,9,0.0013007660066483597,6.078599624338164e-09,0.0025546451376978864,4.9236330300618454e-05,5
@anaveciana,10,0.0014452955629426219,3.660778902323367e-06,0.0019544800939380385,6.825713218558378e-05,13
a&e,10,0.0014452955629426219,7.282342433893398e-07,0.0024787005175176528,6.071185999904185e-05,0
a.a,10,0.0014452955629426219,8.737478356884163e-07,0.0016751330615809553,7.823233578557894e-05,6
a.b,10,0.0014452955629426219,2.6825254168133537e-06,0.0003281188488615571,0.00012273049894301707,4
a.d.a.m,39,0.005636652695476225,4.232303650293837e-05,0.006114978767659344,0.00013431094930733918,11
a.i,10,0.0014452955629426219,0.00018382222349158344,0.0009719901747059986,0.00011125650187326684,4
a.m.,74,0.0106951871657754,0.0005674038075730141,0.010945296858791214,0.00020598651189431151,11
a.r,10,0.0014452955629426219,1.1753491686329664e-05,0.00045744740329031666,0.00012427103680265973,4
a1c,9,0.0013007660066483597,3.217285476153542e-08,0.0025550159068057163,5.00569972726216e-05,7
aas,10,0.0014452955629426219,1.7868537011419829e-07,0.0022463358673968335,6.254534902592741e-05,6
abbott,10,0.0014452955629426219,1.515682814745918e-06,0.00211697143755054,6.818762176164054e-05,11
abbreviate,10,0.0014452955629426219,6.127193950379443e-07,0.0027197152959287435,5.451378154089747e-05,2
abbreviation,10,0.0014452955629426219,1.6746793084196352e-07,0.0026225499757466775,5.425224752810283e-05,3
abbvie,23,0.00332417979476803,2.8445428651643717e-05,0.0034595152749086777,0.0001208405184028595,11
abdoman,10,0.0014452955629426219,2.927124586725752e-07,0.0023140981012595586,6.221573419772417e-05,1
abdomen,68,0.009828009828009828,4.8184965888009844e-05,0.010633505918020576,0.00020083494785535719,1
abdominal,57,0.008238184708772944,2.2345031020975143e-05,0.010895350735633611,0.00014667418968441765,7
abdulmage,10,0.0014452955629426219,4.272170565967271e-06,0.0017942387731685668,6.989323329933993e-05,11
abhinav,10,0.0014452955629426219,5.205869067352186e-07,0.0022546946583315995,6.0127480104019856e-05,11
ability,272,0.03931203931203931,0.0006750182429860336,0.027374294902873283,0.00047798284377271343,5
able,317,0.04581586934528111,0.000928887406892227,0.03130016487657495,0.0004968376084507908,0
abnormal,182,0.026304379245555717,0.00017211481510433433,0.021164843538510628,0.0002861142011547527,7
abnormality,131,0.018933371874548344,8.7461900760417e-05,0.017800242437731657,0.00025185902079645256,7
abnormally,75,0.010839716722069664,2.06274623033524e-05,0.012086771343451564,0.00015771386718358877,7
aboriginal,16,0.002312472900708195,7.553867196657657e-06,0.0035457455660100915,9.666864553973207e-05,10
abraham,10,0.0014452955629426219,4.0802680086340996e-05,0.0009662285618897605,9.420878339637083e-05,11
abrupt,10,0.0014452955629426219,1.5515169357169486e-08,0.0032500310201469948,4.937715582174151e-05,6
absence,57,0.008238184708772944,1.3900375495307407e-05,0.010693386357582645,0.00013711336012555962,7
absent,28,0.004046827576239341,8.320874550821603e-06,0.004677864130743512,0.00011705218177259325,7
absolute,92,0.01329671917907212,4.7334902923109305e-05,0.014975266724101375,0.0002168054528797589,2
absolutely,116,0.01676542853013441,0.00011392647803318645,0.01830544186337343,0.00023450700499811543,0
absorb,185,0.026737967914438502,0.00018214444574002304,0.02297163916185328,0.0003583350459628159,1
absorbable,10,0.0014452955629426219,3.5529844210225327e-09,0.003385827580473675,4.9093361532753075e-05,1
absorbed,10,0.0014452955629426219,1.1476136218968105e-08,0.003480679723066293,4.598315628657007e-05,3
absorbent,9,0.0013007660066483597,1.7147272684382023e-07,0.0022569618365162226,6.16619884396472e-05,1
absorption,220,0.03179650238473768,0.0004553511883414791,0.026237992887147406,0.00045350607905002375,1
abstract,20,0.0028905911258852437,1.3255463036296686e-05,0.00430105758917225,9.450009380994272e-05,11
abundant,16,0.002312472900708195,1.76884924603225e-06,0.003308016300692436,8.207048747029683e-05,9
abuse,109,0.015753721636074577,0.0001409213884886751,0.015786887012341853,0.00025616472037623216,7
academic,59,0.008527243821361469,3.827559888198112e-05,0.009090246852014776,0.00017302867713127467,3
academic/,10,0.0014452955629426219,5.672134954860258e-07,0.002706593436512552,6.292840146056168e-05,3
academy,27,0.003902298019945079,1.464041451827568e-05,0.004750266128067501,0.00012359488018226421,11
accelerate,40,0.005781182251770487,5.0871938229295806e-06,0.008344014221256942,9.802670791210156e-05,7
accept,94,0.013585778291660645,5.9586064378125526e-05,0.01564470631924474,0.00019792458340118528,0
acceptable,27,0.003902298019945079,3.042455879556749e-06,0.006578823958517827,8.51561778731625e-05,0
access,301,0.04350339644457291,0.0027362020722787165,0.02745035604517318,0.0006272560360353296,3
accessible,46,0.00664835958953606,4.687933829237015e-05,0.008200726847270115,0.00014916620351390335,3
accho,6,0.000867177337765573,7.055236479159945e-08,0.0014780698482971565,5.166857490230508e-05,10
accident,40,0.005781182251770487,5.4923013559596196e-06,0.008307601942485195,0.0001223360448160111,7
accidental,29,0.004191357132533603,4.592882140165125e-06,0.006505595662099505,9.929777204961752e-05,7
accidentally,26,0.0037577684636508164,1.0592466775380008e-06,0.006296745265590739,8.737705275083255e-05,1
acclimate,10,0.0014452955629426219,1.8309393505650106e-07,0.003033888095093451,5.1323453362415544e-05,7
accommodate,8,0.0011562364503540975,2.936350198320824e-10,0.0029657580171764306,4.196848677651337e-05,3
accompany,51,0.007371007371007371,3.888646617323094e-05,0.009263109319509456,0.0001389130503294409,7
accomplish,15,0.0021679433444139326,3.554560882566553e-07,0.004084738253382488,6.689173619907372e-05,0
accomplishment,10,0.0014452955629426219,5.706038665213843e-08,0.0031852407488445994,5.184134337549292e-05,0
accord,305,0.044081514669749966,0.0007853631585331926,0.028908361646432092,0.0005144210151588925,11
accordance,9,0.0013007660066483597,1.4002896589729426e-07,0.0029977155488643504,4.6684977075184726e-05,3
accordingly,36,0.005203064026593439,5.851870619202989e-06,0.008278852545279177,9.755845370369396e-05,6
account,106,0.01532013296719179,7.261346460461128e-05,0.016527398579261998,0.00024152835572408782,3
accredit,10,0.0014452955629426219,3.1765432944712505e-07,0.0024128552914535225,6.370611838876422e-05,3
accredited,13,0.0018788842318254082,1.4593108383546806e-07,0.0031965992937454013,5.501179269272703e-05,3
accumulate,10,0.0014452955629426219,1.1296757695404765e-06,0.0020754238581345333,6.220660824864583e-05,1
accumulation,20,0.0028905911258852437,5.923024348125147e-07,0.005588327259012638,7.145383650333274e-05,7
accuracy,43,0.006214770920653274,1.2465353045017417e-05,0.008645062772689135,0.00013765964318772334,2
accurate,142,0.020523196993785228,0.00011249932973785865,0.018674069826580646,0.00026217933489722017,3
accurately,45,0.006503830033241798,5.585371173570302e-06,0.009222859677422602,0.00012070820902915061,2
accusation,10,0.0014452955629426219,2.2159100035899595e-07,0.0028769715782744104,6.043352485760338e-05,0
acerus,31,0.0044804162451221275,3.0696297026217816e-05,0.00274286750757134,0.00018411663784081829,11
ache,20,0.0028905911258852437,7.203686519242143e-07,0.004297569251010771,8.198614826170524e-05,5
achievable,10,0.0014452955629426219,7.754223598552335e-07,0.0028600651927435357,5.6429780335436714e-05,2
achieve,374,0.05405405405405406,0.00108411067084794,0.03569021685371843,0.0005585187032718856,1
achievement,10,0.0014452955629426219,1.296300437214115e-07,0.0026257852330984267,5.2071279251685655e-05,6
acid,36,0.005203064026593439,1.375993343891166e-05,0.0063521140518062735,0.00014282639795112778,1
acknowledge,18,0.0026015320132967193,7.214961117058191e-07,0.004952669418653671,6.255732254540525e-05,3
acne,256,0.03699956641133112,0.00035216229917105755,0.025893949248913962,0.0003997505194117033,7
acoustic,17,0.002457002457002457,6.727122367013404e-07,0.004034118223022002,7.601612861341716e-05,7
acquire,78,0.01127330539095245,3.648297382009861e-05,0.012240291163502094,0.00019666234823215197,7
act,321,0.04639398757045816,0.0009291799595659727,0.030281791631896794,0.000561491863739381,1
action,156,0.0225466107819049,0.00022915702263037125,0.02120902360456988,0.00029857665837488054,6
activate,10,0.0014452955629426219,3.822214260672575e-08,0.0032836078335624166,4.929823866951235e-05,6
activation,27,0.003902298019945079,7.186372994667218e-06,0.005182250495779668,0.00011274894505900584,6
active,204,0.029484029484029485,0.0003642675323524182,0.024649994417983167,0.00036436613969157686,7
actively,39,0.005636652695476225,5.610968571442906e-05,0.00850001668742313,0.00011835069996725063,3
activity,313,0.04523775112010406,0.0006908447308939756,0.03086082701717516,0.0004898903865621593,5
actual,85,0.012285012285012284,7.308356280419344e-05,0.01395386087704098,0.00019370881281432272,0
actuality,19,0.0027460615695909813,1.5433440479860028e-06,0.004176971011761148,8.57807784801667e-05,6
actually,415,0.059979765862118804,0.0009184963869024343,0.03540072990704998,0.0005496609137638196,0
actuation,17,0.002457002457002457,1.087091708410907e-06,0.004616950727417285,6.892386390596664e-05,1
actuator,10,0.0014452955629426219,9.194193134688908e-07,0.0024865334254130485,5.9191039844528226e-05,1
acuity,10,0.0014452955629426219,9.758779145465294e-08,0.0027364975310434528,5.649665625181619e-05,5
acute,58,0.008382714265067205,0.00026273749807847774,0.00968430714394434,0.00018808150279090097,7
adam,67,0.009683480271715566,4.0137585656439766e-05,0.010708166515208856,0.00015773613677533328,11
adams,10,0.0014452955629426219,4.848774987953136e-06,3.625429647490898e-05,0.00013524433932190233,8
adapt,62,0.008960832490244255,0.00011563324300213332,0.010051338418961468,0.00019300912285229863,1
adaptation,27,0.003902298019945079,8.945777433973497e-07,0.006971782303657832,8.851406301901744e-05,11
add,315,0.04552681023269259,0.0010068486745721849,0.03110566592468507,0.0005219952723071389,9
addict,15,0.0021679433444139326,5.412657347693202e-06,0.002490830455815886,7.196136574074835e-05,0
addiction,10,0.0014452955629426219,4.722456746323415e-07,0.00280977228391963,5.528219556286873e-05,7
addison,18,0.0026015320132967193,8.548959571582701e-07,0.0036962246503948835,7.642843498302643e-05,7
addition,217,0.031362913715854895,0.00017606939848355867,0.025623565969794246,0.00032168789527889266,5
additional,169,0.024425495013730307,0.00022593383163540078,0.022205452611949898,0.0003198528932901621,2
additionally,173,0.025003613238907357,0.0002643690943737059,0.022196496680496274,0.00031783221290284123,7
additive,10,0.0014452955629426219,1.3692544175630877e-06,0.0020318444037067517,6.507392941331873e-05,6
address,337,0.048706460471166356,0.0006313675444114467,0.03309093436963499,0.0004700746582469985,3
addressing,10,0.0014452955629426219,2.8676589392117962e-08,0.0030693298022704592,5.464258341998578e-05,1
adenoma,39,0.005636652695476225,1.250110040110015e-05,0.006647947888923835,0.00014539557215733736,7
adenomas,18,0.0026015320132967193,1.244741935047072e-06,0.004698233538692384,7.42763146308302e-05,7
adequacy,8,0.0011562364503540975,2.870224238164232e-08,0.0023977151533154076,5.130749801596413e-05,2
adequate,128,0.01849978320566556,7.052296545292948e-05,0.017972637604942637,0.0002467496250848425,7
adhere,20,0.0028905911258852437,1.4041079144838913e-05,0.003980915637973834,9.49311364529764e-05,1
adherence,20,0.0028905911258852437,1.9071554956900281e-06,0.0046373845326868135,8.021377675920755e-05,3
adhesive,10,0.0014452955629426219,4.292107580493105e-08,0.002292675570600236,5.6939607904503786e-05,1
adipose,19,0.0027460615695909813,8.121219753512196e-07,0.004386373914487904,7.820909307667332e-05,6
adiposity,10,0.0014452955629426219,1.4530393954259227e-08,0.003210705198057334,4.934096506599721e-05,5
adjudicate,9,0.0013007660066483597,1.7848827933906125e-09,0.0026072582673077834,5.115344083072258e-05,2
adjunct,19,0.0027460615695909813,1.05522424698908e-06,0.004643268099961438,7.001136848927308e-05,6
adjunctive,29,0.004191357132533603,4.0356854133905284e-06,0.006249779932294137,9.188107082815424e-05,2
adjust,194,0.028038733921086863,0.00017820497980274675,0.02511663094255179,0.0003181126462104137,1
adjusted).446,10,0.0014452955629426219,3.778435558068461e-08,0.0031350142596978563,5.3117369198890034e-05,1
adjustment,170,0.02457002457002457,0.00011659835138256104,0.024040669578862348,0.0003032962068789801,1
adjustment.28,9,0.0013007660066483597,3.5732503619362075e-09,0.0035994993806667576,4.5080641968265285e-05,3
administer,285,0.04119092354386472,0.000558258969900339,0.029896091842153062,0.00045403255186488375,1
administration,212,0.03064026593438358,0.000284411713304918,0.02534794194021922,0.00038046817748108735,1
admission,8,0.0011562364503540975,6.473857556140963e-08,0.0021631271968654197,4.4001784297270616e-05,7
admit,38,0.005492123139181963,4.085735719311645e-06,0.008030384212965713,0.00011275236333978025,11
adolescence,32,0.00462494580141639,3.4226731393379894e-06,0.006270845027883274,9.406940663545592e-05,6
adolescent,22,0.003179650238473768,2.0442913373802778e-05,0.0037299433633437443,9.586465310400323e-05,7
adopt,32,0.00462494580141639,4.5296718044185145e-06,0.006811141476381952,0.00010352076374498346,0
adrenal,149,0.021534903887845066,0.00014673777122163018,0.01608361371395613,0.00028157260284139736,7
adult,319,0.046104928457869634,0.0015528223435221289,0.02590686951971429,0.0005015729354989211,7
adulthood,109,0.015753721636074577,2.339557432200629e-05,0.015877783481809585,0.00020618182322536643,7
advance,82,0.011851423616129498,6.284503115237964e-05,0.013748722498352538,0.00020388742086828394,3
advanced,125,0.01806619453678277,0.00020143167275567137,0.01813281321562474,0.00028097062765259696,3
advancement,44,0.006359300476947536,1.5831865160240217e-05,0.008865968985562505,0.00012200666860009219,3
advantage,57,0.008238184708772944,2.06297692835287e-05,0.011371931894906496,0.0001458321009530393,3
advantageous,9,0.0013007660066483597,8.930165487731524e-07,0.0025558641748857935,5.239994480383678e-05,6
adverse,250,0.03613238907356554,0.0003728876631462771,0.027698732583268895,0.0004272714753162669,1
adversely,24,0.003468709351062292,7.335827267615988e-07,0.005491692742952681,7.184415478829404e-05,5
advertise,47,0.0067928891458303225,1.1571789276289084e-05,0.009784002234954283,0.00014128253821987994,0
advertisement,139,0.020089608324902444,8.53061738322553e-05,0.017463639432698033,0.00022942325386724605,7
advertisementadvertisement,28,0.004046827576239341,7.162783496892372e-05,0.003955478050659777,0.00010055463973834516,11
advertising,43,0.006214770920653274,8.998616315114565e-06,0.007403442735365893,0.00012018671059199564,3
advice,117,0.016909958086428676,0.00011733555934511131,0.017847728035818536,0.0002433048762441408,3
advisable,36,0.005203064026593439,5.446096849095604e-06,0.008295568923386405,9.40870734718633e-05,3
advise,132,0.019077901430842606,6.338200218284507e-05,0.018887084041674187,0.00024894173122538897,3
advisory,13,0.0018788842318254082,9.297533046902472e-07,0.0012392119618966756,9.524080127524773e-05,11
advocate,83,0.011995953172423761,4.5192480024551626e-05,0.01457693721157312,0.00020114457839613293,0
aerobic,41,0.005925711808064749,1.6681563398552103e-06,0.008849228632873529,0.0001086769153847219,5
aesthetic,35,0.005058534470299176,3.942034114454868e-06,0.007441752229116269,0.00010975246144077889,5
aetiology,9,0.0013007660066483597,3.325694868899659e-08,0.0022822058558888813,5.3724070436641304e-05,7
affect,643,0.09293250469721058,0.0026610219375379856,0.038002980435824944,0.0007631536286985642,7
affected,19,0.0027460615695909813,8.625696550248237e-07,0.005461409755030113,6.847766393394535e-05,3
affiliate,22,0.003179650238473768,1.2060999896451103e-06,0.005400942335060701,7.64288313430235e-05,0
affiliation,10,0.0014452955629426219,3.711095518227919e-08,0.0029497356644227063,5.4159391879253055e-05,5
affinity,9,0.0013007660066483597,6.715132762449039e-08,0.0020844928829864017,5.711029755201394e-05,7
affirm,7,0.0010117068940598353,1.5120611967075778e-09,0.0024999715053778586,4.396443674196452e-05,0
affordable,36,0.005203064026593439,5.732384108198509e-06,0.008521036677031767,0.00010962094329397734,1
afraid,20,0.0028905911258852437,2.4008142073597235e-07,0.005884908101138007,7.311431281536965e-05,0
african,10,0.0014452955629426219,2.630946916641931e-08,0.002860586115139826,5.0912559826695854e-05,7
afternoon,22,0.003179650238473768,1.0693622832444458e-06,0.005081538971638084,7.437385669329909e-05,1
afterthought,10,0.0014452955629426219,1.2982540344293973e-07,0.0035277679228042026,5.27600519994182e-05,0
afterward,25,0.0036132389073565544,8.255225252246481e-06,0.00524643501744079,9.350081128689939e-05,1
ag030644,9,0.0013007660066483597,2.7950860111325244e-08,0.0019866426560395476,6.128870061826037e-05,11
aga,10,0.0014452955629426219,2.8059373432006976e-07,0.0027520960301023784,5.322640934074093e-05,6
age,916,0.13238907356554416,0.006441155924989797,0.039188671375991094,0.0010028339117688781,7
aged,85,0.012285012285012284,4.7397455046419816e-05,0.012810122035882852,0.00018354411052898592,7
ageing,88,0.012718600953895072,6.091828142666936e-05,0.01373126475125839,0.00018425350898952915,6
agency,17,0.002457002457002457,1.6229625737813638e-07,0.004893763835245129,6.685604982453215e-05,6
agent,152,0.02196849255672785,0.00028822122388250365,0.01918367580110301,0.0003573434392716081,1
agents.437,7,0.0010117068940598353,3.809326455149528e-09,0.001910642915978296,4.889841070910689e-05,1
aggression,55,0.00794912559618442,6.943756863183792e-05,0.009412869681567673,0.00015823528889191758,5
aggressive,47,0.0067928891458303225,1.0623680375205492e-05,0.010110654445495299,0.00013716934776451567,7
aging,337,0.048706460471166356,0.0014322030695289292,0.028425734276773917,0.0005413434695537429,11
ago,102,0.014742014742014743,4.992975922367128e-05,0.01635765685770914,0.00021789934836154355,0
agonist,20,0.0028905911258852437,3.3766218763790114e-06,0.004182208019232545,9.288279542441631e-05,6
agree,46,0.00664835958953606,4.931296358489417e-06,0.009884150216666814,0.00011506776119884082,0
agreement,25,0.0036132389073565544,5.952273240551333e-06,0.00598332135067341,9.436894452379541e-05,2
ahead,73,0.010550657609481139,2.6159590357277134e-05,0.013059516070820544,0.00017458967259815274,0
aid,48,0.006937418702124584,2.1666631342001643e-05,0.00891915701867444,0.00014348221968361657,1
aids,99,0.014308426073131956,7.496766597710708e-05,0.012861986940386731,0.00021020802202822173,7
ail,34,0.004914004914004914,1.110110663020002e-06,0.007672967876113986,9.401669186884523e-05,0
ailment,10,0.0014452955629426219,1.940418998800251e-08,0.0031868225715404575,5.556957171490629e-05,3
aim,159,0.022980199450787685,0.00012005731285066503,0.021374626238166983,0.00027143100569259183,6
air,44,0.006359300476947536,2.326890274744717e-05,0.00805331182816198,0.00015749910560807395,1
airflow,10,0.0014452955629426219,5.472278632297623e-07,0.0028618073095839722,5.525947623732595e-05,0
airway,48,0.006937418702124584,1.736654379325247e-05,0.008878559035243512,0.00014336851326321597,7
ais,54,0.007804596039890158,5.788803480413836e-05,0.008929273509695499,0.00017360086503366904,6
ajpregu.00360.2012,10,0.0014452955629426219,7.613764025630297e-06,0.0019932678200008077,7.142310758972014e-05,11
aka,19,0.0027460615695909813,4.383367045406637e-06,0.003951138768128346,8.408783842192474e-05,6
akhil,10,0.0014452955629426219,1.0268039277323322e-06,0.002657709533818039,5.2214830684631106e-05,11
al.4,10,0.0014452955629426219,1.5538211218746675e-07,0.0018602929075535895,7.004222580569882e-05,2
al.446,10,0.0014452955629426219,1.668191698349858e-08,0.0031852797227900718,5.600782699077314e-05,1
alabama,9,0.0013007660066483597,4.935930103231306e-07,0.0015252603755381757,7.330909198555319e-05,11
alan,10,0.0014452955629426219,9.335821281378799e-06,0.0017383685647710358,6.792970677159095e-05,11
alanine,9,0.0013007660066483597,6.875009839399845e-07,0.001094338871625885,9.27628264541074e-05,2
alarm,46,0.00664835958953606,2.4942404488314804e-05,0.008457787214026766,0.00014310738786778776,0
alarming,10,0.0014452955629426219,1.7032547855845285e-08,0.003606819423564852,4.8676880060997573e-05,0
albeit,10,0.0014452955629426219,2.127556353835395e-07,0.003256605986969317,5.7306854915514707e-05,5
albert,8,0.0011562364503540975,2.4293348938833782e-08,0.0018118239187486032,5.7393610647762645e-05,11
albumin,111,0.016042780748663103,0.00041036900888003863,0.013163961123811565,0.00027482083671251915,6
alcohol,248,0.03584332996097702,0.00039812279936152765,0.025989814122512077,0.0004048203836014975,7
alcoholism,33,0.0047694753577106515,4.696939289718715e-06,0.006295408377844603,0.00011287589559609527,7
aldosterone,20,0.0028905911258852437,2.5142307150087767e-06,0.004635750087811966,8.308966938368556e-05,7
aleksandr,10,0.0014452955629426219,5.902349022374241e-07,0.0025207461274324716,5.91121181382045e-05,11
aleksic,10,0.0014452955629426219,1.0513373326580208e-05,0.0015259889366013228,7.715185443169518e-05,11
alert,10,0.0014452955629426219,7.989616202784465e-08,0.00307147297685035,5.3210906002580454e-05,0
alertness,10,0.0014452955629426219,9.774484424495374e-10,0.0029407855704161163,4.220780644454489e-05,5
alex,26,0.0037577684636508164,8.247482508758015e-06,0.005907690923381576,9.009276462792202e-05,0
alexandria,10,0.0014452955629426219,1.3457721170907216e-07,0.0028683009454304837,5.715353630419517e-05,3
algorithm,10,0.0014452955629426219,7.580170216786335e-06,0.00187246162930722,7.503173489690937e-05,2
ali,85,0.012285012285012284,0.00027638279811653655,0.011850870140365764,0.0002498976456076187,11
align,45,0.006503830033241798,1.0763105211068915e-05,0.009908991918941085,0.00013069900330503243,3
alive,10,0.0014452955629426219,8.361965476750623e-07,0.0023040741884613426,6.857641216440459e-05,5
alkaline,9,0.0013007660066483597,5.571454838010358e-06,0.0008317717271088628,0.00010076453530544389,2
alkylated,12,0.001734354675531146,1.2028700415516446e-08,0.003653660627393482,5.1734934064879815e-05,2
allan,10,0.0014452955629426219,6.113646041230263e-06,0.002705038595569345,5.948377906788521e-05,11
allegiance,10,0.0014452955629426219,5.654568114698742e-08,0.0027618954194857477,5.9756447809435084e-05,1
allergic,9,0.0013007660066483597,3.445850467568945e-07,0.0027262430289975085,5.791035744241969e-05,2
allergy,39,0.005636652695476225,9.288442987760414e-05,0.00597700573934824,0.00015290894823904443,7
alleviate,84,0.012140482728718023,1.9447240001284053e-05,0.013556365144219398,0.0001623053412255132,5
allicin,10,0.0014452955629426219,2.308171897255526e-07,0.0024119127722912934,6.11637173340322e-05,1
allow,331,0.04783928313340078,0.000571206455261273,0.03424274062159555,0.0005101592862031602,1
allowance,10,0.0014452955629426219,1.2914975713701772e-07,0.0027135988020539755,5.873572569610931e-05,1
allude,9,0.0013007660066483597,1.5110014447214214e-08,0.0029004452588470395,4.8913247763291455e-05,0
almeida,10,0.0014452955629426219,9.861588427405585e-07,0.0015513001008234256,8.909439826243407e-05,11
alongside,111,0.016042780748663103,4.770132184900465e-05,0.015959118598876682,0.00020484586987442167,6
alopecia,81,0.011706894059835236,3.386941365185439e-05,0.013625017846498368,0.00017164668132344134,6
alpha,57,0.008238184708772944,3.536019198216941e-05,0.010332045482102457,0.0001506964064540776,6
alprostadil,19,0.0027460615695909813,6.211975933150598e-06,0.0036605873946534548,0.00010893444936225698,1
alter,51,0.007371007371007371,1.6708195284710027e-05,0.010286086239035883,0.00013507905979635477,3
alteration,22,0.003179650238473768,2.7772909757061216e-07,0.005803834738051567,7.528736722941387e-05,1
altered,10,0.0014452955629426219,9.441491284842724e-08,0.002876114696557145,5.3488961757171014e-05,5
alternative,238,0.0343980343980344,0.00040162356788334797,0.025791666077537485,0.00039778546930018313,1
alternatively,26,0.0037577684636508164,1.4885750859233823e-06,0.006349781659607307,8.279124296663433e-05,3
altitude,10,0.0014452955629426219,2.4010247729426806e-07,0.0025965353473037626,5.744976347416338e-05,0
altogether,27,0.003902298019945079,9.037295779284705e-06,0.005798127463081742,0.00010434275149830949,13
alvin,10,0.0014452955629426219,6.209690615376048e-07,0.0005587804298892452,8.968436292559263e-05,11
amalgamation,9,0.0013007660066483597,1.9762778765891898e-08,0.003117952865382646,4.8261301096472697e-05,2
amazing,32,0.00462494580141639,2.2544826647290722e-05,0.006814042425734478,0.00011080851338296174,0
ambiguous,9,0.0013007660066483597,2.854261865407249e-08,0.0024015201470289718,4.872823498206146e-05,7
ambulatory,9,0.0013007660066483597,1.8792205113771358e-06,0.001603134906650892,6.640564248137238e-05,12
ameliorate,10,0.0014452955629426219,2.2188744506137227e-08,0.003259185983505422,4.5516058867272916e-05,3
amend,10,0.0014452955629426219,1.0446383454482609e-07,0.003569118652214851,4.917468027279021e-05,6
america,26,0.0037577684636508164,2.2318069692012836e-06,0.006479141842229596,8.886738994376924e-05,7
america(r,10,0.0014452955629426219,3.6454575619296904e-06,0.001581693588718095,7.43572310797532e-05,11
american,187,0.02702702702702703,0.0005475268986742316,0.020216442377983302,0.0003584164147559408,11
americana,10,0.0014452955629426219,8.859505223876109e-07,0.00119510355856881,8.650983499682594e-05,2
americans,33,0.0047694753577106515,3.059563131298444e-06,0.007813800054556912,0.00010079880192611185,7
aminotransferase,13,0.0018788842318254082,8.27827126367226e-06,0.0011624961984471513,0.00012309243229837385,2
amory,91,0.013152189622777859,3.8604493134781496e-05,0.01522282102511427,0.00019309519844462104,0
amp,17,0.002457002457002457,1.7753066781604133e-06,0.003212227792640579,0.00010379765346225049,1
amplify,44,0.006359300476947536,8.870867962878815e-07,0.009520894364470822,0.00010408455019855599,6
amygdala,9,0.0013007660066483597,3.880045317433379e-08,0.002691402475116463,4.734055333800568e-05,6
ana,10,0.0014452955629426219,1.6963746737571434e-06,0.0021020765308364846,6.681174521933956e-05,13
anabolic,193,0.0278942043647926,0.0002269333148313506,0.02166194398395778,0.0003413488146125134,6
anaemia,20,0.0028905911258852437,1.315170529066176e-06,0.004539216502779511,7.724088307524936e-05,5
anaerobic,9,0.0013007660066483597,1.8846713188389764e-08,0.003041994607912437,4.945595697300002e-05,0
analog,14,0.0020234137881196706,6.892234793883819e-08,0.004141233616510061,5.73296822082111e-05,6
analogy,45,0.006503830033241798,1.9233175495453907e-05,0.008485154198738002,0.00014172927218464803,0
analyse,10,0.0014452955629426219,1.3732499950089856e-08,0.003073823879422063,4.846151717214007e-05,5
analysis,292,0.042202630437924556,0.0009368943780371069,0.028290824852714138,0.0005571730570352106,2
"analysis,372",10,0.0014452955629426219,1.2874114718698261e-06,0.0024489866244360864,6.150878209745557e-05,2
analyte,10,0.0014452955629426219,3.5472936144493625e-08,0.002906843714222268,4.807029548273677e-05,6
analyze,62,0.008960832490244255,1.6648761142060997e-05,0.012065802197203298,0.0001598573240067831,2
anaphylactic,9,0.0013007660066483597,2.2627208514955214e-08,0.0027977120913159743,4.918172988031225e-05,1
anaphylaxis,19,0.0027460615695909813,4.559503474589129e-07,0.005215566449358378,7.550650070181423e-05,3
anastrozole,36,0.005203064026593439,8.823699605504134e-06,0.008088772736166107,0.00011382625924622754,6
anavecianasuarez.com,10,0.0014452955629426219,6.398845650139714e-07,0.001779110586528805,7.737076640872381e-05,13
anawalt,86,0.012429541841306548,0.0003802068157917027,0.012029178163282823,0.00023709022100272526,11
ancillary,46,0.00664835958953606,1.5129967193238778e-05,0.009830715856755972,0.00012017636102304278,1
and/,10,0.0014452955629426219,4.8310545187781956e-08,0.0026210584774899073,5.625961574523409e-05,6
and/or,226,0.03266367972250325,0.00031098143866474065,0.025127766857442,0.0003544360893275665,5
anderson,10,0.0014452955629426219,3.051996046526727e-06,0.00037638898000679887,0.00011457762770984895,11
andr.12770,10,0.0014452955629426219,1.9596915028101148e-07,0.002408474895148676,6.235499059068818e-05,11
andre,10,0.0014452955629426219,1.984454551111869e-06,0.0015551676820909958,7.996158521685787e-05,11
andrea,10,0.0014452955629426219,8.020481473195799e-05,0.0009426970129572867,0.00010159409448565425,8
andriol,19,0.0027460615695909813,7.77366369739333e-06,0.003534208023166737,9.428521375451011e-05,1
androderm,30,0.004335886688827865,2.135817915630139e-05,0.0055218083895156875,0.00011649932278836565,1
androgel,44,0.006359300476947536,5.652294829169092e-05,0.007526963875127452,0.0001504420101159464,1
androgen,383,0.055354820060702414,0.0015685906657510432,0.03023877247325743,0.0006017722488799654,6
androgenetic,15,0.0021679433444139326,1.1584056641731687e-06,0.004234470061740421,6.165031480141431e-05,6
androgenic,127,0.018355253649371295,0.00010797898920470509,0.017028997909819477,0.00023030845825135893,6
androgens,34,0.004914004914004914,8.746285506852419e-06,0.006701254971299335,0.00011251202543474247,6
androl,10,0.0014452955629426219,2.1944410710896742e-06,0.0011380607659665894,9.133615734304076e-05,11
andrology,75,0.010839716722069664,0.00010897900761352917,0.01186995630605819,0.00021076479040569,11
andropause,256,0.03699956641133112,0.0006342196632131126,0.023614287854138473,0.0004263441916813742,6
androstenedione,16,0.002312472900708195,2.933766851075799e-07,0.0038287926510882503,6.188559079447792e-05,6
anecdotal,10,0.0014452955629426219,4.053782459694329e-08,0.003347375794700629,5.451018451337274e-05,3
anecdotally,18,0.0026015320132967193,4.507904118749271e-07,0.005604409888170395,7.013078351777501e-05,0
anemia,252,0.036421448186154066,0.0003713330601514546,0.023627613206716486,0.00036857208990461176,7
anesthetic,10,0.0014452955629426219,1.330890796524969e-07,0.003200030359286659,5.353659706144523e-05,0
anesthetize,10,0.0014452955629426219,6.058938754097501e-08,0.003065946990938172,5.529762309024659e-05,1
aneurysm,9,0.0013007660066483597,3.546733199475369e-07,0.002656474972836571,5.351423953019038e-05,7
angelini,10,0.0014452955629426219,1.8144548622509135e-06,0.0011533390298791371,9.63349251496373e-05,11
anger,19,0.0027460615695909813,1.0377528569874622e-06,0.004661472143524655,7.37602712682166e-05,5
angina,8,0.0011562364503540975,3.405091595976771e-08,0.002047341160978677,5.534712577390579e-05,6
angiography,20,0.0028905911258852437,8.109638896113057e-07,0.005274643500417693,7.557512428583322e-05,2
angle,10,0.0014452955629426219,7.69971859872979e-07,0.0026941556012450084,5.802699863099645e-05,1
angry,18,0.0026015320132967193,2.5142472077248906e-06,0.004181525404420118,8.569481445493287e-05,7
animal,10,0.0014452955629426219,5.115611266610366e-07,0.0021048820839030917,6.944399853272503e-05,5
ankle,35,0.005058534470299176,7.994507909896587e-06,0.006232294632844825,0.00011547353545639725,7
annal,13,0.0018788842318254082,1.6074879653723169e-06,0.0027680681817777598,7.880361749846771e-05,11
announce,18,0.0026015320132967193,2.2136515210701046e-06,0.005175943348028186,7.051104892366292e-05,3
announcement,9,0.0013007660066483597,5.521576783003055e-08,0.0030704608726491965,4.770447076564844e-05,3
announcer,61,0.008816302933949994,1.1669602146758712e-05,0.010703914315810555,0.00014879191774795704,0
annual,83,0.011995953172423761,6.240253970781742e-05,0.014089869602932069,0.00021012794654915525,3
annually,33,0.0047694753577106515,6.322336453880611e-05,0.00595328055081776,0.00013411823221452953,3
anomaly,10,0.0014452955629426219,1.380427476742343e-07,0.0023901914303979103,6.175712946678588e-05,7
anonymity,8,0.0011562364503540975,3.1286723169176284e-08,0.0026797488009066327,4.609341877162932e-05,0
anorchia,27,0.003902298019945079,7.682940886959099e-06,0.004073941198049654,0.00011859031953366961,7
anorexia,26,0.0037577684636508164,8.426256373515323e-06,0.005326073312257543,0.00010334807458276684,7
anosmia,10,0.0014452955629426219,8.782117271881905e-07,0.0023810708024345653,6.025102265925612e-05,9
anschutz,10,0.0014452955629426219,4.181157524875362e-07,0.0020698767525094757,6.872715868875466e-05,11
answer,327,0.047261164908223734,0.00040579757929433603,0.03029646493794878,0.0004374363998793672,0
antagonist,14,0.0020234137881196706,4.1345218830345605e-07,0.0032297785815001106,6.706859405140175e-05,6
anterior,20,0.0028905911258852437,3.1782542876963767e-06,0.003613302229626268,7.857093778707594e-05,6
anti,101,0.01459748518572048,0.0001143311090390633,0.014680456738981872,0.0002403026593669656,3
antibiotic,9,0.0013007660066483597,1.6153404066489332e-07,0.002249831321740259,5.7649345004645854e-05,6
anticipate,19,0.0027460615695909813,6.727086054641385e-07,0.005061503586117569,7.283261593848898e-05,1
anticonvulsant,19,0.0027460615695909813,1.1226002634791452e-06,0.004457990985612381,7.731730916665019e-05,7
antidepressant,71,0.010261598496892614,2.659026546289529e-05,0.013096900731211983,0.0001669510246584478,7
antifungal,17,0.002457002457002457,7.68233632959931e-07,0.00449555630057451,7.141731048397896e-05,6
antigen,104,0.015031073854603266,4.8876262000899225e-05,0.013105846594623145,0.00018832847651413986,7
antioxidant,32,0.00462494580141639,5.4028833413032785e-06,0.005517210805701573,0.00012234548801700758,6
antonio,10,0.0014452955629426219,8.334823521343707e-07,0.0007084605448737779,0.00010786940069034826,11
anxiety,349,0.0504408151466975,0.0006884533847159718,0.02957997682461212,0.00048500560029775784,5
anxious,18,0.0026015320132967193,8.209006001298273e-06,0.003992435185952628,8.605741063905139e-05,5
anybody,68,0.009828009828009828,2.9867718211272224e-05,0.013177406322551901,0.0001677186795042401,0
anymore,56,0.008093655152478682,1.1352389172588618e-05,0.011213545975245348,0.0001350008864573082,0
anything-,10,0.0014452955629426219,7.488715169548918e-09,0.0034744601590346626,4.763547786483808e-05,5
aorta,9,0.0013007660066483597,7.708585998304947e-08,0.002487505618706853,5.4192643102805206e-05,7
aortic,9,0.0013007660066483597,7.624790309601874e-08,0.002496676625748868,5.613576865860754e-05,7
apart,63,0.009105362046538517,3.840632721641207e-05,0.011491884102030977,0.00015248296247377034,1
apart.432,10,0.0014452955629426219,9.974652759206337e-07,0.00335471889445274,5.167809530756421e-05,1
apathy,10,0.0014452955629426219,6.997074086567964e-08,0.002705204041240613,4.99740043099895e-05,5
aphrodisiac,8,0.0011562364503540975,1.5384913802150713e-07,0.0019657019164730817,4.891040613548134e-05,9
apigenin,10,0.0014452955629426219,2.285518948456493e-07,0.0022051771662299833,5.428754789277316e-05,7
aplastic,9,0.0013007660066483597,6.6676527404125506e-09,0.002651365767997563,4.71865632095153e-05,7
apnea,308,0.04451510333863275,0.0005164037514823082,0.027566630739511103,0.00044100459054519824,7
apnoea,24,0.003468709351062292,5.148146895842674e-06,0.005110188086117317,9.250023099767146e-05,7
apology,9,0.0013007660066483597,6.553651031224523e-08,0.0025967182795493876,5.3537887034962585e-05,0
app,9,0.0013007660066483597,7.634321583940237e-08,0.001927687560312946,5.5605506547057846e-05,0
appalachia,10,0.0014452955629426219,4.428309127852297e-07,0.001545977027013231,7.842435330338749e-05,12
apparent,27,0.003902298019945079,3.848946059049045e-06,0.006571306473714151,8.446226676731655e-05,2
apparently,10,0.0014452955629426219,5.0114476588335864e-08,0.0029338851786270543,5.6776359881674306e-05,0
appear,172,0.024859083682613095,0.000233305620664499,0.018524703862446742,0.00027274504739017926,6
appearance,59,0.008527243821361469,5.7671475576717876e-05,0.01052646440026028,0.00015151329941733363,5
appendix,45,0.006503830033241798,1.0102437032073836e-05,0.008540754216888729,0.00012706838165065114,2
appetite,20,0.0028905911258852437,5.19649866476614e-06,0.0039636857433136274,9.720435037463119e-05,5
apple,25,0.0036132389073565544,3.4976489325126047e-06,0.004627519427625855,9.453094767942749e-05,0
applicable,32,0.00462494580141639,4.1050301194582255e-06,0.00699849073249928,0.00010110494586617648,2
application,283,0.0409018644312762,0.0008613014673895442,0.03003251960188992,0.0005600788283937132,1
application.228,10,0.0014452955629426219,2.9923148011924057e-07,0.0025619094290434733,6.299908403299952e-05,7
applied,10,0.0014452955629426219,1.524409763816235e-08,0.003520244504237057,4.9346942860937564e-05,1
apply,312,0.0450932215638098,0.0008121196976858779,0.02871473259678937,0.0005294297686320788,1
appointment,325,0.04697210579563521,0.0008721301812987055,0.030315347814501563,0.000504093470385922,3
appraisal,10,0.0014452955629426219,8.58280989112414e-07,0.0025536450865897395,5.915152491292803e-05,11
appreciate,84,0.012140482728718023,4.5183137372695655e-05,0.014546552388050445,0.00019348084768930327,0
appreciative,19,0.0027460615695909813,6.685954970083374e-06,0.005009684306474108,7.996904309215538e-05,0
apprehensive,10,0.0014452955629426219,1.507540668748644e-06,0.0027140410736804384,5.993364170071794e-05,3
approach,433,0.06258129787541553,0.001474311161979933,0.03802046741788742,0.0006493973268047162,3
appropriate,311,0.044948692007515535,0.00042166241087243336,0.03330292480065989,0.00044669860294019277,3
appropriately,105,0.015175603410897529,6.040914666226249e-05,0.017562116423667985,0.00021989064302510987,3
approval,34,0.004914004914004914,1.335759474804957e-05,0.00790712633911203,0.00010916917985709352,1
approve,181,0.026159849689261452,0.00022380613218680513,0.021382835979340375,0.00029945047527965075,1
approximately,152,0.02196849255672785,0.0003144081655774083,0.018731330910748738,0.0003299240706515199,1
apr,36,0.005203064026593439,9.448920040888645e-05,0.005796697310682561,0.00015521820284641568,11
apr23.doi,10,0.0014452955629426219,4.716268403116231e-06,0.0009987916983447112,0.00010038174307568936,11
april,102,0.014742014742014743,0.0009167357435114796,0.010123788850589512,0.00041206881209070347,11
aquino,10,0.0014452955629426219,1.3647806904083036e-06,0.0014273586640734283,8.894654899230187e-05,11
arash,10,0.0014452955629426219,7.180291787683976e-08,0.0025079146226055964,5.174917848834332e-05,11
araujo,10,0.0014452955629426219,1.7143348979387873e-06,0.0015954462886850998,7.932391302310788e-05,11
arch,10,0.0014452955629426219,6.914092210438578e-06,0.0019714527905997504,7.01182921909856e-05,11
archinte.166.13.1380,10,0.0014452955629426219,9.2882763663159e-07,0.0010747477814592337,9.184366078315627e-05,11
archive,10,0.0014452955629426219,2.9438967021058386e-08,0.0029742996887465217,4.7981752022802124e-05,11
area,407,0.058823529411764705,0.0021870094050524865,0.03602397610638304,0.0006912531867437366,1
argument,7,0.0010117068940598353,5.282885779095938e-09,0.0021908187908949834,4.670800073585456e-05,0
arise,38,0.005492123139181963,6.138313159266432e-06,0.00827761282660433,0.0001193726133155117,0
arizona,10,0.0014452955629426219,7.152849699753168e-07,0.0020020994709459387,6.859307609191493e-05,12
arkansa,10,0.0014452955629426219,2.4760970623911674e-07,0.002294204047181922,6.809241890035091e-05,12
arlt,10,0.0014452955629426219,1.0520791383408498e-06,0.0016899137575832998,7.455774063088336e-05,11
arm,152,0.02196849255672785,0.00024047549758044492,0.018274026286289265,0.0003195240119780321,1
armpit,35,0.005058534470299176,2.221526794505105e-06,0.007282755718712176,0.0001038727031231479,5
arnaldo,10,0.0014452955629426219,0.0002770716855217753,0.0007453433896766623,0.0001112529798818374,8
arnold,36,0.005203064026593439,4.842708178172879e-05,0.006131902606974051,0.00013920307353714582,11
aromatase,146,0.021101315218962278,0.00010287358177924861,0.019240388892766816,0.0002725448517181864,6
aromatisation,46,0.00664835958953606,7.501948675355945e-06,0.009307113689898661,0.00012397175495986758,6
aromatization,26,0.0037577684636508164,3.487559026926496e-06,0.005747307516793873,8.85482723512482e-05,6
arousal,79,0.011417834947246712,0.00013682643940134053,0.012339359914089739,0.00023284015060589275,5
aroused,9,0.0013007660066483597,2.7787873789004e-07,0.0023235892821363035,5.44376208029609e-05,6
arrange,40,0.005781182251770487,6.258636915901765e-06,0.00843310842108446,0.00012620623697519648,3
array,19,0.0027460615695909813,4.17758724233498e-06,0.004496129837999339,7.69393819293283e-05,11
arrhythmia,10,0.0014452955629426219,1.0775829111517924e-08,0.0030753922652953744,4.758101937704239e-05,1
arrive,35,0.005058534470299176,1.1992619548750284e-05,0.007423256193172113,0.00011359889443273897,6
art,28,0.004046827576239341,1.222796405555727e-05,0.00646452541461442,0.00010064721321088787,2
arterial,27,0.003902298019945079,1.6726518930705812e-05,0.005137802431899281,0.00011411077824434319,5
artery,160,0.02312472900708195,0.0001933190456875399,0.020163936217589037,0.0003136625399341185,7
arthritis,18,0.0026015320132967193,1.572841046193943e-06,0.0040504646667360806,7.696429702823437e-05,7
arthur,10,0.0014452955629426219,1.4907285826209392e-06,0.0026365952847556685,6.357152868897643e-05,11
article,220,0.03179650238473768,0.0004782212580196002,0.023475209771846486,0.00038803541245616054,3
artificial,43,0.006214770920653274,4.2983712065586004e-05,0.008521497730955183,0.00014389243144639053,10
artificially,19,0.0027460615695909813,1.4595281116707954e-07,0.00524898371498504,6.523473761272114e-05,5
asanad,59,0.008527243821361469,8.283960774799134e-06,0.012062758959909848,0.00013334736003314254,0
asap,10,0.0014452955629426219,4.812011191603445e-07,0.0033732165944989796,5.313243679199018e-05,3
ascertain,8,0.0011562364503540975,3.8130366021371204e-09,0.0029288295406301687,4.4712614860429716e-05,2
asempa,34,0.004914004914004914,8.883185743024444e-06,0.007426276946808855,0.00011687989818751326,11
ashkenazi,9,0.0013007660066483597,1.1070307594852518e-07,0.0029853031392076757,4.9305582268312616e-05,7
ashley,10,0.0014452955629426219,5.1738211796740565e-05,0.0003095024755369765,0.00011982086437064123,11
ashwagandha,44,0.006359300476947536,9.468954547342675e-05,0.007410209850985925,0.00016345225524303883,9
asia,8,0.0011562364503540975,5.515841245732983e-09,0.0020224497299623475,5.422685730734414e-05,11
asian,29,0.004191357132533603,5.326504407220848e-05,0.004960576240163429,0.00015360442999400918,11
aside,51,0.007371007371007371,2.8207829982565734e-05,0.008997972389955604,0.0001449059013816477,5
ask,362,0.052319699378522905,0.0007847747095186109,0.032337962619188025,0.0004958113240093583,0
askmayoexpert,10,0.0014452955629426219,9.692884363193223e-07,0.0022605568501817917,6.243912806524533e-05,11
asleep,34,0.004914004914004914,1.1970254630495017e-05,0.007235149674056043,0.00011300391724668932,5
asmh,10,0.0014452955629426219,1.6405045874589548e-07,0.0031393983328643323,5.2399662599746e-05,3
aspartate,9,0.0013007660066483597,6.970522307000837e-06,0.0007915522419876584,9.96273151796129e-05,2
aspect,175,0.02529267235149588,0.00012254754743371696,0.02273500834648605,0.0002831354800045241,5
aspirin,29,0.004191357132533603,8.614737794190036e-06,0.005986974355833567,0.00011498891587494135,7
assay,93,0.013441248735366382,0.00010342070070439647,0.01351332185968489,0.0002483895942503789,2
assess,229,0.03309726839138604,0.00022657323797405083,0.027052287139787,0.000352590816585195,3
assessment,131,0.018933371874548344,8.89787986354515e-05,0.018483684143410183,0.00025550684237281784,3
assign,62,0.008960832490244255,4.515128683574404e-05,0.010502418953733264,0.00017022714771991527,2
assist,72,0.010406128053186877,2.1283784799337038e-05,0.013236472353943042,0.00016520934040015873,6
assistance,30,0.004335886688827865,8.523370849895319e-06,0.006234953195874799,0.00012127970086951962,3
assistant,92,0.01329671917907212,0.00010405983885723197,0.012355692649051921,0.0002577297549368809,11
assistive,9,0.0013007660066483597,1.5017169479828231e-07,0.0029336110136156147,5.014141950724743e-05,1
assoc,10,0.0014452955629426219,3.22207266656369e-06,0.002181991120893383,6.803035444234604e-05,2
associate,579,0.0836826130943778,0.0026008414067077014,0.03664256509494191,0.0007624478172375958,7
associated,20,0.0028905911258852437,2.6256667750477045e-06,0.004757756922745162,8.148925305878616e-05,1
association,243,0.03512068217950571,0.0013664736151019965,0.02371804397814201,0.0004957442194731285,11
assume,55,0.00794912559618442,1.7188195184948477e-05,0.01131088757656376,0.00014634419683446227,0
assumption,14,0.0020234137881196706,8.980854486508989e-07,0.004290840308066832,5.982195228777401e-05,0
assure,25,0.0036132389073565544,6.012748911394076e-07,0.0067096428151153355,8.558453750323032e-05,3
assured,13,0.0018788842318254082,1.2461896655123927e-07,0.003543616914078704,5.322620571894911e-05,11
astella,10,0.0014452955629426219,4.143909323628807e-07,0.0008984400948814043,8.278193154127525e-05,11
asthma,25,0.0036132389073565544,1.3399716894623505e-05,0.004386158233705587,0.0001035132444133701,7
asymptomatic,18,0.0026015320132967193,6.69862435463963e-08,0.005198780920470781,5.9339079947951114e-05,5
asynchronous,10,0.0014452955629426219,2.7079693722922063e-08,0.0031126859298751036,5.4993916019202934e-05,3
atherosclerosis,53,0.007660066483595895,1.7751382513541864e-05,0.009345026328719745,0.00014158112055939471,7
atherosclerotic,8,0.0011562364503540975,9.934389946333352e-09,0.0022047654460842048,5.187124651947863e-05,7
athlete,47,0.0067928891458303225,2.7602214437514747e-05,0.008896212148213579,0.00013426761865675037,6
athletic,27,0.003902298019945079,2.0877904725403036e-06,0.006879481307025979,9.119654007020613e-05,3
atlanta,10,0.0014452955629426219,1.6092220454726742e-07,0.002454966850411448,6.0574317562797964e-05,3
atrial,28,0.004046827576239341,4.0946806262296e-06,0.006478744076797838,9.113218836627208e-05,7
atrophy,80,0.011562364503540975,4.250066781296463e-05,0.012206319626563806,0.0001765594934628101,6
attach,40,0.005781182251770487,1.0655198511696156e-05,0.006974450654295698,0.00011070478015014043,1
attache,12,0.001734354675531146,2.6391340669595546e-08,0.0027457101431861697,5.145650124685284e-05,6
attack,213,0.030784795490677842,0.00027459554307490897,0.022019674189350268,0.00033968013311401127,7
attain,10,0.0014452955629426219,5.052601996132913e-08,0.0033814846339865106,4.7592753263364364e-05,6
attempt,92,0.01329671917907212,9.28323108073436e-05,0.015791833543616508,0.0002146822852704654,2
attend,72,0.010406128053186877,3.324263238218281e-05,0.014120751146026412,0.00017904029085729923,3
attention,105,0.015175603410897529,0.00015633040111879393,0.015871428285887387,0.00024287907391728214,10
attest,10,0.0014452955629426219,4.121302671132093e-08,0.0035422055180133892,5.078427152358048e-05,0
attitude,20,0.0028905911258852437,2.2215936669450687e-06,0.004450120175190291,9.278405921978152e-05,3
attributable,19,0.0027460615695909813,1.380009828601152e-07,0.004926660894792048,6.07622205260376e-05,6
attribute,74,0.0106951871657754,3.436769741935469e-05,0.012546047510670521,0.00016409120809311056,1
aua,158,0.022835669894493423,0.00028215168007811916,0.02063067978309826,0.00035691194229599743,2
auaer,9,0.0013007660066483597,7.935329929169169e-08,0.002276045029494795,5.79535349974694e-05,10
auchus,14,0.0020234137881196706,2.365582395160333e-06,0.0017803527498904542,9.60193087455407e-05,11
aud,10,0.0014452955629426219,3.1950571303565886e-09,0.003089610243798231,5.05608552940075e-05,7
audible,10,0.0014452955629426219,4.358222148482942e-07,0.0026102969557030716,6.170108382118435e-05,3
audience,9,0.0013007660066483597,1.5885601478009265e-06,0.0027539214070686573,5.534936247724139e-05,0
audio,38,0.005492123139181963,1.732344545692186e-05,0.0059759203932286,0.00014045362730807996,0
august,22,0.003179650238473768,1.7051254715638992e-05,0.0035621091360757,0.00011090788227099586,11
aurora,10,0.0014452955629426219,9.8691891142855e-07,0.0022379351421248873,7.071240567994749e-05,11
australia,36,0.005203064026593439,1.9775849379828763e-05,0.0066658348008367604,0.00013679219787522153,3
authentic,9,0.0013007660066483597,3.2816264708362694e-08,0.0022238617680990537,6.218718573650967e-05,0
authentically,10,0.0014452955629426219,6.26678722717652e-07,0.00251279982843449,6.33622704506271e-05,3
author,183,0.02644890880184998,0.001526568523134782,0.01954569714680931,0.0004827917607523864,11
authorship,10,0.0014452955629426219,2.7614741765363817e-08,0.002758107952179671,5.715104606597792e-05,2
autoimmune,81,0.011706894059835236,3.893630911136227e-05,0.011774162525311592,0.00017224802023650047,7
automated,10,0.0014452955629426219,1.0197714915172051e-07,0.0022050052673467414,6.40981513487869e-05,6
automatic,8,0.0011562364503540975,6.4464697618358464e-09,0.0026251687793507976,4.050169178316665e-05,7
automatically,26,0.0037577684636508164,9.666391296784215e-06,0.005050047644404306,9.883036028370634e-05,7
autonomy,9,0.0013007660066483597,1.854118136811023e-08,0.003165653125799039,4.544739006517632e-05,3
auxiliary,9,0.0013007660066483597,1.3056219558310017e-07,0.0027132045040918337,5.888751459287246e-05,1
availability,29,0.004191357132533603,2.0241376094551174e-05,0.005920395966768999,0.00012144667566322138,2
available,616,0.0890302066772655,0.007462790013104233,0.04236999005816332,0.0010239884120441447,1
avanafil,9,0.0013007660066483597,6.984608186929467e-08,0.0018410970013590803,6.0876047548910235e-05,1
aveed,19,0.0027460615695909813,3.9249049083127985e-07,0.0046501431027793395,7.378603061082467e-05,1
avenue,42,0.006070241364359011,0.00021164607092863939,0.007074483445918984,0.00014382978812195357,12
average,211,0.03049573637808932,0.00032531933921990593,0.02426580277033365,0.00037167589597701277,0
aversa,20,0.0028905911258852437,1.1067351253736071e-05,0.0027629894036383332,0.0001380183159496908,11
averse,10,0.0014452955629426219,4.1855164675673655e-08,0.003218839437436294,4.8120509420417464e-05,1
aversion,9,0.0013007660066483597,6.03969686926271e-08,0.002552274511554759,4.816607905743727e-05,6
avocado,41,0.005925711808064749,7.977786181824758e-05,0.006853990115231126,0.00015801238969166798,9
avoid,365,0.05275328804740569,0.0009668543723631314,0.03425971014836523,0.0005539118754574679,1
await,18,0.0026015320132967193,5.060353007084593e-07,0.00521040886574838,6.944262704997056e-05,11
award,20,0.0028905911258852437,6.252530717891708e-06,0.003428572498725174,0.0001040089117390241,11
aware,99,0.014308426073131956,7.692806881166748e-05,0.01578355195157223,0.0002058398682093075,0
awareness,55,0.00794912559618442,1.0165097155649176e-05,0.010905219133649276,0.00013495236623040682,3
away,119,0.0171990171990172,0.00014419475249516795,0.017582407114433107,0.00025902780904811447,0
awesome,49,0.0070819482584188465,1.3978945347695611e-05,0.009923752149632299,0.00014834190752672033,0
awful,10,0.0014452955629426219,5.843914100395689e-08,0.0027040236724177845,5.4311739018268526e-05,0
awkward,27,0.003902298019945079,2.7495333839237353e-06,0.006457212383967337,8.821765224470632e-05,0
awkwardness,10,0.0014452955629426219,5.4652994454762326e-08,0.003075560927925648,5.57870385632514e-05,0
axilla,10,0.0014452955629426219,1.538811809082673e-08,0.0033584069627633872,4.974696937738487e-05,1
axillary,10,0.0014452955629426219,2.1521247815312333e-07,0.001978821660665319,6.351040469027935e-05,5
axiron,9,0.0013007660066483597,1.0725749729785122e-08,0.002957355707018412,5.002311644674862e-05,1
axis,146,0.021101315218962278,0.00012027370376453468,0.017910928099854305,0.00026782336132107277,6
ayurveda,9,0.0013007660066483597,3.569998493206287e-07,0.002208133081812839,6.341069259820957e-05,9
azelaic,10,0.0014452955629426219,4.3106004913953535e-07,0.0026443552665336946,5.710207913059621e-05,1
azoospermia,24,0.003468709351062292,7.547909963664536e-07,0.005568873268142717,7.428124498287363e-05,6
b.a,10,0.0014452955629426219,4.648075208997195e-06,0.0012551104052166326,7.699750900835395e-05,11
b.d,10,0.0014452955629426219,6.382088664033744e-06,0.0009482310860498956,9.828168618438274e-05,11
b12,46,0.00664835958953606,1.5371481992485558e-05,0.008651850103386363,0.00012774613139095804,7
baby,76,0.010984246278363925,3.418022115916078e-05,0.012472272244983634,0.00018189387252211822,7
bachelor,9,0.0013007660066483597,4.4085510645733996e-07,0.0018678699269955106,6.237806801699192e-05,3
backbone,7,0.0010117068940598353,2.5954786024094687e-07,0.0020888494193243047,4.119534876790184e-05,5
backfire,10,0.0014452955629426219,3.7667809239261806e-08,0.0034216607810288835,5.029951876610119e-05,0
background,66,0.009538950715421303,9.542626431329033e-05,0.01182271229747875,0.0002009648725341902,0
backseat,10,0.0014452955629426219,7.290825651719478e-08,0.0031812163277970163,5.343089371094463e-05,5
bacterial,9,0.0013007660066483597,1.6228140092889057e-07,0.0018268472662551522,6.0309137897036964e-05,7
bad,251,0.03627691862985981,0.00047864556353376217,0.027415871242641773,0.00039143371983947075,0
bail,9,0.0013007660066483597,2.0860410486016134e-08,0.003291128337729324,4.22147570103393e-05,0
baillargeon,10,0.0014452955629426219,5.151594743843697e-08,0.00326619193683927,4.597260353201203e-05,0
baillargeon373,10,0.0014452955629426219,1.2499604623541245e-08,0.0026120611908416595,6.105459160325016e-05,7
bajic,90,0.013007660066483595,0.00020910531100594722,0.012517252169490853,0.0002522154909003474,0
bake,8,0.0011562364503540975,5.475915581766148e-08,0.0019255312402336622,5.566064957497708e-05,1
balance,419,0.06055788408729585,0.0010126411582411141,0.036722251505947635,0.0005887040765020194,6
balanced,180,0.02601532013296719,0.00030864883235648714,0.02259974759211778,0.0003517368418377825,6
bald,41,0.005925711808064749,3.092175696198443e-05,0.007295506070714473,0.00014267925131342433,6
balding,20,0.0028905911258852437,6.9127687479140726e-06,0.004098754367565768,8.553880078632184e-05,5
baldness,93,0.013441248735366382,8.077615146480095e-05,0.012967744809349977,0.00020528226908736146,6
balk,17,0.002457002457002457,1.353074512576364e-06,0.004614199370467378,7.020414982133455e-05,0
ball,19,0.0027460615695909813,5.238371259050423e-06,0.004541463129231378,8.34282550569285e-05,1
bam,10,0.0014452955629426219,1.7552272107435088e-07,0.0029099919780829924,5.800432102715978e-05,0
ban,20,0.0028905911258852437,3.9758382272715105e-06,0.004478519974678183,9.323580559507121e-05,1
band,32,0.00462494580141639,1.785692766266691e-05,0.005019844526119967,0.00013800931316888901,1
bandage,9,0.0013007660066483597,8.345425657626237e-07,0.0021342852535918555,6.286159073360546e-05,1
bandinelli,10,0.0014452955629426219,6.524940881817171e-06,0.0005745917704748824,0.00012424444402670467,11
bank,20,0.0028905911258852437,0.00015164000515095947,0.0029966587528836453,0.00013050895339417545,12
bann,10,0.0014452955629426219,0.00011017227966242973,0.0010886770517561243,9.447747009688462e-05,8
baptist,10,0.0014452955629426219,5.666102626183897e-05,0.0010674187593747622,0.00010191533861616696,12
bar,10,0.0014452955629426219,9.811120142662256e-08,0.0031384202268304306,5.6130063799672596e-05,0
barat,10,0.0014452955629426219,4.6389157830455553e-07,0.002446163909588023,6.346911801866389e-05,11
barber,10,0.0014452955629426219,8.233003031144246e-05,0.0012939654804706897,9.892708947408555e-05,4
barely,20,0.0028905911258852437,8.661830233710071e-07,0.00531049620509626,7.205844404084522e-05,5
bariatric,27,0.003902298019945079,8.129881208222663e-06,0.005970424147176169,9.543400131393809e-05,11
barne,10,0.0014452955629426219,2.651829935627783e-07,0.00267310888212243,5.472665601276453e-05,12
barometer,10,0.0014452955629426219,1.2139626516697896e-08,0.0036165820849412686,4.685018577247534e-05,5
barrier,73,0.010550657609481139,4.758500365217072e-05,0.012935321864335754,0.00017886684209195768,0
barth,10,0.0014452955629426219,4.30943505351778e-06,0.0005151086598225232,0.00011581274498424731,11
bartke,10,0.0014452955629426219,1.0477559532471801e-05,0.0016277302923639176,7.587138843565656e-05,11
barton,9,0.0013007660066483597,3.2344508831455477e-06,0.0010605333328622467,8.135694111248988e-05,12
basaria,20,0.0028905911258852437,0.00012924099025110424,0.0022244777135063533,0.00016289895132916017,11
base,678,0.09799103916750976,0.004375102278122949,0.04439627796196886,0.0009109470229719024,1
baseline,174,0.025148142795201618,9.261616693665883e-05,0.023318212721411772,0.0002839647197567395,1
basic,106,0.01532013296719179,0.00016703932146200183,0.014999722437942264,0.0002220110727539924,11
basically,46,0.00664835958953606,3.115621486140874e-05,0.008751557856949373,0.00014100385237333663,3
basis,115,0.01662089897384015,6.965041704288713e-05,0.01873698193211815,0.00022430071579117918,1
basket,10,0.0014452955629426219,2.74408784468523e-08,0.003104664369548212,4.857559082935609e-05,0
basophil,7,0.0010117068940598353,3.6639190633538497e-06,0.0014393961674667218,6.186563897064109e-05,7
basson,10,0.0014452955629426219,7.319296609866988e-07,0.0015848421900020446,7.58635853939467e-05,11
bath,10,0.0014452955629426219,1.3416907543254958e-06,0.0021720613654189827,6.900024634623293e-05,6
bathe,9,0.0013007660066483597,6.532792444715332e-10,0.002673898366658034,4.8822853395730874e-05,1
baton,10,0.0014452955629426219,5.0885400939140515e-05,0.001395052360249502,8.539674277764646e-05,12
battery,30,0.004335886688827865,1.6170211863873023e-05,0.005227987679848133,0.00011810088953886307,1
baumgarten,35,0.005058534470299176,1.347656379891569e-05,0.007726728963883095,0.00010707517510982952,11
bayer,9,0.0013007660066483597,1.4939864879626343e-06,0.001882043583243806,6.660500557188622e-05,11
baylor,69,0.009972539384304091,0.00017029952243419668,0.008915118262775882,0.00021075944989709666,11
beach,19,0.0027460615695909813,1.4493905180051799e-05,0.004239770884061343,9.397399765821912e-05,13
bean,19,0.0027460615695909813,3.612346114849001e-05,0.002709282729845234,0.00010952368366388466,9
bear,123,0.01777713542419425,0.00014194747492220225,0.01710000959384901,0.0002471748936948773,7
beard,80,0.011562364503540975,7.844750506236707e-05,0.011846159695182022,0.0002019481876127313,5
beast,9,0.0013007660066483597,8.64354004780003e-08,0.0025193886866944543,5.7634067912267875e-05,0
beat,20,0.0028905911258852437,1.052272779268254e-05,0.0034123658534499835,6.997735718143579e-05,0
beautiful,12,0.001734354675531146,3.5326525319030795e-07,0.0025457606961683606,6.641524966440885e-05,0
beauty,37,0.0053475935828877,3.194050924517314e-05,0.008043892670647312,0.00011098187585527527,0
bebb,10,0.0014452955629426219,1.601347401664424e-06,0.00011694945820166314,0.00012243717175612398,11
bed,52,0.007515536927301633,1.2776018526132869e-05,0.010797103515729335,0.00013991132796447166,0
bedroom,19,0.0027460615695909813,1.3867409236375076e-06,0.00475276683830266,8.341185421712723e-05,3
bedtime,10,0.0014452955629426219,1.277522976154427e-07,0.002922769013124494,5.802222006850897e-05,7
beef,10,0.0014452955629426219,8.915102952003267e-07,0.0010000013448734813,8.354715645453042e-05,9
beer,10,0.0014452955629426219,5.842602795541898e-07,0.0025920326079132087,6.339217820632955e-05,9
beeram,10,0.0014452955629426219,3.45390054886958e-06,8.762264483837846e-05,0.00012750788878363985,11
begin,405,0.05853447029917618,0.0010558620286205314,0.03341160321812366,0.0005629545884115142,6
beginner,9,0.0013007660066483597,1.2162589124048162e-06,0.002181813355756017,5.678914878138744e-05,3
beginning,10,0.0014452955629426219,4.261385059669242e-07,0.003111235319844102,5.1789678001464963e-05,3
behav,17,0.002457002457002457,0.00013219760736162353,0.0023423278647966093,0.00012048305614575053,11
behavior,100,0.014452955629426218,4.9412795162642464e-05,0.016567260839302506,0.0002196261109360966,5
behavioral,32,0.00462494580141639,1.863930321309468e-05,0.006656301170544247,0.00011793728929786091,11
behaviour,10,0.0014452955629426219,4.950053909493114e-09,0.003741196333333338,4.781111317972432e-05,7
behavioural,9,0.0013007660066483597,1.7922587554166792e-07,0.002927907548934721,5.1437048742872954e-05,3
beiza,10,0.0014452955629426219,1.7918947727018354e-07,0.002566041039577981,6.019479091058683e-05,5
belakovskiy,20,0.0028905911258852437,5.764409535392593e-06,0.0046788249674000375,8.758333304300242e-05,11
belief,17,0.002457002457002457,4.027171684333709e-07,0.004188096492460151,6.789882148778737e-05,5
believe,158,0.022835669894493423,0.00021219601116550792,0.02042041873869133,0.00029842616197022143,0
believer,10,0.0014452955629426219,1.484111022733553e-08,0.0034635031994378865,5.222549695011728e-05,1
bell,8,0.0011562364503540975,4.1165084655034574e-07,0.0021767695683519534,4.7184077170245747e-05,0
belly,68,0.009828009828009828,1.652891388441281e-05,0.01162298366166645,0.00015726177895963522,7
benchmark,10,0.0014452955629426219,4.6905238376161395e-08,0.003798802141176424,4.9269665569661185e-05,2
bend,19,0.0027460615695909813,6.626679014459335e-06,0.0032274980909927998,0.0001053494693825024,1
bendable,10,0.0014452955629426219,5.117404453292368e-07,0.0023547732989213327,6.617240137409968e-05,1
beneath,29,0.004191357132533603,5.8938705083558315e-06,0.006905283628160667,0.00010365935534385797,0
beneficial,176,0.025437201907790145,0.00015099973072470784,0.023285008795901948,0.00029144599697212165,0
beneficiary,9,0.0013007660066483597,3.7221661391499073e-08,0.00252913854783765,5.443756785863954e-05,2
benefit,752,0.10868622633328516,0.0032600349954404416,0.045550837334033575,0.0008449465074844586,2
benefit.6,9,0.0013007660066483597,3.950391676621366e-07,0.002979320249358486,5.249913889789233e-05,3
benign,80,0.011562364503540975,7.168949185927007e-05,0.010784098905597124,0.0001773035718926653,7
bennett,10,0.0014452955629426219,5.214081118659349e-07,0.002658431021370461,5.537556241057451e-05,11
bent,9,0.0013007660066483597,1.6206989473657335e-07,0.0016038090431497324,7.026996987958147e-05,1
benzoate,10,0.0014452955629426219,1.0231244425034249e-06,0.0017114619515633334,7.70642390300909e-05,1
benzyl,10,0.0014452955629426219,1.0883392467602642e-06,0.001921583315256168,7.145815923614262e-05,1
ben‐shlomo,10,0.0014452955629426219,0.0002145946885246377,0.0005120700905716179,0.00011748731677191689,8
berman,10,0.0014452955629426219,0.00010292285998448554,0.0012949663913269587,9.361378316382841e-05,4
berry,10,0.0014452955629426219,2.9890749617841043e-07,0.0006801304342821759,8.810950420931656e-05,9
bespoke,28,0.004046827576239341,4.552243101440078e-06,0.007293201459500839,8.415733467046285e-05,3
bet,37,0.0053475935828877,7.168799242962327e-06,0.008361934409758983,0.00011179719017476836,0
better,18,0.0026015320132967193,3.585972591970034e-06,0.004758299798266593,7.634946980614148e-05,0
bettie,9,0.0013007660066483597,2.710273507748135e-07,0.002131019023943208,6.310705232141802e-05,3
bettoocchi,10,0.0014452955629426219,1.5777908071324077e-06,0.002650394652072267,6.610820666884771e-05,2
beware,26,0.0037577684636508164,7.456874593436556e-06,0.005715571542545294,9.342241249232086e-05,0
bhasin,43,0.006214770920653274,0.00028441081751553245,0.004140798032292854,0.00022021546335896695,11
bias,39,0.005636652695476225,4.418044803542843e-06,0.008729875252781353,0.00011565323547495102,0
bibliography/,10,0.0014452955629426219,2.898840146268413e-06,0.0021842235283213293,5.4356500997428865e-05,2
bicker,9,0.0013007660066483597,7.2292598558006e-07,0.0023263530628548188,6.203646034439414e-05,0
bidirectional,22,0.003179650238473768,8.445489894151759e-07,0.005382306051275367,7.458828982314481e-05,6
big,280,0.04046827576239341,0.0005157999813136223,0.029179650441561324,0.00043057094747438093,0
bilateral,18,0.0026015320132967193,9.93887405091285e-07,0.0032888637766800254,8.679633599208055e-05,7
biliary,9,0.0013007660066483597,1.3217084835716542e-07,0.0026071453826231046,5.297935041818149e-05,7
bilirubin,10,0.0014452955629426219,3.084429535549546e-06,0.0012909867613946006,8.823876186091475e-05,2
bill,16,0.002312472900708195,9.028855937836413e-07,0.004593393578912715,6.86684994928203e-05,3
billboard,10,0.0014452955629426219,1.0866212525682999e-07,0.003068086461029716,5.646533302036444e-05,0
billing,45,0.006503830033241798,2.691955592097074e-05,0.008237062656098566,0.0001583007821388481,3
bimix,10,0.0014452955629426219,7.829116862154081e-08,0.003094659868398797,5.71852451789264e-05,1
bind,175,0.02529267235149588,0.00026102662760426693,0.015284434559346761,0.0003082090818578121,6
binge,18,0.0026015320132967193,4.2812730890023565e-06,0.0042001053473457225,7.577339347114158e-05,7
bioactive,10,0.0014452955629426219,7.2179260331828e-08,0.0021481286860832003,5.735652236132428e-05,6
bioactivity,10,0.0014452955629426219,1.8509524132598887e-07,0.0027684405062091476,5.467318316558105e-05,6
bioavailability,10,0.0014452955629426219,4.538795017530832e-08,0.0028675309005719847,5.072746416566961e-05,6
bioavailable,113,0.016331839861251626,6.067486122763045e-05,0.014506672073218005,0.0002127793516774182,6
biochemical,127,0.018355253649371295,0.00013242273370063463,0.017489569169327444,0.00028039040372522463,2
biochemically,9,0.0013007660066483597,4.1705609685962844e-08,0.002563822018335186,4.5348766024321056e-05,6
biochemistry,10,0.0014452955629426219,4.0139699029294647e-07,0.0027096547786841585,5.285037158492624e-05,11
bioequivalence,10,0.0014452955629426219,1.5050291281853622e-07,0.0028620478327094218,5.629395748214718e-05,1
bioidentical,15,0.0021679433444139326,3.34458732641446e-07,0.004288783385670667,5.5375912415047193e-05,6
biologic,20,0.0028905911258852437,5.598416430631206e-06,0.0045484019947715495,9.157410516757608e-05,11
biological,130,0.018788842318254083,0.00025518312835620877,0.01824354443095778,0.0002714464725819215,6
biology,9,0.0013007660066483597,2.77716308320671e-07,0.00257378190780298,5.065111847889331e-05,7
biomarker,27,0.003902298019945079,6.74254446072662e-07,0.006586372250824376,7.92547700533626e-05,7
biomedical,10,0.0014452955629426219,7.785062230112414e-07,0.002524118735259282,6.312213381094496e-05,0
biopsy,34,0.004914004914004914,8.431386964922138e-06,0.006364770866143591,0.00011185391582584882,7
biorepository,9,0.0013007660066483597,7.656227597414395e-08,0.002327077160238933,5.623785254501872e-05,11
biosynthesis,10,0.0014452955629426219,1.6558688024252815e-06,0.0023533747959564046,6.882092103273895e-05,7
biotech,9,0.0013007660066483597,3.2082468417189396e-06,0.0017175627975463464,8.379713093283572e-05,11
biotin,20,0.0028905911258852437,8.032338639273104e-07,0.0052431393742693976,7.550168018507804e-05,3
bipolar,16,0.002312472900708195,7.0080650818235716e-06,0.004038533618640957,7.084471935481928e-05,7
birmingham,9,0.0013007660066483597,7.358386586807705e-07,0.001798059897921991,6.882297462242253e-05,11
birth,112,0.016187310304957365,0.00024913162800238657,0.0151156347346419,0.0002481428658117912,7
bit,303,0.04379245555716144,0.0005300116326381302,0.030576523908473232,0.0005013299860347329,0
bitch,10,0.0014452955629426219,2.711478132957595e-07,0.0024946849809081412,5.805397412256963e-05,7
bittoun,10,0.0014452955629426219,2.6560014727072673e-06,0.000646905007540856,0.0001092582866222736,11
black,48,0.006937418702124584,0.00022114251305476934,0.006694458177809452,0.0002100106654619955,9
bladder,71,0.010261598496892614,5.4124774719455395e-05,0.011534271266954856,0.00021165207428832937,7
blah,18,0.0026015320132967193,1.8368286595722809e-06,0.004848524794185188,7.197318888955346e-05,0
blair,15,0.0021679433444139326,6.458673414134411e-06,0.003359771013323585,6.984171578711754e-05,11
blame,58,0.008382714265067205,1.952432099240013e-05,0.011137710419609809,0.00013854595207162183,5
blanket,10,0.0014452955629426219,2.1352300571826477e-07,0.0028888336859938493,5.10274168204945e-05,2
ble,10,0.0014452955629426219,2.2347446063169913e-05,0.0003791345337164198,0.00012572579335463758,11
bleed,28,0.004046827576239341,8.571181747232852e-06,0.005695052409774565,0.00010244468407789131,7
bleeding,19,0.0027460615695909813,1.363288874865653e-05,0.0037529131800750383,9.431547265687437e-05,1
blemish,10,0.0014452955629426219,9.981459415673913e-08,0.001802611057401095,6.91699467597491e-05,5
blend,39,0.005636652695476225,3.381084183413771e-06,0.008614520250564287,0.00010788989780392136,1
bless,8,0.0011562364503540975,5.295539872700351e-08,0.0027312670620641237,5.0721677646716685e-05,0
blind,19,0.0027460615695909813,1.1820477131105582e-06,0.004301092705930249,7.048001068033645e-05,2
blindness,8,0.0011562364503540975,1.701634693315543e-07,0.0018770401907901805,5.251867519411716e-05,9
bloat,20,0.0028905911258852437,1.4320817306477608e-06,0.005209005858666134,8.048237821876869e-05,7
block,86,0.012429541841306548,6.330036281687735e-05,0.013215798516497696,0.00019724369081855028,6
blockade,10,0.0014452955629426219,2.004764368950451e-07,0.002675876309269139,5.5789454988801644e-05,6
blockage,10,0.0014452955629426219,4.110799031310608e-08,0.003011111634946562,5.232475991949393e-05,7
blocker,19,0.0027460615695909813,4.882565491848939e-06,0.004812987908639877,7.774663047587748e-05,6
blog,38,0.005492123139181963,2.386598423385403e-05,0.007444363477881646,0.00012219291200025808,11
blood,1057,0.1527677410030351,0.010160574387683636,0.04331211093130122,0.0010890237859991951,7
bloodstream,182,0.026304379245555717,0.00014893447104125036,0.02129459234315977,0.0003171079085125278,1
bloodwork,65,0.009394421159127041,8.936117970761117e-06,0.012684786073396712,0.0001399473337397132,3
blossom,10,0.0014452955629426219,9.892366109372507e-07,0.0025640454294492076,6.470640126247586e-05,0
blue,10,0.0014452955629426219,7.436868355594647e-08,0.0029900747270269388,5.47041643593968e-05,5
blum,13,0.0018788842318254082,2.4440732660784863e-06,0.0010534602826965864,0.00010213894432599266,11
blunt,37,0.0053475935828877,3.659502929960904e-06,0.008160842475202813,0.00011033653006788391,6
blunting,18,0.0026015320132967193,5.22596171309502e-07,0.00469030667781711,6.585714956435075e-05,5
blvd,7,0.0010117068940598353,1.6383291943134142e-07,0.0007769650915962922,7.302683448575475e-05,3
blye,5,0.0007226477814713109,0.0,0.001303369228734069,4.785250515780383e-05,3
bmi,88,0.012718600953895072,2.6997212859651843e-05,0.013322530312583958,0.00018392046989766943,7
bmis,9,0.0013007660066483597,3.1423072896124345e-07,0.0024609913848295385,5.6137469313008914e-05,7
board,74,0.0106951871657754,0.00024616693772165475,0.010398426063039862,0.00022650290235508926,11
boast,10,0.0014452955629426219,8.262134223326789e-08,0.002766255305481212,5.756075533391329e-05,9
bodily,30,0.004335886688827865,1.5740236551360087e-06,0.006784688435474362,8.11906551055569e-05,6
body,1176,0.16996675820205231,0.010477104670067391,0.05024124435638301,0.0012145929354016542,6
bodybuilde,10,0.0014452955629426219,1.2988801045606775e-07,0.0031799423929271195,5.255015710088489e-05,7
bodybuilder,26,0.0037577684636508164,1.3329347366543977e-06,0.005559972274793073,8.545469539280796e-05,6
boil,28,0.004046827576239341,1.158164193785823e-05,0.0062709423472625215,0.00011135347444382405,1
boiler,15,0.0021679433444139326,1.9972932667636295e-07,0.0031715399234282394,6.802904868716408e-05,6
bolster,10,0.0014452955629426219,1.3091068727818428e-08,0.003674689395810429,4.839584331752276e-05,3
bolt,10,0.0014452955629426219,6.675737459231444e-07,0.002424826581419424,6.235208105517273e-05,0
bolus,10,0.0014452955629426219,2.223739952741074e-07,0.003079709927299213,5.095759985523423e-05,0
bombard,9,0.0013007660066483597,1.791917088971962e-07,0.0016841045850064177,6.539658179178532e-05,10
bone,434,0.06272582743170979,0.001354063770462656,0.02809294246709339,0.0005230446088561206,5
boob,55,0.00794912559618442,1.742093208938709e-05,0.009698329075275906,0.00014612112828971734,7
book,115,0.01662089897384015,0.0003239691966784061,0.015744877224387534,0.00027320683634399976,3
boom,29,0.004191357132533603,3.7978689031306888e-06,0.007096231772079802,9.427993370210467e-05,0
booming,19,0.0027460615695909813,3.302284282253972e-07,0.005160054483078044,7.766047707695433e-05,3
boost,407,0.058823529411764705,0.0008014581623250975,0.0323204076309424,0.0005266708498850188,0
booster,155,0.02240208122561064,0.00010032408779828997,0.021028198785222184,0.0002883091151339726,0
bordal,10,0.0014452955629426219,7.536402894944292e-07,0.00241219443863278,5.9021048106670275e-05,11
borderline,19,0.0027460615695909813,3.1830401045770333e-07,0.0054665604372391196,7.150030831556175e-05,0
boron,13,0.0018788842318254082,1.4218313284773694e-07,0.003460668229898951,5.586758964359121e-05,1
boston,46,0.00664835958953606,9.568494682054384e-05,0.0054827309928097675,0.00021677247269742952,11
bot,14,0.0020234137881196706,3.812728710239188e-06,0.0032741793995670915,6.99580740297289e-05,10
bother,46,0.00664835958953606,3.1024628823263906e-05,0.00854631047469539,0.00012699294903499112,0
bothersome,44,0.006359300476947536,1.0406141765732969e-05,0.009511903916064194,0.00010432231839436561,5
botox,14,0.0020234137881196706,2.5036560499077885e-06,0.002573428836817579,8.066800339392172e-05,5
bottle,27,0.003902298019945079,3.6282677627672516e-06,0.005940931659076516,0.00010099025693901665,3
bound,48,0.006937418702124584,5.46302203770062e-05,0.007008054172561828,0.0001627618168097226,6
bovine,8,0.0011562364503540975,5.774845511846556e-07,0.001252074973683746,6.918419085214394e-05,6
box,8,0.0011562364503540975,2.076609584578549e-08,0.0019731062948595917,5.2394268862808915e-05,7
boxed,9,0.0013007660066483597,9.275244639202635e-07,0.0026805949831197186,5.844100759258957e-05,1
boy,141,0.020378667437490967,5.21631045026565e-05,0.018088665112019387,0.00024058178429675172,7
boyle,10,0.0014452955629426219,1.6304996315997304e-07,0.002155109042316874,6.306169900539711e-05,3
bph,45,0.006503830033241798,6.444629361994921e-06,0.008145153070534273,0.00011729245640029423,7
bph.59,10,0.0014452955629426219,3.9815930604881946e-08,0.0029139591288707078,4.761051642316979e-05,7
bradley,10,0.0014452955629426219,5.622288439387777e-07,0.0028906396977205757,5.3785182726881004e-05,6
brag,9,0.0013007660066483597,7.454682890935235e-09,0.0034873814164603015,4.50698175556951e-05,0
brain,382,0.05521029050440815,0.002021657734794887,0.02972139882151541,0.0006292039589302316,6
brand,90,0.013007660066483595,5.146429176267825e-05,0.014606764718192092,0.0002348313785298756,1
brannigan,21,0.0030351206821795057,0.0005014184754148662,0.0032471033659668314,0.00012804791071235018,11
brca,10,0.0014452955629426219,9.559856935392003e-08,0.00252487564216508,5.642078515600082e-05,7
bread,25,0.0036132389073565544,1.3537187480586568e-05,0.003697322529918253,0.00013209445671143427,9
breadcrumb,8,0.0011562364503540975,2.5885666959518536e-08,0.002256838898909421,5.119977975116424e-05,3
break,101,0.01459748518572048,5.73911159570733e-05,0.015873395120881352,0.0001983761190226455,6
breakage,9,0.0013007660066483597,4.350746598397948e-08,0.0030186714692885907,4.982951045692839e-05,1
breakdown,26,0.0037577684636508164,9.568208210968556e-07,0.006102568243866937,8.638663875730574e-05,6
breaker,10,0.0014452955629426219,1.7731747846933274e-08,0.0031504944389683523,5.3851435956713326e-05,0
breakfast,18,0.0026015320132967193,5.89544704890371e-06,0.004588667992748536,7.767891628949472e-05,1
breakout,39,0.005636652695476225,2.586015862406073e-05,0.006866980358423568,0.00014355545118071807,12
breakthrough,10,0.0014452955629426219,1.349156807973725e-07,0.0030108113356249254,5.818691409870462e-05,3
breakup,10,0.0014452955629426219,1.858067457524752e-07,0.003190488613203714,5.4354427603884865e-05,5
breast,372,0.05376499494146553,0.0007813710910508266,0.028719162277752022,0.0005113634750194906,7
breastfeed,9,0.0013007660066483597,6.168143004032399e-08,0.0018240568332301256,5.623066272185775e-05,7
breath,29,0.004191357132533603,3.7556967626540227e-06,0.005699267133628382,0.00010996851707469476,5
breathe,43,0.006214770920653274,3.321949563235455e-05,0.008295950234844746,0.00013891214339006966,7
breathing,72,0.010406128053186877,8.703884360017018e-05,0.011931763106924556,0.00020322521378031964,7
breathwork,10,0.0014452955629426219,5.832082817702011e-07,0.0017254647932354815,7.447811728781678e-05,6
breehl,10,0.0014452955629426219,1.1560525807144077e-06,0.0024129333655148006,6.77679899500785e-05,11
brenda,8,0.0011562364503540975,4.930667505456642e-07,0.001252815413992359,6.51690573621557e-05,11
brian,10,0.0014452955629426219,0.00030632945048776367,0.0007319544215897618,0.00010860118193033187,8
brief,24,0.003468709351062292,2.8008646621511552e-06,0.00588440695159408,8.724959664775596e-05,2
briefly,10,0.0014452955629426219,1.625838874805158e-07,0.0029366369707402805,5.1846472507412474e-05,5
brigham,8,0.0011562364503540975,4.0804679727455374e-08,0.0018891409678446357,5.491830362044064e-05,11
brilliant,10,0.0014452955629426219,3.99395760936305e-09,0.003598715761278661,4.6247192636176467e-05,0
bring,298,0.04306980777569013,0.0009378747127581538,0.02926115089010476,0.0004719929288703945,0
brings,10,0.0014452955629426219,3.4635359184199375e-08,0.003166912177380182,5.0258475164192585e-05,6
brisk,10,0.0014452955629426219,5.854943425602189e-07,0.0024160364758760797,6.609706517566723e-05,0
british,61,0.008816302933949994,7.133332892727403e-05,0.009988240817387868,0.00015535744907434833,11
brito,18,0.0026015320132967193,9.03338594186107e-05,0.0014811557593984717,0.00011805293244627799,11
brittle,36,0.005203064026593439,5.658969771006587e-06,0.007285494881318425,9.194265122861998e-05,5
broad,65,0.009394421159127041,1.9137501486791753e-05,0.012414092612082936,0.00015544169542875235,0
broadcast,10,0.0014452955629426219,4.4893356786633864e-06,0.0024094129604362215,6.190765810366241e-05,13
broadly,8,0.0011562364503540975,1.1419151964804343e-08,0.0029137883349564667,4.28504226627064e-05,3
broccoli,10,0.0014452955629426219,1.532873740388589e-06,0.0008779705648026193,8.526667924981864e-05,9
brockport,8,0.0011562364503540975,2.3406605047129405e-07,0.0008862870297375663,6.878873198614243e-05,12
broderick,35,0.005058534470299176,1.573046074081444e-05,0.007687056303294478,0.00010537066447889852,5
broken,8,0.0011562364503540975,3.075734664056627e-09,0.0020242558475958273,4.6805097454310284e-05,5
brother,8,0.0011562364503540975,1.5082378642679332e-07,0.0020067509316117763,5.6643285860693237e-05,0
brown,20,0.0028905911258852437,2.6120613532497953e-05,0.0033708473839793194,0.00010694249373384918,9
browse,45,0.006503830033241798,1.922687619486016e-05,0.008402099947884168,0.00011774324928343289,6
browser,10,0.0014452955629426219,1.1721423898824117e-06,0.002398313446897882,6.183304456122192e-05,0
bruce,10,0.0014452955629426219,1.8269301849493186e-05,0.0002776065214158115,0.00011256069634337055,11
bruise,40,0.005781182251770487,9.740452451143132e-06,0.007798711458696244,0.0001266094420341029,1
bruising,11,0.001589825119236884,1.5935645621516041e-06,0.002468577481540634,6.583810816360328e-05,1
brush,10,0.0014452955629426219,9.126875234311428e-08,0.0030925903693811794,5.487041244508561e-05,1
bsc,10,0.0014452955629426219,2.8776566986664017e-06,0.0012869032424399894,9.246030052891518e-05,11
bssm,46,0.00664835958953606,1.1241924328846392e-05,0.008710797468601228,0.0001382454255637905,3
bubble,10,0.0014452955629426219,1.3960710801182178e-07,0.002290167872462462,6.47221840452009e-05,1
buccal,103,0.014886544298309004,0.0001322715269861142,0.014856779724103736,0.00028116588971984917,1
buckle,14,0.0020234137881196706,6.224205136246235e-06,0.002608778918849566,7.622447986942198e-05,1
budget,18,0.0026015320132967193,4.105468197248819e-07,0.005182418034762007,7.227514866657584e-05,3
buff,9,0.0013007660066483597,4.864797405931331e-08,0.002797819484302493,4.814910007544377e-05,5
buffer,15,0.0021679433444139326,1.1224958359465364e-07,0.0034756583888516856,6.565599924862702e-05,6
bug,10,0.0014452955629426219,9.440539432899791e-07,0.002331390833157048,6.52577616548675e-05,1
build,267,0.038589391530568,0.0004257857551332874,0.028016201869941533,0.0004324112683604396,5
builder,24,0.003468709351062292,1.4314989192862753e-07,0.006411920110463255,7.159415588948321e-05,3
building,49,0.0070819482584188465,4.332467978547413e-05,0.009028754908261067,0.00014245791157091562,12
buildup,48,0.006937418702124584,1.3548403257941868e-05,0.009306328441965673,0.00013288478733630094,7
bulge,19,0.0027460615695909813,7.388104764027686e-07,0.00454566079172048,7.866203139912436e-05,0
bulimia,6,0.000867177337765573,8.14985310436439e-10,0.0018274493781328246,4.520347659224605e-05,7
bulk,17,0.002457002457002457,1.5990454561181607e-07,0.004149646301748567,6.529733333851201e-05,5
bullet,37,0.0053475935828877,8.443086782425588e-06,0.00828486204927058,0.00011462205359120797,0
bullock,30,0.004335886688827865,3.4083925738285886e-05,0.005747766582057982,0.00011788353907692312,11
bullough,9,0.0013007660066483597,2.2658938716184324e-07,0.0024038295771647918,6.0015956415982694e-05,3
bump,7,0.0010117068940598353,3.9597412126330656e-08,0.0022317378586930005,4.591302617217117e-05,6
bunch,8,0.0011562364503540975,1.076072375437795e-07,0.0024177235623697355,4.941561719498345e-05,0
bundle,16,0.002312472900708195,4.2916809889344263e-07,0.004053980498250177,6.0897410076112685e-05,3
bupki,19,0.0027460615695909813,6.5827090904158e-06,0.004403685793167801,8.463712403941394e-05,0
burden,62,0.008960832490244255,2.174544663786855e-05,0.010483576125790069,0.00016416955934320498,2
burlington,10,0.0014452955629426219,6.350067654075244e-07,0.0017006548298006926,8.178136068490087e-05,11
burn,76,0.010984246278363925,4.06345899314158e-05,0.013289034527398259,0.0001770685389743795,5
burnett,48,0.006937418702124584,5.5135152280386136e-05,0.008696964702154098,0.00014738684584717851,11
burning,10,0.0014452955629426219,2.6075249541603686e-08,0.0030100798150743363,4.8770386292838295e-05,5
burnod,10,0.0014452955629426219,5.270426797187958e-06,0.0010948682399061047,9.357150097494042e-05,11
burns,10,0.0014452955629426219,2.4069218362714536e-07,0.0018694456875518633,6.897968885074812e-05,7
business,58,0.008382714265067205,2.8088474872076272e-05,0.011124070571249079,0.00016725052933687603,0
bust,10,0.0014452955629426219,1.2391187005241073e-07,0.0027524116129232527,5.577457121499319e-05,0
busy,19,0.0027460615695909813,3.965963337839948e-06,0.005076160423342657,7.00878493834337e-05,0
butt,38,0.005492123139181963,3.1452704813640566e-06,0.007112347015856187,0.00011413073494103649,0
butterfly,9,0.0013007660066483597,9.280773522931739e-07,0.0019082216230376019,5.6776377980756354e-05,6
buttock,46,0.00664835958953606,2.9237879824366135e-05,0.008026423987817555,0.0001500968566329644,1
button,48,0.006937418702124584,2.464785538360716e-05,0.009067935039185156,0.00015214402943467141,2
butts,10,0.0014452955629426219,1.40422824423487e-07,0.0023221335515166428,5.3093466787734796e-05,0
buy,76,0.010984246278363925,1.7579468184687497e-05,0.01424333437634544,0.00018228910936875597,0
buyer,9,0.0013007660066483597,5.68705834091957e-08,0.001575513486784217,6.032752251434086e-05,0
buzzsprout,17,0.002457002457002457,5.087735943906938e-06,0.0027830428962999326,7.882151120116882e-05,0
bypass,36,0.005203064026593439,5.489967101309141e-06,0.007470231006485746,0.00011402333099918665,1
byproduct,10,0.0014452955629426219,8.934392201168935e-08,0.002712142021389035,5.591822846198219e-05,5
byron,10,0.0014452955629426219,1.6428920101518648e-06,0.002399827169231854,6.809130352444967e-05,3
c.n,18,0.0026015320132967193,5.0366052554568673e-05,0.0017311538694882102,0.00015109131481598001,11
c.p.t,10,0.0014452955629426219,7.591712376829788e-07,0.00229282662585195,6.745250235007196e-05,3
c1995,10,0.0014452955629426219,8.723610741128969e-08,0.002507633989040091,5.564562255493581e-05,3
c2025,39,0.005636652695476225,5.397418568699205e-05,0.00606242733137656,0.00014421870004044995,11
caban,10,0.0014452955629426219,1.0985554366799268e-06,0.002506119706744065,6.82658929266295e-05,11
cac,17,0.002457002457002457,8.51588277944894e-07,0.003967694450081382,7.370885852040424e-05,7
cad,33,0.0047694753577106515,9.953856626010385e-06,0.006800485075060195,0.00010957304825294033,7
caffeine,10,0.0014452955629426219,2.388630353948338e-06,0.0021092316891554996,6.916889472683053e-05,0
cag,9,0.0013007660066483597,0.0,0.0027142873719291317,4.748809477854769e-05,6
cah,19,0.0027460615695909813,7.674823012370791e-07,0.00412099919151735,7.046156984881915e-05,7
calcification,17,0.002457002457002457,1.5281232426293045e-06,0.0045295747359916086,6.25173333720661e-05,7
calcium,80,0.011562364503540975,8.350137648192006e-05,0.012622704875452206,0.0002058974871852613,7
calculate,57,0.008238184708772944,1.740846246808566e-05,0.010113615148230446,0.00014775841732780174,2
calculated,10,0.0014452955629426219,4.2704002907498034e-08,0.003095191599496372,4.9157581564332936e-05,2
calculation,10,0.0014452955629426219,2.731405843913685e-07,0.0024275874020579166,5.580689296876179e-05,6
calculator,17,0.002457002457002457,1.1965376790884746e-06,0.004553297452728565,7.241292451626419e-05,7
calendar,19,0.0027460615695909813,1.1326606163919097e-06,0.004938656541331386,7.804204520905564e-05,0
calgary,7,0.0010117068940598353,2.019497530675594e-07,0.0013779567461240328,5.3329716935456196e-05,11
calibrate,10,0.0014452955629426219,3.05074951998821e-08,0.0036106760485005336,4.928833162166633e-05,3
calibration,10,0.0014452955629426219,2.5444708914782275e-06,0.0018883149097409478,6.362093079128024e-05,2
california,17,0.002457002457002457,6.751890911437098e-06,0.002991302551927388,9.379492638237427e-05,11
calm,40,0.005781182251770487,3.180792671754869e-05,0.008312335546911484,0.00012538780971589527,6
calogero,10,0.0014452955629426219,4.22614868241102e-06,0.0016915076161041918,8.01966535049526e-05,11
calorie,59,0.008527243821361469,1.0886132293021246e-05,0.012157313929574332,0.00012886910818213557,0
campaign,19,0.0027460615695909813,3.011637350714779e-05,0.0033628218442181544,9.863408001749681e-05,3
campbell,10,0.0014452955629426219,5.414782836975693e-06,0.00020630003440651358,0.00011881984467969681,11
campus,19,0.0027460615695909813,1.2126518813539627e-05,0.0033583320249021267,0.00010463444252154096,11
camry,9,0.0013007660066483597,4.8617457074205256e-08,0.001631395309604138,6.663936903375264e-05,0
canada,108,0.015609192079780315,0.0004942281616831972,0.011968199611043163,0.00031657646120014974,11
canadian,85,0.012285012285012284,9.346352324157824e-05,0.013645168604731377,0.0002272007917870038,11
canandaigua,10,0.0014452955629426219,3.232090975912856e-07,0.0008601298447196157,9.019417416757198e-05,12
canary,18,0.0026015320132967193,1.0684813837600964e-06,0.004321947470783382,7.75663102759203e-05,5
cancer,624,0.0901864431276196,0.003426669782225313,0.03577175093614264,0.0007980555513764962,7
cancerous,26,0.0037577684636508164,2.7801656261269576e-06,0.006650810967856817,8.81423525313604e-05,7
candidate,140,0.020234137881196705,3.445654456184064e-05,0.019328417318095856,0.00021560520184549543,3
candle,10,0.0014452955629426219,7.659158325152974e-08,0.003090725831751722,5.3761848794678195e-05,0
canine,9,0.0013007660066483597,2.0830362885675568e-07,0.00200712863505165,6.044549088914588e-05,1
capability,10,0.0014452955629426219,1.0937820964804166e-07,0.002931449732381076,5.0986810744346376e-05,5
capable,17,0.002457002457002457,9.53342460565171e-07,0.004745605371300564,6.458642225471173e-05,6
capacity,38,0.005492123139181963,2.480654814348248e-06,0.008494830136714569,0.0001106636598289355,5
capogrosso,8,0.0011562364503540975,8.94707293314046e-06,0.0010317383060596784,6.323043863755583e-05,11
capsule,82,0.011851423616129498,0.00010214716471699316,0.012632234296321255,0.00022245301020323562,1
capture,29,0.004191357132533603,4.9814475353180905e-05,0.005494828389703612,0.0001104393669389898,10
car,63,0.009105362046538517,0.00023042332549278396,0.009954032465275268,0.00020152189318051452,0
carb,26,0.0037577684636508164,7.40780921463635e-06,0.005903097199864537,9.778635432004622e-05,9
carbohydrate,20,0.0028905911258852437,6.517660635558142e-06,0.004284802890758923,8.726759538853893e-05,9
carbon,10,0.0014452955629426219,4.239914443726231e-08,0.002636750587605492,5.787534443490491e-05,6
cardiac,77,0.011128775834658187,5.705310614463522e-05,0.01319177957620016,0.0001892303732973504,0
cardio,55,0.00794912559618442,2.085675338602424e-05,0.010538159568103875,0.0001540888423004115,0
cardiologist,63,0.009105362046538517,3.8755397229244084e-05,0.010680182715133952,0.00017111796749610884,11
cardiology,59,0.008527243821361469,5.8095134834731236e-05,0.009214540656636903,0.00020993858849343734,3
cardiometabolic,10,0.0014452955629426219,2.8096464513195366e-07,0.003033063467145873,5.049603709516158e-05,7
cardioprotectant,10,0.0014452955629426219,3.0418328032689453e-07,0.002568452925351063,6.411343375371051e-05,2
cardioprotective,18,0.0026015320132967193,1.4343258948010955e-06,0.005164209999185147,6.354172433908685e-05,7
cardiovascular,513,0.07414366237895649,0.0017966328925588491,0.036408391361461866,0.0006941285184384861,7
care,824,0.11909235438647203,0.006818424552383759,0.046004517266953336,0.0010941629538630667,3
career,50,0.007226477814713109,4.502289987366903e-05,0.008829234115600004,0.00017734258194163424,3
careful,115,0.01662089897384015,3.6468008564826396e-05,0.01903821081213977,0.00021330125729265438,1
carefully,169,0.024425495013730307,9.98802597127506e-05,0.024083948288598826,0.0002923295419451057,3
caring,17,0.002457002457002457,3.4567218449666114e-07,0.004537590148103942,6.862400985254636e-05,3
carlomagno,10,0.0014452955629426219,2.0678010145429227e-06,0.0011076927291722323,9.969405973924775e-05,11
carolina,10,0.0014452955629426219,1.4043924647158022e-07,0.002862040819389444,5.287050139165659e-05,11
carrier,39,0.005636652695476225,0.0009987023209402214,0.0056919967258066044,0.00019306940576130658,11
carrot,10,0.0014452955629426219,1.5402733370585948e-06,0.0009666339808319767,8.348796090214852e-05,9
carry,194,0.028038733921086863,0.00022376208663767361,0.02398344415438659,0.0003293436054048688,6
carson,10,0.0014452955629426219,1.6114652077019705e-05,0.00086456214577743,9.291767630355735e-05,11
carswell,9,0.0013007660066483597,1.954670583283326e-07,0.0015840344590599504,7.069791699843834e-05,3
carter,9,0.0013007660066483597,1.0930525900435629e-07,0.0027681882302193215,5.320011216594345e-05,3
cartoon,9,0.0013007660066483597,1.426597018122588e-07,0.0018810929346862373,6.542013908117389e-05,9
carvalho,10,0.0014452955629426219,1.5597679446180116e-06,0.002255766491056545,7.343807045001064e-05,2
cascade,27,0.003902298019945079,2.0600749572244066e-06,0.006273230792895592,9.391323803540892e-05,6
case,482,0.06966324613383437,0.0015012070262389484,0.04014569273423261,0.0006466160726609942,0
cash,10,0.0014452955629426219,1.1336665162569239e-07,0.0028386869632569894,5.901225837334839e-05,0
casual,10,0.0014452955629426219,1.4896994369774733e-07,0.002407127208071554,5.371698851787529e-05,7
catabolic,36,0.005203064026593439,2.9046052855674223e-05,0.00700298553254573,0.00012608244772882113,6
catalyst,9,0.0013007660066483597,1.1350008620853132e-08,0.002711818200927565,5.243018501308715e-05,0
catch,63,0.009105362046538517,4.58733595040675e-05,0.01177990850784579,0.00017099631581149954,7
categorization,8,0.0011562364503540975,1.6238949862324755e-07,0.001976422519444564,5.726158000795706e-05,5
categorizes,10,0.0014452955629426219,3.7811255755464826e-08,0.003072179033335811,5.112971942568427e-05,2
category,36,0.005203064026593439,1.1263932586713115e-05,0.0062425485685577275,0.0001069648679212786,11
catheterization,10,0.0014452955629426219,2.0747584660931627e-07,0.002418882269941832,6.240560538265206e-05,11
cau,9,0.0013007660066483597,1.0409766614610765e-06,0.0014267687929615431,7.771890224618756e-05,2
causal,10,0.0014452955629426219,4.510242770739195e-08,0.0028876108840120134,5.280079134114338e-05,1
causation,35,0.005058534470299176,3.9350052236304725e-06,0.008090605286672147,0.00010887486350295893,11
causative,9,0.0013007660066483597,5.140275964838669e-09,0.0025527576000111273,4.5360614695876285e-05,7
cause,1173,0.16953316953316952,0.010993003117276164,0.04736817932409576,0.00118188740271634,7
cause(s,18,0.0026015320132967193,1.2384084827667196e-07,0.005409142761548828,6.577032469376282e-05,3
cauter,33,0.0047694753577106515,1.2904736532187198e-05,0.006421396602214993,0.00012593796024399406,11
caution,98,0.014163896516837693,4.058178092758064e-05,0.015524903816631287,0.00020954234615126643,1
cautious,36,0.005203064026593439,1.1375586879159823e-05,0.0072720890858807615,0.00011522929207485743,1
cautiously,20,0.0028905911258852437,2.79831689379765e-06,0.005274251073134564,7.256690545086051e-05,7
caveat,10,0.0014452955629426219,7.028028645210846e-08,0.003293812614337014,4.7726184754886584e-05,0
caverject,10,0.0014452955629426219,1.104287409167069e-06,0.0023282081856042915,7.136053716493206e-05,1
cavity,16,0.002312472900708195,1.0943415202602906e-06,0.0035544570066250837,7.772596780759586e-05,1
cbc,42,0.006070241364359011,4.354469731498962e-06,0.008486892426468263,0.00011205890524264735,7
cbt,9,0.0013007660066483597,1.409476053603707e-07,0.002783838486322943,5.226187605058355e-05,3
ccjm.91a.23064,10,0.0014452955629426219,2.3559934451873382e-07,0.002610691796436532,6.103466380432619e-05,11
cdc,60,0.00867177337765573,4.8391390653253464e-05,0.010457985724794562,0.00017078527604465332,2
cease,29,0.004191357132533603,2.1747121113269193e-06,0.0061882069990570575,9.820592720502791e-05,6
cecil,11,0.001589825119236884,1.6343198135925503e-06,0.0015933024796940859,7.621616057878882e-05,11
cedars,45,0.006503830033241798,2.9857281049974735e-05,0.007280450244339402,0.0001456792217984203,11
celebrity,10,0.0014452955629426219,1.0916837339100312e-07,0.0030504404534741998,5.146739009596965e-05,11
cell,470,0.06792889145830322,0.0015298318493310425,0.029450528350218688,0.0006235086487820382,6
cellular,27,0.003902298019945079,4.0201691138215815e-05,0.005354243431914386,0.0001069361894246959,11
cent,23,0.00332417979476803,2.704475929826126e-07,0.005600574669342609,6.751460882133169e-05,6
center,290,0.04191357132533603,0.0013698826323296158,0.025508419312554355,0.0005806061232177715,3
central,101,0.01459748518572048,0.0004959299662693367,0.012676587680221606,0.00027902228858779166,2
centre,52,0.007515536927301633,6.04343189304214e-05,0.00868434459559853,0.00018401272951595714,3
century,10,0.0014452955629426219,2.0310859154595426e-07,0.0024270969312937553,5.421826009174362e-05,0
cereal,10,0.0014452955629426219,2.492781318180019e-06,0.0014022638530104203,7.489679259547457e-05,9
cerebellum,10,0.0014452955629426219,1.0043555689998117e-06,0.0021673409393850106,7.127627757809369e-05,6
cerebrovascular,15,0.0021679433444139326,3.826657321658221e-07,0.0036084618370461944,6.57095611693291e-05,2
certain,439,0.0634484752131811,0.0009077163365313822,0.03489620431479525,0.0005346253011924829,7
certainly,111,0.016042780748663103,6.215970476194448e-05,0.017447527017483682,0.00022446301891087807,0
certainty,18,0.0026015320132967193,8.602199366798683e-07,0.004064455253266399,6.817222789114073e-05,2
certification,9,0.0013007660066483597,1.0090598801359902e-07,0.002401412884694862,5.631058412828672e-05,3
certify,82,0.011851423616129498,0.00011098592732935231,0.012324634732630907,0.00021637901176904174,3
cervix,9,0.0013007660066483597,1.445338609664953e-07,0.002275689751423307,5.733328000296144e-05,7
cessation,54,0.007804596039890158,7.773946972816269e-06,0.011348940263362901,0.00013540253441129467,7
chafing,8,0.0011562364503540975,3.4724492636287296e-09,0.0028089866155790793,4.590812254007708e-05,0
chain,30,0.004335886688827865,1.4323856424395345e-05,0.006065278605665792,0.00010679731520086205,1
chair,49,0.0070819482584188465,5.551275990418678e-05,0.0072484099553083966,0.00018306754455665666,11
chalk,10,0.0014452955629426219,1.5244222878928639e-07,0.0028980060566545433,4.4342848602029145e-05,5
challenge,148,0.0213903743315508,0.0002639599601248756,0.02050738452443311,0.00031899099243643995,10
challenging,85,0.012285012285012284,1.677436117258724e-05,0.015341734318882427,0.00018123294815904222,3
chance,119,0.0171990171990172,5.685891422201003e-05,0.01941704399804975,0.00024465642779992997,7
chandrashekar,10,0.0014452955629426219,4.898107104316313e-06,5.598438898561129e-05,0.00013687659027361023,8
change,917,0.13253360312183843,0.005176708440528542,0.04949755424121145,0.0009647727905739848,0
changeable,10,0.0014452955629426219,5.767576858698652e-07,0.002926515372665772,4.682395116596261e-05,5
changer,9,0.0013007660066483597,5.138374127197505e-08,0.002311186039417953,5.665973038501819e-05,2
"changes.5,16",10,0.0014452955629426219,1.028715984518967e-07,0.0029772437758349784,5.028602386200329e-05,5
channel,9,0.0013007660066483597,6.429901345457195e-07,0.002511997823269302,5.733365341796354e-05,1
chap,52,0.007515536927301633,0.00015757802968000088,0.005653934123912664,0.00022305920126744917,11
chapter,7,0.0010117068940598353,7.255611871141758e-09,0.0022629386744014222,4.49206303093648e-05,0
character,9,0.0013007660066483597,3.3639998275011343e-07,0.0020097723278303323,6.451471657854291e-05,9
characterise,17,0.002457002457002457,6.376747269060909e-07,0.004217288907780664,5.982289619637832e-05,7
characteristic,130,0.018788842318254083,7.32332000476044e-05,0.01785746269137758,0.00022490827207251958,6
characterize,36,0.005203064026593439,3.103352546080443e-06,0.007696663344598623,0.00010127516726926064,5
charge,54,0.007804596039890158,1.9689652500068016e-05,0.010130982249209004,0.00014451521861980348,3
charity,10,0.0014452955629426219,6.364508591487871e-07,0.0013283671623781504,7.710621674828877e-05,3
charming,10,0.0014452955629426219,6.12386301729371e-08,0.0024707558322707387,5.6408256863550116e-05,7
chart,28,0.004046827576239341,4.809664130879663e-06,0.006588588679613598,8.59387866314828e-05,0
chasing,10,0.0014452955629426219,5.7783678819924e-09,0.003317470671576329,4.7972959402369785e-05,6
chat,10,0.0014452955629426219,2.783033333027875e-08,0.0034260498043671064,5.116039268052474e-05,3
cheap,43,0.006214770920653274,1.921599175488814e-05,0.008887378208522947,0.00013312722759162683,0
check,471,0.06807342101459748,0.0011933840175549423,0.033619048559431396,0.000579532361825049,0
checker,9,0.0013007660066483597,8.06129635984681e-09,0.0035077475411677086,4.2809673125884014e-05,3
checklist,29,0.004191357132533603,1.111668194269959e-05,0.005694384665712182,0.00010739246372641998,2
checkup,18,0.0026015320132967193,1.3654140490477397e-08,0.005051754068126621,5.232934848857351e-05,3
cheek,33,0.0047694753577106515,7.530445281474636e-06,0.006284023412933396,0.00011798680872278324,1
chemaitilly,10,0.0014452955629426219,1.2035257413800604e-06,0.0009298328478698649,8.84527214522273e-05,11
chemical,117,0.016909958086428676,0.00013925047022487894,0.01646009933722085,0.0002615885505833819,6
chemically,18,0.0026015320132967193,9.14090600885141e-06,0.003569944900454979,8.813283452722805e-05,6
chemistry,56,0.008093655152478682,0.00019554527955730744,0.008087461103222855,0.00021140749363505527,11
chemotherapy,146,0.021101315218962278,0.00010337030083924893,0.01803102297447902,0.0002615330727101191,7
chen,16,0.002312472900708195,1.0374646698737846e-05,0.003328634335460415,7.82088222560358e-05,7
chest,74,0.0106951871657754,9.267815609890917e-05,0.0116002040280985,0.00018589235353882558,1
chew,8,0.0011562364503540975,3.664519371709983e-08,0.0017414818279039134,5.5571060641601075e-05,1
chicago,35,0.005058534470299176,3.996251002710155e-05,0.006611623020386315,0.0001377818837011935,11
chicken,18,0.0026015320132967193,3.8016938334098553e-07,0.0045995974321653465,7.29963065373381e-05,7
chickpeas,10,0.0014452955629426219,9.135445136820171e-07,0.001067479507114114,7.918985563891191e-05,9
chief,39,0.005636652695476225,3.5276436189081076e-05,0.006644448824115019,0.00013800890343853832,3
child,318,0.04596039890157537,0.0009183528081983289,0.029127478933416114,0.0005063452783327635,7
childbearing,16,0.002312472900708195,2.635296809060604e-07,0.004835929772421716,6.505394967573081e-05,0
childbirth,10,0.0014452955629426219,5.194551778329478e-07,0.001991333795999645,6.489508956503465e-05,7
childhood,53,0.007660066483595895,6.156478633538726e-05,0.009310619270271261,0.00017006657255100075,7
chiles,10,0.0014452955629426219,3.3716115447383523e-06,6.861276637095251e-05,0.00012522000675339672,11
chip,18,0.0026015320132967193,5.854487091925106e-06,0.0036121119562624667,9.706856729821027e-05,9
chitchat,10,0.0014452955629426219,3.675902868871465e-07,0.002842435095435258,5.829139393270216e-05,0
chlamydia,10,0.0014452955629426219,2.6563956629666325e-06,0.0017727179173318783,6.724252702752747e-05,7
chloride,10,0.0014452955629426219,4.486382334817003e-07,0.0013504547492380972,7.720310634449395e-05,7
chocolate,68,0.009828009828009828,0.00016992395401094397,0.010212805134471746,0.0001905659812649525,9
choice,165,0.02384737678855326,9.314190446231327e-05,0.024880989025788065,0.0002739466801499742,3
cholesterol,210,0.030351206821795058,0.00030612797933997284,0.02026378006063325,0.00034754377528430926,7
choose,216,0.03121838415956063,0.0002795297255436179,0.026448806546336263,0.00035775171509768404,3
chorionic,92,0.01329671917907212,3.358562753571025e-05,0.012798705083473501,0.00018550799113098554,6
choy,34,0.004914004914004914,1.1034948093150778e-05,0.0069602852383000334,0.00011217434544744696,6
chris,10,0.0014452955629426219,1.9834432649886895e-08,0.0033144129027590763,4.985755179054806e-05,0
christian,19,0.0027460615695909813,0.0008982009862435646,0.0019847856866191857,0.0001457521868889744,11
christina,10,0.0014452955629426219,7.427147189454295e-05,0.0007412288332493378,9.229786945394364e-05,11
christopher,6,0.000867177337765573,1.4761541275435876e-07,0.0016347913068138534,4.8275098563285525e-05,11
chromatography,10,0.0014452955629426219,3.5205802270939213e-06,0.0021574160106299436,5.901182305101456e-05,2
chromosomal,20,0.0028905911258852437,9.173382764477335e-07,0.004749243611074896,7.736139146947657e-05,7
chromosome,70,0.010117068940598353,3.297228236361364e-05,0.01043429615011282,0.00018224619643337795,7
chronic,307,0.04437057378233849,0.0005853086784104433,0.02809499648868943,0.0004662221502555418,7
chronology,10,0.0014452955629426219,3.391094597864563e-09,0.003265159526313754,4.633902251883508e-05,5
chung,10,0.0014452955629426219,5.231527926430281e-07,0.0025444205055766217,6.586512441069997e-05,11
cialis,23,0.00332417979476803,9.810241121947367e-06,0.004164524403873683,0.00010468902419041405,1
cinematography,10,0.0014452955629426219,6.436645279180788e-08,0.0032746754162645566,5.2958349805397597e-05,0
circadian,34,0.004914004914004914,2.291847728633184e-05,0.006551882860205175,0.00012528072343753226,6
circle,10,0.0014452955629426219,5.88772397374717e-07,0.003123490794093129,6.0198387535968656e-05,0
circulate,109,0.015753721636074577,5.316798982329078e-05,0.01650510460488246,0.000240575257612611,6
circulating,9,0.0013007660066483597,5.468397497982021e-07,0.0023819495060462604,5.118926468899897e-05,6
circulation,60,0.00867177337765573,1.874132714876198e-05,0.010683371694598619,0.00014469987586620596,7
circumference,62,0.008960832490244255,2.1647388302396365e-05,0.010646652899680573,0.00014849511254109957,7
circumstance,58,0.008382714265067205,9.546693231596864e-06,0.011708765676911226,0.0001275208038069326,6
cirrhosis,29,0.004191357132533603,4.442612792950163e-06,0.0060192280358707904,0.00010144057498315684,7
citation,35,0.005058534470299176,2.7938972909086318e-05,0.0058988721813011315,0.00013897375743199747,2
cite,151,0.02182396300043359,0.0007470171538645537,0.01604360363948818,0.0004342117729645347,11
cited,6,0.000867177337765573,3.128660193068111e-08,0.0012548029942607399,4.7798699761366153e-05,11
citrate,43,0.006214770920653274,1.4775282497969675e-06,0.009190401503018869,0.00010477321953041923,6
city,20,0.0028905911258852437,1.0092332480401312e-05,0.0036109442064279442,0.00011144428298836085,11
claim,84,0.012140482728718023,5.344879522991136e-05,0.013963394649511523,0.00018633783406936649,11
clan,9,0.0013007660066483597,4.690411551563457e-08,0.0031616318450628607,4.915844485001711e-05,0
clara,9,0.0013007660066483597,2.9902537205219818e-06,0.0008648541616224888,8.353172545697608e-05,12
clarification,10,0.0014452955629426219,1.1433454095393133e-07,0.0026164127071391196,5.8993380361650104e-05,2
clarify,16,0.002312472900708195,1.4691328474940263e-06,0.003912123493224012,7.014400417782436e-05,11
clarity,70,0.010117068940598353,4.0644023628913326e-05,0.010973944518345075,0.00017674321842412415,5
clarus,9,0.0013007660066483597,1.4943932663751073e-07,0.0008592059885161377,7.862931526846217e-05,11
class,38,0.005492123139181963,2.6047772613715975e-05,0.007576673748935864,0.0001285279012636618,3
classic,10,0.0014452955629426219,1.232178289775613e-07,0.002498038719743699,4.922470633020154e-05,5
classical,14,0.0020234137881196706,1.8722882881939027e-07,0.003209045592204253,5.4831740857883875e-05,7
classification,10,0.0014452955629426219,4.158613259767704e-08,0.002604658600736459,5.627603391723992e-05,7
classify,18,0.0026015320132967193,4.890520513160408e-08,0.004983563167623042,5.728672137601972e-05,7
classmate,10,0.0014452955629426219,6.426586820080628e-08,0.0028438025778142364,5.189919751585034e-05,0
clean,54,0.007804596039890158,3.546571977413371e-05,0.010423276493584962,0.00015449934642315448,1
clear,243,0.03512068217950571,0.00044889055473883806,0.02650017771331806,0.00039569385583220325,0
clearly,90,0.013007660066483595,2.864522127089148e-05,0.014860834478021692,0.0001873533872961093,7
cleveland,237,0.03425350484174013,0.0006450440503842112,0.021797738570567673,0.0004262045530853122,0
clevelandclinic.org/cardiacconsultpodcast,9,0.0013007660066483597,1.0018803766820373e-08,0.002512678347963277,5.086987136747949e-05,0
clevelandclinic.org/loveyourheartpodcast,9,0.0013007660066483597,4.361157561024946e-09,0.0026320874278498224,4.937779668279057e-05,0
clevelandclinic.org/menshealth,12,0.001734354675531146,9.238459970386092e-08,0.003150461689576601,5.612586339584979e-05,0
clever,9,0.0013007660066483597,5.816526367236782e-08,0.0032617886379475683,4.873743169058953e-05,0
click,108,0.015609192079780315,0.00012737580349290867,0.014768683415206468,0.0002713105932157688,3
clickable,9,0.0013007660066483597,1.8727249574812905e-07,0.0023972625693180457,5.4721941381939097e-05,11
client,38,0.005492123139181963,2.2617447357481917e-05,0.007853093224452436,0.00013650091694092365,3
climacteric,14,0.0020234137881196706,8.129459562103581e-05,0.0029702749947588766,9.576710342028027e-05,4
climb,10,0.0014452955629426219,1.2701007658623246e-08,0.003215614139379349,4.74423279214912e-05,6
clin,71,0.010261598496892614,0.0002954868219590182,0.0074807002916964325,0.00031018446943445916,11
clinic,755,0.10911981500216794,0.005574584662882803,0.04430390904508298,0.001050602077154005,3
clinical,598,0.08642867466396878,0.004805009014731222,0.04172664378653475,0.0009656233698271164,11
clinically,98,0.014163896516837693,9.818869879453163e-05,0.01577112176622025,0.00020397817119289962,3
clinician,257,0.03714409596762538,0.00022731516783277027,0.028705091143722817,0.00040959924316256053,3
clitoris,19,0.0027460615695909813,2.289417046472756e-06,0.003917913192147145,7.970284468222819e-05,7
clock,8,0.0011562364503540975,4.248261341029067e-10,0.0029653816868025046,4.175775369014152e-05,0
clog,19,0.0027460615695909813,4.193321475564597e-06,0.0038725046398733255,9.508049091559636e-05,6
clomid,119,0.0171990171990172,6.893364805565143e-05,0.018375437077197524,0.00022725664630047178,0
clomiphene,74,0.0106951871657754,2.65962350960668e-05,0.012561072116958286,0.00016492461142895848,6
close,182,0.026304379245555717,0.0002750843538178868,0.023044566444159077,0.00032843336229416975,0
closely,157,0.02269114033819916,0.00019922745763269474,0.020818033336344115,0.0003066733127981427,6
clot,157,0.02269114033819916,0.00011669945073931127,0.019514971336156362,0.0002904209238442034,7
clothing,25,0.0036132389073565544,5.527219066947964e-06,0.005495033934646633,9.781846879090431e-05,1
clotting,9,0.0013007660066483597,4.628294376182428e-09,0.0029249514031060085,4.7200653064783e-05,0
cloud,10,0.0014452955629426219,8.300828028731785e-08,0.002983122080516787,5.08529863948022e-05,1
cloudy,10,0.0014452955629426219,6.049378718831313e-08,0.0030909576227595745,5.202943850024142e-05,0
clue,18,0.0026015320132967193,2.1862933626815053e-06,0.0046487514780873505,7.396042209138205e-05,3
clumping,10,0.0014452955629426219,1.430747283218387e-07,0.003108574264009981,4.973480944392806e-05,5
cluster,10,0.0014452955629426219,7.386924643056872e-07,0.00287934521167327,5.0179006256596636e-05,5
cmaj.5,10,0.0014452955629426219,2.5719529874501105e-07,0.0029039110619692252,5.497200500842419e-05,2
cmd,10,0.0014452955629426219,3.3726206671821826e-07,0.0018749795739079734,6.9491991160682e-05,11
cmp,19,0.0027460615695909813,4.633396624957271e-07,0.004450911296867672,6.775736722052246e-05,7
coach,25,0.0036132389073565544,7.399393324580844e-07,0.006731426478168409,8.190595009745086e-05,3
coaching,10,0.0014452955629426219,5.5881311476858955e-08,0.0031057704104124778,5.3734612788941685e-05,1
coagulant,9,0.0013007660066483597,1.9555542472142418e-08,0.002918814507089453,5.101834114536359e-05,1
coal,18,0.0026015320132967193,6.961028962163982e-07,0.004497904136425563,7.697156408573818e-05,5
coarse,9,0.0013007660066483597,4.657161616743105e-07,0.0022121808181909484,5.906396164069806e-05,1
coaster,10,0.0014452955629426219,1.3114933505756987e-07,0.0029274129331128907,5.6911720275156655e-05,1
cocaine,9,0.0013007660066483597,1.4495447141142698e-08,0.002120499800049984,5.161984122258003e-05,7
cochrane,14,0.0020234137881196706,1.6909880055518894e-06,0.00256159349005824,7.649292624199817e-05,2
cocoa,20,0.0028905911258852437,9.79693603835745e-07,0.005077150257829866,7.752362130270511e-05,7
code,24,0.003468709351062292,1.0199221050437632e-05,0.004355663501160737,0.00010647184640994597,3
coefficient,8,0.0011562364503540975,4.53447022475943e-07,0.001740546619629639,6.001696277712147e-05,2
coffee,20,0.0028905911258852437,6.723809997428169e-06,0.004247628360602182,8.54470850341758e-05,1
cognition,113,0.016331839861251626,6.263966070658021e-05,0.016984652370911582,0.00021587202686391177,5
cognitive,188,0.02717155658332129,0.00023151858396291692,0.02229698507741581,0.0003316166317026893,5
cognitive/,10,0.0014452955629426219,6.993477373945302e-10,0.0032186681761107176,4.789391623581752e-05,5
cohort,60,0.00867177337765573,0.00014675506511191015,0.010126475650025791,0.00019255895562614206,2
coincide,18,0.0026015320132967193,3.4127702289051204e-07,0.0047489824695742784,6.406873042121166e-05,7
cold,42,0.006070241364359011,2.1636779098363224e-05,0.007848431129058397,0.00012685639834275703,1
collaborate,30,0.004335886688827865,9.323820749461249e-06,0.006792878542780962,0.00011340495034539499,3
collaboration,54,0.007804596039890158,5.839806244414492e-05,0.009453768651756544,0.00016968269529185135,11
collaboratively,19,0.0027460615695909813,6.156468852567949e-07,0.00557893112256592,6.976555413985239e-05,3
collagen,10,0.0014452955629426219,2.8568049058192014e-08,0.0029836023957609138,5.2579458442816924e-05,1
collate,9,0.0013007660066483597,1.0525221179676294e-06,0.0024970602349448463,6.354491781348396e-05,3
collateral,10,0.0014452955629426219,0.0,0.0027578507523657644,5.120914279284262e-05,7
colleague,54,0.007804596039890158,4.3851282297824694e-05,0.009832254167366007,0.000178892890234125,2
collect,69,0.009972539384304091,3.73308559118154e-05,0.012343746883090218,0.00018529173666941853,1
collection,16,0.002312472900708195,2.445223858368713e-07,0.003998321706762515,6.144153183340269e-05,1
collective,27,0.003902298019945079,1.399040793459121e-06,0.0062778239828163865,9.12197261374996e-05,7
collectively,47,0.0067928891458303225,2.948014931469672e-05,0.009360574514074217,0.00015659122418090103,5
college,115,0.01662089897384015,0.0003727022664352263,0.013337853976295215,0.0003197720734337776,11
colon,39,0.005636652695476225,1.999850294138629e-05,0.0081733608925118,0.00012569420945098095,7
colonography,7,0.0010117068940598353,4.7415344417953186e-07,0.0010114993872839468,6.899213842583413e-05,3
colonoscopy,10,0.0014452955629426219,9.872242417202328e-07,0.0010999464825147693,9.127321570113403e-05,3
coloplast,13,0.0018788842318254082,1.027613232093677e-06,0.001949421666141668,8.353420811826012e-05,11
color,45,0.006503830033241798,2.1189829916487668e-05,0.007985631574871484,0.00014848590692370891,2
colorado,10,0.0014452955629426219,4.0323228877138775e-07,0.0020544635409493616,6.99587467944315e-05,11
colorectal,42,0.006070241364359011,1.691536484197853e-05,0.008098108345724575,0.00012955693340678,0
colorful,17,0.002457002457002457,6.281484209421432e-06,0.002252270186553199,0.00010722904214402762,9
columbia,13,0.0018788842318254082,7.845458362416396e-08,0.0026785136560921793,6.906979066646348e-05,11
column,9,0.0013007660066483597,1.1647553816805673e-08,0.0028190730065970697,4.917790394544543e-05,1
comb,10,0.0014452955629426219,4.7260584977096883e-07,0.00334791712236183,5.4935828427722e-05,0
combat,52,0.007515536927301633,7.121771852597531e-05,0.009810907897162865,0.0001401197906192375,3
combination,156,0.0225466107819049,8.587694759239451e-05,0.02135071880750211,0.0002663094283097552,6
combine,200,0.028905911258852435,0.0002300480586580469,0.02358953443733919,0.0003473431348040217,1
combined,10,0.0014452955629426219,8.572139950329125e-08,0.0032433066068928334,5.3804568184599876e-05,3
come,682,0.0985691573926868,0.0029421240885611224,0.04525897373099555,0.0008298718978773083,0
comfort,90,0.013007660066483595,3.4623841199136786e-05,0.01640883642799132,0.00019871184341992476,1
comfortable,93,0.013441248735366382,6.893497804681861e-05,0.014179593162994537,0.000210024788840107,3
comforting,9,0.0013007660066483597,2.7175837706245424e-10,0.0029349579301828706,4.1010019891061246e-05,0
commence,57,0.008238184708772944,2.0228636212771346e-05,0.01123656293551247,0.00013634426768544444,3
commencement,29,0.004191357132533603,2.794086566315194e-06,0.00655357784516491,8.562121919087031e-05,7
commences.2,7,0.0010117068940598353,1.193138281438246e-09,0.0023831871695978606,3.579042029126588e-05,0
commencing,10,0.0014452955629426219,5.575974705737689e-08,0.003464386429046231,5.0471744727441355e-05,3
commensurate,10,0.0014452955629426219,4.4545011078933736e-08,0.0030690242097212144,4.4414253447209514e-05,0
comment,81,0.011706894059835236,0.00011380497843852574,0.011737777856107263,0.0002229528778433511,2
commercial,159,0.022980199450787685,0.00027249145657982275,0.02050176561980623,0.0003385909358138113,1
commercially,36,0.005203064026593439,1.1252601174114408e-05,0.00722451708814143,0.00012157241253116718,1
commission,17,0.002457002457002457,3.59475954634434e-07,0.00472880072307348,7.347156384711764e-05,3
commit,109,0.015753721636074577,7.212888889194257e-05,0.017938550009951922,0.00021184695407357716,3
commitment,92,0.01329671917907212,4.775302676257214e-05,0.015545452614500537,0.0002178470010952297,3
committed,26,0.0037577684636508164,1.0337553915748315e-06,0.006251641876899543,7.913846477767575e-05,3
committee,32,0.00462494580141639,8.527777659478335e-06,0.00692501157906945,0.00011184482117812838,2
common,606,0.08758491111432289,0.0025534683398074063,0.03989572808003606,0.0007129949154533649,1
commonly,250,0.03613238907356554,0.0004047172093061746,0.026829262565680887,0.0004165235088124074,6
communicate,29,0.004191357132533603,1.757205500232794e-05,0.0064982810670093,9.886357242364507e-05,0
communication,72,0.010406128053186877,6.166393557084876e-05,0.012256228568334694,0.00017988658246370978,3
community,88,0.012718600953895072,0.00016767939002657612,0.013990453264356816,0.0002505688978512984,3
comorbid,15,0.0021679433444139326,3.559204571710603e-07,0.004341185350127144,5.653234852150817e-05,1
comorbiditie,26,0.0037577684636508164,3.845928846490439e-06,0.005887693354911705,9.01330453192226e-05,2
comorbidity,10,0.0014452955629426219,1.2512540800157297e-07,0.0030475752670003522,5.5134982594660725e-05,7
comp,9,0.0013007660066483597,0.0001672438580569969,0.0005344413814208728,0.00010908687106227563,8
companion,10,0.0014452955629426219,3.9159326480563274e-07,0.0025118271321999605,6.547284242105636e-05,3
company,130,0.018788842318254083,0.000339908886588955,0.018634541008068366,0.00033645850329680347,0
comparable,17,0.002457002457002457,4.885747455580372e-08,0.0047285776058006235,5.700210511984631e-05,5
comparative,18,0.0026015320132967193,4.134666093280091e-06,0.004158956763555247,7.968631324786559e-05,2
compare,317,0.04581586934528111,0.0008315034581896605,0.030479659598784157,0.0005372874642499429,1
comparison,60,0.00867177337765573,4.0366791851260655e-05,0.011705003979569546,0.00016634847864234733,1
compassionate,34,0.004914004914004914,9.914292592688344e-06,0.006853442795354782,0.00012601882822412322,3
compatible,10,0.0014452955629426219,5.7186531085707155e-08,0.002531139270056584,5.94676527607774e-05,9
compensate,19,0.0027460615695909813,3.819850345953722e-06,0.0036300277930359473,8.20122480981728e-05,1
compete,37,0.0053475935828877,4.278302452806188e-06,0.008393712296837958,0.00011232713258836873,3
competition,10,0.0014452955629426219,1.4850048741531059e-08,0.0030996873996841086,5.029372817570809e-05,6
complain,29,0.004191357132533603,2.1361800460013144e-05,0.005810224802416185,0.00010878982320608941,0
complaint,69,0.009972539384304091,1.3079893589958616e-05,0.013307819871189935,0.00015037421089236617,5
complementary,10,0.0014452955629426219,4.370691682595611e-08,0.0029112606323631117,5.207614376110325e-05,7
complete,194,0.028038733921086863,0.00018686561774100918,0.02292650178085068,0.0003290760278551544,3
completely,151,0.02182396300043359,0.00014719479540812125,0.021154723522015972,0.00028848462367363263,0
complex,163,0.023558317675964734,0.00026465225025684307,0.02189988548784324,0.00032011251402869255,10
complexity,16,0.002312472900708195,8.760197604064953e-07,0.004296329658326984,5.983954676794832e-05,3
compliance,47,0.0067928891458303225,8.471894824064146e-06,0.011419217722915868,0.00013451396942648899,3
complicate,32,0.00462494580141639,2.1001076119290975e-06,0.0070238023531608825,8.406056011883087e-05,2
complicated,87,0.012574071397600809,1.4140609278304856e-05,0.01493863084999696,0.00017161136195172676,0
complication,164,0.023702847232258996,7.86975068549694e-05,0.022544094478807234,0.00028443452988888133,7
compliment,10,0.0014452955629426219,1.5106394555045263e-06,0.0025850650027639,5.464617497629886e-05,7
complimentary,28,0.004046827576239341,8.592935805716953e-06,0.006263165505839986,0.00010087560152561488,3
comply,19,0.0027460615695909813,4.019450140448192e-06,0.005059703109033623,8.338248146573848e-05,1
component,51,0.007371007371007371,2.2163935300085415e-05,0.00946780853458559,0.0001701319094553552,1
component.438,10,0.0014452955629426219,1.0425229671937401e-06,0.0018214807880887196,7.631406378294544e-05,1
composition,171,0.024714554126318834,9.178614353943487e-05,0.022146208874211364,0.00026728428256078094,5
compound,161,0.02326925856337621,0.0003117260646418399,0.021032886826921754,0.00034835530808781216,1
compounded,9,0.0013007660066483597,2.6130771838123852e-08,0.0029381795811380513,4.7740267550991026e-05,1
compounding,59,0.008527243821361469,4.736450853875414e-05,0.010531368053510048,0.00018579505896830183,1
comprehensive,252,0.036421448186154066,0.00032725525370446204,0.028506338653748353,0.00038816200357065945,3
comprise,25,0.0036132389073565544,4.378176931360683e-06,0.005688546964196,8.141830936434835e-05,7
compromise,9,0.0013007660066483597,1.9196904460153463e-07,0.002401188583773566,5.6801919983367414e-05,7
con,136,0.019656019656019656,3.94672143413496e-05,0.02000684961150818,0.00023054703330499648,3
conaway,8,0.0011562364503540975,5.641995999624753e-07,0.0012341772165635307,6.516354590675293e-05,11
concede,10,0.0014452955629426219,7.563337200146922e-07,0.0027993102113181424,5.1755047019171544e-05,7
conceive,55,0.00794912559618442,1.310092503958126e-05,0.010181624074477,0.00013835710790777633,6
conceiving,10,0.0014452955629426219,3.3175381111181724e-07,0.0030695172105560326,5.028569358014909e-05,3
concentrate,164,0.023702847232258996,0.00016433750865695845,0.019833000040615095,0.00030763996684217274,5
concentrated,18,0.0026015320132967193,1.4640628360868345e-05,0.0036069200698408046,8.938891857823639e-05,12
concentrating,10,0.0014452955629426219,1.2137592217381423e-07,0.0027034489329937714,4.736542287431475e-05,5
concentration,351,0.050729874259286024,0.000725287100014079,0.030299605007209556,0.0005148800388240556,5
concept,88,0.012718600953895072,0.00014738452245884002,0.013166837201771822,0.00024111510038858866,11
conception,10,0.0014452955629426219,6.351794879989242e-07,0.002875245208065414,5.149316264145811e-05,11
conceptually,7,0.0010117068940598353,5.830879675396858e-07,0.0022461057635563744,4.936940896722841e-05,5
concern,524,0.07573348749819338,0.0016217734183165944,0.039334612586659684,0.0006801661504138093,0
concerned,86,0.012429541841306548,1.6104974128088534e-05,0.014723368329363563,0.0001686044415051409,0
concerningly,9,0.0013007660066483597,2.6643529901588673e-07,0.0026052852773008513,6.18589729554806e-05,1
concert,8,0.0011562364503540975,3.736504050914653e-09,0.0025155097614329453,3.864680498991737e-05,6
concertation,9,0.0013007660066483597,5.5656477010353716e-08,0.002810726798390787,5.1704443798515805e-05,6
concierge,20,0.0028905911258852437,4.772638804088654e-06,0.0058406062630565235,7.867418107979775e-05,3
conclude,87,0.012574071397600809,3.233426165214014e-05,0.01407702954715162,0.00018820359834604452,11
concluding,9,0.0013007660066483597,2.6569058998315645e-09,0.002887574637602552,4.452541161389408e-05,6
conclusion,76,0.010984246278363925,1.4435751733050191e-05,0.013950429284044696,0.00016196122581905352,7
concomitant,10,0.0014452955629426219,2.2420684453150697e-08,0.002882847052177658,4.71207016755509e-05,7
concurrent,10,0.0014452955629426219,2.956439579214784e-07,0.0026591460997234056,6.185357184577568e-05,2
concurrently,9,0.0013007660066483597,6.053968473475971e-08,0.002989998296795686,5.394568312302886e-05,3
condition,842,0.12169388639976875,0.00440508673794182,0.04207538221728456,0.0008769243252041124,7
condition.3,10,0.0014452955629426219,2.635672149009374e-07,0.0030110474070912936,5.652218974222582e-05,3
conditional,56,0.008093655152478682,1.2246622695856147e-05,0.009749911046317295,0.000137871686758711,2
"conditions.5,7",10,0.0014452955629426219,5.666494662302898e-08,0.002639273385870718,5.790364436724269e-05,7
condorelli,10,0.0014452955629426219,2.8427563736155657e-06,0.0017333435631094114,8.170036913177794e-05,11
conduct,198,0.028616852146263912,0.0003820858873506266,0.02348962432043739,0.0003859299012291468,11
coneeny,10,0.0014452955629426219,2.225230091400904e-05,0.00026621046756166225,0.00011917327633234578,11
confederacion,9,0.0013007660066483597,1.1793305964996295e-07,0.0008486135495147162,8.412562228191118e-05,2
conference,19,0.0027460615695909813,1.145535347083213e-06,0.004522667781407762,7.919400688016205e-05,0
conferencing,9,0.0013007660066483597,1.1171494539601938e-07,0.0028094090879859043,5.317646723784132e-05,3
confidence,186,0.026882497470732764,0.00023043104646093662,0.02346405793796268,0.0003332053533343553,5
confident,55,0.00794912559618442,2.521552499969802e-05,0.010359433080232124,0.00016327914510979273,3
confidential,19,0.0027460615695909813,3.7617173233030563e-06,0.004531474412639045,8.859898891882244e-05,3
confidently,10,0.0014452955629426219,1.309270901188175e-07,0.002989813921516905,5.3977345413217846e-05,5
confirm,214,0.030929325046972107,0.00033365279205969586,0.023935255932792728,0.0003426458942794936,3
confirmation,27,0.003902298019945079,1.2580638832781197e-06,0.0057176637068716025,9.567424115320699e-05,6
confirmatory,17,0.002457002457002457,1.9820297442076193e-07,0.0043684672754598615,6.661252625262877e-05,3
confirmed,8,0.0011562364503540975,4.92258023557618e-08,0.0026775697140161508,4.097092383082377e-05,7
conflict,57,0.008238184708772944,3.4628523258179435e-05,0.011021660575628348,0.00015814565282425478,2
conform,9,0.0013007660066483597,3.7701803211337006e-08,0.0028093864777774483,4.893399592739124e-05,3
conformance,10,0.0014452955629426219,6.561513675972844e-08,0.00321771623867838,5.294641005832165e-05,3
confound,27,0.003902298019945079,5.720661710762924e-06,0.005991889107381783,9.678221091855418e-05,1
confounder,10,0.0014452955629426219,2.2923159280858826e-06,0.002513064350531332,6.228849340313111e-05,2
confuse,17,0.002457002457002457,7.061537616445833e-08,0.005220600049323,5.719204581440635e-05,6
confused,9,0.0013007660066483597,5.2347372510534066e-08,0.002642320479290597,4.62443731154274e-05,0
confusing,27,0.003902298019945079,2.0354198199553905e-06,0.006471798098375834,8.584350052233808e-05,1
confusion,20,0.0028905911258852437,6.785874434547369e-07,0.004830998979238891,7.970401369712408e-05,3
congenital,111,0.016042780748663103,9.074690772099497e-05,0.013860348422284816,0.00021785633298548768,7
congestion,9,0.0013007660066483597,8.864199739431587e-08,0.0027394046910571568,4.798667620498402e-05,1
congestive,8,0.0011562364503540975,1.0451380739771028e-09,0.0024415838596534914,4.0603533471002213e-05,7
conjunction,58,0.008382714265067205,7.572440118174285e-06,0.010736026941578783,0.00012359471070152891,0
connect,107,0.015464662523486054,0.00013256954758891667,0.01520822016884565,0.0002412550926610739,3
connection,96,0.013874837404249168,2.6608356358174035e-05,0.0144638818073944,0.00016821021444111457,7
connotation,9,0.0013007660066483597,2.0430867190912422e-08,0.0032300885567356817,4.563953899800534e-05,0
consciousness,10,0.0014452955629426219,4.593060487334962e-08,0.002903994414822634,5.2356075294543995e-05,5
consensus,61,0.008816302933949994,5.341577334499826e-05,0.010632958379458475,0.00018422133744562262,2
consent,27,0.003902298019945079,3.4834798883684004e-07,0.0070875429990675766,7.867679038577097e-05,3
consequence,131,0.018933371874548344,9.846150146184619e-05,0.01809560307196553,0.00024871637237849117,5
consequently,15,0.0021679433444139326,2.301412988326717e-06,0.003712036688667547,6.539116410567504e-05,6
conservative,20,0.0028905911258852437,2.0973212403819087e-06,0.00507625109676471,8.571452599925904e-05,5
conservatively,8,0.0011562364503540975,1.4862182396386228e-07,0.0023478997005952733,5.337652499363652e-05,3
conserve,8,0.0011562364503540975,6.464804403152136e-09,0.002236260462815008,4.356720149005319e-05,1
consider,542,0.0783350195114901,0.0012131892156108995,0.03943205924823001,0.0006349637899888413,3
considerable,33,0.0047694753577106515,6.955451528713133e-06,0.006973210844208145,0.00010581937102828196,2
considerably,8,0.0011562364503540975,0.0,0.0024723657381762725,4.149978481595505e-05,7
consideration,130,0.018788842318254083,7.362753613955905e-05,0.019612017824273808,0.0002407603206596586,3
consist,94,0.013585778291660645,0.0005688664139535274,0.014676871813745428,0.00020971525412701652,1
consistency,85,0.012285012285012284,4.683711579521694e-05,0.015557079008316687,0.0002109445336023218,1
consistent,160,0.02312472900708195,9.805068677696475e-05,0.022248750701367476,0.0002773378725369609,1
consistently,104,0.015031073854603266,0.00011491712749593048,0.015351070018089713,0.00021346653903384967,3
constant,53,0.007660066483595895,1.4329827657806385e-05,0.01091062071954729,0.00014004542188375573,0
constantly,47,0.0067928891458303225,9.850696012541118e-06,0.010162390561513952,0.00013078969134397707,0
constellation,23,0.00332417979476803,6.186740964680899e-07,0.005752944640684166,6.931527097702441e-05,7
constipation,16,0.002312472900708195,2.489891780908317e-06,0.0038498059921634035,6.724932591444018e-05,5
constitute,26,0.0037577684636508164,2.902253894442156e-06,0.006281356964719432,9.419127393590345e-05,11
constitutional,9,0.0013007660066483597,3.543902336524525e-08,0.0024017398090941207,5.045371510518851e-05,6
constraint,10,0.0014452955629426219,1.6781253857906825e-06,0.0025013886322418836,6.113152098901574e-05,6
constricted,9,0.0013007660066483597,1.2812680276432681e-07,0.002552230292351078,5.367748291478301e-05,5
constrictive,10,0.0014452955629426219,2.7507879253233047e-07,0.001892277223824504,6.766291140850725e-05,1
construct,10,0.0014452955629426219,2.6109103476078225e-08,0.0031310420303279126,5.591937229931084e-05,0
consult,172,0.024859083682613095,0.00013506409240790664,0.02328888908308703,0.00030190160137257645,3
consultant,34,0.004914004914004914,6.560626604512564e-05,0.003304869744667661,0.00020065242265360876,11
consultation,241,0.034831623066917186,0.00035317160079373475,0.028010261401238808,0.0004205115450778678,3
consume,107,0.015464662523486054,0.00013659032144052968,0.016313061281423975,0.0002569372010116241,9
consumer,72,0.010406128053186877,4.9790940863424974e-05,0.01197272403274412,0.00017853550281277886,0
consumption,92,0.01329671917907212,3.39506843897657e-05,0.014711353944695705,0.00020228906552138587,7
contact,293,0.04234715999421882,0.0007711682225736902,0.02531640040209917,0.0004234949254820877,1
contain,242,0.034976152623211444,0.0007616240286866563,0.024435306704548004,0.0004848973440896366,1
container,60,0.00867177337765573,3.710628344726301e-05,0.010484517071367267,0.0001744740630087727,1
contaminate,10,0.0014452955629426219,1.951168276195494e-07,0.002698452035611722,5.972417581684146e-05,0
contemporary,30,0.004335886688827865,1.8135470199333857e-06,0.007013808331378615,0.00010248589404168619,2
content,148,0.0213903743315508,0.00041203232757842424,0.017411423315857964,0.0003385439995825129,0
content.5,10,0.0014452955629426219,1.1215595848163667e-07,0.0026747140893979464,5.9567353796015577e-05,2
contentment,10,0.0014452955629426219,1.103136645427198e-07,0.0026123565528273244,5.1157999930122425e-05,5
contested,9,0.0013007660066483597,2.486671783290089e-08,0.0031954211734083774,4.842422751546104e-05,3
context,56,0.008093655152478682,1.757843735236233e-05,0.01122666490583966,0.00014657166760202348,3
continually,20,0.0028905911258852437,2.0331231743850698e-05,0.0037647600404044157,9.593495799638827e-05,3
continue,257,0.03714409596762538,0.00033729037935630566,0.02868841161984042,0.0004016817927052271,3
continuous,29,0.004191357132533603,6.480166244625627e-06,0.006563281566938228,0.00010525255189376798,7
continuously,27,0.003902298019945079,7.4709887106338915e-06,0.006059772427846906,9.502903797010899e-05,1
contraceptive,42,0.006070241364359011,9.661861392179644e-06,0.008863685805840339,0.00010736592201734347,7
contract,19,0.0027460615695909813,5.351093475667341e-06,0.004557340569892056,8.849904942042712e-05,3
contradict,10,0.0014452955629426219,5.78785302763997e-07,0.0028634721181989304,6.065917716324499e-05,0
contraindicate,10,0.0014452955629426219,4.0180533859388746e-07,0.0024246129525833035,5.901952840663984e-05,6
contraindication,87,0.012574071397600809,2.6994654753809414e-05,0.014248194000034468,0.00019045365708574087,3
contrary,28,0.004046827576239341,5.980814356826934e-06,0.005911830145817091,0.00010446525617747398,0
contrast,94,0.013585778291660645,2.698240661180674e-05,0.015968043246456072,0.00018134387387634286,1
contribute,350,0.05058534470299176,0.0006129366643551156,0.03151609319414241,0.00047290708152168437,7
contributing,25,0.0036132389073565544,1.8850891616281157e-05,0.004849883677815228,9.954798516573763e-05,13
contributor,20,0.0028905911258852437,5.5174726508428255e-06,0.004168121924405666,0.00010018042729672473,13
control,410,0.05925711808064749,0.0015167572581222648,0.03318461831513862,0.0006120198545215552,2
control=,10,0.0014452955629426219,1.6487484128769995e-08,0.003017472379318091,4.886798410177555e-05,6
controversial,44,0.006359300476947536,5.68447656658347e-06,0.009827344774217942,0.00012394098119551002,3
controversy,46,0.00664835958953606,2.9609707196984045e-05,0.009160979310860845,0.00012695983793044533,11
convenience,58,0.008382714265067205,4.6613777448577754e-05,0.010947631613769786,0.00017426503191103905,1
convenient,152,0.02196849255672785,0.00023030094073445668,0.02060349399898793,0.00031444098361329246,3
conveniently,9,0.0013007660066483597,2.6384352315643714e-08,0.003053716574426386,5.078994345876289e-05,3
conventional,10,0.0014452955629426219,2.355005593325004e-08,0.002532446107210236,5.57582301261351e-05,6
conversation,225,0.03251915016620899,0.00022194584238170422,0.02750424404087321,0.00037322213455873285,0
conversely,48,0.006937418702124584,2.626545088197675e-05,0.008766491977816605,0.0001436314342528886,6
conversion,45,0.006503830033241798,2.123542212671643e-06,0.010013577787755896,0.00011629336227171624,6
convert,144,0.020812256106373755,7.697953455470903e-05,0.018259230649285106,0.00026935713844510045,6
converter,8,0.0011562364503540975,1.4926553282840206e-09,0.0020738761793268486,4.608306777336577e-05,6
converting,9,0.0013007660066483597,3.498268144775317e-08,0.0025869902750577504,5.108467648339541e-05,6
convincing,9,0.0013007660066483597,8.497071396433051e-09,0.003097786357419738,4.979692106907292e-05,0
con’t,10,0.0014452955629426219,3.437558494554745e-07,0.0018938406507746023,6.450402580799598e-05,2
cook,8,0.0011562364503540975,0.0,0.002055323696849351,5.29111090074816e-05,9
cookie,38,0.005492123139181963,1.5309697444730226e-05,0.008386812924041365,0.00011797410625479952,3
coolidge,19,0.0027460615695909813,1.3259801520370557e-05,0.002821402513388601,0.00012221478787778685,11
cooney,9,0.0013007660066483597,1.0343958551374109e-06,0.0017555228402040485,6.043992284199054e-05,11
coordinate,7,0.0010117068940598353,5.074176328970007e-07,0.0007521958267748797,6.961226475927415e-05,11
coordinator,27,0.003902298019945079,4.3536222436400185e-06,0.0064857017434408505,9.292954433262682e-05,3
copay,9,0.0013007660066483597,3.8067620956013846e-08,0.002890104817867629,4.828445555148564e-05,0
copd,28,0.004046827576239341,8.397454574123353e-06,0.0054396675975957,9.598315117566162e-05,7
cope,36,0.005203064026593439,6.636268344443433e-06,0.008418272468175439,0.00010965369153015309,0
copper,10,0.0014452955629426219,2.513534904122256e-07,0.001953175878645865,6.543234023346268e-05,9
copulate,10,0.0014452955629426219,5.065488992066844e-07,0.002459150820567993,6.585703935047816e-05,5
copy,48,0.006937418702124584,4.3080103883621466e-05,0.007938375376294928,0.0001621749864796418,7
copyright,24,0.003468709351062292,2.0195221581839596e-05,0.0041304862702664915,0.00011431194106222867,11
coralville,10,0.0014452955629426219,6.333803405217346e-07,0.00241602072362755,6.662871594790929e-05,3
core,60,0.00867177337765573,3.0259986446114635e-05,0.012011743678391508,0.0001521466863497828,0
cornerstone,10,0.0014452955629426219,1.2402921468055877e-07,0.002524725075468169,6.269794752215462e-05,0
corona,67,0.009683480271715566,0.0002378407968466597,0.007831095621846418,0.00026807862353437354,11
coronary,55,0.00794912559618442,1.2806468508187384e-05,0.010304601041151891,0.00013833507992415042,7
corporation,10,0.0014452955629426219,5.938624515584816e-06,0.0014094043130324899,7.868257834518496e-05,11
correct,187,0.02702702702702703,0.00019143258880542676,0.022949770251747527,0.00029493763334757935,0
correction,10,0.0014452955629426219,7.907153660197544e-08,0.002833093463750001,5.2767313425654576e-05,2
correctly,50,0.007226477814713109,4.8056701618647165e-06,0.010507000362659348,0.00013086299411404318,0
correlate,41,0.005925711808064749,1.766892628651299e-05,0.007581427545355263,0.00012530408654463343,5
correlation,56,0.008093655152478682,2.055924592475737e-05,0.009713895845645472,0.000142749499561248,5
correspond,28,0.004046827576239341,4.432076572526842e-06,0.006390664241700356,8.677330157153314e-05,6
cortex,28,0.004046827576239341,3.53457553087294e-05,0.004722052664126283,0.00012791392897792712,6
corticosteroid,20,0.0028905911258852437,1.237130692746548e-06,0.005371574901573124,7.335651167796686e-05,7
corticotropin,7,0.0010117068940598353,1.4767265383284147e-08,0.001114784085578392,5.297295550997002e-05,6
cortisol,145,0.020956785662668016,8.473672750847387e-05,0.01798955221931894,0.0002525354432456901,6
cosmetic,17,0.002457002457002457,3.7078849224998624e-06,0.0037549319701583547,8.47251394948673e-05,5
cost,195,0.028183263477381124,0.00024019778503096766,0.024483074348043248,0.0003470310900238909,0
costly,45,0.006503830033241798,6.203091126838724e-06,0.010223868687994589,0.00012418585005224872,3
cotton,24,0.003468709351062292,1.1327440029692103e-05,0.0049596783784601325,9.350270678726626e-05,1
cough,9,0.0013007660066483597,8.109042849968285e-07,0.0027732129640962054,5.4344131752873375e-05,3
coughing,20,0.0028905911258852437,1.1691409208714395e-06,0.005300409259277984,8.264270077324789e-05,1
counsel,93,0.013441248735366382,3.510142735317856e-05,0.015682732856172218,0.00019165195886191143,3
counseling,86,0.012429541841306548,0.00012975523164877976,0.014064434615418106,0.00018950502214961436,7
counselling,9,0.0013007660066483597,3.844081556836122e-08,0.002526820320138488,5.11330396538694e-05,7
counselor,20,0.0028905911258852437,8.560340992641614e-07,0.005175303493259753,7.920650095854277e-05,3
count,314,0.04538228067639832,0.0007934549992822485,0.023732080941223102,0.0004074402551031735,7
counter,133,0.01922243098713687,0.00018592015719341902,0.018505771161730432,0.0002701995912147402,0
counteract,25,0.0036132389073565544,1.596318281267273e-06,0.005606550845252737,8.087237335686605e-05,6
counterintuitive,10,0.0014452955629426219,3.091019420824883e-08,0.0028956113009512797,5.574944101749403e-05,6
counterpart,9,0.0013007660066483597,2.0824672946941077e-08,0.003059397684521849,4.796691255148832e-05,1
counterproductive,10,0.0014452955629426219,6.847821687532716e-08,0.002880890424584854,5.269821722237057e-05,7
countless,17,0.002457002457002457,1.1097734874444126e-06,0.0046889483483122,5.7732250093264954e-05,3
country,77,0.011128775834658187,0.00012206192683890658,0.013139210072854336,0.0001946699465429585,0
county,21,0.0030351206821795057,2.9776783184680943e-06,0.004503670258018582,8.698852999424723e-05,3
couple,160,0.02312472900708195,0.0003221763281760653,0.021560973972833866,0.0003170207281298774,0
course,164,0.023702847232258996,0.0003339241188770577,0.021093247822925123,0.0002973732353359854,0
courtesy,31,0.0044804162451221275,7.347498067597537e-05,0.005063704632832286,0.00013532440156423044,2
cover,198,0.028616852146263912,0.0002648789161111744,0.024190593844148536,0.0003568465743240538,0
coverage,18,0.0026015320132967193,3.3205726853607987e-06,0.004927509783142327,7.347538761227408e-05,0
covid,20,0.0028905911258852437,6.4716181731280356e-06,0.004203308358249938,9.305706159098215e-05,7
covid-19,114,0.016476369417545888,0.00017700497625905895,0.014747794426744077,0.0002777899535357169,11
covington,10,0.0014452955629426219,2.051550694362e-06,0.0002850076416494476,0.00011607400358881346,12
cow,18,0.0026015320132967193,2.5730693636260725e-06,0.004873752132014375,7.916808377676763e-05,0
coward,10,0.0014452955629426219,8.620981597615423e-07,0.0007758401498442325,9.982323425643959e-05,11
cpap,28,0.004046827576239341,1.4063671623743803e-05,0.005444302409981454,0.0001015773289266704,7
cpt,13,0.0018788842318254082,1.2013801002010141e-06,0.002995896637175663,7.322316318623914e-05,3
cqc,39,0.005636652695476225,1.3816888491482521e-05,0.007649304142846937,0.00013513841466899533,3
crack,10,0.0014452955629426219,1.4160051618581183e-07,0.0026352922754299527,5.105056472320023e-05,0
craft,20,0.0028905911258852437,4.097963946413071e-07,0.005945882136199048,7.019908225298646e-05,3
craniofacial,10,0.0014452955629426219,1.86802691090551e-07,0.0023727092450818808,6.182361653170124e-05,7
craniopharyngioma,10,0.0014452955629426219,9.148694208244968e-08,0.002547724485833588,5.727414342342179e-05,7
crank,10,0.0014452955629426219,2.362567591623951e-07,0.0020046184731123905,6.639503966197511e-05,6
crash,45,0.006503830033241798,1.9017118386221576e-05,0.009161338200582464,0.00015226838014972425,0
crazy,19,0.0027460615695909813,3.1787807614144104e-06,0.005265528745899573,7.690753221312253e-05,0
cream,296,0.0427807486631016,0.0007031575428995851,0.028535937074973053,0.0004729773149167733,1
creams,10,0.0014452955629426219,2.776933384461595e-09,0.003235618065703085,4.414679724427201e-05,1
creamy,10,0.0014452955629426219,3.3130715274441476e-07,0.0028849521379176496,5.790152502613315e-05,1
create,288,0.04162451221274751,0.0008536664997685607,0.029047592851877423,0.0005164222163369931,1
creatinine,10,0.0014452955629426219,2.2946534008534752e-06,0.001477148666940953,7.708714790002926e-05,7
creation,20,0.0028905911258852437,6.250410918739801e-06,0.004627454331559104,7.682980441105086e-05,11
creativity,10,0.0014452955629426219,2.2230309623390564e-07,0.0023778039942393726,6.147188123109712e-05,7
credential,20,0.0028905911258852437,3.8701513455497284e-06,0.004969031672977576,8.360463818217148e-05,3
crisis,50,0.007226477814713109,1.1607408467837402e-05,0.009614847818350427,0.0001508555777545142,0
crisp,10,0.0014452955629426219,7.127466225919994e-08,0.0030414068467308937,5.933553999726683e-05,0
criteria.411,10,0.0014452955629426219,4.3552693446742724e-08,0.002800891079354607,5.409075248573944e-05,2
criterion,124,0.01792166498048851,6.11704547679555e-05,0.01831517647806204,0.00025356210960747,1
critical,136,0.019656019656019656,0.0001203336391894047,0.018804736586794928,0.00025455272504295093,6
critically,19,0.0027460615695909813,8.876448645372257e-07,0.004982632694449516,7.148012504715415e-05,11
critter,9,0.0013007660066483597,7.32661188675899e-08,0.002389228103829205,5.564635365906163e-05,0
cross,28,0.004046827576239341,3.474385215396803e-05,0.005240008821637932,0.00011603777961188953,0
crown,10,0.0014452955629426219,3.3430393184219156e-07,0.002296347061203343,6.251517024700076e-05,6
crucial,177,0.025581731464084406,9.906465233338207e-05,0.023095906859061485,0.0003040729634926457,3
crucially,9,0.0013007660066483597,1.7582085193201947e-08,0.0022402040944933185,4.811325467116341e-05,2
crude,10,0.0014452955629426219,4.086277669402303e-08,0.0024380526386863647,5.253006040128837e-05,2
cry,13,0.0018788842318254082,1.1740509332694922e-07,0.0035610296892685297,6.355836363115216e-05,0
cryptorchidism,36,0.005203064026593439,5.3581188931846887e-05,0.0047969860397006694,0.00014919592594198912,7
crystal,10,0.0014452955629426219,2.4051587119722653e-07,0.0016664396144857757,7.279291532296861e-05,10
crystalize,10,0.0014452955629426219,5.7143940213506664e-08,0.002908136596250785,5.1100667674741906e-05,1
crystalline,10,0.0014452955629426219,1.1271119519478826e-07,0.0026683305041912873,5.5517433324763066e-05,1
crystallised,10,0.0014452955629426219,2.294167895952086e-07,0.002672003299926485,5.400533838447549e-05,1
crystallography,10,0.0014452955629426219,9.54184854721676e-07,0.0024511811085929174,6.800244374145564e-05,10
cua,41,0.005925711808064749,1.749890677657313e-05,0.007413889148819363,0.00014220331839114332,11
cuaj,52,0.007515536927301633,7.271864574256262e-05,0.006628794913854823,0.00020318036800855545,2
cuban,10,0.0014452955629426219,7.754976305116189e-08,0.0029744540494654756,5.585038410962173e-05,0
cue,10,0.0014452955629426219,1.107142777096594e-08,0.0033410423581241838,4.626939643234736e-05,6
cuff,9,0.0013007660066483597,7.518758291590635e-08,0.002151477645932826,5.662839146066708e-05,6
cui,10,0.0014452955629426219,4.5019964917387865e-07,0.0017119818013331674,7.058434691318897e-05,2
culley,10,0.0014452955629426219,1.673547498981161e-05,0.001189636290034347,8.845882518099715e-05,11
culprit,19,0.0027460615695909813,2.420221729731756e-07,0.005421828314468473,6.797565201101325e-05,7
cultivate,18,0.0026015320132967193,1.3881146310716737e-06,0.004467378685194819,7.926890989562239e-05,5
cultural,28,0.004046827576239341,6.8126451316336875e-06,0.006239921459871241,0.00010522686711557006,5
culturally,10,0.0014452955629426219,3.061288414394353e-07,0.0024157536072677024,6.0983422993479756e-05,5
culture,44,0.006359300476947536,1.2723036653094796e-05,0.00970118043632119,0.0001282878940206812,0
cumbersome,10,0.0014452955629426219,2.635863567896469e-06,0.0023671744891715315,6.08259272268052e-05,1
cumbria,10,0.0014452955629426219,6.580537653757778e-07,0.0016637081253113085,7.252553416781152e-05,3
cumulative,37,0.0053475935828877,6.392904998783872e-06,0.008311667158932692,0.00010144979127910262,1
cunningham,44,0.006359300476947536,0.00040193341199915776,0.0028920248125978696,0.00025240695996446143,11
cup,10,0.0014452955629426219,9.023054387346261e-07,0.0020685859848892834,5.959337453601506e-05,0
cure,114,0.016476369417545888,5.333384865302829e-05,0.017362011908023153,0.00022177967577429968,0
curiosity,25,0.0036132389073565544,1.4353410047074287e-06,0.005983421739359493,8.772388715232911e-05,0
curious,44,0.006359300476947536,1.495104371191751e-05,0.008801975863823596,0.0001377673548187216,0
curr,10,0.0014452955629426219,1.390912485575949e-06,0.0016678842393818563,7.608630116608955e-05,11
current,318,0.04596039890157537,0.00047093091171380275,0.034604549395845154,0.0004999907998930687,3
currently,180,0.02601532013296719,0.00023715955603996692,0.0232562818207095,0.00032777283441842486,1
curvature,18,0.0026015320132967193,4.635474737839091e-06,0.0037197591798840313,9.297566825338477e-05,1
curve,10,0.0014452955629426219,6.217345591276169e-07,0.002126862146580435,6.743360993450289e-05,1
cushe,10,0.0014452955629426219,1.5638358617900433e-07,0.00225167786890286,6.0233989334851405e-05,7
cushing,12,0.001734354675531146,3.645361400065225e-08,0.0032741099882506093,5.3748250579537874e-05,7
custom,20,0.0028905911258852437,2.3833420553334144e-07,0.006138763646513458,7.356456340031052e-05,3
customer,18,0.0026015320132967193,2.826277635644929e-07,0.00555945328507805,6.77374409863456e-05,2
customise,10,0.0014452955629426219,5.604362245481622e-09,0.00340274824673324,4.8768048765969484e-05,3
customizable,10,0.0014452955629426219,5.2395103971907054e-08,0.0032460106646764824,5.3981420476251416e-05,1
customization,32,0.00462494580141639,1.9292547305401027e-06,0.007786294748449276,8.914401554216915e-05,3
customize,78,0.01127330539095245,1.2420857794794195e-05,0.01525926782332034,0.00015378914604643188,3
cut,118,0.017054487642722937,6.429522619579076e-05,0.017204606813163905,0.0002386100819991194,2
cutoff,45,0.006503830033241798,8.168077696651322e-06,0.008900244345706682,0.0001366085070395289,2
cutter,39,0.005636652695476225,2.1990470325454057e-05,0.008257542694359075,0.00011957325996434468,3
cvd,61,0.008816302933949994,6.02466402753537e-05,0.010235218363474035,0.00017795892380325214,7
cycle,152,0.02196849255672785,7.524365772487626e-05,0.020918444925343418,0.00027439074145691226,6
cycling,8,0.0011562364503540975,1.7563258961984932e-06,0.0019984705118554595,4.852593462996155e-05,1
cyp3a4,9,0.0013007660066483597,3.4767215936304074e-08,0.002995778025117854,4.728700076969741e-05,7
cypinate,8,0.0011562364503540975,6.141251045987189e-08,0.001853889131974743,5.427339164316592e-05,1
cypionate,106,0.01532013296719179,6.797400613402959e-05,0.015059069787025899,0.00022577918737218925,1
cypre,10,0.0014452955629426219,2.2874274221684895e-07,0.0017021168999001373,7.03345661284566e-05,11
czub,20,0.0028905911258852437,0.000209427780986195,0.003421881674814731,0.00011977442547623738,11
d.c,10,0.0014452955629426219,6.931146641078713e-06,0.002064971531627301,7.090392497417749e-05,11
d.c.—has,10,0.0014452955629426219,1.4609262073422723e-08,0.0033321076846364417,4.824085605657838e-05,0
dab,10,0.0014452955629426219,3.2485403947030084e-07,0.002349353032370656,6.764584629953947e-05,0
dabaja,90,0.013007660066483595,2.7382109892313527e-05,0.015103878230418413,0.00018473390776678779,3
dad,9,0.0013007660066483597,3.5806286668442302e-09,0.0029557825945570326,4.451471929088648e-05,0
daily,344,0.04971816736522619,0.0011952634124377456,0.03230368357848432,0.000552008079267292,1
daily.432,10,0.0014452955629426219,2.265969608866229e-07,0.002370162445087555,6.300734092608997e-05,1
dairy,20,0.0028905911258852437,5.0999771396796724e-06,0.00448155409459313,9.180294403791036e-05,9
dalhousie,7,0.0010117068940598353,5.969089179129483e-09,0.0011174255915143661,5.936834238292479e-05,11
damage,175,0.02529267235149588,0.00016582811787965786,0.02046785564206966,0.0002945281577255018,7
damaging,27,0.003902298019945079,8.670142135532844e-06,0.005386246407582721,0.00011410787481143791,7
dampen,9,0.0013007660066483597,1.2171562355291058e-08,0.0028995925603843703,4.53107172684902e-05,6
dan,10,0.0014452955629426219,9.392064627778109e-08,0.0018440512945751305,6.589030380433234e-05,11
dane,10,0.0014452955629426219,5.020024274520731e-07,0.0024604004397055673,5.686639976369714e-05,11
danger,54,0.007804596039890158,4.015094587270369e-05,0.00993691851656376,0.00017698012925489826,2
dangerous,124,0.01792166498048851,0.00013815789031174184,0.01738015353523686,0.000257144735140925,0
daniel,20,0.0028905911258852437,0.00017567325955151602,0.0027677436857002934,0.00013010410942285852,11
dansville,10,0.0014452955629426219,9.573140225711928e-07,0.0011520111759537987,8.753457213990283e-05,12
dark,67,0.009683480271715566,0.00019192314640373507,0.010733299955127371,0.00019798718854671676,9
darn,8,0.0011562364503540975,0.0,0.003272615428664703,4.0779345273021895e-05,0
data,19,0.0027460615695909813,1.874763443491127e-06,0.004516585540340362,7.40427672430409e-05,7
database,35,0.005058534470299176,2.4336417046808406e-05,0.005738676331179364,0.0001541380471568774,2
dataset,10,0.0014452955629426219,2.0050717058899565e-07,0.0028714247809995966,5.4014345746069526e-05,11
date,147,0.02124584477525654,0.0005310496477852763,0.019109558353845226,0.00033430565179958004,3
datum,345,0.04986269692152045,0.0009661254394747854,0.03325047585291686,0.0005747314125260876,2
daunt,10,0.0014452955629426219,1.2139493251476305e-06,0.0028156003020354857,5.1566056146143426e-05,3
daviau,10,0.0014452955629426219,0.00020267969591130332,0.0005958150268058161,0.00010773487765864007,11
david,29,0.004191357132533603,0.0002574347737452882,0.0037606588742230096,0.00016386081851035758,11
davisfor,10,0.0014452955629426219,4.1714996784255595e-08,0.002323253503721915,6.295875860610015e-05,11
day,619,0.08946379534614829,0.002732426053604097,0.04252972652673164,0.0008167037855399011,1
daytime,9,0.0013007660066483597,6.424242962709725e-09,0.0026529318674717597,4.5889390955278365e-05,5
dc10,10,0.0014452955629426219,9.583251251169319e-06,0.002083469850249332,6.925095719970484e-05,11
dea,9,0.0013007660066483597,1.1850229588336052e-07,0.0021209490830973,6.157264425137294e-05,1
deactivation,20,0.0028905911258852437,6.969932527198667e-06,0.004154786582788684,8.783552664685577e-05,6
dead,9,0.0013007660066483597,3.845260675536546e-08,0.0027231833003471327,4.915258247800942e-05,0
deadline,8,0.0011562364503540975,1.865145626573017e-09,0.003063446047610915,4.435909748881822e-05,0
deaf,10,0.0014452955629426219,3.090657606339721e-09,0.002579170791478647,5.125472490038978e-05,7
deal,126,0.018210724093077033,0.0001292400004767457,0.018419049944330343,0.0002738818978590882,0
dear,28,0.004046827576239341,5.599407787795061e-06,0.006683689168666082,9.657889661631247e-05,0
dearborn,7,0.0010117068940598353,3.3996577337508364e-06,0.0016321741082106068,5.403738381397924e-05,3
death,71,0.010261598496892614,3.2289396822676005e-05,0.012097474186061307,0.00017366145667797967,7
death.64,18,0.0026015320132967193,8.085362325205893e-08,0.005205765073650398,6.367710179741894e-05,7
"death.70,71",10,0.0014452955629426219,7.145497566535004e-07,0.0025253297293335404,6.060569976672554e-05,2
"deaths/1,000",10,0.0014452955629426219,1.8792510255103727e-10,0.003001021615793338,4.4341178026851014e-05,0
debate,15,0.0021679433444139326,1.81709616268799e-08,0.004851710085934603,5.256806866986289e-05,0
debilitate,28,0.004046827576239341,5.253502336767795e-06,0.006030485534732043,9.480480747870414e-05,3
deborah,10,0.0014452955629426219,9.83982556368248e-07,5.165702180438732e-05,0.00012805052772506956,11
debunk,25,0.0036132389073565544,5.086401024956058e-07,0.00611440340328336,7.971004622713247e-05,0
decade,169,0.024425495013730307,0.000222620078253704,0.021712316666052833,0.0003202968551188871,3
deceased,10,0.0014452955629426219,2.0261630979584873e-08,0.002929192651290934,4.9496256898512366e-05,5
december,20,0.0028905911258852437,2.9198447939690695e-05,0.0024897790886599337,0.00013393058717109868,11
decent,19,0.0027460615695909813,4.066917689875622e-07,0.005539924256009034,6.643523391956334e-05,0
decide,238,0.0343980343980344,0.0002456062171221907,0.02833897836023159,0.00035551522418085957,0
deciliter,97,0.014019366960543431,6.16110347387027e-05,0.012757597485214326,0.00018667526388261256,2
decision,239,0.03454256395432866,0.0003237582643950904,0.028972645749081115,0.00043145858910170835,3
declaration,7,0.0010117068940598353,1.273615806585855e-07,0.002088968421751642,4.812348304698575e-05,1
decline,413,0.05969070674953028,0.0008654067738572161,0.030225057915278353,0.0005126208896231737,6
decrease,591,0.08541696776990895,0.0023637090399296666,0.0342906653720474,0.0006870515339274684,5
decreased,29,0.004191357132533603,6.546559126903834e-06,0.0054509950914994635,0.00010016411436784733,1
dedicate,76,0.010984246278363925,4.587779027711954e-05,0.012829612839177865,0.00018078456935565198,3
dedicated,30,0.004335886688827865,7.64662336637584e-07,0.007948775383832716,8.466188304705974e-05,3
deduplication,9,0.0013007660066483597,3.516453391547977e-08,0.002166211153369821,5.890991317974329e-05,2
deem,39,0.005636652695476225,1.8464229863432696e-06,0.00969751735942311,0.00010944769367762555,3
deep,148,0.0213903743315508,0.00024976594841740444,0.018982345198281878,0.00031720464581641924,10
deepen,19,0.0027460615695909813,2.984170278241711e-06,0.0044744371111994094,6.596187155141365e-05,6
deepening,51,0.007371007371007371,2.123609746023661e-05,0.008474009503218036,0.00011616633827256333,6
deeply,39,0.005636652695476225,2.5461477017314377e-06,0.008585871317677827,0.00010825556549519619,3
default,9,0.0013007660066483597,5.420245963921978e-10,0.002801758176194151,4.6927775691984196e-05,1
defect,46,0.00664835958953606,5.3207716914484355e-05,0.007525294719969378,0.00012939995452325898,7
defer,10,0.0014452955629426219,5.959659246438641e-08,0.0024725473203945376,5.592765713813138e-05,3
deficiency,784,0.11331117213470154,0.004513454431128625,0.04066862916316358,0.0009307565006076532,7
deficient,113,0.016331839861251626,3.2237294671158523e-05,0.016657750187014563,0.00020003035760623731,6
"deficient,2",9,0.0013007660066483597,9.559733282946087e-09,0.002918607748196204,4.4775612663393465e-05,1
defied,10,0.0014452955629426219,4.700362116891224e-07,0.0024100579254963095,5.8107459032828775e-05,1
define,215,0.03107385460326637,0.00025874665383530173,0.025152920092721947,0.0003574014712382445,2
definite,13,0.0018788842318254082,2.6926521298794823e-07,0.0032392270093719393,6.490438294405475e-05,2
definitely,84,0.012140482728718023,1.566848035313422e-05,0.01594184195495803,0.00018034400402503219,0
definition,70,0.010117068940598353,2.7034107318736575e-05,0.011920459192391859,0.00016072200931230312,2
definitive,80,0.011562364503540975,1.909799692576823e-05,0.014075589292188148,0.00017182291320878726,2
definitively,46,0.00664835958953606,3.3215400234551298e-06,0.010024810369679619,0.00011124599311319388,2
deformity,10,0.0014452955629426219,4.494546762951722e-07,0.0019860682438082424,6.822143370629616e-05,1
defy,306,0.044226044226044224,0.0004550859472004177,0.0303920570770709,0.00043603184954535396,3
degeneration,10,0.0014452955629426219,6.1518734606146e-08,0.0027332263766752397,5.5749764444650767e-05,6
degree,155,0.02240208122561064,0.0002216260224565458,0.019676592814295634,0.00030749977846162993,2
degroot,12,0.001734354675531146,1.3562733462146753e-06,0.0028432320268494543,6.876454325483193e-05,11
dehydrate,10,0.0014452955629426219,8.052269347694169e-07,0.0020857088584788895,6.82710339635369e-05,0
dehydration,24,0.003468709351062292,3.236329249631815e-06,0.006248726945004824,8.375029522663065e-05,2
dehydroepiandrosterone,47,0.0067928891458303225,1.683482535311854e-05,0.007604179059108861,0.00013413940331325562,6
delatestryl,17,0.002457002457002457,1.145975579151089e-06,0.0030674921320295785,8.827955919089895e-05,1
delaware,10,0.0014452955629426219,6.89015618350105e-07,0.0016035363719167205,7.720133421861911e-05,11
delay,170,0.02457002457002457,0.00023087823607310953,0.019899788944574445,0.0003299212365701981,7
delayed,34,0.004914004914004914,3.01272566328652e-06,0.007032360739342949,9.586194520280521e-05,7
deleterious,10,0.0014452955629426219,7.358242000359121e-09,0.002920345857062839,4.333570826915085e-05,5
delicate,36,0.005203064026593439,5.930705395485681e-06,0.00801903633184492,0.0001134072213796626,6
delicious,8,0.0011562364503540975,1.6792772470035068e-09,0.002834268799117764,4.519807365252384e-05,0
deliver,286,0.04133545310015898,0.00047867971923933126,0.03033869493742295,0.00047061369130747886,1
delivery,257,0.03714409596762538,0.0004953944828396268,0.027903163751529927,0.0004205136449448855,1
delphi,9,0.0013007660066483597,3.341866052987741e-08,0.0026554260803720955,5.4032063333821545e-05,11
delve,38,0.005492123139181963,6.27427261118038e-06,0.00892974295896908,0.00011442545676671931,0
demand,71,0.010261598496892614,2.6180146033912807e-05,0.013527244937498467,0.00017779437419553502,3
dementia,10,0.0014452955629426219,8.077225499216827e-08,0.0036409229309192596,5.024561942931701e-05,0
demographic,26,0.0037577684636508164,8.916412071502211e-06,0.005344572114883835,0.00011443156833533545,11
demonstrate,179,0.02587079057667293,0.0002713762046894246,0.023077179934102555,0.0003598209445968056,1
demotivate,10,0.0014452955629426219,8.444267977057755e-08,0.00304720936758379,5.3092811355107854e-05,6
dennerstein,8,0.0011562364503540975,0.0,0.0018761797393445896,6.721941202339172e-05,6
denote,18,0.0026015320132967193,9.982477459044177e-08,0.004883827575718591,6.623674206870035e-05,3
dense,18,0.0026015320132967193,1.7901702839708352e-06,0.004289766514678944,7.976807799940243e-05,7
densitometry,8,0.0011562364503540975,2.0268668537293083e-08,0.002521515971270515,4.345867604401809e-05,5
density,265,0.03830033241797948,0.0003095630009737966,0.022785358582096283,0.00036678035385636856,5
dental,20,0.0028905911258852437,2.4596328066895512e-06,0.004506514220564043,8.407207479546963e-05,7
deny,20,0.0028905911258852437,1.305465216945175e-06,0.004927631948907257,7.614058771483102e-05,7
deodorant,8,0.0011562364503540975,8.544304026559784e-08,0.002146545016794434,5.2799189159396934e-05,1
department,190,0.027460615695909813,0.0008452105778283335,0.017237619696691624,0.0004836876340098711,11
depend,359,0.051886110709640124,0.00032123798196018037,0.03289003647716648,0.0004173330267563874,1
dependant,9,0.0013007660066483597,3.309032847320007e-10,0.0026249119670232616,4.379239299718437e-05,6
dependent,51,0.007371007371007371,4.75560391677504e-05,0.010317176460435737,0.00014714505663514693,1
depersonalisation,16,0.002312472900708195,1.1376331623857537e-07,0.004124265605876822,6.489167056936902e-05,5
depo,17,0.002457002457002457,1.6794780362031675e-06,0.0029745146597080162,9.080646454031883e-05,1
deposit,14,0.0020234137881196706,2.7194468906691677e-07,0.003494277334942179,6.665500771328218e-05,7
depot,25,0.0036132389073565544,6.294899210903129e-07,0.006413758028086738,7.937774785606707e-05,1
depotestosterone,8,0.0011562364503540975,5.7290675280902455e-08,0.002130071508312256,4.9219660003429856e-05,1
depress,26,0.0037577684636508164,4.319472264737834e-07,0.006036930227481465,7.28366455414044e-05,5
depressed,109,0.015753721636074577,5.219009783634652e-05,0.015815596251931047,0.00021281614331845902,5
depression,398,0.05752276340511635,0.001033089707328882,0.0304239576093521,0.0005089671552549151,5
depressive,62,0.008960832490244255,1.0528897821089086e-05,0.010175039504059617,0.00012728027129846225,5
deprivation,43,0.006214770920653274,2.4774481154008777e-05,0.008670660248702167,0.00013045142264974882,7
deprive,15,0.0021679433444139326,4.85295513172908e-06,0.0041178274953538015,6.067436734645678e-05,7
depth,103,0.014886544298309004,2.5727213960866903e-05,0.017869394104764937,0.00020229638543478479,3
derail,16,0.002312472900708195,4.223076692235235e-08,0.004856412072608487,5.2781527431907605e-05,3
derive,18,0.0026015320132967193,4.49661876566127e-06,0.004517796044021001,7.592543186319332e-05,2
dermatologist,19,0.0027460615695909813,1.8952533322465645e-06,0.004998840908160675,8.47772532237084e-05,11
dermatology,36,0.005203064026593439,1.647730012212111e-05,0.006388592942757121,0.0001315696479537445,11
desai,8,0.0011562364503540975,8.706826248977866e-08,0.001858680434274179,6.137829751166357e-05,3
descend,19,0.0027460615695909813,1.8203640026405916e-06,0.003929595778088456,7.747851733678153e-05,7
descent,9,0.0013007660066483597,1.6492446952101342e-07,0.0025451258010031562,5.3886286277246976e-05,6
describe,126,0.018210724093077033,0.0001360036783740653,0.017649382232847895,0.00021923696516304702,1
"described.446,447",10,0.0014452955629426219,4.138274681703185e-07,0.0029715414240298155,5.0613882260413826e-05,1
description,19,0.0027460615695909813,2.7485445164251428e-05,0.0038689399991140086,9.301296084292795e-05,3
deserve,18,0.0026015320132967193,6.957685107652852e-06,0.0042417933912797835,8.4534600908188e-05,11
design,242,0.034976152623211444,0.00034185090435223035,0.02813439365756284,0.0004001926601143062,3
desire,269,0.03887845064315652,0.00026759602274055975,0.027306637755297878,0.000374349960477002,5
despite,217,0.031362913715854895,0.00037102501197387337,0.026224516584059603,0.0004048883756694724,6
dessert,27,0.003902298019945079,1.982447665006098e-05,0.003900991591260298,0.00013421946864363481,9
destination,10,0.0014452955629426219,1.4764661173178031e-06,0.002248052605636222,6.511760032475366e-05,3
destruction,9,0.0013007660066483597,2.0532295331333293e-07,0.0018687719368730587,5.755933692071143e-05,7
detach,9,0.0013007660066483597,9.266588115805442e-09,0.002589875182168375,4.834967995174532e-05,1
detail,143,0.02066772655007949,0.00020941600047572978,0.019960535166971938,0.0002905583680863463,0
detailed,83,0.011995953172423761,1.8048733899496897e-05,0.015465541389991101,0.00018596058697061048,3
detect,74,0.0106951871657754,1.791222295404994e-05,0.012258124381728866,0.00017238869330381149,6
detection,28,0.004046827576239341,2.460185744874805e-07,0.007843098740315253,8.480974930039707e-05,7
deter,10,0.0014452955629426219,4.581286302104714e-07,0.0032533883128139152,5.4435549614490966e-05,3
deteriorate,18,0.0026015320132967193,4.6057826758575777e-07,0.004498930930773654,6.463263218458525e-05,6
deterioration,40,0.005781182251770487,1.0062656537747844e-05,0.00770639544800288,0.00013192493669440087,5
determinant,20,0.0028905911258852437,6.255204263773422e-06,0.004607965436544389,9.204001792757986e-05,7
determination,41,0.005925711808064749,1.3695567333581076e-05,0.008751915316528431,0.00011830425758953004,5
determine,322,0.04653851712675242,0.0004791171732278132,0.029805217620073717,0.00041880711041244724,3
detrimental,20,0.0028905911258852437,4.0022387233487303e-07,0.00497801574878612,6.731959932453669e-05,0
detroit,5,0.0007226477814713109,0.0,0.0007539998055339453,4.7998132866253085e-05,3
detrusor,10,0.0014452955629426219,1.0182576259822329e-07,0.002856698472394589,5.9470896627960814e-05,7
devastating,26,0.0037577684636508164,1.1510130975860024e-06,0.006513258477980288,9.083301547637986e-05,5
develop,462,0.06677265500794913,0.0016300308022692456,0.0348222573577792,0.0006348053639050368,7
development,345,0.04986269692152045,0.0009336467202306014,0.02908497361099375,0.0005205149541887793,6
developmental,34,0.004914004914004914,1.2171642302191997e-06,0.007715275655788505,0.00010270599274925257,7
device,128,0.01849978320566556,0.0002172129783542298,0.017680136849749745,0.0002928004051802174,1
devise,10,0.0014452955629426219,1.265551572420344e-08,0.0035952050970289857,4.7867633004929006e-05,3
devote,10,0.0014452955629426219,5.197174932120668e-07,0.0029344126081493776,5.112288265561566e-05,3
dewitte,10,0.0014452955629426219,1.2255564302802378e-06,0.0013434652265391538,8.58499042036579e-05,11
dhaliwal,23,0.00332417979476803,1.9508580892367896e-05,0.00349569722992801,0.0001258695219760788,11
dhea,95,0.013730307847954907,4.102019366349963e-05,0.013913467909970407,0.0001947587741796929,6
dheas,10,0.0014452955629426219,9.20793633446051e-09,0.002108843002404321,5.4893012975242237e-05,6
dhindsa,10,0.0014452955629426219,1.8392051269985331e-06,0.001977619826934261,6.0066268225034364e-05,11
dht,201,0.029050440815146697,0.00014398686057636413,0.022949160474309033,0.00033789572638456047,6
diabete,278,0.04017921664980489,0.001259883663614433,0.025028988543752125,0.0004829538192594183,7
diabetes,360,0.05203064026593438,0.0010525267288350323,0.028588219705537318,0.0005256566053900486,7
diabetes.wang,10,0.0014452955629426219,5.160125137038992e-06,0.0019853935869202097,6.924448312740812e-05,11
diabetic,80,0.011562364503540975,3.679982821834005e-05,0.01337120279048406,0.00019194860179919278,7
diagnose,418,0.06041335453100159,0.0009177730027209921,0.03259209975738494,0.0005153127117095825,3
diagnosis,472,0.06821795057089175,0.0015873474268413446,0.03587839486111154,0.0006446217773211505,3
diagnostic,191,0.027605145252204075,0.0007193723103344299,0.02373969861059953,0.0004094777568016566,3
dial,25,0.0036132389073565544,9.48264124714804e-06,0.005264551983247674,9.89625473793446e-05,1
dialysis,26,0.0037577684636508164,1.1415156667287735e-05,0.005597963151269075,9.679528010158243e-05,2
diameter,10,0.0014452955629426219,6.281875180024559e-08,0.0028910140815381893,5.7564494612862325e-05,0
dian,10,0.0014452955629426219,2.958837665864639e-06,0.0018933517211132545,7.711139382218857e-05,11
diana,10,0.0014452955629426219,2.5357121814488506e-06,6.391416123630679e-05,0.000133923252549645,8
diarrhea,10,0.0014452955629426219,4.7008326761650343e-07,0.0024777125767236536,5.3625187429775614e-05,7
dictate,10,0.0014452955629426219,1.3648013706839637e-08,0.003260695431880405,5.364070280669668e-05,0
dictionary,9,0.0013007660066483597,2.468567528032087e-07,0.0025737410357184994,5.65493313715887e-05,5
die,51,0.007371007371007371,1.2754810952987139e-05,0.009941752766430773,0.00013162727770752364,0
diego,8,0.0011562364503540975,9.87035104619998e-07,0.0017441065120186235,6.066738392481263e-05,11
diem,10,0.0014452955629426219,9.92794717283273e-07,0.00264537763607792,5.922646442694779e-05,11
diet,443,0.06402659343835815,0.0016035999097129803,0.035092463457189006,0.000663234477293124,0
dietary,92,0.01329671917907212,5.002734805581704e-05,0.015372345526362434,0.00021431862248464759,9
dietician,10,0.0014452955629426219,8.309888480060486e-07,0.002959361717877372,5.9780349616760794e-05,3
dietitian,48,0.006937418702124584,4.145755543808582e-05,0.009056017954463803,0.00015803384112098235,3
dietry,10,0.0014452955629426219,1.3674628339096141e-08,0.003612852355700308,5.0459890946036164e-05,1
differ,70,0.010117068940598353,4.9741052306417834e-05,0.011324955886138023,0.00017800867324476252,6
difference,355,0.05130799248446307,0.0008572755973433274,0.03439713576907331,0.00053680454860912,0
different,501,0.07240930770342535,0.0012877509747508556,0.03829128580831614,0.0005781643494959446,0
differential,8,0.0011562364503540975,6.277207429431036e-08,0.0027629365836482982,4.4036603990259455e-05,5
differentially,10,0.0014452955629426219,1.2489429575549605e-07,0.002798910171500653,5.327498887001229e-05,6
differentiation,19,0.0027460615695909813,2.318579808688938e-06,0.0044253285906732335,7.776374838763034e-05,6
differently,61,0.008816302933949994,9.54647753786308e-06,0.011875197524328614,0.00013405876640972079,3
difficult,218,0.03150744327214915,0.00029467709559890073,0.025645002050371714,0.00036771375765213307,0
difficulty,249,0.035987859517271285,0.00031011553891415887,0.02559413048625755,0.0003934057052181087,5
diffract,8,0.0011562364503540975,3.937765601546965e-08,0.0018178149550930277,5.638238859135457e-05,10
dig,10,0.0014452955629426219,3.697582140442358e-08,0.0033042376858729108,5.266409002634141e-05,0
digest,9,0.0013007660066483597,2.328617807564137e-07,0.0015787384902008227,6.417738401062986e-05,6
digestion,10,0.0014452955629426219,1.5381869856787352e-08,0.0028988983326001944,4.770480696190386e-05,7
digestive,56,0.008093655152478682,2.9148686068917812e-05,0.009738886776667089,0.00016312805681113735,0
digital,133,0.01922243098713687,0.00011051895688203125,0.01885501883867575,0.00026103804060978464,3
dignify,10,0.0014452955629426219,1.1807670552050296e-06,0.0030667371817241205,5.34464576298425e-05,0
dihydrotestosterone,92,0.01329671917907212,1.8174556796723646e-05,0.014933727834468844,0.00019627180397534401,6
dilate,17,0.002457002457002457,1.3200608607373155e-06,0.004273122395254828,7.286404345115293e-05,1
dilemma,10,0.0014452955629426219,5.000606714668201e-09,0.0034159206950288446,4.850728223036304e-05,2
diligence,20,0.0028905911258852437,2.0661415776734654e-07,0.006420237574364654,6.760490834014095e-05,3
diminish,45,0.006503830033241798,6.883508699304932e-06,0.009353081207339103,0.00011484326241079105,6
diminished,9,0.0013007660066483597,1.0264425653541034e-08,0.0025978362604181936,4.2009407490152404e-05,0
diminution,10,0.0014452955629426219,5.828373047839689e-07,0.0025987217915606053,5.8479350354103145e-05,6
dinner,20,0.0028905911258852437,1.2878515074938456e-05,0.0032418367365965946,0.00010542989945526566,9
dioxide,10,0.0014452955629426219,2.3214953739292631e-07,0.002528500968565407,5.957594451145266e-05,6
dip,69,0.009972539384304091,1.159905609531897e-05,0.012637549964263872,0.00015361067899119976,7
dip.fipt,22,0.003179650238473768,4.516940813040958e-06,0.004198058960784062,9.574768240183831e-05,3
direct,187,0.02702702702702703,0.00022452302611013477,0.0225443754099315,0.000342344395391144,1
direction,66,0.009538950715421303,4.054532761740312e-05,0.012415405829276685,0.00017933597863540384,0
directive,19,0.0027460615695909813,3.046544149681378e-07,0.004055471070759761,8.222322435737207e-05,2
directly,252,0.036421448186154066,0.00038197508729332193,0.02788964110578561,0.0004097840063058275,1
director,87,0.012574071397600809,0.0001738787234425285,0.01026816579749661,0.00026223834400649845,11
dirty,8,0.0011562364503540975,4.902082149026928e-08,0.0020935020964224674,5.159008064891825e-05,0
disability,37,0.0053475935828877,3.4471928132706138e-06,0.00844695618857635,0.00010856740733802211,7
disadvantage,20,0.0028905911258852437,5.722027244206832e-07,0.0052733658545170035,7.208366334834368e-05,3
disagree,27,0.003902298019945079,5.259687561958414e-07,0.006775894516922136,7.47294940772041e-05,0
disappear,10,0.0014452955629426219,1.0251365314130013e-07,0.003016459751375708,5.503505062758733e-05,0
disappointed,10,0.0014452955629426219,8.336689539320417e-07,0.0035146818061006987,5.1036994441680454e-05,0
disappointing,9,0.0013007660066483597,9.562179140266446e-08,0.002657594314294452,5.1414616710265876e-05,7
discharge,18,0.0026015320132967193,2.820668294268108e-06,0.003982831650831551,7.589238422033189e-05,7
disciplinary,9,0.0013007660066483597,2.5475179396887007e-09,0.0026067662024046655,5.169037368945148e-05,3
discipline,30,0.004335886688827865,2.909665474941052e-06,0.007302883567194041,9.779566640534313e-05,3
disclaimer,18,0.0026015320132967193,1.0211078157990575e-05,0.0036873550759922605,8.580844481911782e-05,3
disclose,18,0.0026015320132967193,9.053390993343414e-07,0.0041526969095592465,7.671059976269039e-05,0
disclosure,20,0.0028905911258852437,1.4975680220930846e-07,0.005936385519655584,6.842382324852717e-05,2
discomfort,65,0.009394421159127041,2.1497732955153833e-05,0.012416038629198873,0.0001633230837920566,7
discontinuation,14,0.0020234137881196706,9.216618834891733e-07,0.003118834313499106,7.232126320605666e-05,7
discontinuation.418,10,0.0014452955629426219,2.780913083416639e-08,0.0028686581486863766,4.980624651355413e-05,1
discontinue,44,0.006359300476947536,9.616118831291806e-06,0.00896642731999689,0.00013024113762951398,6
discontinuing,10,0.0014452955629426219,2.121456799753048e-06,0.0026654637264622817,5.5151212387354626e-05,1
discount,34,0.004914004914004914,1.8362199847555718e-05,0.007400427254501431,0.00012179142325927051,0
discourage,19,0.0027460615695909813,5.777352410750708e-07,0.0053238948579733625,6.908765275790381e-05,3
discouraged,10,0.0014452955629426219,2.1738635428639259e-07,0.0030537440913810904,5.18134776893715e-05,3
discover,56,0.008093655152478682,6.799924648069677e-05,0.010196503767510905,0.00016499102383134406,3
discovery,58,0.008382714265067205,3.1532498885787637e-05,0.010438342029335202,0.00017187072264433821,11
discreet,26,0.0037577684636508164,1.536339388431115e-06,0.005340324600006288,8.433984451170699e-05,1
discreetly,20,0.0028905911258852437,2.080170282285356e-06,0.0051652238260959825,8.522108137376122e-05,3
discrepancy,10,0.0014452955629426219,7.4095317634217585e-09,0.0034757158308161063,4.6751154610929955e-05,2
discrepant,9,0.0013007660066483597,1.6734705015259212e-08,0.002341776109455753,4.939870589745871e-05,2
discrete,10,0.0014452955629426219,4.137025066266747e-07,0.00253648094982225,5.7784141679172925e-05,3
discretion,18,0.0026015320132967193,7.018697649098905e-08,0.005631834426987587,6.010938975805377e-05,0
discretionary,10,0.0014452955629426219,1.028592748109096e-07,0.0026541617365749494,4.9468775362496404e-05,1
discrimination,9,0.0013007660066483597,5.918070199970644e-07,0.0017645442873355061,6.619346461425308e-05,3
discriminatory,8,0.0011562364503540975,7.483428488081377e-09,0.0026220585510624353,4.098169243507764e-05,7
discuss,449,0.06489377077612371,0.0010131994064854273,0.03618529669854537,0.000567726942106862,3
discussion,163,0.023558317675964734,7.04515915638149e-05,0.024073408396062677,0.00026920163533133783,3
disease,677,0.0978465096112155,0.004408496642851865,0.03710150387714192,0.000902952238952474,7
disfunction,9,0.0013007660066483597,3.143329957075272e-08,0.0026342049757165594,4.535458906362414e-05,5
dish,33,0.0047694753577106515,1.9306423344895145e-05,0.006790401005388923,0.0001280754255309013,9
disinfect,9,0.0013007660066483597,4.1311776421841e-07,0.001828330840181759,6.271765033373622e-05,1
disintegrate,10,0.0014452955629426219,2.4058014523698515e-07,0.0028793719604837033,5.9118406258313095e-05,1
dislike,10,0.0014452955629426219,9.663769573484353e-08,0.002947376010232631,5.489666362722949e-05,1
dismiss,17,0.002457002457002457,1.1398297342463653e-05,0.003449192894070904,7.981840597407752e-05,13
disorder,440,0.06359300476947535,0.0031929073384373706,0.029074729162282577,0.0008240901445086943,7
dispel,19,0.0027460615695909813,4.460355596008761e-07,0.004805523511485264,6.986947202028244e-05,0
dispense,45,0.006503830033241798,2.7055486718555858e-05,0.0077041170212187645,0.000156316281866944,1
dispenser,9,0.0013007660066483597,3.4465789222885146e-07,0.001595778399730699,7.487561169880805e-05,1
disperse,9,0.0013007660066483597,7.285216363609009e-07,0.0026891335606407073,5.60790965252357e-05,1
displacement,10,0.0014452955629426219,1.761708065477643e-07,0.0022624612801241816,6.044819250674332e-05,1
display,27,0.003902298019945079,1.4855223301135372e-05,0.005668463919996072,9.006830985928238e-05,6
disproportionally,9,0.0013007660066483597,1.1375898084389364e-08,0.0031954506833795004,4.476262079621569e-05,0
disrupt,88,0.012718600953895072,8.686773108087452e-05,0.013819559424465487,0.00022261410488769412,7
disruption,28,0.004046827576239341,6.6017028158618725e-06,0.005962579293771216,0.00010247374815626805,6
disruptive,10,0.0014452955629426219,1.1652904498054764e-09,0.0029070011215008105,4.100184400779306e-05,5
disruptor,10,0.0014452955629426219,3.643441495630639e-08,0.00276735973803185,5.581424255314587e-05,11
disseminate,10,0.0014452955629426219,1.1073599270627695e-07,0.002902095686245668,5.783787146087949e-05,0
dissolve,19,0.0027460615695909813,2.183558742440689e-06,0.004485220913403499,8.256785363869768e-05,1
distance,19,0.0027460615695909813,2.4290832242728334e-06,0.004439859028758268,7.059433597202983e-05,5
distinct,31,0.0044804162451221275,2.068668323472226e-05,0.007113347112922638,0.00010126505395902755,1
distinction,10,0.0014452955629426219,4.530618956627116e-08,0.002845101112508724,5.4964033797178216e-05,6
distinguish,64,0.00924989160283278,0.00010913676500529528,0.009623646355046258,0.00019270904140667334,11
distinguished,10,0.0014452955629426219,5.168266684572024e-08,0.0031337947721588274,5.006705337313021e-05,3
distress,47,0.0067928891458303225,1.1694599601272464e-05,0.009814832747990923,0.00012697451411684878,5
distressing,19,0.0027460615695909813,2.7400007526824513e-06,0.004693803163297505,8.280982164265878e-05,0
distribute,20,0.0028905911258852437,6.705276270463518e-06,0.004329473253424713,8.666758396043926e-05,12
distribution,70,0.010117068940598353,7.401015469357099e-05,0.01098000797009573,0.00017559728134827288,5
disturb,38,0.005492123139181963,7.481799411739552e-06,0.008044789746403767,0.00011217786433038982,5
disturbance,65,0.009394421159127041,1.700934321480563e-05,0.011682106031221426,0.00015578209620528284,5
diurnal,28,0.004046827576239341,1.1195461454543318e-06,0.006626540188996911,8.76152258724967e-05,6
dive,49,0.0070819482584188465,8.604309803088049e-06,0.010755632302280391,0.00013056877157850707,0
diverse,10,0.0014452955629426219,1.0299033650297426e-07,0.003795605177166104,5.021421198524372e-05,3
divide,19,0.0027460615695909813,1.1594269947081722e-06,0.004846270824045207,7.606731702028952e-05,7
diving,9,0.0013007660066483597,1.169688031211893e-07,0.0011014077455045227,7.589598239635623e-05,0
division,89,0.012863130510189334,0.0003451307126298581,0.009018455734072686,0.0002989145278450893,11
divorce,17,0.002457002457002457,3.2828373429990384e-07,0.00444288936650521,6.92203798191419e-05,0
diwan,18,0.0026015320132967193,3.368431416544439e-06,0.0038857670795101823,8.239860285405584e-05,11
dizziness,47,0.0067928891458303225,9.154488076835252e-06,0.009301254124572503,0.00013215546620743153,5
dl).437,9,0.0013007660066483597,8.684610129818506e-10,0.0030472586999806643,4.406714000684285e-05,1
dl.181,8,0.0011562364503540975,3.290049153850896e-10,0.003066729962168531,4.4554896855161555e-05,1
dl.427,10,0.0014452955629426219,6.197432580429158e-08,0.0027304365179532126,5.619808392298059e-05,1
dl.436,10,0.0014452955629426219,1.4043543629573126e-09,0.003722403465398976,4.5787906404499756e-05,2
dna,28,0.004046827576239341,3.265691592849304e-05,0.005048267101899647,0.0001292647590757207,6
dnv,9,0.0013007660066483597,3.1991872958685705e-07,0.0018627569594730888,6.264913918365964e-05,3
doc,41,0.005925711808064749,6.850090131971745e-06,0.009383953523338921,0.0001099136292467565,0
doctor,948,0.13701401936696053,0.005833885642776477,0.04836241982205941,0.0009886373447313345,3
document,153,0.022113022113022112,0.00021259059929617608,0.020331186616822778,0.000330778576536616,3
documentation,18,0.0026015320132967193,2.606433582255732e-07,0.004910303209172913,6.585573862053427e-05,3
doesnâ€tmt,9,0.0013007660066483597,5.621025709045738e-09,0.0025848381164527406,4.331636311983978e-05,6
doi,76,0.010984246278363925,0.0004023352368718631,0.005920088340681794,0.00038903903246798434,11
doi:10.1016,10,0.0014452955629426219,9.254640590047449e-08,0.0026688489936194416,5.923972088898084e-05,3
doi:10.1056,10,0.0014452955629426219,3.566513120275488e-07,0.002551134111555861,6.100822899459588e-05,11
doi:10.1111,10,0.0014452955629426219,1.8533584610746718e-07,0.002286963903065486,6.421375100153822e-05,11
doi:10.1210,16,0.002312472900708195,7.51331609484089e-06,0.0028456703253960116,9.156751172330453e-05,11
doi:10.3949,10,0.0014452955629426219,1.1327930449676699e-07,0.002581090470286574,6.160411105981454e-05,11
doi:10.7326,18,0.0026015320132967193,1.1426747826564203e-05,0.0032098282530751802,8.287432771955811e-05,11
dollar,62,0.008960832490244255,5.0813101695134596e-05,0.011248133315377128,0.00017182285958351878,0
domain,10,0.0014452955629426219,1.7825271642654716e-08,0.002799672841966489,5.609944223159636e-05,5
donate,51,0.007371007371007371,7.250026447427399e-06,0.010329639511331149,0.00013143592850429705,1
donation,30,0.004335886688827865,5.112754992839538e-06,0.006663054737685873,0.00010684853645584495,3
donohoue,10,0.0014452955629426219,1.6229842941296686e-06,0.0009534787023868349,8.148031611213281e-05,11
donor,19,0.0027460615695909813,3.87814978528419e-06,0.004827051037394784,7.296477842607193e-05,1
don’t,8,0.0011562364503540975,1.654194128875949e-08,0.0023258841675920486,4.864197501863683e-05,0
door,44,0.006359300476947536,2.386935900482339e-05,0.00888544614486561,0.0001344584994758102,3
doorstep,18,0.0026015320132967193,1.2414585837445444e-06,0.00466435172856108,8.274126746650294e-05,3
dopamine,103,0.014886544298309004,6.020842626587442e-05,0.016195795386899043,0.0002385194013576873,6
dopaminergic,10,0.0014452955629426219,1.7311138222331564e-06,0.0020805900551819348,5.935157239889443e-05,6
dosage,219,0.03165197282844342,0.0004312771137289315,0.026509602800210006,0.00039272659907785816,1
dose,550,0.0794912559618442,0.0022447389831534337,0.04238997887695731,0.0007903660852774259,1
dosing,208,0.03006214770920653,0.0003819505938563058,0.026107558108889047,0.0004076669508755261,1
dosing.221,9,0.0013007660066483597,1.581288042369529e-08,0.002866611143152621,4.8384757087876484e-05,1
dot,8,0.0011562364503540975,5.342064442259458e-08,0.002116931965522222,4.282308723042817e-05,7
double,39,0.005636652695476225,2.261208968232053e-05,0.007398654065398593,0.0001234909381549344,2
doubt,36,0.005203064026593439,1.2784113613125669e-05,0.008587648023932462,0.00011469231807904985,0
downhill,14,0.0020234137881196706,1.1247977216275188e-06,0.0019488369284785638,9.259218954185649e-05,0
download,32,0.00462494580141639,2.196349038601073e-05,0.0057131607305461445,0.00013157822707513016,0
downplay,20,0.0028905911258852437,7.164752231857729e-06,0.004649302116346212,8.891046343766991e-05,0
downregulation,9,0.0013007660066483597,1.947432436944068e-08,0.0024095832712693883,5.430120292077004e-05,7
downside,83,0.011995953172423761,3.27115620620131e-05,0.01431782712167717,0.0001704300526157162,0
downstream,18,0.0026015320132967193,5.324715654565493e-06,0.0037375918406265065,8.479743668465652e-05,6
downward,36,0.005203064026593439,1.3380749111550696e-05,0.007035791545012941,0.00011892470805485427,5
dps,10,0.0014452955629426219,3.751591723340003e-06,0.0011222275870516078,0.00010138596787318854,11
drag,25,0.0036132389073565544,6.0383226510472555e-06,0.0062724611612363515,9.238097306214779e-05,0
drain,10,0.0014452955629426219,3.774938290502823e-08,0.00318989382415282,5.36035964936276e-05,0
dramatic,56,0.008093655152478682,1.3354988358895162e-05,0.010777865224093736,0.0001384932552907545,6
dramatically,25,0.0036132389073565544,2.638640444299973e-06,0.005653349203004562,8.009039726752737e-05,2
drastic,38,0.005492123139181963,9.993223438770208e-06,0.008154139345548093,0.0001142457379568295,0
drastically,55,0.00794912559618442,1.1028929067885174e-05,0.010671556950008163,0.0001406678437160349,0
draw,151,0.02182396300043359,9.541245648245577e-05,0.020416901634874612,0.00026891449200826587,1
drawback,49,0.0070819482584188465,4.280844872376424e-06,0.01074834489338092,0.000121089352909565,1
dre,36,0.005203064026593439,8.489979505785139e-06,0.006558404029337052,0.00011916991590714678,3
dread,9,0.0013007660066483597,2.7978473032232224e-08,0.0026278972651037455,4.744902226457098e-05,7
dream,10,0.0014452955629426219,1.6222533571257761e-06,0.0026925343243355024,6.46235329743105e-05,0
dress,18,0.0026015320132967193,1.7239841427856042e-07,0.004983715041608622,6.902908042142361e-05,1
dressing,20,0.0028905911258852437,7.691662911192936e-06,0.004213364867223017,8.799592364659885e-05,1
dribble,10,0.0014452955629426219,1.4533130534870654e-07,0.002617848561992842,5.5120014142779356e-05,7
drill,26,0.0037577684636508164,1.4894747247168074e-06,0.0071366284288387465,8.708356087523296e-05,0
drink,100,0.014452955629426218,0.0001611141432735405,0.01449545616652135,0.0002300277100874191,9
drinking,49,0.0070819482584188465,7.791675818589554e-06,0.010067285925861777,0.00013310570187876283,7
drip,10,0.0014452955629426219,8.444669021236137e-07,0.0022439550428638637,6.416828687036653e-05,0
dripping,10,0.0014452955629426219,9.367018538531406e-08,0.0025627133191023087,5.5066375312045186e-05,5
drive,493,0.07125307125307126,0.001753910688500485,0.03038696045674226,0.0005801112228374276,5
driver,29,0.004191357132533603,7.14547573245744e-07,0.007167677585790653,8.420153587585885e-05,6
drop,304,0.0439369851134557,0.0005063654188751142,0.02463264282302834,0.0004134518077448037,6
drug,485,0.07009683480271715,0.002354903393323417,0.03777732811046151,0.0007436505195841236,7
drug.430,10,0.0014452955629426219,2.852674444050902e-07,0.003084691098906629,5.6390970884398614e-05,1
drugmaker,10,0.0014452955629426219,2.5199914284647503e-08,0.0031432078193268584,5.4561581953782074e-05,3
dry,102,0.014742014742014743,9.19333371169248e-05,0.01538321428452384,0.00022643047716776034,1
dryness,17,0.002457002457002457,1.8902738708231171e-07,0.004255898653104847,6.348317659677079e-05,5
dubious,10,0.0014452955629426219,3.7612855739640467e-07,0.0027583444227926228,6.134553717651585e-05,3
duca,10,0.0014452955629426219,8.130678445155635e-07,0.0014945314373967645,8.64472586302183e-05,11
ducharme,38,0.005492123139181963,9.747756466915785e-06,0.007864150750588035,0.00011383460105063578,11
dugdale,10,0.0014452955629426219,1.397409625485355e-06,0.0016257364211671355,7.471649918860334e-05,11
duke,10,0.0014452955629426219,7.730002768144231e-08,0.003467578785097858,4.920561871762259e-05,3
dull,9,0.0013007660066483597,3.9076623840361396e-07,0.0022185393132769867,5.736769648461225e-05,5
duplication,10,0.0014452955629426219,4.095329213111893e-07,0.0016020141522757516,7.142393740200977e-05,11
duration,126,0.018210724093077033,7.254240156384818e-05,0.01961432956703798,0.00025279341588656685,1
duration.443,9,0.0013007660066483597,4.719926343201221e-07,0.0022605150310265683,6.262257707824894e-05,3
durland,10,0.0014452955629426219,1.0626836130050733e-06,0.001802144852480187,8.192207561006754e-05,11
dutasteride,17,0.002457002457002457,5.260364448189472e-07,0.00438747972287345,7.296243448550759e-05,6
dwindle,10,0.0014452955629426219,8.23057528466973e-10,0.0031455968659172494,4.2874014047839264e-05,0
dynamic,19,0.0027460615695909813,2.388830461444443e-06,0.004704268171010236,8.682211739324834e-05,1
dysfunction,621,0.0897528544587368,0.002711244811419609,0.03484908760046629,0.0007125676022792537,5
dyslipidemia,10,0.0014452955629426219,5.332711540587532e-09,0.0032850604913500954,4.861473243172014e-05,7
dysmorphia/”bigorexia,10,0.0014452955629426219,1.2900266321704003e-06,0.002203048494501995,6.498622199832716e-05,7
dysmorphic,9,0.0013007660066483597,4.765261765307257e-07,0.002370977531694297,5.6817343990543496e-05,7
dysmorphophobia,9,0.0013007660066483597,3.851811567188037e-07,0.0024351117371220715,5.427605376581543e-05,1
dystrophy,22,0.003179650238473768,3.1035432325739526e-06,0.004041623457299188,9.571587086685281e-05,7
d’etre,9,0.0013007660066483597,1.7084190364286108e-06,0.0019291154296367523,7.257042193765858e-05,0
e.g.,158,0.022835669894493423,0.0002393342602285023,0.02041490700962064,0.0003199565534981471,7
e2348692,10,0.0014452955629426219,8.324015776059937e-07,0.001511974154284094,8.939305691701631e-05,11
e235,9,0.0013007660066483597,3.1718494439389623e-07,0.0023741667510191705,4.9302609248665335e-05,11
e236,10,0.0014452955629426219,5.870487361770976e-07,0.001964126483246486,6.60330180067331e-05,5
e237,10,0.0014452955629426219,2.4083494600033e-07,0.002630969225265257,4.960316052681601e-05,2
e238,10,0.0014452955629426219,7.440502558847496e-08,0.0025836710008930236,5.7218919181843846e-05,7
e239,9,0.0013007660066483597,7.404361316895829e-07,0.0024929155283028408,4.9798247430517034e-05,1
e240,10,0.0014452955629426219,8.024900033258721e-08,0.002496272971894608,5.671608616396594e-05,2
e241,10,0.0014452955629426219,4.2891668015289345e-06,0.002392074313073192,6.051796319943672e-05,2
e242,10,0.0014452955629426219,7.930819317661974e-07,0.002044856300266874,5.7395558546355965e-05,3
eaa,10,0.0014452955629426219,1.4906889763349365e-06,0.0019615598741921127,6.699788819782316e-05,11
eager,10,0.0014452955629426219,1.5311373872290684e-07,0.0027988202195136126,5.824329258887052e-05,9
eaif,8,0.0011562364503540975,4.418358871484115e-08,0.002267151802004299,5.206006235068941e-05,0
ear,43,0.006214770920653274,4.2276249962206376e-05,0.007257439845477783,0.0001472737697103278,7
early,380,0.054921231391819626,0.0006777963360742353,0.03373072307842234,0.0005014727385435065,7
earn,44,0.006359300476947536,4.238685851588029e-05,0.008365003603387008,0.00015798545584257248,3
earth,9,0.0013007660066483597,1.5409899006800015e-07,0.0028001939942140764,5.337391708967016e-05,0
ease,105,0.015175603410897529,3.4204282907756846e-05,0.015375203803759311,0.00018424137829685893,1
easily,107,0.015464662523486054,0.00010812957893421821,0.01627164903839338,0.00022675031036575318,1
east,8,0.0011562364503540975,5.486368349784086e-06,0.0009398837347656525,7.647045388664487e-05,12
easy,289,0.04176904176904177,0.0006977773009524648,0.031118093894114,0.0004926083407677236,0
eat,334,0.04827287180228357,0.0012447619320474165,0.03164565237954166,0.0005555516693322521,0
eater,10,0.0014452955629426219,9.932573170810332e-08,0.003102627379214042,5.725698691841255e-05,0
eating,74,0.0106951871657754,3.890906101532456e-05,0.013390117977969507,0.00017996380733296694,0
eau,42,0.006070241364359011,4.2638644801440724e-05,0.008205777291598531,0.00012226895596109975,2
eau;2025,10,0.0014452955629426219,3.5547025557870538e-06,0.0023105652707653486,6.518586374009527e-05,2
ebb,9,0.0013007660066483597,6.271220856789448e-08,0.0023559577988530502,5.1847525986387536e-05,2
ecchymose,10,0.0014452955629426219,8.004538464633196e-08,0.0030679782067710728,5.528345108749993e-05,1
ecchymosis,10,0.0014452955629426219,4.385390765451604e-08,0.002883718891717079,5.460944713129754e-05,7
ecdysterone,9,0.0013007660066483597,3.027079922934312e-08,0.0027333671007727703,5.228286044937534e-05,1
eckel,85,0.012285012285012284,5.061347113950138e-05,0.0144832174249596,0.00017781952067246105,11
ed).52,10,0.0014452955629426219,6.262052207539372e-07,0.0026930257335745513,5.10377799487223e-05,7
ed)will,10,0.0014452955629426219,6.533572935511213e-09,0.0033150470790365037,4.54999829023336e-05,5
edema,34,0.004914004914004914,8.873719209326457e-06,0.006795500198708245,0.00011075153007618334,7
edex,10,0.0014452955629426219,1.2060943447176766e-06,0.0023053282825727514,7.033618441369421e-05,1
edge,30,0.004335886688827865,2.6834256575368467e-06,0.007776087941067697,9.444729904631977e-05,3
edit,23,0.00332417979476803,9.860149959924262e-06,0.0037224888594071847,0.00012028372206419546,11
edith,10,0.0014452955629426219,1.8318002020490963e-07,0.0016982105048299406,7.155832454010908e-05,11
edition,8,0.0011562364503540975,1.863033692504482e-08,0.002082250714383052,5.0589995845533816e-05,0
editor,10,0.0014452955629426219,1.403059085405606e-07,0.002686017745160117,5.670500419677377e-05,3
editorial,25,0.0036132389073565544,1.6616538948529412e-05,0.004379520997289736,0.0001181291755900738,11
eds,33,0.0047694753577106515,4.7759828036429044e-05,0.0028723797597882644,0.0001838286365473614,11
educate,96,0.013874837404249168,6.644066194360034e-05,0.015954924082591877,0.00022318067965678153,3
education,89,0.012863130510189334,5.932159212574381e-05,0.014271864827732128,0.00021711798203116162,3
educational,63,0.009105362046538517,0.0001341876754651249,0.009878436656715379,0.00019667745468651243,3
edwards,10,0.0014452955629426219,8.4864210549296e-08,0.002842601036175371,5.559526629818222e-05,3
effect,992,0.14337331984390808,0.007224177249022627,0.050607143117842424,0.001081074428048571,1
effective,406,0.05867899985547045,0.0008722917822597554,0.03594533812416934,0.000532361626934474,3
effectively,137,0.019800549212313917,7.308347935637726e-05,0.020024638281925876,0.00023660359459854634,3
effectiveness,92,0.01329671917907212,4.88925832439193e-05,0.01588792778615313,0.00022557438361490441,3
effects:-,10,0.0014452955629426219,6.495856773349869e-08,0.0031361753404107275,5.282854834720272e-05,5
efficacy,188,0.02717155658332129,0.00028365866567407614,0.02470070169091976,0.00039335158038858323,1
efficacy.40,10,0.0014452955629426219,3.598526105610473e-08,0.0030165345587401054,5.429852707979779e-05,1
efficiency,8,0.0011562364503540975,7.591432615540186e-08,0.002643299722098096,4.927929642589386e-05,5
efficient,18,0.0026015320132967193,8.587812410470539e-08,0.005220135954046539,6.406057484885521e-05,1
effort,148,0.0213903743315508,0.0002528194426392299,0.019900458075586,0.0003331785874860021,3
egg,122,0.017632605867899987,0.000363626225837393,0.014943775924295563,0.00030508350919263846,9
eggs,20,0.0028905911258852437,2.6921655812455697e-05,0.0025076888949364133,0.00012341220705628246,9
ehrmann,10,0.0014452955629426219,6.909683204722775e-07,0.0025336850097030204,6.480584350731982e-05,7
einstein,8,0.0011562364503540975,2.4293348938833782e-08,0.0018118239187486028,5.7393610647762645e-05,11
eisenberg,28,0.004046827576239341,5.51077185755813e-06,0.006159867932392315,0.00010598202770192718,11
ejaculate,43,0.006214770920653274,2.6763224770311765e-06,0.008368967567075489,0.00010945231716443134,5
ejaculation,102,0.014742014742014743,9.254714233011295e-05,0.013680205501556778,0.00022864537460165382,5
ejaculatory,10,0.0014452955629426219,5.869154417943028e-08,0.0031320635324130707,4.8407839246204825e-05,3
eje-11,10,0.0014452955629426219,4.185738495790028e-06,0.0009384216077015987,9.097704730918677e-05,11
elastic,9,0.0013007660066483597,8.6189966715684e-08,0.0021643588986140004,5.6756364285789776e-05,1
elasticity,20,0.0028905911258852437,1.0427148305114227e-05,0.004114688562508927,9.614684042283153e-05,5
elbow,9,0.0013007660066483597,3.1871072088704715e-07,0.0017394820862914751,6.406333335729031e-05,1
eld,10,0.0014452955629426219,1.7270946744479835e-08,0.002811498370064706,5.4602429006576035e-05,11
elder,10,0.0014452955629426219,1.4646660518343103e-07,0.0027039475500924555,5.7465030938160026e-05,7
elderly,19,0.0027460615695909813,5.450283615094006e-07,0.004287778199581913,7.928093299014375e-05,7
elect,9,0.0013007660066483597,1.0907914344592327e-07,0.0028803225011156744,4.893433343876531e-05,1
election,9,0.0013007660066483597,1.1163387928522616e-06,0.0019425105577567802,6.264401759765625e-05,0
electrode,10,0.0014452955629426219,3.919664572107698e-08,0.0033546590584146653,4.966598165423593e-05,2
electrolyte,31,0.0044804162451221275,1.9507495666867937e-05,0.005546026583300563,0.00012435068289035593,7
elegant,8,0.0011562364503540975,1.904882045542676e-07,0.0020481784033868724,5.662560468477024e-05,10
element,38,0.005492123139181963,5.141768354925997e-06,0.00749180609018065,0.0001028975344386674,0
elevate,139,0.020089608324902444,6.342696225213463e-05,0.019582630334552525,0.00025044422416644756,6
elevated,216,0.03121838415956063,0.00015071603213888073,0.024482404064803745,0.00032637015249803285,6
elevation,40,0.005781182251770487,1.5026739967740114e-05,0.008022645889424425,0.00011937552255595256,7
eligibility,20,0.0028905911258852437,1.3968247842100902e-06,0.005337484742355674,7.980020038278166e-05,1
eligible,28,0.004046827576239341,7.130295507344692e-06,0.006921291045649785,9.13276288353605e-05,1
eliminate,90,0.013007660066483595,0.00015553947235185457,0.014068340749110645,0.00021533019119451534,9
elimination,10,0.0014452955629426219,4.5361471117504486e-08,0.0028587700075015537,5.116480975088945e-05,7
elixir,15,0.0021679433444139326,4.1740044889808336e-07,0.0035482744272210746,6.5081962602857e-05,0
elizabeth,9,0.0013007660066483597,5.345278877110713e-07,0.00023183451399319267,0.00010624671252915495,11
elizabethtown,10,0.0014452955629426219,9.064990898877904e-07,0.002020687246232244,6.785975674695331e-05,11
elmwood,8,0.0011562364503540975,5.3718827270327045e-08,0.0015514547490248453,5.709635746074912e-05,12
elsevi,10,0.0014452955629426219,5.691394345334303e-07,0.0009441351698652171,7.974627213365508e-05,11
elsevier,47,0.0067928891458303225,7.915734285758984e-05,0.0053674662158173705,0.0002059250906511241,11
elyse,6,0.000867177337765573,1.3355287118295136e-06,0.001538401224791358,4.961801086727022e-05,3
email,153,0.022113022113022112,0.00020498374806509798,0.01879910024096667,0.0003066218863116791,3
emas,10,0.0014452955629426219,3.487220904523651e-07,0.0028765600293768198,4.636483441704971e-05,6
emasculate,9,0.0013007660066483597,4.4758789233506115e-09,0.0028385342462650546,4.4569605242215876e-05,5
emasculating,10,0.0014452955629426219,1.1501418208539353e-07,0.0033011224273221448,5.2771999856517486e-05,0
embark,10,0.0014452955629426219,3.772398339335468e-08,0.0029470050218037454,5.576088114662338e-05,3
embarrassed,13,0.0018788842318254082,3.02402961065006e-08,0.004315459075215667,5.295406541475198e-05,0
embarrassing,35,0.005058534470299176,7.737725548949207e-07,0.008551769821276563,9.133142107555268e-05,0
embarrassment,18,0.0026015320132967193,2.2426788894608095e-07,0.004920709830316851,6.777273185835978e-05,5
embase,22,0.003179650238473768,2.2984638284720294e-05,0.003443176555494378,0.00010552572676462604,2
emboli,9,0.0013007660066483597,1.4028443595485527e-06,0.0014527736867213411,6.345283680962073e-05,7
embolism,18,0.0026015320132967193,1.5074433695762707e-06,0.0042120798519098826,7.270134852322557e-05,7
embrace,39,0.005636652695476225,1.198542155836876e-05,0.008290363513885948,0.00012316254696959414,6
embryo,17,0.002457002457002457,8.216126150425768e-07,0.003217079739424066,8.417025056125988e-05,7
emerge,63,0.009105362046538517,1.98149406642302e-05,0.012494255828596057,0.0001479295819752149,3
emergency,78,0.01127330539095245,7.32035375574571e-05,0.013323100145853625,0.0002079176243537792,0
emeritus,9,0.0013007660066483597,3.287760571895652e-07,0.0020517081978165355,5.73650619433519e-05,11
emily,20,0.0028905911258852437,0.00044349496852456156,0.0010840692348349902,0.00017693114725338127,11
emory,37,0.0053475935828877,2.623075118451233e-05,0.007859072234837304,0.00012042044932500917,3
emotion,76,0.010984246278363925,7.682760632531652e-05,0.01241981355212198,0.00021479644361590555,0
emotional,179,0.02587079057667293,0.0001625669152820232,0.02254194555080312,0.0002826658629594354,5
emotionally,24,0.003468709351062292,2.5300515675058527e-05,0.005060951410428743,9.791245074268294e-05,6
emphasis,20,0.0028905911258852437,1.0739122740237204e-06,0.005666490155808044,7.718635684829502e-05,5
emphasize,30,0.004335886688827865,4.972057629386846e-06,0.006314249356059398,0.00010679458343081345,7
empire,9,0.0013007660066483597,3.3921781718572305e-08,0.0013456315100890798,6.705358316200653e-05,0
employ,20,0.0028905911258852437,5.547090304387524e-06,0.004557276259711174,9.236676148946918e-05,3
employee,10,0.0014452955629426219,9.71820907540524e-07,0.0024372261077212454,5.346047844856991e-05,5
empower,41,0.005925711808064749,8.470277680457313e-06,0.008975409448812992,0.00012182316716838459,3
empt,10,0.0014452955629426219,2.0230183053634466e-08,0.003461610113371105,5.214115994662276e-05,2
emptying,10,0.0014452955629426219,3.7621962666979055e-07,0.002541327537164342,6.057180012878831e-05,7
emulsion,8,0.0011562364503540975,5.16625911304156e-08,0.0024067125822896758,5.241872788451213e-05,1
enable,19,0.0027460615695909813,1.266900004144572e-06,0.00501195659578272,7.455867439087619e-05,3
enantate,11,0.001589825119236884,5.660025365438153e-07,0.0026784419362163104,6.498565603653749e-05,1
enanthate,111,0.016042780748663103,9.529830755125903e-05,0.015351057602592618,0.00025817125443953126,1
enclomiphene,149,0.021534903887845066,4.8144261496291396e-05,0.021209082182077094,0.00026023966979028107,1
encompass,20,0.0028905911258852437,3.906190620151269e-07,0.005976586705284013,7.371607004352186e-05,3
encounter,16,0.002312472900708195,6.500271322215621e-08,0.004303146204700946,5.545240217456593e-05,5
encourage,211,0.03049573637808932,0.0003150027726364886,0.025911253025577185,0.00038491676535207356,3
end,361,0.05217516982222865,0.0008838953398181155,0.03417216025507622,0.0005552402368518321,0
endeavor,9,0.0013007660066483597,2.561169790933485e-07,0.0026117694873721937,4.652548921849947e-05,3
endeavour,10,0.0014452955629426219,1.47998539362971e-08,0.0033432663056219216,4.986132744189483e-05,7
endo,25,0.0036132389073565544,1.512547061916404e-05,0.0053202983592776365,0.00010799536803060043,11
endocrine,180,0.02601532013296719,0.0007060019731499312,0.018738695984784604,0.00042706260148750555,11
endocrinol,78,0.01127330539095245,0.00037961178552976815,0.008007013909724435,0.0003360392890559411,11
endocrinologist,166,0.023991906344847522,0.00023171657981728368,0.020528562109707056,0.0003170194471617014,3
endocrinology,213,0.030784795490677842,0.0029216566473698052,0.015454074848664644,0.000689001377734697,11
endogenous,98,0.014163896516837693,2.952001942649369e-05,0.01564916503435212,0.00020393155020437598,6
endorphin,9,0.0013007660066483597,2.9356411500888957e-08,0.0026547542541886953,5.248503087082297e-05,6
endorse,23,0.00332417979476803,1.786945035461235e-05,0.004764751811241453,8.796168683775394e-05,11
endorsement,19,0.0027460615695909813,4.734167552140429e-06,0.004386174106552088,8.23917454724561e-05,11
endothelial,10,0.0014452955629426219,3.2406690425337017e-07,0.002479041327085604,6.574369538657409e-05,2
endpoint,74,0.0106951871657754,2.9602799622150844e-05,0.013197011441981588,0.0001851327849278442,2
endurance,57,0.008238184708772944,8.292488204941442e-06,0.009997194022864092,0.00012054042474595174,5
endure,10,0.0014452955629426219,2.029714639636479e-07,0.002997699632182749,5.585174549888729e-05,3
energetic,27,0.003902298019945079,4.372420372456252e-06,0.006231626628893333,8.871426973134294e-05,0
energised,8,0.0011562364503540975,5.873955834315406e-10,0.0026963947071926586,3.724219932111008e-05,0
energize,10,0.0014452955629426219,2.2203975620188163e-07,0.0027099994272755685,5.7372462374121066e-05,0
energy,517,0.07472178060413355,0.00136098323625485,0.034890350586664697,0.0006205864730008149,5
enforce,9,0.0013007660066483597,3.688189575698072e-08,0.0022805152133986615,5.5748224619661625e-05,2
engage,149,0.021534903887845066,0.00016909251413594055,0.021197510905546852,0.00030673251769902605,0
engaging,10,0.0014452955629426219,1.4752390547144405e-07,0.002187185017633787,6.0776330614844355e-05,0
engelman,10,0.0014452955629426219,1.7372755648023335e-06,8.425581915302683e-05,0.00012498289105244598,11
engine,9,0.0013007660066483597,5.678592741085891e-07,0.00220391527735206,6.029375366458251e-05,0
engineer,20,0.0028905911258852437,5.609132960272834e-06,0.0049714959489681335,9.100092884422384e-05,3
england,39,0.005636652695476225,6.774634856839556e-06,0.007593471572515352,0.00012323294135477674,11
english,19,0.0027460615695909813,3.998615853407987e-06,0.0042118917677331155,8.219788979586024e-05,3
enhance,266,0.03844486197427374,0.0003299207126159624,0.02977074033298547,0.0004322100925133698,5
enhanced,10,0.0014452955629426219,9.291605222534744e-08,0.002952874508408844,5.2734233806909326e-05,5
enhancement,10,0.0014452955629426219,4.7311360991983546e-08,0.0031207601623890286,5.181742285041173e-05,7
enhancer,10,0.0014452955629426219,6.666044223299406e-08,0.0029919503455240774,5.513109867218263e-05,1
enjoy,101,0.01459748518572048,5.062887303554346e-05,0.01697968407787144,0.00021303637172896098,0
enjoyable,10,0.0014452955629426219,3.794947729458368e-08,0.002861050000613194,5.523450661919398e-05,0
enjoyment,19,0.0027460615695909813,6.646367554380846e-07,0.004415149789969413,8.302141715376226e-05,5
enlarge,103,0.014886544298309004,3.8467121284680097e-05,0.014151483331612405,0.0002019836473679851,7
enlarged,72,0.010406128053186877,2.9784575936957405e-05,0.01161470886022384,0.00017359292689182574,7
enlargement,123,0.01777713542419425,6.047769262517965e-05,0.01601010569492413,0.00022061710889496728,7
enlarging,10,0.0014452955629426219,4.410759687993599e-09,0.002979152550669605,4.90072833103253e-05,7
enlist,16,0.002312472900708195,9.666727445651407e-08,0.004587782471458837,5.634988285223809e-05,6
enquire,10,0.0014452955629426219,3.6752659291880796e-07,0.002554232692718909,4.879839277972297e-05,3
enrol,31,0.0044804162451221275,3.398762899102597e-06,0.006432198525713937,0.0001005941564804216,2
enroll,15,0.0021679433444139326,5.327898796124035e-08,0.004349842922590888,6.0910770646649236e-05,3
ensure,302,0.04364792600086718,0.00042475089140358424,0.03171028820399644,0.00043767109238248273,3
enter,130,0.018788842318254083,0.00011654362088034873,0.017477497928346124,0.000269439850356083,6
enthusiasm,35,0.005058534470299176,4.827665012869885e-06,0.007690541468858637,9.825507976330162e-05,5
entire,96,0.013874837404249168,0.00019597048226354573,0.014620307430340844,0.00025159941615828484,1
entirely,36,0.005203064026593439,1.3425798484211618e-05,0.007424080675104505,0.000102829761710603,7
entitled,9,0.0013007660066483597,4.871625054925333e-07,0.0020958106183093556,6.390654982729867e-05,0
entity,10,0.0014452955629426219,1.6098574938708842e-08,0.0036462892645243486,5.026568681605315e-05,0
entry,19,0.0027460615695909813,7.65720826086702e-07,0.0050438886980793945,7.265558815863586e-05,0
environment,72,0.010406128053186877,6.574365346570976e-05,0.011240480148895468,0.00019173845229612552,3
environmental,53,0.007660066483595895,3.703415648086287e-05,0.009381090589057114,0.00015861869504946294,7
enzyme,116,0.01676542853013441,7.644972796055284e-05,0.016433609206703184,0.0002336064309400756,6
eosinophil,6,0.000867177337765573,2.6226700035214826e-06,0.0009667669107538785,6.609800872420805e-05,7
epic,20,0.0028905911258852437,9.598045420107447e-07,0.004999358810562025,7.629007773861613e-05,0
epidemiology,39,0.005636652695476225,3.131949495395055e-06,0.008137420025497956,0.00011462737056963834,2
episode,163,0.023558317675964734,0.0002913510019288766,0.020158978701659336,0.0003694680801468715,0
epistaxis,10,0.0014452955629426219,2.077096017563372e-07,0.0024235569017623144,6.849153626907677e-05,1
epo,10,0.0014452955629426219,5.3832368655841756e-08,0.002491593815277188,5.020764884556204e-05,6
epub,18,0.0026015320132967193,8.5411214857592e-05,0.001399888687879055,0.00012834725921678992,11
equal,52,0.007515536927301633,6.0219093451651596e-05,0.008925038083200736,0.00016101578686177954,1
equally,10,0.0014452955629426219,1.3306746310037198e-08,0.0032339710387959963,5.118379141980877e-05,2
equate,9,0.0013007660066483597,7.293267705057261e-08,0.0025225228652141726,5.218412840863973e-05,0
equation,9,0.0013007660066483597,3.413445943969844e-08,0.0026556170420991413,4.524291295051359e-05,1
equilibrium,18,0.0026015320132967193,3.4310318641808185e-06,0.0038296457223598746,8.13043110469197e-05,2
equine,10,0.0014452955629426219,1.8065500030926283e-06,0.002233328156385841,6.70663204076057e-05,6
equip,18,0.0026015320132967193,3.694058546500029e-07,0.005399436379211729,7.178020447676361e-05,3
equipment,20,0.0028905911258852437,6.394534932750183e-06,0.004692285178870118,9.18739628223642e-05,2
equivalent,20,0.0028905911258852437,6.707815021213582e-07,0.005061193653716129,6.70647702023389e-05,6
equivocal,24,0.003468709351062292,1.711954523023397e-06,0.0046365070346048535,9.678000202252038e-05,6
er.2017,5,0.0007226477814713109,0.0,0.0012085593231225787,3.9407081497847585e-05,11
erect,19,0.0027460615695909813,2.0243102632486174e-07,0.0050676131210168045,6.942004540972624e-05,7
erectile,615,0.08888567712097124,0.0025286897464463784,0.034815443769956794,0.0007178146641570796,5
erection,387,0.05593293828587946,0.0017708306129054173,0.030703551887949185,0.0006017915157111323,5
eric,6,0.000867177337765573,8.56614020827644e-09,0.0016704664483974936,4.9044673077869576e-05,0
err,9,0.0013007660066483597,8.43948644450655e-09,0.0033250922528627203,4.3585000691853486e-05,0
erratum,10,0.0014452955629426219,1.2681098319827533e-07,0.0024661132024603937,6.349324323096155e-05,7
error,38,0.005492123139181963,1.6135618279431485e-05,0.007391685828235669,0.00010948962204169586,3
erroremail,8,0.0011562364503540975,9.289047429374502e-08,0.0018078086683712656,5.8098290863274735e-05,3
errorinclude,8,0.0011562364503540975,2.2522153507089627e-07,0.0021431215127149226,5.3937422891745936e-05,3
ershler,10,0.0014452955629426219,6.861094159881588e-05,0.0007506952961235736,0.0001056110404484293,11
erythema,30,0.004335886688827865,6.153105491489583e-06,0.00678530019151187,0.00011344295754129673,1
erythrocyte,10,0.0014452955629426219,1.7737670107675967e-08,0.0030413835303481343,4.4147094431173373e-05,6
erythrocytosis,41,0.005925711808064749,2.2006751593828485e-06,0.009144680559640102,0.00010086838943715011,7
erythropoiesis,32,0.00462494580141639,2.6101815233118348e-06,0.0064716808422189236,9.215603317169266e-05,6
erythropoietin,12,0.001734354675531146,2.0489797331162289e-07,0.002933110949344615,5.3772493403259316e-05,6
escalation,9,0.0013007660066483597,2.8910858657891358e-08,0.0032952972101211453,4.687081976826564e-05,2
escape,19,0.0027460615695909813,3.5421376045107345e-07,0.005200919986699741,6.519071120546138e-05,0
español,16,0.002312472900708195,1.5903621447792864e-05,0.001886556162881436,0.00010932777044810662,2
especially,296,0.0427807486631016,0.0002911959916731656,0.030188188185416943,0.00040286295693341286,7
essence,10,0.0014452955629426219,1.4885635705856215e-08,0.0028191576003766135,4.5384640058845895e-05,5
essential,299,0.04321433733198439,0.00038589227983544213,0.031379234570944166,0.00041401022706764537,6
essentially,122,0.017632605867899987,0.00013015073228825436,0.01805174331322598,0.00028065115010156674,6
establish,192,0.027749674808498336,0.00022066566077337435,0.02504263140537366,0.0003375794329244521,2
established,9,0.0013007660066483597,2.9807919240619993e-09,0.0029132782936177226,4.2352785301918556e-05,3
establishment,10,0.0014452955629426219,2.86359667717591e-07,0.0025173434996131664,5.7918437067791935e-05,3
esteem,48,0.006937418702124584,1.2942623365053545e-05,0.009125069278422914,0.00011578296372569725,5
ester,155,0.02240208122561064,0.00010651147874931386,0.02056401622606192,0.00029240186071944805,1
estimate,105,0.015175603410897529,0.0003402048863324669,0.014931433153542693,0.000257685268416295,7
estimated,13,0.0018788842318254082,4.4248499617875294e-08,0.0038044080466451725,4.593092428847478e-05,0
estradiol,152,0.02196849255672785,8.063391057670071e-05,0.0185246772453875,0.000254001213996057,6
estrogen,339,0.04899551958375488,0.0008264089720756696,0.027688145987171515,0.0005361958567884871,6
etc,119,0.0171990171990172,0.00015933039881416077,0.017362740548603293,0.00024586751227966973,7
ethan,10,0.0014452955629426219,1.4070580915763712e-05,0.0014171380854698563,8.21294661458751e-05,11
ether,10,0.0014452955629426219,4.813931023385433e-07,0.001686527762259986,7.230045131881016e-05,6
ethically,10,0.0014452955629426219,5.376681111232039e-07,0.003113248884819671,5.282524487343115e-05,0
ethnic,10,0.0014452955629426219,1.143174245309833e-07,0.0028724944378489504,5.4567259561967807e-05,2
ethnicity,10,0.0014452955629426219,2.54072240596316e-07,0.002469507115592071,6.376280215817111e-05,7
ethos,20,0.0028905911258852437,6.373835140217062e-07,0.005773090509834172,7.335019483154252e-05,3
etiology,28,0.004046827576239341,1.793836310152701e-06,0.006094086430369149,9.066043581635741e-05,6
eugonadal,18,0.0026015320132967193,2.043316212247576e-06,0.004617791168002983,7.334262420273383e-05,2
eugster,10,0.0014452955629426219,2.655464500315344e-07,0.0013340283715474396,7.393813027390073e-05,11
eur,28,0.004046827576239341,2.310622496120883e-05,0.004459007037053349,0.00014219082371731833,11
eureka,10,0.0014452955629426219,2.7487271788542973e-06,0.0022831808397241597,6.672143933957611e-05,0
european,56,0.008093655152478682,0.0001589309327820961,0.007620236761480355,0.00021719786135564024,11
eurycoma,10,0.0014452955629426219,5.975831922859037e-06,0.001619291918731375,6.9301772950984e-05,11
eurycomanone,15,0.0021679433444139326,6.902648511792204e-06,0.0028335253663529987,8.323805738369474e-05,11
evaluate,205,0.029628559040323747,0.00010424726220165136,0.024895544810789844,0.0002939395411404475,3
evaluation,254,0.03671050729874259,0.00048062402053029434,0.028081008652872066,0.00043201336889482975,3
evan,10,0.0014452955629426219,4.811736063239851e-07,0.0023306138758930808,5.5251549041920316e-05,11
eve,18,0.0026015320132967193,2.6496973008817094e-06,0.0038010881996941733,8.974215971178134e-05,11
evening,55,0.00794912559618442,4.0458394451277066e-05,0.009919809157578785,0.000144256354176554,0
evenly,10,0.0014452955629426219,1.7497074385518825e-06,0.00209629194855295,6.408538990594354e-05,12
event,373,0.05390952449775979,0.0011302647406266587,0.0319524672113057,0.0006144459250592747,7
"events,363",9,0.0013007660066483597,7.367763353034843e-07,0.0022488259963271847,5.891487549856663e-05,2
"events.72,73",10,0.0014452955629426219,2.0348995190287193e-06,0.0029440206600593313,5.3035388421169045e-05,3
eventually,43,0.006214770920653274,2.3369404078243823e-05,0.00819244901750892,0.00012199104703703717,0
everybody,44,0.006359300476947536,5.346797858193489e-06,0.009612343686631686,0.00012091661430849405,0
everyday,69,0.009972539384304091,2.4651906409311968e-05,0.012573164429196763,0.00015927281171037965,5
evidence,520,0.07515536927301633,0.0022071595529612456,0.0361474314809625,0.0007310250287594366,2
evidence).10,9,0.0013007660066483597,4.157554227032377e-08,0.0025737008663473033,5.129813289705664e-05,2
evident,26,0.0037577684636508164,2.714380665083422e-07,0.00698364676959101,7.712990345535114e-05,7
evoke,10,0.0014452955629426219,5.315061870511562e-07,0.002966697612525529,5.5745838798586676e-05,5
evolution,19,0.0027460615695909813,5.642674698951843e-06,0.004363873433541763,8.682583442987537e-05,12
evolutionarily,10,0.0014452955629426219,1.4507880886669583e-07,0.0021060436915002257,6.346490816330964e-05,2
evolutionary,10,0.0014452955629426219,3.078934808826073e-07,0.002861848193943153,5.484108257006229e-05,6
evolve,64,0.00924989160283278,2.9348754684546573e-05,0.011838597786037791,0.00018851960535602323,3
exacerbate,29,0.004191357132533603,7.307702969842217e-06,0.006384793667323283,9.497952234742826e-05,6
exacerbated,10,0.0014452955629426219,4.001211593103608e-09,0.0031533434899660446,4.393987104148845e-05,6
exacerbation,10,0.0014452955629426219,5.4509927917538596e-08,0.0027150170693943728,5.3911548578882684e-05,7
exact,57,0.008238184708772944,2.2301518451378022e-05,0.011353586538368694,0.00013660033742492983,0
exactly,165,0.02384737678855326,0.00021578166578738503,0.02141993544562108,0.0003252437878367824,0
exam,164,0.023702847232258996,0.000112770689082583,0.021117391498665018,0.00026041800769314126,3
examination,150,0.021679433444139327,0.00013312745318991515,0.019293895233179155,0.0002807216371720973,3
examine,99,0.014308426073131956,2.310093504278889e-05,0.015525727688945556,0.0001907327513712745,2
example,362,0.052319699378522905,0.0011018260645603653,0.03232180796891308,0.0005326758852303401,7
exceed,26,0.0037577684636508164,6.224205373610632e-07,0.006503138040478747,8.175661573342155e-05,6
excellence,11,0.001589825119236884,2.4803303095589813e-07,0.003142177255025376,5.5931401578927965e-05,3
excellent,47,0.0067928891458303225,3.6908608745416474e-05,0.01004717154505301,0.00014396768051356387,1
exception,38,0.005492123139181963,1.7935301393885866e-05,0.008217628072566971,0.00011746072339482858,1
exceptionally,20,0.0028905911258852437,4.177960678826101e-06,0.004833766144163065,7.80581654218348e-05,2
excerpt,9,0.0013007660066483597,1.6002944858161316e-09,0.00317522816019945,4.358595237988822e-05,6
excess,274,0.039601098424627834,0.0005052125213219083,0.02736728250442361,0.0004428711717340161,7
excessive,137,0.019800549212313917,8.955212313002592e-05,0.01895290047839056,0.0002498698445816035,7
excessively,26,0.0037577684636508164,2.9134053649154845e-06,0.006265406681625674,8.986806601688865e-05,6
excipient,10,0.0014452955629426219,7.539194672818169e-08,0.0023931293095051038,6.096997306335257e-05,1
excision,10,0.0014452955629426219,6.445670049091732e-07,0.0028703420350484616,4.831260054001756e-05,7
excitatory,10,0.0014452955629426219,1.3441049731564244e-06,0.002159660026108056,6.575547613619087e-05,6
excite,10,0.0014452955629426219,4.799192914776187e-07,0.0029702942462401564,6.112187672020438e-05,9
excited,50,0.007226477814713109,1.3509940010961638e-05,0.010356726896392011,0.0001446518640123619,0
exciting,10,0.0014452955629426219,8.390909553372532e-08,0.0031773228870998252,4.9614804006347776e-05,3
exclude,74,0.0106951871657754,5.1214881562584475e-05,0.012581957447079318,0.00017615070073279435,7
exclusion,26,0.0037577684636508164,1.6671158572532164e-06,0.006562824086287555,8.804109592310173e-05,3
exclusive,18,0.0026015320132967193,8.971550354767807e-07,0.004767860311161879,6.927887782362343e-05,5
exclusively,10,0.0014452955629426219,1.873694501165396e-07,0.0026908741958146273,5.628205990422088e-05,7
excrete,9,0.0013007660066483597,1.2946473060542344e-07,0.002313689498102236,5.527142191714516e-05,7
excuse,8,0.0011562364503540975,7.55776201288136e-08,0.0027801245882173135,4.3269462009282044e-05,0
executive,10,0.0014452955629426219,6.204129544058873e-05,0.0015547572776906477,7.954152888969588e-05,11
exemestane,9,0.0013007660066483597,1.1202014087618177e-07,0.0029351492354860887,5.40733373300133e-05,7
exercise,523,0.07558895794189911,0.0018791707374989789,0.03845712329523969,0.0006982982877124113,5
exert,15,0.0021679433444139326,5.614235392210261e-07,0.0036690607299094194,5.96041563492923e-05,6
exertion,19,0.0027460615695909813,7.794561859446798e-06,0.003843338050772178,8.417620580256283e-05,5
exhaust,43,0.006214770920653274,1.4452183373865097e-05,0.009275273824522203,0.0001166344628287646,0
exhaustion,18,0.0026015320132967193,7.401196922719554e-07,0.0045818162838128515,6.948882783601974e-05,5
exhibit,37,0.0053475935828877,1.8215153073102148e-05,0.0073670464883908065,0.00011981005801813642,1
exist,152,0.02196849255672785,0.00010796228254391061,0.02091383217746995,0.0002764609875493778,7
existing,26,0.0037577684636508164,4.799193055759301e-06,0.005812364136886222,8.931435130221866e-05,7
exogenous,221,0.03194103194103194,0.0001736932875335522,0.0253187107731301,0.00035305953815609897,6
expand,28,0.004046827576239341,7.502324452584865e-06,0.006782426085913489,0.00010420132757814689,3
expansion,19,0.0027460615695909813,6.40474558297343e-07,0.004736815772814707,7.578212133612148e-05,3
expect,215,0.03107385460326637,0.00026414403223842933,0.025525463862543982,0.00034570501345750987,0
expectancy,33,0.0047694753577106515,8.948103626073576e-06,0.007617987218481825,9.393313777924729e-05,0
expectation,101,0.01459748518572048,9.478240353868958e-05,0.01613211635394033,0.00024940067614778977,0
expected,9,0.0013007660066483597,3.0617255014151486e-08,0.0029124116750467036,4.272880550603676e-05,6
expense,19,0.0027460615695909813,8.775571218624537e-07,0.005185462198000152,7.403119889180969e-05,0
expensive,74,0.0106951871657754,4.719338481481328e-05,0.013595553397616625,0.00018563727111148718,0
experience,818,0.11822517704870646,0.004101552795727186,0.04546369580183565,0.0008797907252642331,3
experienced,102,0.014742014742014743,2.7004467347116892e-05,0.017983981970621992,0.00020768164687458952,3
experiment,10,0.0014452955629426219,1.263260370228224e-06,0.001997045739258148,7.167504024535807e-05,11
experimental,6,0.000867177337765573,2.7345097235344728e-08,0.0019651911227198072,4.3937524090431694e-05,3
expert,465,0.06720624367683191,0.0020218949319207443,0.034424511327658947,0.0006761459085572241,3
expertise,139,0.020089608324902444,0.0001656099425493012,0.01957462411659165,0.0002956316865402632,3
expertly,21,0.0030351206821795057,1.9240543559263487e-06,0.0060132777057563015,7.355208405203667e-05,3
explain,209,0.030206677265500796,0.00022885504520672782,0.024078802793101466,0.0003512692006329004,6
explainer,9,0.0013007660066483597,1.4409854211579543e-06,0.0023163862764101276,5.378898296364713e-05,3
explanation,27,0.003902298019945079,3.886573824765901e-06,0.006571972930706735,9.393923652504778e-05,5
explanatory,10,0.0014452955629426219,3.180481583431988e-08,0.002971000115675776,4.964087667802765e-05,7
explicit,22,0.003179650238473768,1.3154633220232058e-06,0.005387764575923209,8.137830858964526e-05,3
explicitly,26,0.0037577684636508164,1.1480724579277647e-06,0.006553669226884953,8.132912337209811e-05,2
exploration,8,0.0011562364503540975,9.71210784907921e-09,0.0027777278543284754,4.000746359002405e-05,6
explore,167,0.024136435901141784,0.00022036179566647037,0.02249773218349194,0.0003209980586365661,0
explosion,19,0.0027460615695909813,5.500582569321423e-07,0.005157371061495153,7.490985490457448e-05,0
expose,20,0.0028905911258852437,2.1373945294428877e-06,0.004818095886401972,9.031671872170869e-05,1
exposure,88,0.012718600953895072,8.691584949311735e-05,0.013077701710606095,0.0002070652603856078,7
express,38,0.005492123139181963,4.200826319874321e-05,0.006331558652950129,0.0001304319233900383,2
ext,10,0.0014452955629426219,7.673988378493854e-05,0.0005480103661123503,0.0001099771826562038,12
extend,21,0.0030351206821795057,9.340192068581975e-08,0.006141686236373367,6.993646048733989e-05,3
extensive,62,0.008960832490244255,9.46150726308151e-06,0.012306264352925981,0.00014361234796074092,3
extensively,19,0.0027460615695909813,2.043037633025623e-07,0.005618614895546149,6.732414442280742e-05,3
extent,70,0.010117068940598353,2.6120759496624633e-05,0.013331969937485748,0.0001580278266602228,0
external,125,0.01806619453678277,0.00016325357754399524,0.017232301752706815,0.00026658248870950024,6
extra,144,0.020812256106373755,0.00021971605296616976,0.017880410117236085,0.00030308759845245725,7
extract,18,0.0026015320132967193,2.3597156680025336e-06,0.004635150520041047,8.364764895515038e-05,2
extraction,10,0.0014452955629426219,3.1997993632262344e-08,0.0030148034534565682,5.2449013838593315e-05,1
extraneous,10,0.0014452955629426219,7.890472691023855e-07,0.002472162162431556,6.062595073051791e-05,1
extrapolate,10,0.0014452955629426219,4.263491836393997e-08,0.002535057728872418,5.944682436371375e-05,2
extreme,49,0.0070819482584188465,1.445187430468796e-05,0.009393888806163089,0.00014935038818270925,7
extremely,69,0.009972539384304091,4.4495733861872766e-05,0.012307838822918292,0.0001692748924372626,0
extremity,10,0.0014452955629426219,3.618153254145224e-08,0.0030637662355572372,5.160524086199107e-05,7
extrusion,26,0.0037577684636508164,5.120576917785856e-06,0.006081404298803538,0.00010227124591957715,1
eye,113,0.016331839861251626,0.00011493798738094982,0.017515755273830865,0.0002545260745858445,7
eyebrow,10,0.0014452955629426219,7.118151072991978e-08,0.0029797717575559685,5.0595974994093896e-05,5
f.c,20,0.0028905911258852437,6.93578213767415e-05,0.0033151891224720174,0.00011771578316702706,11
fable,10,0.0014452955629426219,7.700664646981633e-07,0.0021194251933886066,6.270311822197545e-05,11
face,143,0.02066772655007949,0.0001523669048133349,0.018689873295724187,0.0002918845562328005,7
facebook,17,0.002457002457002457,4.548300440194799e-06,0.0034477249712457896,9.103975178281822e-05,0
faced,10,0.0014452955629426219,2.1494934901029259e-07,0.0026812331402037656,5.394035606059476e-05,5
facial,138,0.019945078768608182,0.0001743717290376679,0.014915885740857629,0.00024282811235774277,5
facilitate,48,0.006937418702124584,9.066936091495807e-06,0.01033117166360303,0.00013523206046708226,6
facility,10,0.0014452955629426219,2.0840782004836077e-07,0.00301572456771163,5.423441373417203e-05,0
facs,8,0.0011562364503540975,4.435699021447472e-07,0.0015905619891475099,6.515570658564576e-05,11
facsm,16,0.002312472900708195,5.422570659985714e-07,0.0035874496433409616,7.597839882932027e-05,11
fact,302,0.04364792600086718,0.0007538513924273155,0.02850483202223898,0.000474883460165252,0
factor,611,0.08830755889579418,0.0024543078556425453,0.042000894053786174,0.0007690773253959006,7
factorial,10,0.0014452955629426219,2.0465095321096868e-07,0.003324070163660149,4.8063483560471955e-05,3
factory,8,0.0011562364503540975,1.775747131668179e-07,0.002298591134275879,5.18412930602713e-05,6
factual,9,0.0013007660066483597,4.610445177736647e-10,0.003206051456345315,4.124040122621018e-05,0
faculty,7,0.0010117068940598353,4.9322984270848896e-08,0.0018756228663694941,4.8444249536163406e-05,0
fad,10,0.0014452955629426219,3.5446403158942964e-08,0.0030590607784018154,5.5433594346671647e-05,0
fade,10,0.0014452955629426219,3.6711250755299276e-07,0.0031097564914009295,5.1446619155982894e-05,1
fail,160,0.02312472900708195,0.00022506614937292975,0.019744868036105614,0.0003032006939630165,7
failure,158,0.022835669894493423,0.0001798764016307405,0.01836077360504323,0.00029391103888814097,7
fair,10,0.0014452955629426219,4.45853662875823e-08,0.0032507955468710666,5.253868509068719e-05,3
fairly,43,0.006214770920653274,1.5561009116196932e-05,0.008992661686935301,0.00011618866304209426,0
fall,232,0.03353085706026882,0.00045954291727999443,0.024480108465750775,0.00039155850085146064,7
false,10,0.0014452955629426219,9.123791149833939e-08,0.002967973030682535,4.6260233133868284e-05,7
falsely,17,0.002457002457002457,1.0760091423983548e-06,0.004100444563074327,6.738381924373469e-05,0
familiar,24,0.003468709351062292,2.204119521570695e-06,0.0058218189523469,8.426887110728978e-05,3
family,240,0.03468709351062292,0.0005042071988660041,0.027167358098267463,0.00045195565643225364,0
famous,19,0.0027460615695909813,6.829278396363508e-06,0.004323376414017951,8.087822678186474e-05,9
fantastic,78,0.01127330539095245,0.00018508275968769796,0.012104190458988104,0.0002344323023056045,0
fantasy,28,0.004046827576239341,7.025363373777856e-06,0.006327219923860915,9.636073308977879e-05,5
faqs,32,0.00462494580141639,7.599623231311324e-06,0.007156522195020175,0.00010186215518516323,3
far,147,0.02124584477525654,0.000167314779737927,0.020351297553299907,0.0002871872383573809,0
fare,10,0.0014452955629426219,1.959707907587111e-07,0.002724616856559583,5.58366251820435e-05,11
fashion,26,0.0037577684636508164,1.7667973513176988e-06,0.005857299958195085,8.943399237961618e-05,1
fast,258,0.03728862552391964,0.0005240442242064785,0.02840423975573002,0.0004571117572065927,1
fasted,24,0.003468709351062292,1.5493087372778535e-06,0.005535318018028725,8.502091683557414e-05,7
fasting,9,0.0013007660066483597,3.5369757125717626e-08,0.0026563504491762873,4.904498376530658e-05,7
fat,459,0.06633906633906633,0.0013499098584051877,0.03320579071924622,0.000626443189500324,5
fatal,18,0.0026015320132967193,7.847527633675002e-06,0.004038114019173917,7.117703970750055e-05,2
fate,10,0.0014452955629426219,8.18065270448353e-08,0.002640831342591804,5.517799370978951e-05,5
father,91,0.013152189622777859,9.109658395006133e-05,0.014147126401736116,0.00022277070822330185,7
fatiguability,10,0.0014452955629426219,4.173344305939706e-08,0.0031742327792899185,4.9847646097149915e-05,5
fatigue,346,0.05000722647781471,0.0007638894159766883,0.027838048151846494,0.00048063873796605776,5
fatigued,33,0.0047694753577106515,2.922005316367215e-06,0.007619492446783066,9.22498741331736e-05,0
fatty,78,0.01127330539095245,8.516598357970774e-05,0.011775182340118371,0.00021348716629249797,1
favor,10,0.0014452955629426219,1.8623953575481288e-07,0.002482438825202091,5.747625997731939e-05,2
favorable,25,0.0036132389073565544,1.5660107867527703e-06,0.006600986818540565,7.756954030797185e-05,2
favorite,60,0.00867177337765573,0.00024779738348863756,0.008600700642140567,0.00021792188946190605,0
fda,276,0.039890157537216364,0.0007854176751020724,0.027246604885186654,0.00046935935259385627,1
fda‐registered,10,0.0014452955629426219,2.6364613897797696e-07,0.00248388459619844,6.059445264235044e-05,3
fear,28,0.004046827576239341,3.141846550389543e-06,0.006778451312037577,9.639516815940475e-05,0
feasible,10,0.0014452955629426219,1.3907079488658116e-06,0.0021770920225225436,6.397861122250618e-05,6
feat,8,0.0011562364503540975,1.417558367485783e-08,0.002448812352627201,4.9094806858128794e-05,6
feature,84,0.012140482728718023,8.95423513201214e-05,0.012253350061618734,0.00020615492441967945,6
feb,64,0.00924989160283278,8.943583642130166e-05,0.009690026559698557,0.00019784444521269367,3
feb;9(2):249,10,0.0014452955629426219,1.8144364614886545e-06,0.002004332113270033,6.868518168131883e-05,11
february,59,0.008527243821361469,8.273959338810675e-05,0.009559663118548225,0.00020409104017416024,2
fecal,14,0.0020234137881196706,1.7246456764665613e-06,0.0025500978627776283,8.665877289059547e-05,3
fee,47,0.0067928891458303225,1.003947486692914e-05,0.010022895131128981,0.0001363899666731595,3
feeble,10,0.0014452955629426219,2.526494526299908e-08,0.002640482497783487,5.242671379063173e-05,5
feed,16,0.002312472900708195,5.814836696289623e-06,0.0037636648766145174,7.573728252076515e-05,6
feedback,113,0.016331839861251626,8.958444739133225e-05,0.01573120683130975,0.0002206548677986971,6
feel,772,0.1115768174591704,0.004807976137550589,0.04617948436039509,0.0010175867108690323,0
feeling,162,0.023413788119670473,0.0002606800783538219,0.020174627680073172,0.0003326503085819474,5
feinberg,9,0.0013007660066483597,2.5359232381835084e-06,0.0016383458539844064,7.22318629611783e-05,11
feldman,10,0.0014452955629426219,2.315434168114515e-09,0.0031920874139250445,4.571481142678389e-05,7
felix,8,0.0011562364503540975,6.123582803046974e-07,0.0010549919652304443,7.370931078142865e-05,11
fella,9,0.0013007660066483597,8.773655848363001e-09,0.0023469328463312754,5.233397667094242e-05,6
fellow,20,0.0028905911258852437,6.601507380274e-06,0.0040836089760859584,8.80599930016453e-05,11
fellowship,37,0.0053475935828877,1.947910764597036e-05,0.006980087790706529,0.00013786925813445185,3
felson,5,0.0007226477814713109,0.0,0.0009059337755018411,6.225705546008608e-05,3
female,298,0.04306980777569013,0.0006669535381355455,0.025467025224564985,0.0004454958162459732,6
females,9,0.0013007660066483597,1.931527327974202e-08,0.0025008945120617537,4.638255376830436e-05,7
fenugreek,8,0.0011562364503540975,9.340022547462752e-07,0.002201479123608072,4.8966019956498136e-05,2
fernández,10,0.0014452955629426219,2.387422717449382e-06,0.001611716714894839,8.664072006371293e-05,11
ferreira,10,0.0014452955629426219,1.2052787149852382e-05,0.0016139985296673874,8.397585263638165e-05,11
ferritin,18,0.0026015320132967193,5.412441245922022e-05,0.003022513081026078,9.61641419227849e-05,2
ferrucci,10,0.0014452955629426219,7.97952089695201e-06,0.0006971911141756784,0.0001128387709516984,11
fertile,9,0.0013007660066483597,7.999823762177594e-09,0.0025535889517335326,5.2924044258957566e-05,3
fertility,466,0.06735077323312617,0.001097410628660849,0.03595959801622943,0.0006019698222885381,6
fertilizer,10,0.0014452955629426219,3.207002016039278e-07,0.0020901869152166793,6.703895852373526e-05,7
fetal,49,0.0070819482584188465,1.2388788309752803e-05,0.009471882372769533,0.00012638782129487436,6
fetus,17,0.002457002457002457,1.930784023812057e-06,0.003736272676463137,7.314276123970118e-05,6
fever,10,0.0014452955629426219,2.1019367680253868e-07,0.0031196493173216316,4.9519313790254534e-05,7
fiber,28,0.004046827576239341,1.2011483494378437e-05,0.005882779978401116,0.00010363775319462837,9
fibrillation,28,0.004046827576239341,4.4124617786229425e-06,0.006234519073101367,9.376845508620276e-05,7
fibrous,28,0.004046827576239341,2.3262478205661997e-06,0.0066673666328187385,0.00010218138790256334,1
field,132,0.019077901430842606,0.00017258966782936216,0.01754237677528584,0.00029173355178963646,3
fig,26,0.0037577684636508164,5.843327629807321e-06,0.005184484403282316,9.28519491072707e-05,6
fight,50,0.007226477814713109,6.461905724203116e-05,0.008580028619476078,0.00016806695231728617,6
figure,103,0.014886544298309004,6.652451350260578e-05,0.015345883047060683,0.00018854143139842653,0
fill,57,0.008238184708772944,3.5479668882664226e-05,0.010302317404497796,0.00017575617637889934,1
filter,10,0.0014452955629426219,4.809817979046643e-07,0.0027738979026629878,5.1027476773054824e-05,3
filtration,9,0.0013007660066483597,1.0618151085415135e-07,0.0010751132886754854,7.475213643545452e-05,7
final,59,0.008527243821361469,0.00012471335832111444,0.009501226017452312,0.00019768288424621352,11
finalize,9,0.0013007660066483597,4.808313718186491e-08,0.0026619503006626577,5.433830076595868e-05,2
finally,115,0.01662089897384015,7.276215591390309e-05,0.017992249637280404,0.0002494725635365023,0
finance,19,0.0027460615695909813,4.401606471336564e-07,0.005583085500658502,7.567317446105158e-05,3
financial,67,0.009683480271715566,5.293397267744055e-05,0.012252417803352842,0.00019759134509823826,3
financially,18,0.0026015320132967193,2.7715743341766033e-07,0.0055641624835248,7.008521429409818e-05,0
financing,24,0.003468709351062292,1.5091336222379168e-06,0.006360604738222196,8.921487895501075e-05,3
finasteride,95,0.013730307847954907,7.759942980109913e-05,0.014390200493557458,0.00022541694264746774,6
find,818,0.11822517704870646,0.006036771842086514,0.04623062731464669,0.0010253299436056818,0
finder,8,0.0011562364503540975,3.473446736870466e-08,0.0027197694250494604,4.4293624716761114e-05,3
finding,205,0.029628559040323747,0.0003938464927397199,0.023326561210342846,0.0004112413226088975,11
fine,102,0.014742014742014743,0.0001397305628492063,0.01710322489559408,0.0002249702397195489,0
finer,10,0.0014452955629426219,4.50201184443259e-07,0.0033038925271289565,5.4778379755898775e-05,1
finger,10,0.0014452955629426219,6.049086554995588e-07,0.003175669298136881,5.503906688378437e-05,1
finish,10,0.0014452955629426219,2.962415914067582e-06,0.0024940576551161246,5.919682824318533e-05,1
finite,10,0.0014452955629426219,6.599362584691316e-07,0.0027563693957367735,6.092390863308675e-05,11
finkle,10,0.0014452955629426219,2.0639769436528845e-06,0.002677373869122339,5.637350723658646e-05,2
fire,16,0.002312472900708195,3.877762165858652e-06,0.00367335157897197,7.177964549364728e-05,1
firm,44,0.006359300476947536,1.9846253745584812e-05,0.009103036262666769,0.00013617886051520793,1
firmly,9,0.0013007660066483597,7.691280574813056e-09,0.0026235991343652536,4.958102095202423e-05,1
firmness,9,0.0013007660066483597,5.560845524800114e-08,0.002409559615863207,5.358791775759639e-05,1
firsthand,10,0.0014452955629426219,7.457040768461956e-08,0.0028027734743496587,5.87967690062375e-05,3
fish,38,0.005492123139181963,1.855084529277653e-05,0.006887187438936119,0.00014544072368266034,7
fit,140,0.020234137881196705,0.0001584215682137404,0.019844180015790386,0.00028910878561175956,3
fitness,73,0.010550657609481139,1.3410797553498596e-05,0.013751813751565261,0.0001604499531238786,5
fitzpatrick,10,0.0014452955629426219,6.812069216567696e-07,8.968003757306198e-05,0.00012468853954706658,11
fix,151,0.02182396300043359,0.0001117833482294847,0.019933565465990014,0.00025001151996936706,0
fixate,10,0.0014452955629426219,1.4351406134389777e-08,0.003398418599297927,4.7085301944886534e-05,3
flag,9,0.0013007660066483597,7.87777070666589e-08,0.002590604045797155,4.974605726155403e-05,7
flagging,10,0.0014452955629426219,1.3581999757889856e-06,0.0030667531827945115,5.060149615221039e-05,5
flammable,10,0.0014452955629426219,6.553967663242663e-08,0.0026058584063573327,5.889704988482762e-05,1
flank,10,0.0014452955629426219,6.611319440159687e-07,0.00208079131058785,6.622830346883763e-05,7
flare,8,0.0011562364503540975,7.882964687503007e-09,0.002202381079458005,4.8089827152755476e-05,7
flash,147,0.02124584477525654,8.732246915872564e-05,0.01784462089806001,0.0002630117896412588,5
flashy,9,0.0013007660066483597,1.1052033335690226e-07,0.002507870287567987,5.091478514294707e-05,9
flat,9,0.0013007660066483597,1.7771405013556654e-08,0.0026047203877314134,5.401212935900288e-05,3
flatten,20,0.0028905911258852437,1.1022446903160194e-05,0.0041952150060493845,8.041790210140066e-05,5
flavonoid,15,0.0021679433444139326,1.2050587659133553e-06,0.002844705892203674,7.374868441701129e-05,7
flavor,9,0.0013007660066483597,5.201924750702418e-07,0.0027252442554133107,5.092969910155837e-05,9
flawed,10,0.0014452955629426219,2.2159284597360446e-07,0.0030405112104092747,5.870185014320195e-05,0
flexibility,8,0.0011562364503540975,8.369475469651676e-09,0.0030525520594645813,4.418145076801588e-05,3
flexible,17,0.002457002457002457,2.4548798912982078e-05,0.0035859635030596588,9.631847639251923e-05,3
flight,24,0.003468709351062292,1.071529000294847e-05,0.004761966541350648,0.00010319617081453189,6
flip,16,0.002312472900708195,3.4944625674616973e-06,0.004159791886504929,7.100293899008623e-05,6
float,14,0.0020234137881196706,4.7500521750344317e-07,0.003271228053971616,6.471111189124785e-05,6
flood,18,0.0026015320132967193,2.3447628042681095e-07,0.004507208890935653,6.244697673391409e-05,0
floor,38,0.005492123139181963,7.654230187813627e-05,0.004848951648365435,0.00016796361090566517,12
florence,10,0.0014452955629426219,7.553872384619509e-07,0.0014874012798164603,8.419715913130019e-05,0
florida,20,0.0028905911258852437,1.9038479945030172e-06,0.004969785310264062,7.402576856047683e-05,11
flow,129,0.01864431276195982,0.0001779078305703966,0.01778556413363748,0.0002793636897251884,7
flu,5,0.0007226477814713109,0.0,0.0017279822334151167,3.5057744880390875e-05,0
fluctuate,62,0.008960832490244255,9.86588083118183e-06,0.011492565063310476,0.00013767471534768951,6
fluctuation,102,0.014742014742014743,1.6742545594329776e-05,0.01657558002848873,0.00020091404382450035,6
fluid,56,0.008093655152478682,2.0368039199850975e-05,0.009091613696905233,0.00014928519523689412,7
fluoride,9,0.0013007660066483597,8.418407922349593e-08,0.0029255771411306345,5.0242551336291e-05,11
flush,48,0.006937418702124584,1.374550272519468e-05,0.008786299548635062,0.000124123577261678,5
fly,9,0.0013007660066483597,1.5063969777045722e-07,0.002497382978539345,5.7303986727044924e-05,0
fnp,5,0.0007226477814713109,0.0,0.0008905087127746433,6.4938135044408e-05,3
foam,19,0.0027460615695909813,1.200164914956764e-06,0.004655482580571224,7.84615404143533e-05,6
focus,364,0.052608758491111435,0.0007577596199001544,0.035052837190779,0.0005517734610428447,5
focused,18,0.0026015320132967193,5.1974571259030345e-06,0.0042458733897853184,7.120414289051218e-05,0
foetus,10,0.0014452955629426219,4.061715111819662e-08,0.0026865538302823727,5.562493175782665e-05,1
fog,99,0.014308426073131956,4.5311782324374824e-05,0.0148012088688426,0.00021005410477358536,5
folate,16,0.002312472900708195,5.236678149627512e-07,0.004176164548125673,6.65794221530812e-05,7
fold,17,0.002457002457002457,1.05504908539736e-06,0.004427226879279372,6.946180344943683e-05,3
fold.415,10,0.0014452955629426219,2.875763259413178e-07,0.0026228418526527235,6.137579683277107e-05,1
folk,116,0.01676542853013441,3.5717474842199954e-05,0.0188709475453455,0.0002099763964029117,0
follicle,155,0.02240208122561064,0.00016760597286959042,0.01618081246428736,0.0002672054054220829,6
follow,640,0.0924989160283278,0.0030754008374116503,0.04470513824976299,0.0008469447652719856,3
following,60,0.00867177337765573,2.4683765117275957e-05,0.01117844683157249,0.00014959305556479333,3
followup,10,0.0014452955629426219,5.514413966089874e-09,0.0035443923500035847,4.931990065214129e-05,3
food,385,0.05564387917329094,0.0022753707426997885,0.032857379813661984,0.0007250116134498063,9
foot,19,0.0027460615695909813,9.26812550502365e-07,0.005035543199179143,8.153105784816234e-05,7
football,8,0.0011562364503540975,2.1766913428473914e-09,0.0031280905137868356,4.3147784930513936e-05,0
force,29,0.004191357132533603,1.2494270788213529e-05,0.005531152519922309,0.00012295263109451178,2
ford,41,0.005925711808064749,5.0636575909920286e-05,0.007195442570313091,0.0001237616340309663,3
forecast,9,0.0013007660066483597,4.421393492699833e-09,0.0027972415776060184,4.1933752339103945e-05,0
forehead,10,0.0014452955629426219,2.2996445565781647e-07,0.0019953996873657517,6.755343175959002e-05,6
foreign,8,0.0011562364503540975,1.8099360112141168e-08,0.002333898167808791,5.1493846851125984e-05,6
foremost,10,0.0014452955629426219,2.592100005885063e-07,0.0028930135609789975,5.462310070596678e-05,0
foretell,9,0.0013007660066483597,1.7162736881804572e-07,0.0027296687941057492,5.130011696134583e-05,5
forever,20,0.0028905911258852437,4.947349817935356e-07,0.005038029728812819,7.940459730022751e-05,0
forgetfulness,10,0.0014452955629426219,1.143710481578703e-08,0.003089522536534121,5.027206920678586e-05,5
form,469,0.06778436190200895,0.0020826128305773887,0.03616318911517133,0.0006585850943665169,1
formal,18,0.0026015320132967193,1.7876825373648289e-06,0.005191762859017233,6.682592629471485e-05,3
formally,9,0.0013007660066483597,1.889890570146472e-07,0.0021488255738212943,5.3844398844643315e-05,7
formation,46,0.00664835958953606,1.7470905042255001e-06,0.0092901753938717,0.00010519009880832253,7
formula,65,0.009394421159127041,0.00010815005182727399,0.011478093303315801,0.0001745733155998087,1
formulate,39,0.005636652695476225,5.388873944311665e-06,0.009236863749840275,0.00011354349973406764,3
formulation,202,0.02919497037144096,0.00022554248558746473,0.025283129515984173,0.00037866897463931573,1
fortesta,10,0.0014452955629426219,3.7623416929427735e-06,0.0019175860920727051,6.209551994305879e-05,1
forth,10,0.0014452955629426219,1.2277847093404228e-06,0.002387183505808267,6.639469691601676e-05,3
fortify,7,0.0010117068940598353,2.2079434200651767e-08,0.002310598987291456,4.575871848226872e-05,6
fortunately,29,0.004191357132533603,1.7163530120417168e-06,0.006857062580659214,9.755046832614541e-05,0
forward,94,0.013585778291660645,5.577061740663962e-05,0.016139397684257026,0.0002147677717622591,3
forwards,9,0.0013007660066483597,7.810151272125792e-09,0.003002202444732663,4.709719022052268e-05,3
foundation,76,0.010984246278363925,5.350410821537726e-05,0.012559771544846705,0.00018232642135953685,3
foundational,19,0.0027460615695909813,3.1921379883554375e-06,0.004207743711274096,8.012917461560274e-05,5
founder,18,0.0026015320132967193,1.3077461933279889e-06,0.004035250544552532,8.433351614357067e-05,3
fountain,16,0.002312472900708195,1.4219877862839986e-06,0.0037422075419057386,7.230753332311372e-05,0
fraction,22,0.003179650238473768,3.093014254387798e-06,0.005114853422193073,8.494251688553867e-05,1
fracture,89,0.012863130510189334,3.2087718874213195e-05,0.014150514796901666,0.00018600439780757874,5
fragile,17,0.002457002457002457,6.371593879756163e-08,0.004394095396754986,5.7456219394481694e-05,5
frailty,20,0.0028905911258852437,2.9306013057280103e-06,0.00502559101464109,8.64051360126532e-05,7
frame,28,0.004046827576239341,7.497598507220748e-06,0.005866451535646072,0.00010556665027145673,5
framework,9,0.0013007660066483597,4.970619673861179e-08,0.0026756053178458817,5.117393356611663e-05,2
france,20,0.0028905911258852437,6.056306189133102e-05,0.0024446437293234972,0.00012961284967700292,11
francisco,19,0.0027460615695909813,3.0140569128486068e-06,0.0030665644009800702,0.0001042901482186678,11
frank,10,0.0014452955629426219,6.5087622582792525e-09,0.0032609080220951845,5.2357341506453135e-05,0
frederick,20,0.0028905911258852437,0.00031402277633352357,0.0013671938349344127,0.00016012057193898443,8
free,411,0.05940164763694175,0.0014363934349312922,0.026400906445488675,0.000545059665278138,6
freedom,10,0.0014452955629426219,1.7205865500940068e-08,0.00319844833858141,5.446638294391287e-05,0
freely,16,0.002312472900708195,9.236574667940716e-07,0.00414073071987675,6.984505208380182e-05,6
frequency,148,0.0213903743315508,0.00014942399676082222,0.021247810655974603,0.0003022372492952585,1
frequent,103,0.014886544298309004,3.692050810327861e-05,0.017303984541330347,0.00022073430550449398,1
frequently,195,0.028183263477381124,0.00012566164410753717,0.025232386097685425,0.00031209086384561294,1
friday,10,0.0014452955629426219,5.387346578450854e-07,0.002473699678393164,6.27572139024694e-05,0
fried,17,0.002457002457002457,4.501013032721083e-06,0.0037431900146546807,7.97285235429229e-05,9
friend,113,0.016331839861251626,9.790096170068757e-05,0.017138295811251734,0.0002348002758444738,0
friendly,37,0.0053475935828877,7.662861321786623e-06,0.008782562445913425,0.00011237868770745128,3
frisky,10,0.0014452955629426219,4.466801805436214e-08,0.002705077214827915,5.482983349178804e-05,6
frog,7,0.0010117068940598353,3.3636663154424635e-08,0.002031171644673365,4.862615019750594e-05,1
frontal,10,0.0014452955629426219,1.1726398638268046e-06,0.0022839840600098462,7.175813548494279e-05,6
frontier,19,0.0027460615695909813,3.681635068811417e-05,0.0024510716166055648,0.00012880795796085944,11
frsa,10,0.0014452955629426219,2.162997898413717e-06,0.0010206735239997923,0.0001066550017574016,11
fruit,63,0.009105362046538517,0.00020299863622385498,0.008823870775153047,0.00022526370087090278,9
frustrated,10,0.0014452955629426219,3.6179516857613526e-07,0.0027160715009603353,5.72227269559809e-05,0
frustrating,43,0.006214770920653274,3.1196757160780714e-06,0.009752234103491941,0.00011992122218317819,0
frustration,10,0.0014452955629426219,4.128405036040734e-08,0.003494510828399161,4.7073999623885066e-05,0
fruzzetti,10,0.0014452955629426219,8.088544223531921e-07,0.0019339242877122623,7.226714431054815e-05,5
fsh,192,0.027749674808498336,0.0002595781811420454,0.018951931384222766,0.0003497160489734408,6
fsig,9,0.0013007660066483597,2.2161183742933616e-06,0.0018286275056485538,6.80039586408064e-05,3
fuel,64,0.00924989160283278,3.952180942706788e-05,0.011035997473968176,0.00017366031192630213,5
fugh,10,0.0014452955629426219,0.00021714339460587745,0.0011307331597152225,0.00010026404962708804,4
fulfil,10,0.0014452955629426219,1.1013792258808776e-07,0.0024385663751470927,6.0812330352450405e-05,3
fulfill,10,0.0014452955629426219,6.006309041451049e-07,0.0026533743065900017,6.537599286388445e-05,0
fulfilling,16,0.002312472900708195,3.219794638951957e-07,0.0050214891838220475,6.073539590161982e-05,2
fullness,10,0.0014452955629426219,6.80705074719848e-08,0.003135385807598438,4.7343664476955904e-05,6
fully,126,0.018210724093077033,0.00014357091233206006,0.017614981745760164,0.00024762798487043276,1
fun,50,0.007226477814713109,1.6840079206801824e-05,0.009461788542123888,0.00015639735293478658,0
function,690,0.0997253938430409,0.004337847451622014,0.03852261802498849,0.0008780513685748877,6
"function.59,60,62,63",10,0.0014452955629426219,1.6532325494778398e-06,0.0029329747027172213,5.3664932602340236e-05,7
functional,77,0.011128775834658187,0.00017223540635563249,0.01076860090456129,0.0002637235852236413,11
functioning,29,0.004191357132533603,3.735042016084167e-06,0.00683994729744258,9.800204971620679e-05,5
fund,44,0.006359300476947536,0.00013494812996241848,0.007718200853351349,0.00015103716494413024,11
fundamental,41,0.005925711808064749,4.484118649542015e-05,0.007855594440883896,0.00013048885427950906,2
fundamentally,10,0.0014452955629426219,1.727460978289334e-08,0.0033593981259389953,4.527824178391369e-05,7
funding,34,0.004914004914004914,1.817570213925874e-05,0.006528430078984381,0.00013333884407762463,11
funk,8,0.0011562364503540975,7.615704561043711e-09,0.0031838116826079163,4.400143155226896e-05,0
furthermore,18,0.0026015320132967193,1.2115940413963429e-06,0.004346571014683996,7.97156727869742e-05,1
future,154,0.022257551669316374,0.00012097572161554915,0.021081255698795612,0.000283284434213328,3
fuzz,10,0.0014452955629426219,6.90892356147352e-07,0.0024023083157150744,5.9857569827259996e-05,7
fuzzy,10,0.0014452955629426219,1.634907389712613e-07,0.0029173688657800475,4.333581960366712e-05,5
g-100,10,0.0014452955629426219,2.3433058167031225e-07,0.0010389283538178808,7.896257342343818e-05,12
g.diabetes,10,0.0014452955629426219,5.708651305341178e-07,0.0012449822576840932,8.260628485551259e-05,11
g.r,10,0.0014452955629426219,7.030890662144176e-07,0.0004591229334430435,9.716785721753628e-05,11
gaba,10,0.0014452955629426219,1.6474791925443725e-07,0.0026371611733958093,5.2129303947190105e-05,6
gabrielsen,27,0.003902298019945079,3.0301052685263684e-06,0.005983438268324942,9.049497138847899e-05,11
gabrielson,8,0.0011562364503540975,6.852938835990718e-08,0.001803632888757637,5.34939453348764e-05,6
gain,255,0.036855036855036855,0.0002467407976966831,0.02573528150901196,0.00035245381593119844,5
gainswave,16,0.002312472900708195,2.292195925239066e-06,0.004180961807688375,7.869531629604082e-05,1
game,36,0.005203064026593439,1.22958076472569e-05,0.007641319896884748,0.00011369651722668642,0
gamma,9,0.0013007660066483597,4.827620844868392e-07,0.0006365632665727711,9.88086224469312e-05,2
gao,10,0.0014452955629426219,4.343717831808403e-07,0.001753881473828454,6.971084508813612e-05,2
gap,57,0.008238184708772944,0.00015534671300734503,0.010970673603227222,0.0001739388538960004,11
garage,10,0.0014452955629426219,1.336095964408799e-07,0.002408682355586936,6.656329643681855e-05,0
garbage,10,0.0014452955629426219,2.3895611496613415e-07,0.0034611889721058936,5.240270485962911e-05,0
garcia,32,0.00462494580141639,1.450506057451237e-05,0.00550405568862288,0.00011904004598050292,11
garibaldi,10,0.0014452955629426219,1.0408361935347818e-06,0.0010245236358187122,8.586248867913906e-05,11
garlic,53,0.007660066483595895,0.00017093012445989448,0.007567584666486918,0.00017770338918965525,9
garner,10,0.0014452955629426219,6.865112887437047e-08,0.002942999477918291,5.867048810920794e-05,3
gary,30,0.004335886688827865,3.256753963626736e-05,0.004355964925597793,0.00015171867312973518,11
gas,9,0.0013007660066483597,1.308359313863482e-07,0.0023053657059504767,6.031674386568652e-05,0
gascon,8,0.0011562364503540975,2.0867362821437926e-09,0.002229876145764326,5.4132855942776336e-05,0
gasoline,15,0.0021679433444139326,2.543689659124523e-06,0.0036713675093344557,6.799484253171226e-05,1
gasp,10,0.0014452955629426219,5.151487820202884e-07,0.002354897938802465,6.472137839411737e-05,7
gastroenterologist,10,0.0014452955629426219,7.280421137084704e-08,0.0030332287867821535,5.365573279954332e-05,7
gastroenterology,10,0.0014452955629426219,2.2532156751774616e-07,0.002518672163183771,6.0262980078764754e-05,13
gather,19,0.0027460615695909813,8.971680703399737e-06,0.004627110658899268,8.56634406586063e-05,1
gathering,9,0.0013007660066483597,4.930647621812885e-07,0.0019823196110245263,6.539203629034734e-05,5
gauge,20,0.0028905911258852437,1.027327350804631e-06,0.004913470047088084,7.346560143428783e-05,3
gauze,10,0.0014452955629426219,2.2569813546348065e-07,0.002067283243111988,6.828387555567688e-05,1
gear,10,0.0014452955629426219,1.3329964227846831e-08,0.0031488842802871626,4.841573314576035e-05,0
gel,508,0.07342101459748518,0.002305871553461733,0.035137564913546415,0.0007375438654339561,1
gelatinous,20,0.0028905911258852437,7.4227067460275165e-06,0.003338034661038023,0.00010531596852268905,1
geme,14,0.0020234137881196706,3.3671261600737363e-06,0.0011681415957297157,0.00010917773775624607,11
gender,70,0.010117068940598353,3.265200730637588e-05,0.012846217547996884,0.00018490032774659724,0
gene,98,0.014163896516837693,8.100410855426185e-05,0.014233696652484524,0.00023577127821598428,7
general,349,0.0504408151466975,0.0009523044950986216,0.03357235033541234,0.0005302881102672454,3
generalizability,20,0.0028905911258852437,2.364362568092088e-06,0.0046723059642398415,8.588226673512876e-05,2
generalizable,10,0.0014452955629426219,6.017924428968892e-08,0.0026375353487999684,5.7392536327660637e-05,2
generalize,10,0.0014452955629426219,4.250073505997176e-08,0.002869797477997271,5.686814762993155e-05,2
generally,290,0.04191357132533603,0.0004653774835935407,0.03029646807128268,0.0004180284132901185,0
generate,35,0.005058534470299176,1.3013522941548606e-05,0.007777212054607338,9.98313348367184e-05,2
generation,37,0.0053475935828877,8.246787525629304e-06,0.007921665534344464,0.00011035846464174923,3
generative,17,0.002457002457002457,1.0877516504616652e-05,0.0031101318143876813,8.837899776623269e-05,10
generic,42,0.006070241364359011,1.5359695794425663e-05,0.008703732039902103,0.0001307944789311741,1
generous,10,0.0014452955629426219,3.6184637633546806e-08,0.0032767865451274946,5.299241426323985e-05,0
geneseo,7,0.0010117068940598353,5.4822536239690235e-06,0.0009322727124161491,6.577259531505e-05,12
genetic,269,0.03887845064315652,0.0004998062327100262,0.024755139903806064,0.0004504515754486429,7
genetically,26,0.0037577684636508164,7.9789203719847e-06,0.005842750567090597,9.800485263766245e-05,6
genital,63,0.009105362046538517,4.1203453899183564e-05,0.01031112530370656,0.00016576811914637097,7
genitalia,20,0.0028905911258852437,1.5053119413863394e-06,0.005302043696499506,7.44989160601036e-05,0
genitourinary,10,0.0014452955629426219,7.250263636334143e-07,0.002577038305791728,5.8568803756071694e-05,7
genius,10,0.0014452955629426219,9.953985941601772e-09,0.002809080225126594,4.985853618756487e-05,7
genotype,10,0.0014452955629426219,6.762413672491484e-08,0.002371006396487315,5.41219461448091e-05,7
genotypically,8,0.0011562364503540975,7.504865550507921e-09,0.0018384094913646838,5.4336421380862064e-05,7
gent,9,0.0013007660066483597,8.83329864469973e-08,0.0026108802539723916,4.83841548436926e-05,0
gentle,10,0.0014452955629426219,9.659310202515578e-08,0.003132209504764651,4.827010159999752e-05,0
gentleman,23,0.00332417979476803,1.8249742706704219e-06,0.005999479728363506,7.966310328796012e-05,0
gently,9,0.0013007660066483597,1.6952314724568152e-08,0.003105195904036715,4.892288764984893e-05,1
geographic,18,0.0026015320132967193,2.917206486981352e-06,0.004361070832270294,7.447422882511076e-05,2
geography,10,0.0014452955629426219,3.573305159017615e-07,0.0028966137198595926,5.317063720505708e-05,3
george,33,0.0047694753577106515,1.8280933810401845e-05,0.005909910478500696,0.00010243630532206451,11
geriatric,19,0.0027460615695909813,8.574004162239426e-06,0.003453186485956548,9.316746239121932e-05,11
geriatricians,10,0.0014452955629426219,6.145656892211968e-08,0.0033712352210952127,5.335736796265408e-05,3
gerontology,19,0.0027460615695909813,9.519471593863529e-06,0.0038505212308853334,9.060302209713052e-05,11
gestational,9,0.0013007660066483597,7.676471949326485e-07,0.002273745417923288,5.3270460080581715e-05,7
getting,73,0.010550657609481139,2.416872324515815e-05,0.013751431443925865,0.0001382275331608467,0
gfobt,10,0.0014452955629426219,1.4356663329877227e-06,0.0014900577104151077,8.042804404850047e-05,3
gianfrilli,10,0.0014452955629426219,3.973475238944357e-06,0.0013368064909749114,8.965762751331702e-05,11
giant,9,0.0013007660066483597,2.7795813132617116e-08,0.002261918943215181,5.07837327645224e-05,0
gilbert,10,0.0014452955629426219,8.386405863606043e-08,0.0031700587332454283,4.993023114635278e-05,3
gimmicky,10,0.0014452955629426219,1.233882045402363e-06,0.002895683437269389,5.8610997437282274e-05,0
gip,7,0.0010117068940598353,2.1004494298192337e-08,0.0019824049682088396,4.6779781208395506e-05,6
girl,17,0.002457002457002457,1.7828500557812478e-06,0.004739207165824994,6.480861479595127e-05,6
girlfriend,9,0.0013007660066483597,3.4532200497004715e-09,0.0030381583852029707,5.092699743661008e-05,0
glad,52,0.007515536927301633,2.2451734891516448e-05,0.010618553805201797,0.00015418308689798367,0
gladly,10,0.0014452955629426219,2.6455563758045504e-07,0.0031603214792098456,5.543891845779203e-05,3
gland,388,0.056077467842173725,0.001053118005823231,0.026399863048450947,0.0005366458009622302,6
glass,19,0.0027460615695909813,2.3916771360898565e-05,0.0028128558268084923,9.932307240001063e-05,9
glenn,10,0.0014452955629426219,4.580905639409078e-07,0.0004676363062036111,9.721235365138119e-05,11
global,19,0.0027460615695909813,1.964053931869083e-06,0.004878863929664152,6.835669642441973e-05,3
globally,8,0.0011562364503540975,5.5822512561774346e-08,0.002226503721330432,4.648514318324418e-05,3
globe,9,0.0013007660066483597,2.442426860847536e-09,0.002715472092589654,4.063984323306867e-05,5
globulin,90,0.013007660066483595,6.0862600478587285e-05,0.01054050260484232,0.00018360347375897726,6
glomerular,9,0.0013007660066483597,1.2395497098267018e-06,0.0012129920053364212,7.307643396570864e-05,7
glp-1,15,0.0021679433444139326,2.577232838373376e-06,0.003428443200101212,7.549727326504254e-05,6
glucagon,10,0.0014452955629426219,1.2380702416067248e-06,0.0029844817365326974,5.598196271634336e-05,6
glucocorticoid,48,0.006937418702124584,2.1736190146962642e-05,0.008389142663453086,0.00014712810289416346,7
glucose,51,0.007371007371007371,2.6351141491740917e-05,0.00917580485345052,0.00014345888372629866,7
glut,10,0.0014452955629426219,2.952885197463328e-08,0.002867219252692005,5.171593469215041e-05,0
glutamyltransferase,10,0.0014452955629426219,1.8092198285146266e-06,0.0009036541971059716,0.00010193554227927437,2
gluteal,24,0.003468709351062292,8.884554714556232e-07,0.00622000646905099,8.158615720787258e-05,1
glutron,10,0.0014452955629426219,4.190048625064585e-06,0.0009245504232741516,0.00010279870870849532,11
glycemic,24,0.003468709351062292,3.678077237089335e-06,0.005544161119006542,8.248167436784709e-05,7
glycoprotein,17,0.002457002457002457,2.3194674749378412e-07,0.004095690376670042,6.698780575277395e-05,6
gm117080,8,0.0011562364503540975,3.536106520331897e-07,0.0010003718684230803,7.124386677359628e-05,11
gm117325,8,0.0011562364503540975,3.4544943838447982e-06,0.0013825636489581473,6.891322530662505e-05,11
gm118619,8,0.0011562364503540975,2.45306881470363e-07,0.0008182323450735802,7.319673116357028e-05,11
gmc,20,0.0028905911258852437,2.559426658254807e-06,0.004370818492647791,7.17820102184957e-05,3
gmt+0000,8,0.0011562364503540975,8.638018529684239e-07,0.0011977975310486877,7.281369157622833e-05,11
gnrh,49,0.0070819482584188465,1.896267904252213e-05,0.007152269806623605,0.00013859747658601115,6
goal,265,0.03830033241797948,0.0006127203121688009,0.028679928575484313,0.0004298962282211282,3
gold,63,0.009105362046538517,1.6467217662109033e-05,0.012186155366466429,0.0001613658819411195,2
golden,10,0.0014452955629426219,1.602493511682519e-08,0.003406304004275625,5.107533576314234e-05,0
goldfine,13,0.0018788842318254082,1.6818535796545165e-06,0.0017168981010053804,8.830906647925431e-05,11
goldman,12,0.001734354675531146,2.48437837846034e-06,0.0020510211893800335,7.077474154183629e-05,11
golf,10,0.0014452955629426219,1.1262034375417464e-07,0.0027319919361635772,5.013353515592701e-05,2
gomez,9,0.0013007660066483597,1.1221163382870226e-07,0.002226467031657608,4.8365035596809004e-05,11
gonad,73,0.010550657609481139,2.942196689543844e-05,0.011369015130717192,0.00016134998509614325,6
gonadal,61,0.008816302933949994,3.6476282265554945e-05,0.009733449705820383,0.00016641169506690666,6
gonadatrophin,9,0.0013007660066483597,2.2028487537126763e-08,0.002683922232378022,4.9315464049262624e-05,6
gonadotrophin,41,0.005925711808064749,1.219750568410651e-05,0.0069433404361864855,0.00013175914968322687,6
gonadotropin,175,0.02529267235149588,0.00012184720494239662,0.01930898990732964,0.000299293123990823,6
gone,10,0.0014452955629426219,4.996119956727888e-09,0.0030982352658784603,4.768840508796377e-05,5
gonorrhea,10,0.0014452955629426219,2.1577420386082886e-06,0.0015042237038115245,7.072516148969484e-05,7
good,852,0.12313918196271137,0.005441410922495709,0.051728148590607925,0.000985652310738073,0
goodbye,10,0.0014452955629426219,9.244451214199353e-08,0.0031375043747613896,4.9865522426524646e-05,3
goodrx,10,0.0014452955629426219,2.1511282748622265e-07,0.002591994393141849,6.336836761389728e-05,0
google,78,0.01127330539095245,4.363548535370272e-05,0.013264539992273562,0.00020763221353276218,0
gooren,10,0.0014452955629426219,9.913036028372942e-06,0.0018812190486614591,7.203462805848881e-05,11
goserelin,10,0.0014452955629426219,5.999510982382739e-07,0.0019241692156166663,8.180032531978622e-05,7
gout,10,0.0014452955629426219,3.406037950580924e-07,0.0024788382405660633,6.164624130347961e-05,7
government,10,0.0014452955629426219,3.794034446168623e-08,0.0030509921757161055,5.719652333459544e-05,1
gps,19,0.0027460615695909813,2.8946509813353937e-06,0.004217340890432467,7.24655104800238e-05,3
graciela,10,0.0014452955629426219,1.2044055805638383e-06,3.453851439517291e-05,0.00013600803602222152,8
grade,131,0.018933371874548344,9.105674879124139e-05,0.015119883647531668,0.00023208591375877704,2
gradual,120,0.01734354675531146,5.251404405582103e-05,0.01729163872409803,0.0002170376187492803,6
gradually,135,0.019511490099725394,4.932942078257678e-05,0.018317728650231378,0.00022380320212304005,6
graduate,19,0.0027460615695909813,5.658798198528425e-06,0.0037758738002037035,9.596590872044006e-05,11
graft,9,0.0013007660066483597,3.232005485084252e-08,0.0023596030898724776,5.7308562972064204e-05,1
grafting,15,0.0021679433444139326,1.6463915252118744e-06,0.003419430681195886,7.915974391277286e-05,1
grain,53,0.007660066483595895,9.616022003033031e-05,0.007241085996623353,0.00020666206843558146,9
gram,20,0.0028905911258852437,5.793622863875153e-06,0.004295837938811037,8.733428954096709e-05,9
grant,36,0.005203064026593439,7.679458870435842e-05,0.005360383409814234,0.0001575461532957481,11
grantmyre,10,0.0014452955629426219,6.724722606178499e-06,0.00038724426320182114,0.00011200239189985377,11
grapeseed,18,0.0026015320132967193,1.706001711220073e-06,0.003982627828998712,8.47272453688952e-05,1
graph,16,0.002312472900708195,4.053444879300863e-07,0.003816145305233116,7.507780079882168e-05,2
grapple,10,0.0014452955629426219,2.2661706234140786e-07,0.0028654884191527505,5.561064209165779e-05,3
grass,10,0.0014452955629426219,4.742956434979907e-08,0.002578062978731739,5.3589450171908856e-05,2
grave,13,0.0018788842318254082,7.911674702260937e-07,0.002969323076958447,6.501260006391034e-05,7
great,455,0.06576094811388929,0.001452857179954422,0.03851478885241921,0.000663630263870216,0
greatly,43,0.006214770920653274,9.129864501721132e-07,0.009037699926014768,9.584516265313693e-05,6
green,46,0.00664835958953606,0.0002124461987123378,0.007349845435796634,0.00017768130813070266,9
gregory,10,0.0014452955629426219,5.8663313010293447e-08,0.0028941234227055773,5.42638665579317e-05,3
grin,9,0.0013007660066483597,7.553512114733803e-09,0.003001264613062254,4.3965240795904446e-05,3
grip,19,0.0027460615695909813,4.51632581174579e-06,0.004317519700541329,8.327132734819854e-05,7
grober,57,0.008238184708772944,0.0005383443755591708,0.007492252885953731,0.00021773350238289728,11
groin,28,0.004046827576239341,6.724497299363658e-06,0.00617712582033665,9.952244832915422e-05,7
groot,10,0.0014452955629426219,6.211198806521928e-07,0.00170175297565901,7.635960596332885e-05,11
grossly,10,0.0014452955629426219,3.048231678098762e-07,0.002672541544162708,5.2549306400882125e-05,6
grossman,10,0.0014452955629426219,1.6779454620821438e-07,0.00017589428139791631,0.00012862803880115688,4
grossmann,10,0.0014452955629426219,2.603613121996475e-06,0.0010702294432474596,0.00010153445410920522,11
ground,35,0.005058534470299176,0.0001416977486378681,0.005403433309896836,0.00014692480880457948,12
groundbreake,10,0.0014452955629426219,3.196963451987256e-07,0.002816030777056951,6.0609894369515285e-05,3
group,274,0.039601098424627834,0.0006616444724850425,0.026954292060023047,0.0005024869775312887,2
groups.435,10,0.0014452955629426219,2.7027001028562842e-08,0.003057513728312726,4.820943907977903e-05,1
grow,224,0.03237462060991473,0.000374115313361878,0.024553558997663233,0.0003847900457432775,7
growth,407,0.058823529411764705,0.0011670928421150097,0.02989988359480293,0.0005853588227289892,7
grubhub,10,0.0014452955629426219,3.918335360454213e-07,0.00261437306538326,6.306689281729574e-05,0
grumpy,10,0.0014452955629426219,1.5873056557835177e-07,0.0026825279324077184,5.760237838215328e-05,5
gso,9,0.0013007660066483597,1.719835710525808e-07,0.002077574055907822,5.74183506869427e-05,1
guaiac,9,0.0013007660066483597,3.838484285306031e-08,0.0019937257897598005,6.184830159936597e-05,3
guarantee,83,0.011995953172423761,5.623000259144892e-05,0.014059963452492653,0.0002029056757771095,0
guasti,10,0.0014452955629426219,2.39903336319575e-06,0.0013815991774502067,8.862510284276656e-05,11
guess,64,0.00924989160283278,1.6770615578003177e-05,0.012926521156524814,0.00015470128990725042,0
guesswork,10,0.0014452955629426219,2.1832732081172597e-09,0.003513921383442479,4.38698298511011e-05,7
guest,35,0.005058534470299176,1.0554659615889679e-05,0.006246818440058961,0.0001292761418989151,0
guidance,187,0.02702702702702703,0.00017659516405648575,0.024822441758734194,0.0003330221082256317,3
guide,240,0.03468709351062292,0.0003009920616596401,0.027597553505551067,0.0003862282143712218,3
guideline,557,0.08050296285590403,0.004609298212404544,0.038407263196226026,0.0009400705393834426,2
guilt,10,0.0014452955629426219,1.9563452152662744e-07,0.002430675988112013,5.949961680154771e-05,5
gulf,10,0.0014452955629426219,2.2564010911509822e-07,0.002856995050267528,6.058717321395087e-05,3
gum,118,0.017054487642722937,0.00020923778303444393,0.014639800343402168,0.0002881120570485012,1
gumline,10,0.0014452955629426219,1.5048814000519273e-07,0.002577835816253057,5.59934714735808e-05,1
gupta,10,0.0014452955629426219,4.011823571827455e-06,0.0017215827885878122,7.56549568727912e-05,11
guralnik,10,0.0014452955629426219,6.408435288881193e-05,0.0010774594573712333,9.623247444361415e-05,11
gurney,10,0.0014452955629426219,3.4922265380987997e-06,0.0015740321182565347,7.720234074725831e-05,11
gut,50,0.007226477814713109,1.647039896447722e-05,0.008072217536840454,0.00015013287119574185,0
gutter,10,0.0014452955629426219,8.864694664508057e-08,0.0026928022689134113,5.1425943323081774e-05,5
guy,351,0.050729874259286024,0.0008055508258247706,0.033728416500367335,0.0005563727820673361,0
gym,84,0.012140482728718023,4.664690641244305e-05,0.014557505808960963,0.00020178995623845242,0
gynaecomastia,42,0.006070241364359011,8.892200046057465e-06,0.008347066012162696,0.000129450928711452,7
gynecological,10,0.0014452955629426219,2.578989206118306e-07,0.0027175788947115622,5.781284544189329e-05,7
gynecomastia,188,0.02717155658332129,0.00018624699599320668,0.02192071910807608,0.00032604943982660387,7
h.s,10,0.0014452955629426219,2.8308358555974246e-05,0.0007378222856276513,0.00010762236303187063,4
habit,149,0.021534903887845066,0.00025916566692057503,0.020937347394300077,0.0002839520949146325,5
habituation,10,0.0014452955629426219,2.389638430241516e-08,0.0033741356285681796,5.1071788268685846e-05,6
habitus,19,0.0027460615695909813,1.9712041725034118e-06,0.004835882552913509,7.671201794434674e-05,5
hackett,10,0.0014452955629426219,4.0084882589737484e-06,0.0025588528023668122,5.9078592994568237e-05,11
haddad,10,0.0014452955629426219,5.984643888550182e-07,0.0017067101732938102,6.996753546946056e-05,11
hadley,10,0.0014452955629426219,3.3276529071199175e-07,0.002312157484137228,5.644699365411611e-05,11
haematochromatosis,10,0.0014452955629426219,1.1657287118392815e-06,0.0024576087817717368,6.114595663221807e-05,7
haematocrit,73,0.010550657609481139,2.8515892231028146e-05,0.011642169443550903,0.00017642064588489263,7
haemochromatosis,19,0.0027460615695909813,1.999557831396022e-06,0.004606256485443108,7.037668446473209e-05,7
haemoglobin,30,0.004335886688827865,1.0066918415558569e-06,0.005806368995830706,8.502260413211e-05,7
hage,20,0.0028905911258852437,0.0004896470908582935,0.002338343581858603,0.0001478782663292683,11
hair,525,0.07587801705448764,0.002297908061279878,0.033398033585796724,0.0007071690432792604,5
hairline,19,0.0027460615695909813,7.978946541083432e-06,0.00356210713208772,8.598870684689231e-05,5
hairy,33,0.0047694753577106515,1.6139767164844342e-05,0.006355343713759763,0.00011435528828913184,0
half,206,0.029773088596618008,0.00022969077465827766,0.024829671840197187,0.00033319845518381153,0
halfway,16,0.002312472900708195,8.377760329237406e-07,0.0042235195434600905,7.011024202577891e-05,0
halifax,7,0.0010117068940598353,2.019497530675594e-07,0.001389918913215957,5.3948326787712876e-05,11
hallmark,32,0.00462494580141639,1.2501895180460741e-05,0.006741979403974654,9.447119796646372e-05,0
halt,10,0.0014452955629426219,2.3396050388776472e-08,0.0032634761131949365,4.5640393913115746e-05,7
halting,10,0.0014452955629426219,6.214138939592245e-08,0.0027027754069822085,5.6101500951467385e-05,6
hamper,8,0.0011562364503540975,1.0590783526343733e-09,0.0025128016769519535,4.10650480065294e-05,7
hand,143,0.02066772655007949,0.0002397011972937298,0.017853037257436113,0.0002937975306368794,1
hand-,9,0.0013007660066483597,1.1060518829342828e-07,0.0016864404909160435,6.17477851702197e-05,1
handbook,10,0.0014452955629426219,1.246698223174352e-06,0.0023942516732890387,6.306112216969356e-05,11
handing,10,0.0014452955629426219,1.6619354566024783e-05,0.00018437100944006932,0.00012273818478338955,11
handle,10,0.0014452955629426219,4.8575239431640085e-08,0.0030438899775932886,5.735463607762405e-05,0
handout,10,0.0014452955629426219,5.658243195553792e-08,0.0028577003848428385,5.8370146211682774e-05,0
handpicke,9,0.0013007660066483597,1.390216286449576e-07,0.0029996978208148054,4.5216579637327836e-05,3
hang,60,0.00867177337765573,1.9071461378373763e-05,0.011588088894111873,0.0001481366267038698,0
hany,10,0.0014452955629426219,2.255899477089311e-05,0.0001426748720696339,0.00012473506466056236,8
happen,333,0.0481283422459893,0.0005026976254313186,0.032211636730259514,0.00047663306403487404,0
happiness,27,0.003902298019945079,1.3654994102349416e-06,0.0064774909234588075,9.041073265232551e-05,5
happy,131,0.018933371874548344,9.291589448465881e-05,0.01949313776929647,0.00024891513571965524,0
harbor,19,0.0027460615695909813,1.8351794914164143e-05,0.0038908768460527224,8.0742432287181e-05,11
hard,187,0.02702702702702703,0.00026103739113150776,0.02359065936028005,0.00035838190151633495,0
hardening,19,0.0027460615695909813,4.3290000675842344e-07,0.0052390619064191955,7.059218187804647e-05,7
hardly,10,0.0014452955629426219,3.083876048934548e-07,0.0030220521094807716,5.620761219639796e-05,0
hardness,10,0.0014452955629426219,4.552521830584165e-07,0.002429078973087511,6.38226239948529e-05,5
hardy,10,0.0014452955629426219,1.116855656225677e-06,2.722306071451424e-05,0.00013623999910367736,8
harm,74,0.0106951871657754,4.197995175635794e-05,0.01077217540534297,0.000168934193695237,7
harmful,46,0.00664835958953606,2.9468551608648244e-05,0.008578323006958441,0.00014877882630013245,6
harmonization,10,0.0014452955629426219,1.6751509924848176e-07,0.0023195663025479527,6.22905051800722e-05,2
harvard,50,0.007226477814713109,5.169182471010119e-05,0.008260590049262254,0.00015544808014286436,11
hashimoto,9,0.0013007660066483597,5.59975748738857e-08,0.002402248554415855,5.590638859520886e-05,7
hassan,10,0.0014452955629426219,3.1124813179106234e-05,0.00023732845687205354,0.00011690961230550289,11
hassle,19,0.0027460615695909813,3.736048034952843e-08,0.005982262782075396,6.517527105883307e-05,0
hasten,10,0.0014452955629426219,4.216700727715072e-08,0.0028284886913158306,5.490911409103787e-05,6
hate,8,0.0011562364503540975,7.280786611032218e-08,0.0022072716972589422,5.3359425547079646e-05,0
haul,8,0.0011562364503540975,0.0,0.00305358771899375,3.9614998569216265e-05,0
haven,10,0.0014452955629426219,7.238096284821327e-06,0.002212085813789434,6.428385631331436e-05,12
having,36,0.005203064026593439,4.738884891134672e-06,0.007446068450141158,9.90013860294548e-05,7
havoc,10,0.0014452955629426219,4.812704630297783e-07,0.0025529966085769936,6.004229651897462e-05,5
haye,8,0.0011562364503540975,0.0,0.0018761797393445892,6.721941202339172e-05,6
hayes,10,0.0014452955629426219,4.051458761964705e-07,0.0004229103267293593,9.629302306335505e-05,11
hays,10,0.0014452955629426219,1.9443028995700794e-07,0.002406858651967262,5.3960612081548415e-05,11
hazard,19,0.0027460615695909813,1.7261529494847313e-06,0.004807669951288777,8.355348039216647e-05,5
hazlett,10,0.0014452955629426219,3.7943050124870456e-07,0.0023129613102120692,6.50141676168271e-05,5
hba1c,37,0.0053475935828877,1.0450867557066185e-05,0.0064480800333331775,0.00012055966191263844,7
hcg,320,0.0462494580141639,0.0005761766437384797,0.02927995517084587,0.0004833854019330152,6
hct,59,0.008527243821361469,2.1289485853146573e-05,0.011137875994403842,0.00016343252691265606,2
hdl,30,0.004335886688827865,4.4896810503762775e-06,0.005362348841821032,9.714712615538183e-05,7
head,99,0.014308426073131956,0.0001271651590198544,0.014661276952859332,0.00022658646093419983,7
headache,99,0.014308426073131956,6.527352677055285e-05,0.014717447284461702,0.0002288217833931431,5
headline,10,0.0014452955629426219,5.073664720597029e-07,0.0009628698120645907,8.749720391773782e-05,11
headquarter,9,0.0013007660066483597,1.3427852733691326e-06,0.0017288586797800521,6.270532623155515e-05,3
headspace,9,0.0013007660066483597,8.375508041237442e-09,0.0033002042966630268,4.676125288686269e-05,0
heal,36,0.005203064026593439,8.169094566513551e-06,0.007365758156834155,0.00011482196884335261,3
healing,15,0.0021679433444139326,2.8833573555866595e-06,0.003699487080864331,7.303490399873128e-05,3
health,1613,0.2331261743026449,0.03175376474088157,0.05722754946990365,0.0017302594021352362,3
healthbeat,13,0.0018788842318254082,2.3039662462003527e-07,0.0028198722415909943,6.173536196276952e-05,0
healthcare,415,0.059979765862118804,0.0011215867685943593,0.034991398259000134,0.0005708626406725153,3
healthdirect,15,0.0021679433444139326,1.5935149719410405e-06,0.003529919078855374,6.072809263351462e-05,3
healthful,10,0.0014452955629426219,2.9857018233437846e-08,0.002887667893986437,5.4194975647472795e-05,3
healthier,17,0.002457002457002457,2.572539698490958e-07,0.005095498355592727,6.022094095958555e-05,0
healthy,678,0.09799103916750976,0.003269639456497762,0.04284471125348729,0.0008207696064733498,0
hear,207,0.02991761815291227,0.0003038484177826132,0.02494738093963617,0.00037453236492279105,0
hearnshaw,10,0.0014452955629426219,1.2598105494473327e-06,0.0022870698488054635,5.619907347261793e-05,3
heart,605,0.08744038155802862,0.002587889962611917,0.03768170157760082,0.0007509668604339866,7
heart@ccf.org,9,0.0013007660066483597,1.5344396532600836e-08,0.0022140043423021336,5.239267323308748e-05,0
heartbeat,19,0.0027460615695909813,4.244865337023265e-06,0.004072648469795015,9.007530233432731e-05,5
heartburn,10,0.0014452955629426219,6.39900464190257e-08,0.0023720011414887373,6.340258773948696e-05,0
heat,38,0.005492123139181963,3.2961201889923614e-05,0.006748564230977822,0.0001509972496471673,6
heating,10,0.0014452955629426219,1.8423090143562435e-07,0.0024168522490382593,5.49646589012235e-05,6
heavily,64,0.00924989160283278,8.821645792178548e-05,0.009961959189949465,0.00020138559334549443,12
heavy,60,0.00867177337765573,2.2220990102410924e-05,0.012013126100267883,0.00014945751218998718,1
heck,10,0.0014452955629426219,1.2694252952283844e-08,0.0038606644435261886,4.668349778945515e-05,0
height,80,0.011562364503540975,5.414305126936256e-05,0.012217139997351287,0.0001969768518491117,7
heighten,30,0.004335886688827865,1.1751750433920193e-06,0.006662128161390508,8.975415544330197e-05,6
hello,8,0.0011562364503540975,5.398988236078012e-06,0.0023186414099231768,4.878537607068611e-05,0
hello@thescoperadio.com,35,0.005058534470299176,8.425180840789802e-06,0.006256685681905559,0.00012388217512387416,0
help,1175,0.16982222864575805,0.009989531338083413,0.05144119783163452,0.0011441137648269266,0
helped,10,0.0014452955629426219,3.17682081520087e-08,0.002492440219854288,5.103207206711709e-05,6
helpful,151,0.02182396300043359,0.00018329062925047366,0.020073752484647375,0.00027830096960882974,0
helping,10,0.0014452955629426219,1.1597914437674308e-06,0.00326068168534839,5.6661521545982324e-05,3
helps,38,0.005492123139181963,2.161865846581042e-05,0.0074638426240772006,0.000107506080349211,5
hematocrit,175,0.02529267235149588,0.00011574395625000883,0.022193721626022237,0.0002887719071634091,7
hematology,9,0.0013007660066483597,2.109779260482604e-07,0.002500827668624171,5.713757326590559e-05,7
hematoma,12,0.001734354675531146,3.2717054082660086e-07,0.0034927824732612365,5.786305200673236e-05,7
hemochromatosis,71,0.010261598496892614,2.902906699950924e-05,0.010686168114910159,0.00018331904763146457,7
hemodialysis,10,0.0014452955629426219,1.4136073783396857e-07,0.002850601874655401,4.8210144966388836e-05,7
hemoglobin,118,0.017054487642722937,6.92776340992649e-05,0.016659184565886942,0.00021800909988263357,7
henceforth,8,0.0011562364503540975,7.384222361842569e-10,0.0027139038082841706,4.0488867459905464e-05,3
henry,52,0.007515536927301633,6.219882815138884e-05,0.008691494353184637,0.00014517613562857904,3
henryford.com,10,0.0014452955629426219,1.3260919724942197e-08,0.0032296333889076157,5.330750624720789e-05,3
hepatitis,37,0.0053475935828877,4.262827226014627e-05,0.0052843980690378805,0.00017381133800591008,7
hepcidin,19,0.0027460615695909813,3.5739623849678887e-07,0.00434071101993589,7.091126353524408e-05,6
herald,9,0.0013007660066483597,5.27626481528308e-07,0.0015009874557265917,7.32794118197021e-05,13
herb,36,0.005203064026593439,3.222596924871958e-05,0.0075488320693428675,0.0001238253690659967,9
herbal,28,0.004046827576239341,1.003901713212025e-06,0.007079433236993471,8.58847334015099e-05,3
hereditary,9,0.0013007660066483597,1.474361989277458e-07,0.0026196281297555077,4.532312274411823e-05,7
hernia,9,0.0013007660066483597,7.82910120865646e-08,0.0020325143022694304,5.76788910569209e-05,7
hesitant,10,0.0014452955629426219,3.46843769893304e-07,0.0031545294197035663,4.9617209815708545e-05,0
hesitate,50,0.007226477814713109,5.729739359978009e-06,0.010643699293221084,0.00011921773656276708,3
hesitation,20,0.0028905911258852437,2.674461596875783e-06,0.0054693107468943,7.074949683091076e-05,6
heterogeneity,29,0.004191357132533603,2.7128971681142467e-06,0.006652880348916036,9.781311968451693e-05,2
hey,160,0.02312472900708195,0.00015871630393144917,0.021973588983058935,0.0003265051096233731,0
hgh,43,0.006214770920653274,9.033788122951076e-06,0.007736743648437851,0.00012730992378819626,6
hhsn272201200026c,10,0.0014452955629426219,7.520122943458754e-07,0.0025450805859136977,6.437572202931288e-05,3
hhsn272201700060c,10,0.0014452955629426219,1.8356555462961366e-07,0.002371561934021732,6.716427789887941e-05,3
hidden,19,0.0027460615695909813,8.345580283689446e-06,0.004188616472140386,8.774657567995811e-05,0
high,935,0.13513513513513514,0.0063501637662133174,0.04395198772813435,0.0009967742048311533,7
highest,9,0.0013007660066483597,2.460018050979512e-08,0.002784657858303145,4.1109455771477277e-05,7
highland,9,0.0013007660066483597,9.764798723217165e-08,0.0008523103666178276,7.56933469253236e-05,12
highlight,119,0.0171990171990172,7.124847368043544e-05,0.01914053112745439,0.0002444511345305258,3
highly,129,0.01864431276195982,0.0002842387232024167,0.01745244866334492,0.00031864596820366947,3
hiit,8,0.0011562364503540975,1.542504683712881e-08,0.002421766668137753,4.844783320954363e-05,5
hike,10,0.0014452955629426219,4.826091818360412e-07,0.002297173680256578,6.36328153034518e-05,0
hill,10,0.0014452955629426219,5.21209372846484e-07,0.00017667513146626577,0.00013703979405761888,4
hinder,10,0.0014452955629426219,2.5057594935123234e-08,0.0028926703875239977,4.7357142683142544e-05,6
hint,9,0.0013007660066483597,1.4897030129191345e-08,0.002846197010845845,4.5467433244818774e-05,0
hip,50,0.007226477814713109,1.4922086467112674e-05,0.009193867198259006,0.000142163387724957,1
hippocampus,10,0.0014452955629426219,1.4883213807898784e-06,0.0018955946232562043,7.690691557816131e-05,6
hirsch,10,0.0014452955629426219,0.0001284190479741187,0.0007640973554344479,0.00012131166054284547,4
hirsutism,13,0.0018788842318254082,2.095874488629184e-07,0.002959678812556856,6.59477130594572e-05,5
histiocytosis,8,0.0011562364503540975,7.098223564763331e-09,0.0017117947807528367,5.194588470990529e-05,7
historical,8,0.0011562364503540975,1.0681817331095079e-07,0.002305795979330667,4.885712800834204e-05,7
historically,46,0.00664835958953606,2.210118758745968e-05,0.009555438040548848,0.00013240617174610535,7
history,304,0.0439369851134557,0.000495943040683104,0.030447228983008865,0.00044766750885311276,7
hit,57,0.008238184708772944,6.377034815782387e-06,0.011597955794573001,0.00012864960268867866,0
hitter,15,0.0021679433444139326,3.56068813184037e-07,0.004039071062829675,6.88917482737721e-05,0
hiv,133,0.01922243098713687,0.0001934239708042565,0.015893189827019386,0.0002839593929065724,7
hmg,9,0.0013007660066483597,6.194643101247067e-08,0.0025293677353509215,5.049065181902288e-05,0
hobby,19,0.0027460615695909813,2.668597590951111e-06,0.004669290346252672,8.919225077840422e-05,0
hocking,10,0.0014452955629426219,6.303938020025434e-07,0.0025425972228409425,5.701199304655456e-05,0
hodis,10,0.0014452955629426219,1.1481313157073706e-06,0.0005125741294908044,9.268627742106973e-05,11
hogenmiller,10,0.0014452955629426219,5.2224179020086075e-05,0.0005013564754593122,0.00013106680143325794,4
holahan,20,0.0028905911258852437,6.856447034916037e-06,0.004803839700008841,8.831852831428871e-05,11
hold,153,0.022113022113022112,0.00037757521863264406,0.01813608861113968,0.00034950788550988876,1
holding,10,0.0014452955629426219,3.706408529905842e-06,0.0018071573442602208,7.155173108107969e-05,11
holiday,29,0.004191357132533603,4.064995565366493e-05,0.005635981976675047,0.00012588752528256095,5
holistic,66,0.009538950715421303,9.105485390007667e-06,0.013745635608255025,0.0001567351070010816,3
hollow,10,0.0014452955629426219,1.372079527839824e-07,0.0018355430839431524,6.512195704344402e-05,1
holmes,20,0.0028905911258852437,5.427397380859608e-05,0.0018190863069814885,0.000149846614713329,11
holy,10,0.0014452955629426219,4.703941105307088e-08,0.0036303503099200276,4.9982283651345654e-05,0
homa,6,0.000867177337765573,2.9446225371370395e-07,0.0014985206817097725,4.987303322372765e-05,11
home,214,0.030929325046972107,0.0004290438808877494,0.026313423764334126,0.000427943746037098,3
homeostasis,26,0.0037577684636508164,7.876528768038761e-06,0.005882414110699253,8.98637366068804e-05,6
homogenous,10,0.0014452955629426219,1.442442991320141e-07,0.003063328178660981,5.252278801376474e-05,1
homologous,9,0.0013007660066483597,5.93371052218782e-07,0.002201789278509221,6.060410889444505e-05,6
hon,10,0.0014452955629426219,3.3677796073053143e-06,0.0012461869994465416,9.60478283214935e-05,11
honest,117,0.016909958086428676,4.676363798681751e-05,0.018844204504976064,0.00022689188297340352,0
honestly,19,0.0027460615695909813,4.163473511734658e-07,0.0056694095919549705,7.373863686127302e-05,0
honeymoon,10,0.0014452955629426219,1.5828517523707412e-08,0.003507958587251342,5.080009455868703e-05,0
honoraria,21,0.0030351206821795057,1.3762281757081443e-05,0.0031486270843706565,0.00012082364913073144,11
hoop,10,0.0014452955629426219,8.898225113991823e-08,0.002961085572703033,5.470530775539701e-05,0
hop,10,0.0014452955629426219,2.769408762423745e-07,0.0019991014208961626,6.55697156958555e-05,0
hope,101,0.01459748518572048,9.478302324205297e-05,0.015768565895692293,0.0002497824898878946,0
hopeful,13,0.0018788842318254082,3.260436897304286e-07,0.0035751901791339887,6.595593046419636e-05,0
hopefully,46,0.00664835958953606,1.7894460177479593e-05,0.009854566268058232,0.00012428984128895682,0
hopelessness,18,0.0026015320132967193,1.713627201436036e-06,0.004178904155692401,7.858591543484314e-05,5
hopkin,10,0.0014452955629426219,2.5191501967709206e-08,0.0031585281310058896,4.968024022782363e-05,5
hopkins,22,0.003179650238473768,3.10046299786934e-06,0.005117253853412534,8.687041519728274e-05,5
horizon,19,0.0027460615695909813,5.78929957938654e-06,0.004166431972403151,8.624883394094239e-05,0
horm,17,0.002457002457002457,0.00026705248602923746,0.0022630916276306936,0.00012527725337733666,11
hormonal,418,0.06041335453100159,0.0005424870587018275,0.036848832046584123,0.0005159146555019815,6
hormonal/,10,0.0014452955629426219,4.566138169083747e-09,0.0028169026959468076,4.817136257306812e-05,6
hormone,1364,0.1971383147853736,0.017099697606001357,0.046740441212227,0.0013344441867627593,6
hormones,17,0.002457002457002457,1.1244489017214288e-06,0.0035634271141079094,8.632158538091584e-05,3
hormones-,10,0.0014452955629426219,1.0072058859538741e-09,0.0033003790756243137,4.5754760693813586e-05,6
hornell,8,0.0011562364503540975,7.454658939580947e-08,0.0015863189525820184,6.216841728497757e-05,12
horny,17,0.002457002457002457,4.955869419173003e-06,0.003639438728844301,7.876291705913881e-05,3
hospice,10,0.0014452955629426219,3.7531630367382825e-07,0.00249910444780936,6.236157933085593e-05,7
hospital,143,0.02066772655007949,0.0008779846462099159,0.014132059270478555,0.00041024183586327,12
hospitalization,9,0.0013007660066483597,3.825718622952084e-07,0.0024823204447557636,4.8587051291702426e-05,6
hospitalize,10,0.0014452955629426219,4.4553235643295736e-07,0.0028169895584659954,5.605269947194301e-05,5
host,53,0.007660066483595895,5.837208620824503e-05,0.008083464320312667,0.00016943087106696344,0
hostile,10,0.0014452955629426219,3.858118738258087e-07,0.002642357655921781,5.970690434368001e-05,7
hot,192,0.027749674808498336,0.0001835645649035408,0.020878976860892625,0.0003232746240976697,5
hotale,24,0.003468709351062292,3.721441805104184e-07,0.005932814227552495,7.438973184454538e-05,0
hotaling,108,0.015609192079780315,2.231678565825131e-05,0.016619006726088247,0.00018777183895067633,0
hour,318,0.04596039890157537,0.0005980010775488353,0.03111824760981149,0.000477252076554195,1
hourglass,10,0.0014452955629426219,8.249162637846462e-07,0.00214090073761913,6.600072322641798e-05,1
hours.424,9,0.0013007660066483597,1.65761984488876e-08,0.002539477251978371,5.185812735342292e-05,1
house,20,0.0028905911258852437,9.121350992345102e-06,0.004258251342954078,9.110655392862148e-05,0
household,10,0.0014452955629426219,6.51579790577927e-07,0.0024760134045596115,6.221900802128257e-05,7
houston,28,0.004046827576239341,7.708700399858104e-06,0.00537176688790927,0.0001053678282055624,11
howard,42,0.006070241364359011,0.0003150403248074762,0.006942026188153748,0.0001501132461536637,11
hpg,51,0.007371007371007371,1.2914375162294595e-05,0.008960932746671724,0.00013696015220755306,6
hpta,72,0.010406128053186877,1.8655022323752188e-05,0.012466862033039377,0.0001497853651840135,6
hpv,10,0.0014452955629426219,3.2709485487633275e-07,0.0016870382813858403,7.501491871491762e-05,7
hr=0.84,10,0.0014452955629426219,4.557416122465667e-07,0.0025224903055956808,6.033235768042054e-05,2
hr=2.02,10,0.0014452955629426219,3.4240972154435235e-08,0.002686283824179265,5.524525587703396e-05,1
hrt,135,0.019511490099725394,0.00019805880478672688,0.017983232081173334,0.0002855911672281489,3
hse,5,0.0007226477814713109,0.0,0.0009194285508013289,4.740383841611065e-05,1
html5,10,0.0014452955629426219,1.448423681899533e-07,0.001957435190624487,6.459398145544827e-05,0
http://dx.doi.org/10.5489/cuaj.7252,10,0.0014452955629426219,2.142135577006362e-07,0.002048902796357609,7.282568671609715e-05,2
https://medlineplus.gov/ency/patientinstructions/000722.htm,8,0.0011562364503540975,3.046333156017678e-07,0.001697614420084781,5.563597175559868e-05,3
https://my.clevelandclinic.org/health/articles/24101-testosterone,10,0.0014452955629426219,8.027835352931798e-08,0.002920813825604328,5.685420219654288e-05,11
https://my.clevelandclinic.org/health/diagnostics/24215-testosterone-test,10,0.0014452955629426219,1.965950542292377e-06,0.0016129577812583893,8.522366797428241e-05,11
https://my.clevelandclinic.org/health/diseases/24897-low-testosterone-in-woman,10,0.0014452955629426219,1.5604631212872578e-07,0.002914018856393417,5.607332259473473e-05,11
https://themenshealthclinic.co.uk/microdosing-trt-the-future-of-testosterone-replacement-therapy/,7,0.0010117068940598353,4.4303329746747454e-08,0.0023446727885753525,4.1959122192709384e-05,3
https://thescoperadio.com,9,0.0013007660066483597,2.9899801781715976e-07,0.0018820888152503113,6.430472346010077e-05,0
https://whocaresmenshealth.com,7,0.0010117068940598353,3.5099875291761875e-08,0.0013397472534118998,6.266587543960183e-05,0
https://www.auanet.org/guidelines-and-quality/guidelines/testosterone-deficiency-guideline,10,0.0014452955629426219,6.396076505526712e-07,0.0022143424185340896,6.798006869363324e-05,11
https://www.cdc.gov/labstandards/hs_standardization.html,10,0.0014452955629426219,7.619202809162132e-07,0.002223165849021425,6.134859812352945e-05,2
https://www.clinicalkey.com,10,0.0014452955629426219,7.339181345575911e-07,0.0019259382871488098,6.873414745921608e-05,11
https://www.endocrine.org/patient-engagement/endocrine-library/hormones-and-endocrine-function/reproductive-hormones,10,0.0014452955629426219,1.8306135577038156e-06,0.0021282737862434544,7.103466986861846e-05,11
https://www.endocrine.org/patient-engagement/endocrine-library/hypogonadism,10,0.0014452955629426219,2.504800890585261e-07,0.0027151229566513223,5.5523725315690935e-05,11
https://www.facebook.com/whocaresmenshealth,5,0.0007226477814713109,0.0,0.0011395178536867574,4.6235709463485946e-05,0
https://www.hormone.org/diseases-and-conditions/low-testosteronetestosterone-associate,10,0.0014452955629426219,1.640277036325028e-07,0.0023810010402259938,5.124735774848663e-05,11
https://www.hormone.org/your-health-and-hormones/glands-and-hormones-a-to-z/hormones/testosteronelow,7,0.0010117068940598353,1.476309610813679e-09,0.001921440242344446,4.139815528154211e-05,11
https://www.labcorp.com/tests/004226/testosterone-total,9,0.0013007660066483597,4.449097174960283e-08,0.0028247714320836707,4.7719199102844436e-05,11
https://www.mayomedicallaboratories.com/test-catalog/clinical+and+interpretive/8508,10,0.0014452955629426219,3.992392469089399e-07,0.002370030223926851,7.007753958438023e-05,11
https://www.ncbi.nlm.nih.gov/books/nbk513278/,10,0.0014452955629426219,5.889518582443567e-06,0.0019861079087157454,8.095010347259882e-05,11
https://www.ncbi.nlm.nih.gov/books/nbk534827/,10,0.0014452955629426219,5.2717779747328495e-06,0.0019352593570759844,8.26657175767566e-05,11
https://www.ncbi.nlm.nih.gov/books/nbk549843/,10,0.0014452955629426219,2.9827366002743002e-06,0.0023251818171402287,6.404880137290191e-05,11
https://www.ncbi.nlm.nih.gov/pmc/articles/pmc1476110/,10,0.0014452955629426219,1.844408016686651e-06,0.0017929111875436068,7.705164947836907e-05,11
https://www.ncbi.nlm.nih.gov/pmc/articles/pmc2645631/,10,0.0014452955629426219,4.981810032024569e-06,0.0020138661584769824,7.094064652693364e-05,11
https://www.ncbi.nlm.nih.gov/pmc/articles/pmc6266690/,9,0.0013007660066483597,1.1439066089350033e-08,0.0025934726241996805,4.194870358764229e-05,7
https://www.ncbi.nlm.nih.gov/pmc/articles/pmc6571549/,10,0.0014452955629426219,6.915528805078216e-06,0.0007177580068185004,0.00011048532712411299,11
https://www.ncbi.nlm.nih.gov/pubmed/15638872,10,0.0014452955629426219,4.864293832964796e-07,0.00215451915314023,6.803013805228702e-05,11
https://www.ncbi.nlm.nih.gov/pubmed/18270261,10,0.0014452955629426219,7.425359316165446e-07,0.001587663690031933,7.943572240326339e-05,11
https://www.ncbi.nlm.nih.gov/pubmed/23482592,10,0.0014452955629426219,2.283936004342432e-07,0.0022219467892402173,6.385580935057883e-05,11
https://www.ncbi.nlm.nih.gov/pubmed/25384570,10,0.0014452955629426219,4.838738570780896e-06,0.001942911751984408,6.771724741928787e-05,11
https://www.ncbi.nlm.nih.gov/pubmed/25523084,9,0.0013007660066483597,2.193847782115582e-07,0.0020671050640053345,6.171540830262393e-05,11
https://www.ncbi.nlm.nih.gov/pubmed/28434676,10,0.0014452955629426219,1.0028820697673918e-06,0.002008200086064393,6.363709712183785e-05,11
https://www.ncbi.nlm.nih.gov/pubmed/30862651,10,0.0014452955629426219,3.397756040610878e-07,0.0026978845537324937,6.081210968296364e-05,6
https://www.ncbi.nlm.nih.gov/pubmed/31496147,10,0.0014452955629426219,5.443407216566166e-07,0.0018422865139409857,7.175582063876847e-05,11
https://www.ncbi.nlm.nih.gov/pubmed/37589949,5,0.0007226477814713109,0.0,0.0008839260931917928,4.232706333682094e-05,11
https://www.testing.com/tests/testosterone/,10,0.0014452955629426219,8.354680689132462e-08,0.002472369520088352,6.37178833172045e-05,11
https://www.upmc.com/health-library/article?hwid=abo6506&locale=en-us,7,0.0010117068940598353,4.23276229917257e-07,0.0016606680064732164,4.6932119220770806e-05,3
https://www.uptodate.com/contents/search,10,0.0014452955629426219,1.572852016614609e-07,0.0026399277863326993,5.0975953077338586e-05,3
https://www.urologyhealth.org/urologic-conditions/low-testosterone,9,0.0013007660066483597,7.453331307472396e-07,0.001968783951024108,5.633170344187647e-05,3
https://www.womenshealth.gov/a-z-topics/polycystic-ovary-syndrome,10,0.0014452955629426219,7.300894303419933e-08,0.0029518498437393764,5.655761150191785e-05,3
hub,20,0.0028905911258852437,1.8225089475351962e-06,0.004743673114791131,9.04217989695877e-05,0
hudson,10,0.0014452955629426219,1.2363865021308732e-07,0.0027568044130916935,5.509734017311646e-05,3
huge,85,0.012285012285012284,5.2610431880390967e-05,0.015781827678457535,0.00019195475857266807,0
huh,10,0.0014452955629426219,5.730802250876699e-08,0.0034527307706938423,4.681349413848878e-05,0
hum,10,0.0014452955629426219,8.791212485883881e-08,0.0029649324978890793,5.081337113929236e-05,0
human,262,0.03786674374909669,0.0011785690492800867,0.024437925950971374,0.000490176815547852,6
hump,10,0.0014452955629426219,3.459234023095556e-08,0.0033328095511871024,4.742951434641226e-05,0
hunt,10,0.0014452955629426219,3.526483294359371e-08,0.0029688595814624367,5.687707225175481e-05,5
huo,10,0.0014452955629426219,4.105890552134214e-05,0.0011574126611754065,0.0001067457190394663,4
hurt,42,0.006070241364359011,1.3984463206762183e-05,0.009394205918923952,0.00011507708558157085,0
hwy,10,0.0014452955629426219,5.3446061782124504e-05,0.0013949735239374434,9.446294896419216e-05,12
hydrate,10,0.0014452955629426219,1.5694579863864642e-07,0.002012010298924422,6.595882534386852e-05,1
hydrated,44,0.006359300476947536,1.7724870711171615e-05,0.008632763371040072,0.00014589871891187837,2
hydration,9,0.0013007660066483597,1.6511254846251663e-07,0.002047131491775933,5.843552985152953e-05,1
hydro,14,0.0020234137881196706,2.1202166521261246e-07,0.004388332735017584,5.8603295581542486e-05,1
hydroxylase,9,0.0013007660066483597,3.573569907398987e-09,0.0024347778561044095,4.8233015894019164e-05,7
hygiene,17,0.002457002457002457,4.994471385570921e-06,0.0035476974773632456,8.84627247447035e-05,2
hypercholesterolemia,10,0.0014452955629426219,1.3576724664981109e-07,0.002504910449097996,5.890343767439812e-05,7
hyperestrogenemia,10,0.0014452955629426219,6.160657363795852e-07,0.002142751171324072,6.456709411575614e-05,7
hyperestrogenism,10,0.0014452955629426219,1.6877048170378392e-07,0.003048294196507948,5.4533125452245395e-05,7
hypergonadotropic,17,0.002457002457002457,1.6070840480952545e-07,0.003942901465862097,5.974252594053643e-05,7
hyperlipidemia,10,0.0014452955629426219,1.628066732302701e-08,0.0032529815343571434,4.8962560370714034e-05,7
hyperplasia,69,0.009972539384304091,2.941702319926421e-05,0.009743357846926447,0.00015498699396825427,7
hyperprolactinemia,27,0.003902298019945079,4.1613379456373645e-06,0.005459793703814694,0.00010316230678651572,7
hypersensitivity,10,0.0014452955629426219,2.988032233012269e-07,0.002579864770862973,5.618013454334391e-05,3
hypertension,73,0.010550657609481139,4.4775745294206054e-05,0.011899070062192957,0.00019521972012309305,7
hyperthyroidism,74,0.0106951871657754,4.2285351757573555e-05,0.011174359810002468,0.00017133475033117128,7
hypertrophy,10,0.0014452955629426219,4.3161127179605014e-09,0.0022195051462923668,5.348845490581159e-05,7
hypo,15,0.0021679433444139326,1.9051158540809612e-06,0.0038824526710731773,6.728892397370128e-05,6
hypoactive,8,0.0011562364503540975,5.487512942960068e-07,0.002079217836680474,4.871047009673647e-05,5
hypoallergenic,10,0.0014452955629426219,5.5335170619638694e-08,0.00300684850962832,5.757374203591043e-05,1
hypofunction,10,0.0014452955629426219,1.7265357405275292e-07,0.0008055585518090163,8.322531370722662e-05,11
hypogonadal,155,0.02240208122561064,9.323693528866509e-05,0.020043501260216017,0.000284187461059244,6
hypogonadism,812,0.1173579997109409,0.006789065835267396,0.03578321812014056,0.000926332787257707,7
hypogonadotropic,51,0.007371007371007371,7.075457545185498e-05,0.0082827006337324,0.00014400493993114516,7
hypoparathyroidism,17,0.002457002457002457,1.5604109527244936e-06,0.004041480735741819,6.788103763604394e-05,7
hypopituitarism,9,0.0013007660066483597,1.395782042439683e-07,0.002712577877530196,4.9278836423518295e-05,7
hypoplasia,7,0.0010117068940598353,1.3356665737437535e-08,0.001302666441153358,5.436687203296788e-05,7
hypotension,8,0.0011562364503540975,3.667471588860902e-08,0.002369358555291438,4.585647709269358e-05,7
hypothalamic,103,0.014886544298309004,7.217907164673932e-05,0.013971085485721459,0.00024316448005847768,6
hypothalamicpituitary,10,0.0014452955629426219,6.345621733063521e-08,0.0023223211862731306,5.6143399284053135e-05,6
hypothalamus,203,0.029339499927735224,0.00031292933417035267,0.01935156280831355,0.0003268644374190576,6
hypothalmus,16,0.002312472900708195,7.120501702602817e-07,0.003390485956161427,7.63755430068672e-05,6
hypothyroid,10,0.0014452955629426219,1.147271494180466e-07,0.0030292668930048602,5.166476941261417e-05,7
hypothyroidism,119,0.0171990171990172,0.00011992987040590485,0.015295747329024986,0.0002353790205662748,7
i-80,10,0.0014452955629426219,3.6959975165039623e-07,0.002174747410484206,6.904456465310322e-05,3
i.e.,97,0.014019366960543431,6.263869973423933e-05,0.015034339292829418,0.00023594308751929093,7
iatrogenic,10,0.0014452955629426219,4.335039993104376e-07,0.0016098547656466131,6.646136407095519e-05,7
icd9,9,0.0013007660066483597,6.617427123229582e-08,0.002049976951344228,6.17751167167615e-05,3
ice,19,0.0027460615695909813,5.253713574897407e-06,0.0032561949843688104,0.00011265459758169617,6
icon,9,0.0013007660066483597,8.416960440967743e-07,0.0023431649397365932,5.2537953810400184e-05,0
ict,9,0.0013007660066483597,7.7882337987778e-08,0.001988039249759414,6.083381095935187e-05,11
idaho,10,0.0014452955629426219,4.324992311823394e-06,0.001995796947151038,7.334456460593692e-05,12
idea,134,0.019366960543431132,6.746614221343178e-05,0.019717578765735034,0.0002337039013021295,0
ideal,98,0.014163896516837693,7.433841730278291e-05,0.0169077637788802,0.00021102643659251971,1
ideally,63,0.009105362046538517,9.316158238683387e-06,0.011902859109509143,0.00014354898425893752,3
identical,20,0.0028905911258852437,4.599548885486981e-06,0.004880666789039337,8.088920208340542e-05,2
identifiable,10,0.0014452955629426219,7.894394833392655e-08,0.0033267886642044412,5.197307033899655e-05,3
identification,10,0.0014452955629426219,8.174879544641737e-08,0.0025052419901209996,6.082126785796684e-05,1
identify,343,0.049573637808931925,0.0006734801422785475,0.034237462115496185,0.0004933926257035659,3
idiopathic,17,0.002457002457002457,4.6013329364818446e-07,0.003979226615820953,6.482813590392961e-05,7
igf-1,31,0.0044804162451221275,7.064303519480213e-07,0.007144513251892674,8.695714641874426e-05,6
ignore,38,0.005492123139181963,5.1253902357729205e-06,0.007352102983816304,0.00010338672565616248,3
iief,10,0.0014452955629426219,1.055520327844612e-07,0.003009561597831366,5.4018431008621775e-05,5
iijima,10,0.0014452955629426219,1.8010582213479742e-06,0.0006577379414202552,0.00011573771997890287,11
ill,41,0.005925711808064749,3.152082628367782e-05,0.0075281691467578024,0.00012602055223240704,7
illegal,25,0.0036132389073565544,8.55858701400988e-06,0.006745509323312853,8.866527381080585e-05,3
illegitimate,8,0.0011562364503540975,6.178852455720262e-09,0.0028347568873941464,4.0021019881397894e-05,3
illicit,36,0.005203064026593439,5.316043948323339e-06,0.008205268619953457,0.00011284106770407985,7
illness,158,0.022835669894493423,0.00010715307607641524,0.020506509741341016,0.0002838176561728932,7
illuminate,10,0.0014452955629426219,3.521426445950851e-08,0.003281038971501624,4.937969572827492e-05,3
illustrate,18,0.0026015320132967193,4.378115154848034e-07,0.0050572801912391555,6.722532955138127e-05,0
illustrative,10,0.0014452955629426219,7.942050862700834e-07,0.0029591434969746845,5.8229697965536795e-05,0
image,67,0.009683480271715566,8.797995085733581e-05,0.010247920207216687,0.00018709490762784152,11
imagen,9,0.0013007660066483597,6.707967235125266e-07,0.002200323707181092,7.062281812431222e-05,11
imagine,10,0.0014452955629426219,6.399170764582327e-07,0.0018263448511483238,7.225622997992818e-05,6
imaging,54,0.007804596039890158,4.9710559031737294e-05,0.008905647403877339,0.00017218824424286238,11
imbalance,172,0.024859083682613095,8.87599648815322e-05,0.021354521828906067,0.00028241623245336126,7
imitate,18,0.0026015320132967193,6.0790457072839005e-06,0.004020683276532616,8.215493772924144e-05,6
immediate,68,0.009828009828009828,1.9775370435091028e-05,0.012177019690173537,0.00014544010573813777,1
immediately,78,0.01127330539095245,4.749477986153058e-05,0.012661692464034436,0.00018358055801344912,1
immensely,14,0.0020234137881196706,1.725564427315935e-07,0.004067483399277963,5.786027269791505e-05,5
immersive,10,0.0014452955629426219,1.4736349315585267e-07,0.001974210457864123,6.190672360357192e-05,0
immune,59,0.008527243821361469,3.159820405531753e-05,0.00989355029075238,0.00015256515741786126,7
immunity,10,0.0014452955629426219,1.0042057335777757e-07,0.0030534824318716016,5.289763709811419e-05,6
immunoassay,35,0.005058534470299176,1.3494808951154068e-05,0.006844056994728156,0.00013161584664519478,2
immunochemical,8,0.0011562364503540975,3.13905487449921e-08,0.0018703445565342854,5.501931949994124e-05,3
immunodeficiency,19,0.0027460615695909813,1.1304608660713616e-06,0.0038913934836866397,8.49601829383988e-05,7
immunology,10,0.0014452955629426219,4.6361252472833124e-07,0.00192208928642702,6.605748897733035e-05,7
impact,469,0.06778436190200895,0.001182777094436092,0.03567405622815229,0.0006021339375594512,6
impactful,10,0.0014452955629426219,1.162567327839761e-08,0.00319802540942112,4.518923890401275e-05,6
impair,72,0.010406128053186877,1.624834492774011e-05,0.013057303712223065,0.00016544676374012664,5
impaired,26,0.0037577684636508164,1.0202967807643748e-06,0.005901483112366955,8.253165733920144e-05,7
impairment,19,0.0027460615695909813,3.938790351957094e-06,0.004794402732555862,7.300782985776611e-05,5
impairs,26,0.0037577684636508164,6.175892527283917e-06,0.00508093975997344,9.856025220044597e-05,6
impart,10,0.0014452955629426219,3.78502885664709e-08,0.0028768681269923644,5.3443598713918e-05,3
imperative,47,0.0067928891458303225,1.0212624775362007e-05,0.009701228617181038,0.00014114153301413512,2
impersonation,15,0.0021679433444139326,4.175363476086998e-08,0.0042224958910545155,6.273580896329182e-05,0
impetus,15,0.0021679433444139326,5.755154932406234e-08,0.004082718588568122,5.634245569350619e-05,2
implant,176,0.025437201907790145,0.0002586693699845277,0.02129619900484277,0.0003291990338460195,1
implantable,37,0.0053475935828877,1.2795858025760181e-06,0.00874232237509049,9.878600444683296e-05,1
implantation,35,0.005058534470299176,6.780110728982375e-06,0.007856584210212026,0.00011569903561461906,1
implement,56,0.008093655152478682,2.0712610489130745e-05,0.010855074468181842,0.0001415037310800846,3
implication,56,0.008093655152478682,1.8097350684242566e-05,0.010562993769973794,0.00014920575906086385,11
imply,26,0.0037577684636508164,4.608321622085722e-06,0.007103517489656839,8.18442723922789e-05,0
importance,100,0.014452955629426218,8.754367219452957e-05,0.016308599875937108,0.00024595684034757785,7
important,759,0.10969793322734499,0.003208361496479507,0.04650991027087286,0.0008342008456533751,6
importantly,60,0.00867177337765573,1.7577942525005767e-05,0.011564448748880178,0.00014361737715016585,3
impossible,51,0.007371007371007371,1.9395194226644262e-05,0.009945275235624978,0.00015025056568724948,7
impotence,23,0.00332417979476803,3.1423947548076546e-07,0.005216896913579614,6.924437269534895e-05,5
impression,33,0.0047694753577106515,7.101230181297245e-06,0.007667735621935254,9.991469101300741e-05,0
improperly,10,0.0014452955629426219,8.540086266973302e-07,0.00200423966322312,6.723262436356292e-05,6
improve,673,0.09726839138603845,0.002813865223359265,0.04080062088495498,0.0007618789949446177,5
improved,72,0.010406128053186877,2.8162503039081763e-05,0.012836182633220398,0.0001703284306103719,5
improvement,335,0.048417401358577826,0.0004916441746637994,0.031545261971363855,0.00047461922237961404,5
improvement.297,10,0.0014452955629426219,1.2559283688102795e-08,0.0035486026073137207,5.063240640049248e-05,1
impulsive,10,0.0014452955629426219,5.8195517084382423e-08,0.002800862723113571,5.2099525620493965e-05,7
inability,90,0.013007660066483595,3.808473992950405e-05,0.013996466856891338,0.0001981447055204666,5
inaccurate,26,0.0037577684636508164,6.28357447709001e-06,0.005786481285728407,8.383686908112261e-05,2
inactive,15,0.0021679433444139326,9.137942935249474e-07,0.0032190009530827673,6.519869699514661e-05,6
inactivity,20,0.0028905911258852437,1.0083216373649657e-06,0.005017555073354154,6.611009744613684e-05,7
inadequacy,9,0.0013007660066483597,1.6472851099173573e-07,0.002675632279055894,4.7426224006681087e-05,5
inadequate,91,0.013152189622777859,4.11518941900659e-05,0.013621502463060218,0.00019416145315145333,7
inadvertent,10,0.0014452955629426219,4.9647576741245917e-08,0.002497256540286467,5.9979222536748106e-05,1
inadvertently,9,0.0013007660066483597,2.750641138578252e-09,0.003102870680775643,4.3413469917640755e-05,6
inappropriately,9,0.0013007660066483597,1.8015920249492488e-08,0.0023516192579229726,4.351424707043116e-05,0
inbody,16,0.002312472900708195,6.137670850650078e-07,0.004137128406711376,7.576639769181079e-05,3
inbox,30,0.004335886688827865,7.84924187691403e-06,0.006181052012836213,0.00010126381184069292,3
inc,28,0.004046827576239341,1.38055206357276e-05,0.005126224467490642,0.00012401777965980064,11
incentive,19,0.0027460615695909813,1.986816693835196e-05,0.0039005669103097766,8.549660261286926e-05,13
incessantly,9,0.0013007660066483597,9.339190177299541e-07,0.002083850584672537,6.110810955106005e-05,0
inch,10,0.0014452955629426219,1.619839684281479e-08,0.002976593249903894,4.907001729329833e-05,6
incidence,62,0.008960832490244255,5.883651754204226e-05,0.01029671988235651,0.00016674054915599953,7
incident,10,0.0014452955629426219,1.7445893929519274e-08,0.0032705270223871517,5.207648297155603e-05,7
incision,28,0.004046827576239341,1.7930113323734802e-06,0.006799874800066544,8.971030050319235e-05,1
incisor,10,0.0014452955629426219,1.6700040315690545e-07,0.0024095503772539216,6.080314255170679e-05,1
incl,10,0.0014452955629426219,2.7322482357418794e-07,0.002231737081735101,5.6581776386808677e-05,7
include,1208,0.1745917040034687,0.014309205845151215,0.051327081119836096,0.0012618852094444042,7
include:5,8,0.0011562364503540975,7.638004537053718e-09,0.002199991255779573,5.0302951420178176e-05,3
inclusion,31,0.0044804162451221275,2.7745130846321393e-06,0.006813478637341273,0.00010706508489506268,2
income,10,0.0014452955629426219,6.254372354808238e-07,0.002363470182876166,6.273268352141348e-05,7
incomplete,29,0.004191357132533603,8.891608879790349e-06,0.006446778416177214,0.00010594745658033045,7
incompletely,9,0.0013007660066483597,5.842096755679254e-08,0.002845602704269983,5.1527033233114784e-05,0
inconclusive,28,0.004046827576239341,3.4567308537734477e-06,0.006247979190564764,9.072478398092995e-05,2
inconsistence,9,0.0013007660066483597,5.761156081156767e-08,0.0021396414427893363,5.114544555895175e-05,2
inconsistent,57,0.008238184708772944,6.970204414539252e-06,0.011520769534280663,0.0001420089179376737,2
incontinence,35,0.005058534470299176,1.0543992921131555e-05,0.007517456085965335,0.00011025066555490527,7
incorporate,115,0.01662089897384015,0.00020266801227954712,0.016772002125993054,0.00027509508625653387,6
incorrect,19,0.0027460615695909813,1.8601197384799592e-06,0.00401250281103087,7.74149014522074e-05,6
incorrectly,18,0.0026015320132967193,6.247367794792615e-06,0.004529094586104803,7.324149141158338e-05,0
increase,1056,0.15262321144674085,0.0081552150524805,0.04511068034395656,0.0011089188703836466,7
increased,10,0.0014452955629426219,9.439086157268335e-09,0.00347603777685989,4.7574184493929434e-05,5
increasingly,91,0.013152189622777859,7.291882502477797e-05,0.014629749331958868,0.00020969633405344736,0
incredibly,51,0.007371007371007371,4.1925500790462534e-05,0.01044721331896942,0.00015054496934804228,0
independence,20,0.0028905911258852437,1.5900638265542648e-06,0.004671137254260771,8.164620855090553e-05,5
independent,75,0.010839716722069664,4.095197818615539e-05,0.012182539522442646,0.00020069817012916853,7
independently,20,0.0028905911258852437,5.261139542459878e-06,0.0048908078771699405,9.074966484687995e-05,2
indeterminant,7,0.0010117068940598353,7.518053144031631e-07,0.0018489512943950495,5.160913187075001e-05,1
index,81,0.011706894059835236,0.00020355164333042347,0.011514031104950407,0.00020616056091921268,6
indexed,7,0.0010117068940598353,2.6961190825829034e-07,0.0014523984616556605,5.287570021697674e-05,2
india,10,0.0014452955629426219,1.2652548612231343e-06,0.0018730997566817988,7.691683764622939e-05,9
indian,10,0.0014452955629426219,5.13596325455612e-07,0.002754657855922031,5.91232956015931e-05,11
indicate,251,0.03627691862985981,0.00020216824169027553,0.025724526088025303,0.0003398097388407426,7
indication,35,0.005058534470299176,6.171764136810682e-06,0.00774566650254644,0.00010925547589308722,3
indication.1,8,0.0011562364503540975,9.424542215188384e-09,0.0027731739683964653,4.325877773445651e-05,7
indicative,18,0.0026015320132967193,1.630692853773941e-06,0.004528971651745727,7.478564116981055e-05,5
indicator,94,0.013585778291660645,5.265341366877491e-05,0.014837734081986114,0.00019567021230983543,7
indirect,28,0.004046827576239341,5.014896190559839e-06,0.0061023388322481425,9.40781138715263e-05,6
indirectly,15,0.0021679433444139326,9.349596434303599e-08,0.004060318389114833,6.000281723195194e-05,6
individual,426,0.061569590981355685,0.0008153070123363462,0.03785221754624383,0.000560365323929829,1
individualised,10,0.0014452955629426219,6.282242240694277e-08,0.002921532490250752,5.622935683322434e-05,3
individualization,10,0.0014452955629426219,1.0355403269766527e-08,0.003349512849358897,4.723735708979493e-05,1
individualize,20,0.0028905911258852437,5.601930078779891e-07,0.005768428613667009,6.88810655753669e-05,3
individualized,134,0.019366960543431132,5.840142436941507e-05,0.019890129397075882,0.00023547591913642983,3
individually,28,0.004046827576239341,6.220859323149043e-07,0.007049209488235924,7.314162763212704e-05,3
indoor,10,0.0014452955629426219,3.2196281376493935e-07,0.002893595676419478,5.802270017118726e-05,0
induce,65,0.009394421159127041,0.000183918869713533,0.010773047143263402,0.00018337406155781381,7
indulge,20,0.0028905911258852437,1.410270400777917e-06,0.004985067153340084,8.598417368974508e-05,0
induration,7,0.0010117068940598353,5.013195556674436e-07,0.0016416094042344747,5.084034187177699e-05,7
industry,98,0.014163896516837693,0.0001115533092781096,0.014981985660415031,0.0002478525459564235,3
inefficient,10,0.0014452955629426219,4.4230087569141056e-08,0.0032052709780872133,4.647412164899632e-05,6
inevitable,42,0.006070241364359011,1.2651197535748683e-06,0.009267553592249718,9.919984227881277e-05,0
inevitably,34,0.004914004914004914,1.8970743257721628e-05,0.007184054324482074,0.00011035793356563295,5
inexpensive,37,0.0053475935828877,3.2195084335647094e-05,0.00698442071897811,0.0001400440375427439,0
inexperienced,9,0.0013007660066483597,2.59638419849779e-07,0.003119400240543237,4.971183068473255e-05,1
infant,37,0.0053475935828877,1.4332819170809611e-05,0.006712591495571203,0.00011170263821882497,7
infarction,79,0.011417834947246712,8.515757999194938e-05,0.011788752685194864,0.00021480171678055972,2
infect,9,0.0013007660066483597,1.170191705929494e-09,0.0027530026461513343,4.22311723814664e-05,7
infection,247,0.035698800404682755,0.0007202936848631776,0.02321617090096854,0.00046551722433360533,7
infectious,24,0.003468709351062292,1.8102320246724803e-05,0.004577743677551522,0.00010863369184820462,7
infer,9,0.0013007660066483597,6.93453028154692e-08,0.002689515063766471,4.392263654030613e-05,7
inferiority,15,0.0021679433444139326,1.0318920895639804e-06,0.003627651627361853,7.360507565984435e-05,1
infertile,44,0.006359300476947536,1.3630237996907513e-05,0.008372605804501325,0.0001287659862888008,6
infertility,348,0.050296285590403236,0.0007968788158001836,0.02879901506453795,0.0004999684069859748,7
"infertility.33,34",10,0.0014452955629426219,4.175494341434054e-08,0.003030402324258965,5.311350635100739e-05,2
infiltrative,23,0.00332417979476803,6.257484465098478e-06,0.004715902210934585,9.501614274087202e-05,7
inflammation,104,0.015031073854603266,0.00015106864657533838,0.01354706914440029,0.0002751689685304376,7
inflammatory,30,0.004335886688827865,4.308580247577406e-06,0.0063546712397070685,9.941875632775158e-05,7
inflatable,10,0.0014452955629426219,2.3639517002317003e-07,0.002645965079313072,5.5799047593116364e-05,1
inflate,8,0.0011562364503540975,0.0,0.0027625912960157987,4.817962943261024e-05,1
influence,270,0.03902298019945079,0.0003927566069418929,0.02808926514259387,0.00045412518440812765,6
influencer,18,0.0026015320132967193,9.517541659360707e-07,0.004431134383435821,7.566447309064172e-05,5
influenza,10,0.0014452955629426219,4.9827050667177e-07,0.0019780487848263134,6.75475625079899e-05,7
info,19,0.0027460615695909813,2.3151025084549743e-06,0.004974745959620465,8.066898103277849e-05,0
infographic,7,0.0010117068940598353,2.0078919663460665e-07,0.0017357867984271929,4.717517953958759e-05,0
inform,92,0.01329671917907212,1.9671467824664768e-05,0.014405403301345609,0.0001741466925665156,3
information,440,0.06359300476947535,0.0019520505659142,0.03588232563179765,0.0006937221674896448,3
informed,75,0.010839716722069664,1.9489101002365247e-05,0.014746235689197914,0.0001788285344144117,3
infrastructure,8,0.0011562364503540975,8.112504596143572e-08,0.0016235827451465859,5.8006593239622804e-05,10
infrequent,19,0.0027460615695909813,5.575493567816337e-07,0.00553185968533159,7.301570942702136e-05,1
infrequently,19,0.0027460615695909813,9.90744911537078e-07,0.005542758940417015,7.792465026807332e-05,1
ingredient,130,0.018788842318254083,0.0002483293640768432,0.018154201644212862,0.0003086309831316183,6
inherent,15,0.0021679433444139326,2.523528238601167e-07,0.003995995037792795,6.421485842779465e-05,3
inherently,8,0.0011562364503540975,6.697629745304784e-08,0.0025703993675279518,4.333411712469483e-05,0
inherit,73,0.010550657609481139,3.966899087484317e-05,0.011898477964893813,0.00017219948781422374,7
inhibit,97,0.014019366960543431,5.124776143967477e-05,0.01460528727199166,0.00022152463518972047,6
inhibition,20,0.0028905911258852437,4.366384121951154e-06,0.003914478121303539,8.260050997050912e-05,6
inhibitor,189,0.02731608613961555,0.0005089636474199066,0.022184893568697146,0.00040597404679030506,6
inhibitory,24,0.003468709351062292,6.201233515426401e-07,0.005422459342892726,8.60930602922895e-05,6
initial,215,0.03107385460326637,0.00036138936089583936,0.026405047515488292,0.0003941278841376601,3
initially,91,0.013152189622777859,8.712487640073836e-05,0.01493436658307091,0.00020727149678200478,2
initiate,88,0.012718600953895072,0.00015371046531840785,0.013805121228919375,0.00018904519820200796,11
initiation,45,0.006503830033241798,7.742995979551435e-06,0.008998201608500091,0.00013310138775180476,3
inject,198,0.028616852146263912,0.00018501581905572303,0.024969069804246534,0.0003535951678360383,1
injectable,213,0.030784795490677842,0.0003230036460347028,0.025585165189433982,0.000385560845794633,1
injection,644,0.09307703425350485,0.003534275419732579,0.041348628751549,0.0008549999555078751,1
injection).445,10,0.0014452955629426219,1.1285609841560961e-08,0.003335507252145243,4.64530291938017e-05,1
injure,35,0.005058534470299176,4.457601172355413e-06,0.006264024649612548,0.00010668829531393329,7
injury,214,0.030929325046972107,0.002177854551751544,0.02105543379609513,0.00043603935913324153,7
inner,68,0.009828009828009828,5.3697612476139925e-05,0.010308999793771496,0.00021692429652960335,1
innovate,10,0.0014452955629426219,1.8442335286224745e-07,0.0027671411960693577,5.624877025740344e-05,3
innovation,22,0.003179650238473768,4.0339031449675485e-07,0.00570249093168645,7.220297562065617e-05,1
innovative,36,0.005203064026593439,5.254560630152678e-05,0.006909624784010572,0.00012946188570198957,3
inordinate,10,0.0014452955629426219,3.198795958646368e-07,0.002858892605619883,5.852221562930974e-05,0
input,9,0.0013007660066483597,1.1978727456016087e-08,0.0023707497385718496,4.495168073991903e-05,6
inquire,9,0.0013007660066483597,4.0592932385417934e-08,0.0025498236189739508,4.230125402220292e-05,6
inquiry,10,0.0014452955629426219,8.295205466797235e-09,0.003548314679178717,5.030668973988537e-05,7
insensitive,8,0.0011562364503540975,1.0533758458468727e-07,0.001937543620144682,5.0009872273092855e-05,6
insensitivity,9,0.0013007660066483597,3.3386480798421706e-08,0.0024294006126438956,5.340124401624174e-05,6
insert,106,0.01532013296719179,0.00016054044121251688,0.014326656445768724,0.00027849283126169726,1
insertion,61,0.008816302933949994,6.308243002895714e-05,0.011199468814161562,0.0001608855673671896,1
insertion.446,18,0.0026015320132967193,7.549223124538913e-07,0.004371760761804046,7.680740860369276e-05,1
inside,122,0.017632605867899987,0.0002830159733223179,0.015762282715507548,0.00032624906480490344,1
insight,94,0.013585778291660645,4.7771760981200465e-05,0.014525606339544132,0.0001976071087519687,3
insignificant.366,8,0.0011562364503540975,2.702938732426405e-07,0.001967925471072245,5.078856590859478e-05,2
insist,10,0.0014452955629426219,6.635013519995914e-09,0.0031345534213136025,4.639782785169393e-05,3
insomnia,104,0.015031073854603266,5.939089982663225e-05,0.014968233626137117,0.00019985346338161062,5
inspect,10,0.0014452955629426219,6.069951679794335e-07,0.0024517533709934873,6.669456718163282e-05,10
inspection,10,0.0014452955629426219,1.6390248699150834e-06,0.0030833268626725635,5.583118194563326e-05,1
inspiration,9,0.0013007660066483597,1.1833037393709958e-08,0.0032148535658661306,4.517641733089846e-05,3
inspire,27,0.003902298019945079,8.259752821692305e-06,0.005815336416106776,9.663603563133083e-05,3
instability,18,0.0026015320132967193,2.583892740457431e-07,0.004488991968787662,7.451011064727593e-05,7
instance,88,0.012718600953895072,2.5516541776717423e-05,0.014367096709850832,0.00017003728350782586,6
instant,10,0.0014452955629426219,1.9858833166253013e-06,0.0028198764297756264,5.7103914827138846e-05,0
instead,179,0.02587079057667293,0.0003029904593600092,0.02319750816601104,0.0003415640516552243,6
instigator,10,0.0014452955629426219,2.2907230981762827e-08,0.0033035364080384916,5.267833631047425e-05,5
institute,137,0.019800549212313917,0.0005691329538175633,0.014439881958679339,0.00036167654430782533,11
institutes,52,0.007515536927301633,6.223676338726529e-05,0.008258446056954069,0.00016474318714656692,11
institution,21,0.0030351206821795057,1.7602439188302013e-07,0.005497439032861103,7.22289425168834e-05,0
institutional,18,0.0026015320132967193,1.6443812716052345e-06,0.0047163742939781966,8.283992060979869e-05,1
instruct,9,0.0013007660066483597,2.053213074111816e-08,0.0028439071636446947,4.8972127089794056e-05,11
instruction,69,0.009972539384304091,1.4874332317567504e-05,0.013575850138601553,0.00015939867783212132,3
insufficiency,20,0.0028905911258852437,3.0455687856700686e-06,0.003605435319155928,8.416305156081191e-05,7
insufficient,45,0.006503830033241798,6.598603297849025e-06,0.009324416956554284,0.0001200503906303094,6
insulin,168,0.024280965457436045,0.00015617485554145032,0.02067658113645684,0.00028037546465174457,7
insult,10,0.0014452955629426219,6.65684046988403e-07,0.002171467069471633,7.043836075980668e-05,9
insurance,203,0.029339499927735224,0.00035587459935280323,0.024048424050041265,0.0004030055580424926,0
insurer,10,0.0014452955629426219,6.247861671265385e-07,0.002529783322446872,6.151600149211336e-05,3
intact,9,0.0013007660066483597,5.2738943995577e-08,0.002890033981858489,4.5098657832344154e-05,0
intake,91,0.013152189622777859,3.5780191556634093e-05,0.014765682765569084,0.00020159083514685716,7
integr,9,0.0013007660066483597,6.097112788677989e-05,0.00021714364335115056,0.00011736253305853167,8
integral,10,0.0014452955629426219,2.229013850298015e-07,0.003150707611389276,4.948264273556076e-05,6
integrate,10,0.0014452955629426219,5.234744247925077e-07,0.0025484429802745583,6.195938259693758e-05,3
integrated,10,0.0014452955629426219,1.1285817163125518e-06,0.002813758799155901,5.225596177963557e-05,3
integrity,19,0.0027460615695909813,4.551528747084305e-06,0.0052466206122949825,7.227167773208404e-05,0
intellectual,10,0.0014452955629426219,4.7563219782370314e-08,0.0025601151808383148,5.6134869144578955e-05,7
intelligence,16,0.002312472900708195,1.2807466470573683e-06,0.0027275411816211387,9.484896550387201e-05,10
intend,45,0.006503830033241798,1.5075143304065356e-05,0.009199051774359387,0.00012896467734866527,3
intense,9,0.0013007660066483597,1.3339401450482074e-08,0.002936890344844443,4.7425259548805165e-05,0
intensity,76,0.010984246278363925,3.920276858914397e-05,0.012297399314706522,0.0001711613234055243,5
intensive,26,0.0037577684636508164,2.1287345583298645e-06,0.006350679578500593,8.214501501101039e-05,7
intent,9,0.0013007660066483597,1.0215593366098043e-09,0.003400827498504896,4.749955559215673e-05,0
intention,10,0.0014452955629426219,3.633613678522202e-08,0.003552482668695542,5.0177688272597814e-05,0
inter,19,0.0027460615695909813,6.25963938216775e-06,0.004697989545075163,8.0925586854767e-05,2
interact,48,0.006937418702124584,1.5557612581641744e-05,0.009261941556916268,0.00013615525903672883,0
interaction,20,0.0028905911258852437,1.8180294403530256e-06,0.004588494278215751,8.4561868978802e-05,5
interactive,9,0.0013007660066483597,1.8958898707106895e-07,0.002844441429695556,5.129441069389434e-05,11
interchangeably,10,0.0014452955629426219,1.09540833919409e-07,0.0025452957184839875,4.9160485694150666e-05,0
interconnect,10,0.0014452955629426219,9.135743473055417e-08,0.002644012985150016,5.5816153597945176e-05,6
intercourse,50,0.007226477814713109,1.3039034940362391e-05,0.010302926300786377,0.0001477815041595004,5
interdisciplinary,20,0.0028905911258852437,4.177265213719631e-06,0.004597591250451707,8.849248385832903e-05,11
interest,302,0.04364792600086718,0.0008616812445664629,0.029483965856682837,0.0005249121006319037,3
interested,135,0.019511490099725394,0.0003396605910790171,0.01825092405474662,0.00028017171306617876,6
interesting,75,0.010839716722069664,4.035093853685269e-05,0.014097081013184385,0.0001763055750439906,0
interestingly,20,0.0028905911258852437,3.3723836749444853e-06,0.0037079918734971343,9.923090513035605e-05,6
interfere,91,0.013152189622777859,3.764687440866046e-05,0.014623984668894936,0.00020304214688829746,6
interlink,8,0.0011562364503540975,7.853491136841268e-09,0.0024722715968638633,4.1824010964663556e-05,6
intermittent,18,0.0026015320132967193,1.1641401591351432e-05,0.0038812980326560107,8.547326815137011e-05,7
intermittently,9,0.0013007660066483597,1.1125773198273583e-08,0.0028555417400452474,4.92363273598049e-05,7
intern,10,0.0014452955629426219,5.178171983201564e-06,0.0017074042116475509,7.43436663897091e-05,11
internal,132,0.019077901430842606,0.00024067529907877787,0.01672719253503563,0.00032764114373920434,11
international,112,0.016187310304957365,0.00021211660178646822,0.01660606153710861,0.0002773168537466377,3
internationally,34,0.004914004914004914,2.741258727898149e-05,0.006733679704042722,0.00011797907283269324,3
internet,169,0.024425495013730307,0.0005186641170902115,0.021242185428105086,0.0003618732647543787,11
internist,9,0.0013007660066483597,7.009434572623772e-09,0.003383090524779977,4.665741852677778e-05,0
interplay,10,0.0014452955629426219,9.395661556234693e-08,0.0022495368228008603,5.383796330099608e-05,6
interpret,58,0.008382714265067205,2.747744258430758e-05,0.010834093155642984,0.00015317376397262268,2
interpretation,55,0.00794912559618442,1.910885159968173e-05,0.01038744045239101,0.00014407698900991607,2
interpreter,21,0.0030351206821795057,3.0267378763351963e-06,0.0046500760598949566,9.435617866399048e-05,0
interpretive,10,0.0014452955629426219,2.899784257551157e-06,0.002567468949226862,5.890783998558606e-05,11
interprovincial,9,0.0013007660066483597,4.326018783222808e-08,0.002299901517117366,5.318335038416268e-05,3
interrelated,19,0.0027460615695909813,4.6617476659932444e-07,0.0050386308223822635,6.627179991826715e-05,6
interrelationship,10,0.0014452955629426219,1.254278875719747e-07,0.003048809399191663,5.0824881897186354e-05,6
interrupt,42,0.006070241364359011,3.4514908278194445e-05,0.0076104843189318365,0.00013491252688053792,7
interrupted,10,0.0014452955629426219,3.7120583886158e-08,0.0026226989625075026,5.3632904896393606e-05,6
intertwine,10,0.0014452955629426219,9.895066099879824e-07,0.0022672271137734296,6.680080032467013e-05,5
interval,132,0.019077901430842606,0.0001538149483645534,0.019906839899916137,0.00026227005894485415,1
intervene,10,0.0014452955629426219,2.1338491807870153e-07,0.002755496864754594,5.8835434136029455e-05,7
intervention,96,0.013874837404249168,8.101299806936212e-05,0.015761511724101594,0.0002103720557290731,2
interview,38,0.005492123139181963,2.2170519474178587e-05,0.008353573672390762,0.00010378564208783601,0
interviewer,202,0.02919497037144096,0.00017572365861766198,0.02465287755083166,0.0003225393955999367,0
intimacy,88,0.012718600953895072,0.00023142055690525805,0.013808644443503947,0.00024060465981163865,5
intimate,20,0.0028905911258852437,7.020544190472033e-06,0.005333467252112487,7.176526111528373e-05,1
intimidate,10,0.0014452955629426219,1.1509310268158579e-06,0.003152548441514511,5.557600169544024e-05,0
intra,15,0.0021679433444139326,7.323382030466782e-07,0.0034908344067479885,7.848013121616408e-05,2
intracranial,10,0.0014452955629426219,6.691834354833529e-07,0.0022101690710287,6.028564124467564e-05,7
intramuscular,124,0.01792166498048851,8.46288386802714e-05,0.017848521980489383,0.00024130639425787233,1
intramuscularly,37,0.0053475935828877,2.572623047045727e-06,0.00812412589843867,0.00011249166859364932,1
intranasal,33,0.0047694753577106515,1.3712009707003337e-05,0.007032444063312076,0.00011244640238772184,1
intratesticular,23,0.00332417979476803,8.733094008690123e-07,0.005675121710529055,7.382669928012412e-05,6
intricacy,10,0.0014452955629426219,5.055864272118652e-08,0.0030302546161687493,5.684194328595322e-05,10
intricate,5,0.0007226477814713109,0.0,0.001188572969421392,4.3639297710004666e-05,10
intricately,10,0.0014452955629426219,1.1984095212631232e-08,0.00302799231933592,4.235192589335925e-05,5
intrinsic,7,0.0010117068940598353,1.1531195005136503e-09,0.001935755607880074,4.090854213368926e-05,7
introduce,76,0.010984246278363925,3.5589702185561325e-05,0.01251051604380191,0.00018613854237246362,6
introduction,37,0.0053475935828877,2.9066095589327255e-05,0.007968907450276785,0.00011560451062621801,2
intubation,9,0.0013007660066483597,4.069768784398327e-08,0.0026050259282826525,4.581531184094705e-05,7
intuitive,20,0.0028905911258852437,1.0986618021940873e-06,0.005229702956971711,8.47586154860564e-05,0
intuitively,15,0.0021679433444139326,1.5567555983018134e-07,0.004665262225374905,5.968730031910201e-05,0
invaluable,10,0.0014452955629426219,5.197102003880778e-07,0.0028030411855473674,5.8043117733874665e-05,11
invasive,90,0.013007660066483595,5.6047602306343256e-05,0.01533785130554786,0.0002148465812887931,1
inventory,10,0.0014452955629426219,6.017798791027949e-07,0.002578625429201279,5.909156680451209e-05,5
inverse,39,0.005636652695476225,1.3967507786604179e-05,0.007157741934234488,0.00012484123409002736,1
inversely,8,0.0011562364503540975,4.829814060672846e-09,0.0023306115326197523,4.064370415103e-05,6
invest,10,0.0014452955629426219,4.4142503876300373e-07,0.0020690898206184145,6.99285821439668e-05,11
investigate,83,0.011995953172423761,4.901308383704598e-05,0.014117780428243765,0.00018977707965145573,7
investigation,77,0.011128775834658187,7.910321265726848e-05,0.01064204617135012,0.0001695911389666023,6
investigational,14,0.0020234137881196706,3.2273699422664573e-06,0.003618844596100578,6.955882804648083e-05,3
investigator,48,0.006937418702124584,5.8009362791680906e-05,0.0076345874863486245,0.00017803707752923908,11
investor,10,0.0014452955629426219,3.5580300042349977e-07,0.0018853090676921283,6.984330464863174e-05,11
invigor,49,0.0070819482584188465,6.376106030331219e-05,0.009222855857534613,0.00015018055052807913,3
invite,36,0.005203064026593439,9.262305979971847e-06,0.007767650686599895,9.770280341851286e-05,3
involve,352,0.05087440381558029,0.0006987472806106238,0.03309198762083453,0.0005061337470805544,6
iodine,19,0.0027460615695909813,2.8540657667518167e-06,0.004466508791908509,8.38096292623501e-05,7
iodothyronine,9,0.0013007660066483597,2.9627120871408103e-06,0.0014600465505526827,7.901080413959045e-05,2
iowa,35,0.005058534470299176,1.590050103362158e-05,0.007462970983752718,0.00011899212168788075,3
ireland,6,0.000867177337765573,6.8792507190064e-07,0.0012824028863277091,5.021417781314774e-05,1
iron,154,0.022257551669316374,0.00016483718927655296,0.018265570237488784,0.00030680644580627933,7
irregular,73,0.010550657609481139,4.075931214030443e-05,0.011207739795895306,0.00017601917058289798,5
irregularity,10,0.0014452955629426219,1.0150596014907627e-07,0.002652757865073879,4.534297080396799e-05,6
irrespective,25,0.0036132389073565544,4.90194714873125e-06,0.0060054306354109825,8.529703341301119e-05,7
irreversible,10,0.0014452955629426219,7.844640178609354e-08,0.0028630567848894847,4.427457705104035e-05,6
irritability,147,0.02124584477525654,0.00011296633009744778,0.01788285790134968,0.00027045940315414887,5
irritable,34,0.004914004914004914,1.949050461904391e-05,0.006415406042009173,0.000122124605586591,5
irritate,44,0.006359300476947536,1.3513212529911065e-05,0.00890008554353798,0.00014449493890375713,1
irritation,118,0.017054487642722937,6.513750541616153e-05,0.01650379450404821,0.00023809069770015348,1
ischemia,10,0.0014452955629426219,1.2518728148516983e-06,0.001577166697421246,7.16551932543795e-05,11
isidori,19,0.0027460615695909813,8.324355025165413e-06,0.0031220747177936135,0.00011665415970723935,11
island,10,0.0014452955629426219,5.659841250459179e-07,0.0018864359727528534,7.369692785596434e-05,11
islander,9,0.0013007660066483597,2.5524629587232564e-07,0.002321046379282664,6.578488746596483e-05,10
isnâ€tmt,10,0.0014452955629426219,1.6235754803927485e-08,0.003103140287418422,4.6724007584715166e-05,7
isocaproate,7,0.0010117068940598353,4.056586077545578e-08,0.0008602320215242608,6.933030762651128e-05,1
isolate,23,0.00332417979476803,4.361847010895125e-06,0.005045004368903762,7.399357891415088e-05,6
isolated,18,0.0026015320132967193,2.1844662514372366e-07,0.004906906545158629,6.811341370506297e-05,6
issac,10,0.0014452955629426219,2.1008764833815447e-06,0.0007136459015168254,0.0001049410736617733,11
issm,10,0.0014452955629426219,2.8609484912844208e-08,0.003017589632061029,4.810744076546043e-05,2
issue,679,0.09813556872380402,0.0032746559598596557,0.043455271000389296,0.0007995440486419658,0
italian,10,0.0014452955629426219,2.155767441672452e-06,0.0021472206304460075,6.414581360913933e-05,11
italy,9,0.0013007660066483597,5.839427538344579e-07,0.0014348498132915628,7.614031912178099e-05,0
itching,20,0.0028905911258852437,3.6797418391796145e-06,0.004941504116881214,8.118526932574098e-05,1
item,36,0.005203064026593439,8.865059456758053e-06,0.007575944927682362,0.00010966428775551892,2
itâ€tms,20,0.0028905911258852437,2.2681584318814822e-07,0.006049024013044849,6.74110974170707e-05,1
ius,10,0.0014452955629426219,2.2298015373149848e-07,0.0026269281308340985,6.584686704074497e-05,0
ivan,10,0.0014452955629426219,0.0001703132541799205,0.0014170307890109845,9.552626618179826e-05,11
izumi,10,0.0014452955629426219,1.043371036123166e-05,0.0009337008284198086,0.0001126232315190435,11
j.a,10,0.0014452955629426219,1.675731858446733e-05,0.001820612038463758,7.912016700733835e-05,11
j.beem.2010.11.004,7,0.0010117068940598353,1.72349723571292e-07,0.0006435084192214075,6.732965560357293e-05,11
j.h,10,0.0014452955629426219,4.157326295019632e-06,0.0005229427934323309,0.0001151378103988404,11
j.ucl.2016.01.004,10,0.0014452955629426219,1.6108231931116367e-06,0.0009506979253438171,7.783738098392566e-05,11
j.urology.2016.12.066,10,0.0014452955629426219,1.1969852666541934e-07,0.0024806934224549655,5.818662748553364e-05,3
j.yhbeh.2011.01.009,10,0.0014452955629426219,8.313091113466777e-07,0.001785495081887071,6.898057539523454e-05,11
jack,10,0.0014452955629426219,1.4267962948767674e-07,0.003236747712451999,5.165245056302821e-05,0
jackson,10,0.0014452955629426219,5.0868897684250815e-06,0.0016835931144770877,7.259414958201239e-05,11
jacobs,10,0.0014452955629426219,9.770413530789952e-07,0.0012583911366588424,8.744698789132616e-05,11
jam,10,0.0014452955629426219,1.7014687491719736e-07,0.002580955260886362,5.862265160093607e-05,5
jama,33,0.0047694753577106515,3.481623744370563e-05,0.005870896204535289,0.00014144183987857846,11
jame,10,0.0014452955629426219,1.0171505228042453e-05,0.0014809239804250563,8.468006382571478e-05,11
james,37,0.0053475935828877,3.673157958041648e-05,0.006885371125026702,0.00010171880163753156,12
jameson,10,0.0014452955629426219,6.199553956259995e-07,0.0016993811197060736,7.970891744773816e-05,11
jan,21,0.0030351206821795057,4.518138164917483e-06,0.004767706231868762,8.77737887594933e-05,11
jane,10,0.0014452955629426219,6.551725179233554e-06,2.465731677345896e-05,0.0001396859186989653,8
january,27,0.003902298019945079,1.594821333444636e-05,0.005150522307768195,0.00010508970037065182,2
jar,24,0.003468709351062292,1.5019521667219843e-05,0.004658551374619434,0.00010204350591779178,1
jatenzo,9,0.0013007660066483597,6.979386486123583e-08,0.0019487721679007136,6.275466645602162e-05,1
jay,10,0.0014452955629426219,3.808236065152415e-06,0.0005098257633922475,0.00010361923774303603,11
jayasena,18,0.0026015320132967193,4.2245154491483306e-05,0.001608884928958464,0.0001509195832765623,11
jc.2018,10,0.0014452955629426219,6.411488822374332e-07,0.0017453161701373183,7.243746397119066e-05,11
jcem,10,0.0014452955629426219,1.7829907409399571e-06,0.0019121032309085283,7.662245717016777e-05,11
jcm8050732,10,0.0014452955629426219,3.2756314343390668e-06,0.00141766367125824,8.085237423405361e-05,11
jealous,9,0.0013007660066483597,9.191012701555422e-08,0.002790686790746176,5.161306824818414e-05,0
jean,8,0.0011562364503540975,9.612384413162603e-08,0.001557423372862571,6.0042354733639156e-05,11
jeauveau,10,0.0014452955629426219,1.1204565220544275e-07,0.0023025074931836355,5.926817745702611e-05,5
jefferson,10,0.0014452955629426219,6.532033794616066e-05,0.0017654585518012543,8.598559437474473e-05,12
jeffrey,10,0.0014452955629426219,6.801280167014749e-06,0.0001894810242141857,0.00011979183117635966,11
jeremy,10,0.0014452955629426219,1.0861365426060596e-07,0.0027623686523326244,5.450036053729709e-05,6
jeuveau,8,0.0011562364503540975,0.0,0.001568773134703433,5.682301914208917e-05,5
jewish,10,0.0014452955629426219,7.649714583899317e-08,0.002808292797990854,5.5781103831114334e-05,12
jews,8,0.0011562364503540975,2.1158571484538082e-10,0.0026987777581801054,4.721065916500287e-05,7
jim,19,0.0027460615695909813,7.246086263348851e-08,0.005123551169038337,6.551060456294463e-05,0
job,84,0.012140482728718023,0.00010118851795103873,0.014429244941750463,0.00019770291476476254,0
jog,10,0.0014452955629426219,4.975251773744913e-08,0.002973602642160323,5.6152582229129086e-05,0
john,143,0.02066772655007949,0.0020537337651786035,0.019324137247552706,0.00035165663080555736,0
johns,31,0.0044804162451221275,7.1291360380990865e-06,0.006854759145012862,0.00010743238998193989,5
johnson,10,0.0014452955629426219,7.645210447868527e-07,0.0022944978654458295,6.089319587773973e-05,11
join,42,0.006070241364359011,2.0874544329785012e-05,0.007258151715582253,0.00013483669198199004,0
joint,115,0.01662089897384015,0.0001259500478146979,0.0167209698659567,0.00028109883148979165,5
jointed,10,0.0014452955629426219,6.070871625908538e-08,0.002979124125991057,5.411833617460313e-05,0
jointly,10,0.0014452955629426219,2.0718111271009624e-08,0.003638816968654838,4.6206612050124366e-05,3
joke,26,0.0037577684636508164,7.46449268587762e-06,0.005038840469559709,0.00010911303512004229,0
jolt,10,0.0014452955629426219,8.498755201030647e-09,0.003373048061854735,5.013374503318055e-05,0
jones,29,0.004191357132533603,6.844080779741471e-05,0.003135327003652049,0.00016604387981996734,12
jordan,10,0.0014452955629426219,8.04751634864023e-08,0.0032600275991257815,5.1902193756758676e-05,3
jorgez,52,0.007515536927301633,1.2059327430485336e-05,0.010396842111141738,0.0001505602486966894,11
joseph,19,0.0027460615695909813,9.613260172991421e-06,0.00423794717149713,9.222809516051175e-05,11
josh,9,0.0013007660066483597,2.354758785507588e-08,0.002090911466763621,6.008356939585222e-05,11
journal,168,0.024280965457436045,0.0006373323935100263,0.018325692812365155,0.0004330447755788841,11
journalist,18,0.0026015320132967193,2.449826901984861e-05,0.0034531918213771924,9.207776072521576e-05,13
journey,121,0.017488076311605722,7.986696618317804e-05,0.01957887438035307,0.0002610546901694063,3
joyful,10,0.0014452955629426219,4.6118548450594384e-07,0.0030384907906346437,6.1472986238436e-05,9
juan,10,0.0014452955629426219,5.560289531715754e-06,0.0007530611318063075,9.439100541289547e-05,11
judgment,42,0.006070241364359011,8.769019712960643e-06,0.009616620584833905,0.00012224643243426595,2
judith,10,0.0014452955629426219,9.237583859488807e-06,6.0191695914250576e-05,0.0001318076221602845,8
juice,10,0.0014452955629426219,2.0515324637515682e-07,0.001120726179596262,7.415088478200084e-05,9
jul,15,0.0021679433444139326,4.954363340642243e-05,0.0014997727803450693,0.00011493492054452706,11
jul;34(7):1669,10,0.0014452955629426219,1.1116717953263465e-06,0.001607103659906163,8.007658022463064e-05,11
julie,6,0.000867177337765573,4.1168929108094755e-08,0.0016314720399653391,4.272224374248175e-05,11
july,57,0.008238184708772944,0.0001366365743447278,0.009204745172847823,0.00019396493136734523,2
jump,16,0.002312472900708195,1.0295230501946569e-06,0.004234344080114425,6.144793576313946e-05,0
jun,10,0.0014452955629426219,7.398802412805811e-06,0.0019146271305950124,7.61465365854328e-05,11
juncos,9,0.0013007660066483597,3.2533668068386813e-06,3.8317397661398865e-05,0.00012718689015512092,8
june,53,0.007660066483595895,0.0010569997928898838,0.008244747965416657,0.0002086031936839906,8
junior,9,0.0013007660066483597,7.321087031835744e-07,0.002697557405364275,5.7775909179902014e-05,3
junk,9,0.0013007660066483597,1.4984950287878856e-07,0.002492435257624539,5.7871583365028364e-05,9
jury,9,0.0013007660066483597,1.055574580868639e-07,0.002660544208844041,5.255858657690172e-05,13
justify,10,0.0014452955629426219,3.496253108935916e-07,0.0024032053374602146,6.608930089857317e-05,3
justin,19,0.0027460615695909813,1.5735004100854329e-06,0.00511430907670652,7.771252614598811e-05,3
juxtapose,10,0.0014452955629426219,5.662604936431961e-08,0.0031669633030998383,4.5699587976793444e-05,0
k.m,19,0.0027460615695909813,8.136802079929749e-05,0.0020169331378303654,0.00012531375735676478,11
kadali,7,0.0010117068940598353,1.431962111405063e-07,0.0014169343449315296,7.41427620758868e-05,3
kadono,10,0.0014452955629426219,1.2187988058450384e-05,0.0012585750647059412,0.00010466075537806605,11
kallman,9,0.0013007660066483597,1.55763102200567e-08,0.001973150443539284,5.4931383957329804e-05,7
kallmann,47,0.0067928891458303225,1.9922597226099024e-06,0.008712365984061464,0.00011105637756609643,7
kaltsas,10,0.0014452955629426219,7.6162086125798164e-06,0.00034340271706474474,0.00012302678012225,4
kaminetsky,18,0.0026015320132967193,2.8953718660086512e-06,0.004861758042787999,7.799613378379127e-05,1
karkowsky,6,0.000867177337765573,0.0,0.0007048860810198258,6.361161394553663e-05,11
karlye,10,0.0014452955629426219,5.9711174943710856e-05,0.0003958188800895238,0.00011563377184217327,11
karolina,10,0.0014452955629426219,0.00021213448005521178,0.0011523644247785235,9.983093063109784e-05,11
karyotype,15,0.0021679433444139326,2.7304821310053694e-07,0.0036082501804297305,6.65153189554908e-05,7
katarzyna,10,0.0014452955629426219,8.45145872719407e-05,0.0004033548719417953,0.00011623551088093893,11
kathi,10,0.0014452955629426219,1.966542934489088e-06,0.0019858233474888227,6.574300868960563e-05,11
kato,10,0.0014452955629426219,5.537020289954061e-06,0.001053217623444239,0.00010788111905111058,11
kawaguchi,10,0.0014452955629426219,2.305374837612555e-06,0.000655863234237623,0.00011670024378724171,11
keck,17,0.002457002457002457,3.24403996297358e-07,0.004104712588029116,7.01133140546562e-05,11
keevil,10,0.0014452955629426219,0.00045287933413546186,0.0005780621405150373,0.00011549332869130394,8
keith,10,0.0014452955629426219,8.061202397524844e-07,0.002053802259437183,7.1646393930519e-05,3
kelly,10,0.0014452955629426219,1.2553819812647264e-05,0.0001233721298642461,0.00012155583204253577,11
ken,10,0.0014452955629426219,0.00013797366042245408,0.0006537115008119362,0.00011087209809324054,8
kenner,10,0.0014452955629426219,6.607737390774153e-05,0.0008609095521114069,0.00010798794122463261,12
ketoconazole,59,0.008527243821361469,2.4139093432052517e-05,0.010199918846121687,0.00016499044663131836,6
kettle,10,0.0014452955629426219,1.238287905526604e-07,0.002612117252003173,5.963025905734773e-05,1
key,354,0.05116346292816881,0.0005734321376370618,0.033397043280780754,0.0004885633002860006,6
keyword,19,0.0027460615695909813,6.9708413312527906e-06,0.005363356018670532,7.628749322795416e-05,2
khan,10,0.0014452955629426219,2.5725167487172e-05,0.0017409776548524794,7.252142844423416e-05,11
khera,45,0.006503830033241798,0.0006726743684775347,0.004626446560904432,0.00023771860120955297,11
khurram,10,0.0014452955629426219,4.885230221815221e-07,0.002294896012265372,6.282850539413364e-05,11
kian,17,0.002457002457002457,1.738493265069892e-07,0.004847029623417097,6.714064769824025e-05,0
kick,27,0.003902298019945079,2.8287262592661854e-06,0.006862616080685135,9.064003046698573e-05,0
kid,68,0.009828009828009828,7.653710016143595e-05,0.012450096053473098,0.00017927535704551626,0
kidney,254,0.03671050729874259,0.0024600520341673143,0.022437150704471855,0.0005690794432198542,7
kill,9,0.0013007660066483597,1.6282568205015896e-06,0.0025817125438221196,5.0294219332815666e-05,9
killer,29,0.004191357132533603,2.6076733982378188e-06,0.007004315363178794,0.00010275031216193879,0
kilogram,26,0.0037577684636508164,4.6175706279444205e-06,0.0061065045118278306,9.270694774307456e-05,0
kim,75,0.010839716722069664,3.0752210059712056e-05,0.012086802351122741,0.00019234719769065366,0
kind,410,0.05925711808064749,0.0010749298095522187,0.03579445685137229,0.0006359598809677429,0
kindly,10,0.0014452955629426219,1.6241202981658064e-07,0.0034360379835831336,5.3299229086698375e-05,3
kinetic,10,0.0014452955629426219,2.8764946862586824e-07,0.002488234618780089,5.8884098804323705e-05,7
kiran,10,0.0014452955629426219,4.189543290546821e-06,7.416512478851214e-05,0.00013486296042167833,8
kiss,9,0.0013007660066483597,2.3019813719658523e-07,0.002252155995744971,6.358036097760924e-05,0
kit,30,0.004335886688827865,9.325600581430469e-06,0.006537563161139522,0.00010266732121547909,3
kliegman,15,0.0021679433444139326,4.178659372733513e-06,0.0012115975907872857,0.00011636625406554987,11
klinefelter,106,0.01532013296719179,0.00015848711547335295,0.013491606755505224,0.00022370604851446,7
knock,9,0.0013007660066483597,3.0622585102935953e-07,0.0028819698317925435,4.910161120688044e-05,0
know,829,0.11981500216794334,0.0057601850671892205,0.04531990740631737,0.0009961572533871937,0
knowledge,117,0.016909958086428676,9.771728976518209e-05,0.01836595534099586,0.00027932811499024364,3
knowledgeable,71,0.010261598496892614,3.3710180706210216e-05,0.013440490829781462,0.00016649922532781754,3
known,39,0.005636652695476225,4.084372770646123e-06,0.008626479276452985,0.00010543491133841387,6
kocsis,22,0.003179650238473768,3.3524348132371915e-06,0.0035350091857184935,9.758146460638518e-05,11
kopp,11,0.001589825119236884,9.488318418989278e-07,0.0010381520090855456,8.537794479680314e-05,11
kovler,10,0.0014452955629426219,5.112332500435038e-07,0.003106199829980347,5.292281852518903e-05,3
kprice@auanet.org,10,0.0014452955629426219,3.6932446865993066e-07,0.002253578970237406,6.697705424902731e-05,3
krakowsky,18,0.0026015320132967193,3.921790531006896e-05,0.0019507179192106924,0.00012614659758586056,11
kretser,10,0.0014452955629426219,4.674823597477593e-07,0.001710149713893484,7.269978662868151e-05,11
kristen,10,0.0014452955629426219,2.0327312247062124e-07,0.0023074253977442374,6.413270474672752e-05,5
kryptonite,10,0.0014452955629426219,4.390351642875234e-08,0.0033505163388587505,5.285469739497732e-05,0
kudo,10,0.0014452955629426219,4.4406397880547036e-07,0.002811100680351609,6.242040383680502e-05,0
kuh,10,0.0014452955629426219,0.0004289375679632367,0.0003721024472648561,0.00012531520491167395,8
kumar,18,0.0026015320132967193,3.797668851139489e-07,0.004169850861854581,6.872794461864971e-05,7
kurtz,10,0.0014452955629426219,7.54119279854912e-06,0.0003034881055128861,0.0001102477598932856,11
kyrou,10,0.0014452955629426219,2.7885377322082953e-05,0.0007450200466453343,0.00011572693789792906,4
kyungah,10,0.0014452955629426219,4.2469478904792485e-06,0.00010769734761496432,0.00012707296673690024,11
kyzatrex,23,0.00332417979476803,5.361871722249551e-06,0.005480351447640682,8.77633714271508e-05,1
l.c,10,0.0014452955629426219,7.994005592660604e-07,0.0018534752613089192,7.603040070069478e-05,6
lab,459,0.06633906633906633,0.0023472221600454716,0.03851664999779385,0.0006400814260258277,3
labcorp,24,0.003468709351062292,2.5772982490564667e-05,0.005009917019006924,0.0001062450455942331,11
label,140,0.020234137881196705,0.00015566349417025238,0.01948536718295835,0.00027500609856180423,6
labeling,33,0.0047694753577106515,7.870019147046949e-06,0.007301425288791656,0.00010972945799591157,11
laboratories,10,0.0014452955629426219,6.464058816821477e-07,0.002081565689608531,6.892295135176079e-05,11
laboratory,248,0.03584332996097702,0.0007039067612535987,0.026452143275403434,0.00045882420355796176,2
laborde,5,0.0007226477814713109,0.0,0.0015093926922897332,4.311602435805287e-05,0
labs,7,0.0010117068940598353,1.76419746849827e-08,0.0007274284240650768,7.217850049658076e-05,11
labwork,20,0.0028905911258852437,8.087110371420576e-07,0.006188558600251904,7.416465581942751e-05,3
lack,334,0.04827287180228357,0.0005338990213470445,0.029050630330926003,0.00048040008173269995,5
lacking,9,0.0013007660066483597,2.1168242072564243e-08,0.0024807893825384915,5.1273722584753935e-05,6
laden,10,0.0014452955629426219,1.1749772208845634e-06,0.002492196511482145,6.521441266735892e-05,9
lady,17,0.002457002457002457,1.937979209799239e-06,0.0038737654173742492,8.162136423535505e-05,0
lagos,10,0.0014452955629426219,6.803788338205098e-07,0.0020129534117780136,6.80921596761587e-05,11
lake,10,0.0014452955629426219,1.4770783832564103e-06,0.001344107052374506,7.793800215479553e-05,11
laksham,10,0.0014452955629426219,1.7049829118352466e-06,0.002057965850963501,6.905179304756571e-05,11
lakshmi,9,0.0013007660066483597,4.4944724887922233e-07,0.0002335650619334532,0.00010608804984320251,11
lalitha,8,0.0011562364503540975,1.673831546110602e-07,0.0015290692437478768,8.109923738512087e-05,3
lambert,10,0.0014452955629426219,9.71805483817419e-07,0.0017845344761017216,7.83319812581138e-05,11
lancet,10,0.0014452955629426219,5.820450280499795e-06,0.0019204031467578227,7.831876847758581e-05,11
landing,19,0.0027460615695909813,1.6230646364575153e-05,0.002396508411768975,0.0001169724373930002,12
landmark,10,0.0014452955629426219,1.0477518586922074e-08,0.003167494163585406,4.705865190044397e-05,3
landon,10,0.0014452955629426219,7.298019635782876e-06,0.0013585525104591414,8.167377073137425e-05,11
landscape,18,0.0026015320132967193,6.355940140973154e-07,0.004718749654290791,7.436711572591705e-05,3
language,40,0.005781182251770487,3.78141991486863e-05,0.006581328888120209,0.0001650843702848424,10
lankveld,10,0.0014452955629426219,2.991881611974971e-06,0.0014737169902796154,8.568197666844319e-05,11
large,281,0.04061280531868767,0.0006410934234245378,0.02839353084069771,0.00048547412825115656,10
largely,36,0.005203064026593439,8.332769940337461e-06,0.007674447217462546,0.00010561942049291503,5
laryngologist,10,0.0014452955629426219,1.583116734675805e-07,0.0033106851885398784,5.1092072199239905e-05,0
las,8,0.0011562364503540975,7.808962315517184e-07,0.001154842984278831,7.566369021533528e-05,3
lashen,10,0.0014452955629426219,7.96399394781611e-06,8.084303995175681e-05,0.00012991135938229985,8
latanoprost,22,0.003179650238473768,5.019244759633433e-06,0.005364880217006286,8.033817610818944e-05,6
late,310,0.04480416245122128,0.0009883630391307545,0.026966232768344537,0.0004834404415886245,3
late-30s,10,0.0014452955629426219,6.677153759475478e-08,0.002868954074621402,5.086121405930532e-05,6
lately,26,0.0037577684636508164,3.248621900756451e-07,0.007210896673922109,7.787147962946059e-05,0
later,184,0.02659343835814424,0.0001282096586606554,0.0223526178750276,0.0002998374366685673,7
lateral,10,0.0014452955629426219,2.5205524060848416e-07,0.0025804805869816187,5.637626883704608e-05,1
lattimore,10,0.0014452955629426219,1.8977528405055487e-06,0.0016775672540668251,7.234097005100438e-05,12
laugh,16,0.002312472900708195,2.91734136394742e-06,0.00328517065889999,8.55025259836741e-05,0
launch,10,0.0014452955629426219,3.9534766443191645e-07,0.002573001386062487,5.04973306015728e-05,6
lauren,13,0.0018788842318254082,1.585164958396268e-06,0.002382960731261836,8.674236661468127e-05,3
lauretani,10,0.0014452955629426219,2.5817016724681207e-07,0.00017639687094748248,0.0001349912312815454,11
lauryl,10,0.0014452955629426219,5.267965655624518e-07,0.0016549433817780335,7.403546249206558e-05,6
law,28,0.004046827576239341,1.4986137108213028e-05,0.006359492420976868,0.00010865519639445189,0
lay,27,0.003902298019945079,8.343482834822732e-06,0.00658473998912687,0.00010358933989858577,0
layer,37,0.0053475935828877,2.647269191652871e-06,0.007538458211890046,0.00010860806890004912,1
layperson,9,0.0013007660066483597,1.7835220540226613e-08,0.003223112774604383,4.685889751032134e-05,0
laziness,14,0.0020234137881196706,4.517780465781767e-08,0.0037440759728724054,5.617526037920657e-05,5
lazy,10,0.0014452955629426219,7.348516660467937e-08,0.0030276995678394634,5.7910226324187276e-05,7
lcms,25,0.0036132389073565544,6.260581442354448e-06,0.0053625559206559184,0.00010144226779111395,2
ldl,15,0.0021679433444139326,5.657557732359568e-07,0.0038464528209784317,5.473992704410501e-05,7
leaching,10,0.0014452955629426219,1.6802574311943736e-07,0.002069029802060805,6.699645357272207e-05,7
lead,701,0.10131521896227778,0.0032427949974503214,0.04428132112554352,0.0008701924635970923,7
leader,51,0.007371007371007371,3.5928776576691596e-05,0.00929162034199557,0.00016070046291402268,3
leadership,10,0.0014452955629426219,1.304495743335274e-06,0.0029880962387753437,5.4542171332575725e-05,3
leaf,10,0.0014452955629426219,5.708073136288557e-07,0.0009593599896799539,8.220417550384698e-05,11
leafy,18,0.0026015320132967193,1.890094780680078e-05,0.0026950385397981045,0.00011011592317099757,9
lean,182,0.026304379245555717,0.0004171786700151385,0.019701142566025155,0.00033321108462209674,5
leaning,10,0.0014452955629426219,2.6281976158408904e-07,0.001918649703929976,7.086558013543162e-05,5
learn,327,0.047261164908223734,0.0013863156747606878,0.029368129722319836,0.0005352446779885811,0
learning,31,0.0044804162451221275,2.8842340967609842e-05,0.005048501871064895,0.00013584724936837415,10
leave,137,0.019800549212313917,0.00020580975057306135,0.01817853818207355,0.0002975377787005277,0
lee,20,0.0028905911258852437,6.541178403980571e-05,0.0016266449059250938,0.00015488743368226264,11
left,23,0.00332417979476803,2.3213590546876445e-06,0.004645203711894688,7.831510684133595e-05,2
leg,71,0.010261598496892614,3.4646804824937374e-05,0.012286590126701089,0.00017608164580826166,7
legal,29,0.004191357132533603,1.299152383597951e-06,0.007000298558668057,8.847713942549722e-05,3
legally,15,0.0021679433444139326,3.9117158341902254e-07,0.004172565283604062,6.269715034792629e-05,1
legitimate,24,0.003468709351062292,5.176355772053852e-07,0.006317835059564903,7.763243088862379e-05,3
legro,10,0.0014452955629426219,1.9103188271803138e-06,0.002439892428781957,6.350659114850825e-05,7
legume,20,0.0028905911258852437,2.4155610343029807e-05,0.0028331104418274316,0.00012098777385970365,9
length,52,0.007515536927301633,5.740268638993056e-05,0.009843614144905248,0.00015974322047419725,0
lengthen,8,0.0011562364503540975,1.5788884118747044e-08,0.0018272339178206155,5.637202250457994e-05,1
lengthy,10,0.0014452955629426219,3.2308829847170627e-08,0.0035912397191218072,5.1962663448196285e-05,3
lentil,10,0.0014452955629426219,5.179101319084218e-07,0.0008895850421943971,8.206765564315428e-05,9
leproult,15,0.0021679433444139326,3.919859369187518e-06,0.00250483494482884,8.850199039728867e-05,11
lessen,16,0.002312472900708195,2.1125894735194724e-07,0.004078698709904037,6.213576136012225e-05,7
lessened,10,0.0014452955629426219,1.6865815086413736e-08,0.0029291339990292716,4.428536348945459e-05,5
lesser,9,0.0013007660066483597,1.5360982793179627e-08,0.002431107396919447,4.914238386079558e-05,7
lesson,10,0.0014452955629426219,3.82896868992377e-07,0.0020328219913637487,6.629173477052385e-05,3
lester,10,0.0014452955629426219,1.3433774279369103e-07,0.0024335953196351406,6.146316795438445e-05,0
let,299,0.04321433733198439,0.0005883936071400829,0.030812718339016075,0.00046805187146564214,0
lethargic,10,0.0014452955629426219,0.0,0.00336254293676902,4.676709487764641e-05,0
lethargy,54,0.007804596039890158,5.884332499537039e-06,0.0094724052960417,0.00012979779721961846,5
letrozole,10,0.0014452955629426219,1.7513189155811553e-07,0.0023870819051007783,6.191576056808172e-05,6
letter,29,0.004191357132533603,4.130930521054732e-06,0.007143658095214888,0.00010040970468561636,0
leuprolide,10,0.0014452955629426219,7.083393526417019e-07,0.0019407463739055393,8.115299604186564e-05,7
level,1778,0.2569735510911981,0.027797595056604073,0.0479398697072817,0.0014897728238019766,6
levels.41,8,0.0011562364503540975,2.3989073789829457e-07,0.0023517129089943214,5.867246902948162e-05,1
levels.433,10,0.0014452955629426219,6.622393327910906e-07,0.0022211331772033016,6.154007014493318e-05,1
"levels.46,47",10,0.0014452955629426219,3.615943367402643e-08,0.0031406102587817463,4.766839760324259e-05,7
"levels.48,49",9,0.0013007660066483597,5.754876739444877e-08,0.0025309057310735406,4.9661111273696174e-05,6
"levels.5,6,12",10,0.0014452955629426219,1.2889211172901425e-07,0.0025510678393065476,5.354610513270691e-05,3
levels.6,15,0.0021679433444139326,7.481640946813278e-07,0.0032498093475435913,6.925182788079474e-05,6
leverage,10,0.0014452955629426219,1.7605044811111855e-07,0.0027404812541378205,5.718724332274297e-05,2
levitra,14,0.0020234137881196706,3.5795864768794473e-07,0.0031412523149697796,7.2014830266305e-05,1
levothyroxine,10,0.0014452955629426219,7.13604144658137e-08,0.003065832634829508,5.3809240110259406e-05,7
lewis,10,0.0014452955629426219,9.148962588824301e-05,0.0013295071278353555,8.500433738087647e-05,11
leydig,84,0.012140482728718023,9.050694129615477e-05,0.011137773704292522,0.00021346361243067816,6
"lh).5,6,12",10,0.0014452955629426219,2.6733135107451357e-09,0.0031017205250367763,4.503435815858832e-05,6
liability,10,0.0014452955629426219,4.7030149398533054e-07,0.002261990419154902,6.025306809250029e-05,11
libido,497,0.0718311894782483,0.0012690021171702188,0.033426780037051004,0.0005996234873812384,5
library,68,0.009828009828009828,5.5939015051258824e-05,0.010363959877986842,0.00019427855183143855,7
licensable,8,0.0011562364503540975,4.189031094460315e-07,0.0018470390215929659,5.676619278271604e-05,3
license,26,0.0037577684636508164,9.075391531586268e-06,0.0054403071031033,0.00010410406462743137,3
licensed,45,0.006503830033241798,4.253295920227176e-06,0.009971008276952579,0.0001186398096828274,3
lie,36,0.005203064026593439,1.1022816281716114e-05,0.007875162338508351,0.00010924318626170303,5
life,799,0.11547911547911548,0.0044052879518116945,0.04619167556983675,0.0009176409981090878,0
"life.5,12",9,0.0013007660066483597,7.638344801796909e-08,0.0026302748967691773,4.984702289968977e-05,5
lifeblood,10,0.0014452955629426219,8.63660769988597e-08,0.00294753201893132,5.0599813008656106e-05,6
lifelong,82,0.011851423616129498,5.0319508648483105e-05,0.01463020764386798,0.00018108264261735936,3
lifesave,10,0.0014452955629426219,2.0988179621585705e-08,0.0032479579481290116,5.140728489460372e-05,6
lifespan,17,0.002457002457002457,2.7881647031816904e-07,0.0045966890591615135,6.40747577489744e-05,7
lifestyle,504,0.07284289637230813,0.0011080665742263603,0.03789092331349134,0.0005752719746621334,3
lifetime,18,0.0026015320132967193,2.2652558471354827e-06,0.005121618721641053,7.099221963996847e-05,0
lift,46,0.00664835958953606,2.2478565281216083e-05,0.009596655349382255,0.0001328352460335757,0
lifting,19,0.0027460615695909813,1.1805271482161448e-06,0.004903971247050007,7.434180900913616e-05,0
light,59,0.008527243821361469,3.814727591866732e-05,0.010964731319640628,0.0001709783432945834,1
lightheaded,10,0.0014452955629426219,6.394260943761705e-07,0.002125122120472159,6.437321818926703e-05,1
lightheadedness,10,0.0014452955629426219,1.8410372900569382e-07,0.0021668925207109237,6.016242496127862e-05,5
lightner,10,0.0014452955629426219,1.755257454667917e-06,5.143582317866371e-05,0.00012721179063952443,11
like,1270,0.18355253649371298,0.01726520840804889,0.05447157599031422,0.0014792733442310553,0
likelihood,42,0.006070241364359011,9.53218189839855e-06,0.008612822602838922,0.00011531888438606271,5
likely,433,0.06258129787541553,0.0009012600165718125,0.03571489538690501,0.0005507259348436864,7
likewise,27,0.003902298019945079,3.4689750236207946e-06,0.00691586149483221,8.884621226077926e-05,1
limb,17,0.002457002457002457,4.1547016241434904e-07,0.0038632660799351004,6.869710417883404e-05,5
limit,184,0.02659343835814424,0.0002449955038878228,0.023708345118645415,0.0003304836151145767,1
limitation,65,0.009394421159127041,3.953139969305625e-05,0.011842044022353159,0.00019226872835880778,2
limited,64,0.00924989160283278,1.635364285923817e-05,0.01266228962768354,0.00015856949743680543,3
lincoff,20,0.0028905911258852437,9.337323585360553e-05,0.0024098257761368033,0.00012262007631787565,11
lincoln,10,0.0014452955629426219,5.26459586574627e-07,0.0020272115637657603,6.390346045230348e-05,11
line,127,0.018355253649371295,0.0002095919453136584,0.01843623630556481,0.0002617158365636501,0
linger,10,0.0014452955629426219,5.00357907416155e-08,0.002904868625773978,5.439631355089892e-05,11
lining,25,0.0036132389073565544,3.2957347372677558e-06,0.006092944518731697,8.679261216895721e-05,1
link,378,0.0546321722792311,0.0010712574233399067,0.02981653988488238,0.0005784580742100869,7
linthicum,10,0.0014452955629426219,3.7546586025822626e-08,0.0029518677678163317,5.1867974233085355e-05,11
lip,29,0.004191357132533603,1.105020036208588e-05,0.005644878510017869,0.00011450797855293628,1
lipid,109,0.015753721636074577,0.00025898585672773453,0.01443808483055606,0.00023196125660163668,7
lipids,10,0.0014452955629426219,9.130021341053722e-08,0.002298235195359721,5.7642519944098736e-05,7
lipoderm,16,0.002312472900708195,3.123677197084446e-06,0.0033862206074933444,8.824928069757379e-05,1
lipoprotein,9,0.0013007660066483597,4.199028656838165e-08,0.002084992955506028,5.04150872501269e-05,7
liquid,75,0.010839716722069664,0.00011720886017732646,0.011999943886643697,0.00022250638154727476,1
lisa,10,0.0014452955629426219,5.426522342422383e-09,0.00279733489115952,4.8533371792924367e-05,3
list,191,0.027605145252204075,0.00031811493368584054,0.023121106822196456,0.00035704482143694856,3
listen,182,0.026304379245555717,0.00046966523660538494,0.02165917112367571,0.0003841519903459912,0
listener,51,0.007371007371007371,2.1410459704504647e-05,0.009309621191744503,0.00015889681121842282,0
listening,11,0.001589825119236884,9.950709955908299e-08,0.003224850203047108,5.3627774648391447e-05,0
liter,21,0.0030351206821795057,3.4819282914547397e-06,0.004650159630221148,7.52417807807457e-05,2
literally,19,0.0027460615695909813,1.1589434492031037e-06,0.005387159321806286,7.287406624586308e-05,0
literature,217,0.031362913715854895,0.0003236916888266337,0.02702570809153097,0.0003924199951482813,2
little,471,0.06807342101459748,0.0016967249207854225,0.03715737190050024,0.0006993062366062295,0
liu,10,0.0014452955629426219,7.949153723991765e-06,2.2277952582190584e-05,0.00013966958583546288,8
live,240,0.03468709351062292,0.0008386518293601365,0.026415790172278148,0.0004219721517640131,0
lived,17,0.002457002457002457,3.0165109361706146e-06,0.0044164150186054634,6.852476032123743e-05,3
liver,315,0.04552681023269259,0.0010226791066441393,0.02821299279314704,0.000519307505304065,7
livery,10,0.0014452955629426219,3.3102882435559374e-08,0.002685150222972556,5.862417530522678e-05,1
living,29,0.004191357132533603,1.3719794913163045e-05,0.005810984487184136,0.00011451532800277803,3
llahana,10,0.0014452955629426219,4.707280808357261e-06,0.0005180631976624573,0.00011572621698577914,11
load,10,0.0014452955629426219,6.082850396072733e-08,0.0021691549720808606,5.742918974462268e-05,6
loading,6,0.000867177337765573,0.0,0.002281952436367294,4.1077789054340394e-05,1
lobido,9,0.0013007660066483597,2.5909385880371466e-10,0.002807466793901845,3.94760367688026e-05,5
local,74,0.0106951871657754,2.3918319112508337e-05,0.013588442242324387,0.0001876511796251877,3
localize,10,0.0014452955629426219,1.9936950814401713e-07,0.002844708487235102,5.398633181586101e-05,7
locate,51,0.007371007371007371,5.301492531060259e-05,0.008477858167505794,0.00016072845372094117,6
location,133,0.01922243098713687,0.00036858926830531243,0.01608344017391372,0.00032161692243979457,1
locations13,10,0.0014452955629426219,4.711333880567206e-07,0.001937035388595806,6.761675679842731e-05,12
locationswe,10,0.0014452955629426219,6.298839633135617e-07,0.0027500360235679345,5.882525294799536e-05,3
lodge,10,0.0014452955629426219,6.967335414777533e-08,0.0021447572776397642,5.9768095852167296e-05,6
loh,84,0.012140482728718023,2.4382902241115842e-05,0.012992242777302607,0.00017050687528013267,7
london,8,0.0011562364503540975,0.0,0.0013741315525491883,6.27532683202976e-05,11
long,824,0.11909235438647203,0.005284362236312109,0.048037061165178654,0.0009744688516000805,1
long-,10,0.0014452955629426219,6.759179185254549e-09,0.0031011573996643175,5.215995657401872e-05,1
longevity,44,0.006359300476947536,6.710624454839165e-06,0.009239160781876712,0.00012490404599632717,3
longifolia,10,0.0014452955629426219,6.182498577456102e-06,0.0017001371565262592,6.870384538108467e-05,11
longo,10,0.0014452955629426219,6.660208556439446e-05,0.0013015680112310306,9.047321245330853e-05,11
longstanding,9,0.0013007660066483597,1.598775591311932e-07,0.0020231168940287045,5.0026308047885904e-05,6
look,573,0.08281543575661222,0.0022678248420422236,0.04095774762198486,0.0007222400085992338,0
loop,44,0.006359300476947536,1.9669792537859597e-05,0.007893299886782721,0.00013242739830972067,6
loose,28,0.004046827576239341,6.271643428791861e-06,0.006757864121945494,9.142104242236742e-05,6
loosely,21,0.0030351206821795057,1.4863038628767226e-05,0.0035902414191999457,9.188713681091898e-05,6
lopez,10,0.0014452955629426219,0.0004121941395511998,0.0005912774923584669,0.00011798322950598676,8
lose,352,0.05087440381558029,0.0005958891263426164,0.03199610332492425,0.0004899863145984883,0
loss,652,0.09423327070385894,0.0032417088710476254,0.036408857809143234,0.0008027335571927592,5
lot,592,0.0855614973262032,0.0023264461060292447,0.04231564375332819,0.0007658848026756066,0
lotion,35,0.005058534470299176,6.6875773112233496e-06,0.007860084474989365,0.00010761340092340865,1
loud,20,0.0028905911258852437,3.008897088127343e-06,0.0038831905238065163,0.00010505569603382429,7
louder,9,0.0013007660066483597,1.2036212536868767e-07,0.0019240063081133875,6.024637121836489e-05,7
louis,30,0.004335886688827865,3.245809844005837e-05,0.005201858435503837,0.00012319520481221056,11
louisiana,20,0.0028905911258852437,6.016593373704806e-06,0.0037937667607945043,0.00010300672848946962,12
love,144,0.020812256106373755,0.00022733786941828412,0.020164648018878923,0.0003055968331061447,0
lover,10,0.0014452955629426219,4.329137619143956e-08,0.003106937525304095,4.953580414801081e-05,6
low,1691,0.24439947969359735,0.02428805672287376,0.04361552818258934,0.001372203361992667,5
lower,318,0.04596039890157537,0.0006906550906908129,0.029506816850659427,0.0004890430433291645,7
lowering,9,0.0013007660066483597,1.802339180466231e-08,0.002563095299068104,4.8202098780563356e-05,0
loyola,10,0.0014452955629426219,1.0371316772862423e-06,0.0019773936847711057,6.855865344011121e-05,11
ltd,10,0.0014452955629426219,2.5315150157816494e-06,0.001442963414949378,7.896126263634684e-05,11
lucia,10,0.0014452955629426219,7.960375489261604e-07,0.0005470999891417132,9.682933521732793e-05,11
luck,10,0.0014452955629426219,1.3838034799932708e-08,0.003522824484530803,4.609862277854953e-05,0
luckily,39,0.005636652695476225,8.542112872415267e-06,0.008464985043110834,0.00011296165615004661,5
luis,10,0.0014452955629426219,5.452618322502365e-06,3.767160235676688e-05,0.00013863616438363144,8
lump,28,0.004046827576239341,1.7714060039272884e-06,0.006278622575128864,7.92023025148458e-05,7
lunch,28,0.004046827576239341,4.520778658283598e-05,0.00537391076010649,0.00011339990737680762,9
lundy,125,0.01806619453678277,0.0005044960981787362,0.01612031786746313,0.00029138783557314685,0
lung,90,0.013007660066483595,6.427534756900768e-05,0.013757650799140854,0.00022225244422875742,7
lure,8,0.0011562364503540975,1.9537254534640886e-08,0.0028863040534879694,4.567985435560671e-05,0
lustful,10,0.0014452955629426219,1.7497502577993746e-07,0.002209360428023443,5.760312369527418e-05,0
lut,20,0.0028905911258852437,1.4046482588288783e-06,0.004202455157388955,7.549517088026143e-05,7
luteinise,60,0.00867177337765573,1.6242571320318794e-05,0.00961058160751921,0.00014022002871761323,6
luteinize,110,0.01589825119236884,2.234306282673444e-05,0.012789606277330437,0.0001740356430052473,6
luteinizing,42,0.006070241364359011,6.9987232105978966e-06,0.007433323920591567,0.00011426450691421929,6
lutenise,32,0.00462494580141639,2.585349165240657e-06,0.006432447473894828,8.990533695141744e-05,6
lutenize,9,0.0013007660066483597,4.3904190048332426e-07,0.0020975761621999647,6.116000920086081e-05,6
lymph,10,0.0014452955629426219,1.024269926833993e-06,0.0022840136840632814,6.409079208307788e-05,1
lymphatic,19,0.0027460615695909813,5.429513598732083e-07,0.0051011024088650075,7.246182980315079e-05,1
lymphocyte,5,0.0007226477814713109,2.9248536977734466e-08,0.0004162501127930154,7.258243042770924e-05,7
lyon,10,0.0014452955629426219,1.718364534959528e-07,0.0022223256527649053,6.341639078278049e-05,11
m.a,10,0.0014452955629426219,5.482954417414706e-06,0.0013498337075476573,8.422921447526224e-05,11
m.b.a,10,0.0014452955629426219,6.289464233641038e-07,0.001866421541132198,6.737960601875984e-05,11
m.d,108,0.015609192079780315,0.0002240233316157641,0.012800004938113485,0.00032144684765383306,11
m.o,10,0.0014452955629426219,3.81550076174097e-05,0.0011960289148465544,9.409480601732385e-05,4
m.s,26,0.0037577684636508164,8.139855475279762e-05,0.004116805362729003,0.00013232612254272577,11
m19,19,0.0027460615695909813,1.9008205563944513e-05,0.0032847460681042022,8.85701879709624e-05,11
mace,53,0.007660066483595895,1.6193835113862712e-05,0.009909334764984757,0.00015107401433607983,7
machine,32,0.00462494580141639,1.3527993767386194e-05,0.005622809377180003,0.00014119553464954658,10
mackenzie,10,0.0014452955629426219,4.041515824013357e-06,0.000552143242021446,0.00011399869618077752,11
madsen,23,0.00332417979476803,6.421353245025537e-06,0.004854652968065826,9.114275085269252e-05,0
magazine,10,0.0014452955629426219,2.7117070058713763e-07,0.003372073865436895,5.3507831257366e-05,0
maggi,10,0.0014452955629426219,5.813989186160078e-07,0.002241242534140657,6.3966240114198e-05,6
maggio,10,0.0014452955629426219,7.676805896769696e-06,0.0006335569970118101,0.00011844124545205194,11
magic,72,0.010406128053186877,3.46162155900379e-05,0.012276072329943532,0.00016683585095803467,0
magnesium,52,0.007515536927301633,2.805952492092083e-05,0.009232334459519327,0.00015411226811352807,9
magnetic,10,0.0014452955629426219,1.6789265053471605e-06,0.0019814495968415893,7.403366644648411e-05,11
magnify,10,0.0014452955629426219,3.416228367869951e-08,0.003037939921229083,4.524118522812362e-05,7
magnitude,10,0.0014452955629426219,6.398615844528287e-08,0.0027853750327625462,5.2360860302314095e-05,2
mail,37,0.0053475935828877,3.6912883713346064e-06,0.008724390035879147,0.00011069931143523684,0
main,198,0.028616852146263912,0.0006238284895513661,0.021351060171272956,0.00033268741218384746,12
mainly,84,0.012140482728718023,9.808429325135648e-06,0.013444890176136738,0.00015947029014199695,6
maintain,448,0.06474924121982946,0.0008225139395858865,0.03550674691120281,0.0005603162107844921,6
maintenance,65,0.009394421159127041,5.193495253661183e-06,0.011891959271197104,0.00014317972774676162,6
major,163,0.023558317675964734,0.00011206154441093506,0.021329219571030514,0.0002832775974128616,7
majorek,10,0.0014452955629426219,0.00019822339347315066,0.0007580308238666725,0.00010816055892249423,11
majority,98,0.014163896516837693,4.9359127184023986e-05,0.01584121637194318,0.00021917390303079987,0
maker,19,0.0027460615695909813,9.802320644008291e-07,0.004776556788282564,7.403384811212216e-05,11
makeup,8,0.0011562364503540975,6.454142297300751e-09,0.0027461557302963283,4.433848789094356e-05,7
making,65,0.009394421159127041,2.7221577621110454e-05,0.011553963288003571,0.00016624097392970195,7
malaria,10,0.0014452955629426219,1.2736384213652478e-07,0.0029413574853379256,5.2432989397120915e-05,7
male,1047,0.1513224454400925,0.014148500533623407,0.04144058073410544,0.0012259164398538646,6
malfunction,9,0.0013007660066483597,3.081301596858134e-09,0.002908390859772491,4.4262746544381575e-05,7
malnutrition,19,0.0027460615695909813,1.5299309770120992e-06,0.004433963054968123,7.1660670941285e-05,7
man,2081,0.30076600664835956,0.04609853332178029,0.05529296038280737,0.0019373992590291575,0
manage,395,0.05708917473623356,0.000875528610403814,0.03531731883245718,0.0005417998494480766,3
manageable,20,0.0028905911258852437,3.7078110138592433e-06,0.005114994039276462,9.015268223093204e-05,3
management,324,0.046827576239340946,0.0010414862451777864,0.030939278004169925,0.0005308994733867558,3
management.4,8,0.0011562364503540975,4.895013414161833e-09,0.0027356679745804816,4.817570920920225e-05,11
manager,9,0.0013007660066483597,1.2477638337961866e-07,0.0031653326095641737,5.282994378888501e-05,3
mandate,43,0.006214770920653274,2.3227381139796698e-05,0.0085521647738495,0.0001243896044681202,2
mane,10,0.0014452955629426219,7.682965864147531e-07,0.003022300896300604,5.9921770641560546e-05,0
manif,10,0.0014452955629426219,1.0015142989841074e-07,0.0033644608270251798,5.310415134870707e-05,2
manifest,60,0.00867177337765573,7.851758325536766e-05,0.010322165492497768,0.00015972066592933698,6
manifestation,40,0.005781182251770487,1.6997856832722026e-05,0.007784416259594347,0.00011898740340283565,5
manitoba,8,0.0011562364503540975,1.0008862697614697e-08,0.0015583272436490514,5.648872185598122e-05,11
manliness,10,0.0014452955629426219,1.3464449050423525e-07,0.002513461584177249,5.4811400473496474e-05,0
manly,20,0.0028905911258852437,3.4722527473048895e-06,0.005099766349650174,8.174472883864464e-05,5
manmade,8,0.0011562364503540975,9.098708880608578e-08,0.0021074846138938873,4.586080158498101e-05,6
manner,71,0.010261598496892614,4.549483556133064e-05,0.013023164912117854,0.0001784891244199034,6
manopause,20,0.0028905911258852437,4.238440643014586e-07,0.005107850216042496,7.681919552227195e-05,11
manufacture,35,0.005058534470299176,2.832278326846931e-06,0.007228734036018819,0.00010430621226277427,1
manufactured,10,0.0014452955629426219,8.443606382308975e-09,0.002887103613811909,4.3729168271198856e-05,6
manufacturer,30,0.004335886688827865,1.683948576520832e-06,0.007496360286912735,0.0001010267022019021,1
manuscript,15,0.0021679433444139326,6.450087478789345e-06,0.001814507335149543,0.000111508433396962,11
map,16,0.002312472900708195,5.347584237925464e-06,0.003286690209042084,7.587918256887839e-05,0
mar,19,0.0027460615695909813,3.637673970430008e-05,0.0021376243376963356,0.00012536231711038557,11
maranon,10,0.0014452955629426219,3.840249113102563e-06,2.4427183737797053e-05,0.00013987407262686325,8
marathon,10,0.0014452955629426219,1.2661493985241903e-07,0.0030607008283006967,5.6443887532021944e-05,0
marc,9,0.0013007660066483597,1.2112894274754607e-07,0.002333717454858035,5.50520974311872e-05,0
march,29,0.004191357132533603,0.00012151458789976483,0.005134765293536961,0.00013368625169390123,11
marco,15,0.0021679433444139326,1.8601093091259362e-06,0.00295292096066066,7.140456638137131e-05,11
maria,10,0.0014452955629426219,6.29730324939853e-07,0.00076726253464447,8.674830370227473e-05,11
marijuana,22,0.003179650238473768,5.553489988253061e-07,0.005277367892345467,7.660916771500238e-05,7
marius,9,0.0013007660066483597,6.389395570885106e-07,0.0009594625030210897,7.672185727190205e-05,11
mark,74,0.0106951871657754,0.0006901984506667215,0.011908937360490507,0.00021941073789343777,6
marked,9,0.0013007660066483597,3.3339611764074856e-08,0.0029075780475649048,4.758410558687225e-05,6
marker,127,0.018355253649371295,9.628290125654075e-05,0.019020434393868038,0.00025649448039261725,6
market,99,0.014308426073131956,0.0001027450732970817,0.015588435409454447,0.0002396548177782557,3
marketing,66,0.009538950715421303,2.836795066057238e-05,0.011747312538118808,0.00018040498289662,0
marketplace,10,0.0014452955629426219,7.114038840024041e-08,0.002771691345134913,5.975559914344387e-05,1
marrow,30,0.004335886688827865,2.36740817550587e-06,0.006078180831078551,8.720374994793878e-05,7
marshall,10,0.0014452955629426219,2.50134213569315e-06,0.0018586948230700112,7.108820373958718e-05,11
martin,10,0.0014452955629426219,1.2655625086663613e-05,8.375144965414467e-05,0.00012556619822373115,11
mary,10,0.0014452955629426219,1.6382324493892425e-07,0.00289658347563647,5.5887257209236306e-05,11
maryland,10,0.0014452955629426219,3.3109704824320283e-07,0.001812222439893323,7.019143539182583e-05,1
masculine,64,0.00924989160283278,2.502140786551762e-05,0.011052706359170264,0.00016360703745589122,6
masculinity,44,0.006359300476947536,1.8743454953390797e-05,0.00902120532135452,0.0001295269676401338,5
masculinize,18,0.0026015320132967193,3.235681439568141e-07,0.00425712855480442,7.232918980336929e-05,6
mask,26,0.0037577684636508164,5.329024679055094e-06,0.005858145314205981,9.029436647922095e-05,7
mass,438,0.06330394565688684,0.0009547010918081184,0.02867104763977178,0.0005149669030861648,5
massachusetts,20,0.0028905911258852437,2.0657730829156546e-06,0.004205986253217664,7.713931002926423e-05,11
masse,9,0.0013007660066483597,1.150860447354522e-08,0.0028611857707054283,4.465025962952119e-05,2
massive,10,0.0014452955629426219,2.421057952842244e-08,0.0025817208112143453,5.2358617865097074e-05,6
massively,10,0.0014452955629426219,1.6953782757523664e-08,0.003439646397969023,5.272271497788701e-05,5
masterson,74,0.0106951871657754,2.2692515658227255e-05,0.013108170963883808,0.00015259579656541633,0
masturbation,9,0.0013007660066483597,3.0245977862504156e-07,0.0026676572361840753,5.099182490003725e-05,12
match,42,0.006070241364359011,6.254777720363067e-05,0.007386384585589741,0.00014723456752591756,1
mate,8,0.0011562364503540975,1.686099157111395e-08,0.0023349955154791705,4.769298893559917e-05,6
material,19,0.0027460615695909813,3.2198489410305326e-06,0.004431900998984807,8.45653701485841e-05,2
mateusz,10,0.0014452955629426219,8.356980778520186e-07,0.0021784107999318083,6.169503733919976e-05,11
matrix,19,0.0027460615695909813,2.072840423948031e-06,0.003118162769866187,0.00010441798658859604,1
matsumoto,40,0.005781182251770487,0.00026066582811571574,0.004409862861278839,0.00018887831920337244,11
matter,185,0.026737967914438502,0.00016014652544823083,0.023389655843669057,0.0003399235992186031,0
maturation,33,0.0047694753577106515,8.675843495405314e-06,0.005672077469390225,0.0001169408991582095,6
mature,32,0.00462494580141639,8.775827280736091e-07,0.007333833737801226,8.852465426816248e-05,6
maturing,10,0.0014452955629426219,2.1982077771251456e-08,0.0031928694659548065,4.890931840811064e-05,5
maturita,10,0.0014452955629426219,3.377748398009939e-06,0.001977026137391965,7.706564296634763e-05,6
maturity,37,0.0053475935828877,1.060244344511255e-05,0.008262320393224104,0.00012382120078013444,9
maximal,18,0.0026015320132967193,3.2084155677104877e-06,0.005023736357223996,6.925137878540604e-05,2
maximize,43,0.006214770920653274,9.030642240949812e-06,0.009585775122197694,0.00012609272310774476,3
maximizing,9,0.0013007660066483597,1.1711614499833223e-08,0.002787728900200962,5.110966892950108e-05,5
maximum,54,0.007804596039890158,3.459267721693339e-05,0.010639297425262905,0.00015598190475400378,1
may;43(2):185,10,0.0014452955629426219,1.7921118828121973e-06,0.0010566873913452357,7.812280268431039e-05,11
maybe,260,0.037577684636508166,0.0003657388712620614,0.02862563483845746,0.00041199722055143036,0
mayo,137,0.019800549212313917,0.00031880939649926634,0.016745800536803458,0.0003135185895717626,3
mba,10,0.0014452955629426219,3.4061710090149945e-07,0.0019139756622705087,6.388740687771439e-05,11
mbchb,38,0.005492123139181963,1.5105170032431841e-05,0.006774055412062312,0.00014737321214611257,3
mbcs,10,0.0014452955629426219,2.0573488601936897e-06,0.0009503079064587805,0.00010751558235422362,11
mcbride,10,0.0014452955629426219,1.0791409711090657e-05,0.001528310254819851,8.198329994247992e-05,11
mcdonald,9,0.0013007660066483597,7.65557039113942e-09,0.0032947116965933165,4.722984621557905e-05,0
mcgarvey,10,0.0014452955629426219,4.4536606632025537e-07,0.00020903693458352015,0.00013333142720155992,4
mcgill,8,0.0011562364503540975,4.4361408281484553e-08,0.00131440647987633,6.500538942520738e-05,11
mclachlin,10,0.0014452955629426219,2.6336872059713693e-06,0.002575857160114412,6.78774586723189e-05,11
"md,1",10,0.0014452955629426219,5.265488275999887e-07,0.00020684767623168588,0.00011513686380530952,11
"md,2",10,0.0014452955629426219,0.00011081918689075839,0.0006647549058761283,9.626297432044596e-05,11
md1,10,0.0014452955629426219,2.953967014961274e-06,0.0007723874756295478,9.183940514624689e-05,11
md10,10,0.0014452955629426219,9.378095517596627e-06,0.0002793772503926597,0.00011450512432332982,11
md11,10,0.0014452955629426219,2.5469926587914326e-05,0.0006412849049072627,0.00010205123024343973,11
md12,10,0.0014452955629426219,1.6188781581934167e-05,0.0013173130669775182,8.1932481071999e-05,11
md2,10,0.0014452955629426219,8.854713717327631e-07,0.0003932028027935808,0.00010072608644147447,11
md3,10,0.0014452955629426219,6.680602055758271e-07,0.00028045188164947676,0.00010461703940669266,11
md4,10,0.0014452955629426219,4.067303825303907e-06,0.0005097419414918871,0.00010276137140271644,11
md5,10,0.0014452955629426219,8.481870304682911e-07,0.0004617684917780224,0.00010626780959116416,11
md6,10,0.0014452955629426219,1.2836202325266274e-05,0.00037946545320727645,0.00011312350302743456,11
md7,10,0.0014452955629426219,3.176402660759665e-05,0.00038562040363160523,0.0001155296640411406,11
md8,10,0.0014452955629426219,1.6634972812473199e-06,0.00011352011332420024,0.0001226760353066374,11
md9,10,0.0014452955629426219,8.419074482121485e-06,0.00017917471628714536,0.00012056506212241039,11
mds,10,0.0014452955629426219,6.707104412069266e-07,0.0029535286891244307,5.6811237195930996e-05,3
"md‡†,3",10,0.0014452955629426219,3.564155426414648e-06,0.000950914254147702,8.262161023393608e-05,11
meagan,10,0.0014452955629426219,2.345003686687208e-05,0.00029732725163007605,0.00011628653446871757,11
meal,61,0.008816302933949994,2.74047501304452e-05,0.011978516720911984,0.00015769921966458898,0
mean,712,0.10290504408151467,0.0035976322367300005,0.04432107493823182,0.0008563507692592209,0
meaning,27,0.003902298019945079,2.253492038581645e-06,0.006868966021067308,8.410109860450926e-05,2
meaningful,25,0.0036132389073565544,7.070627078645206e-06,0.005624398858750468,9.034581631460955e-05,5
means,28,0.004046827576239341,2.1278729326934625e-06,0.0065559812274648115,9.32043830340536e-05,5
meantime,30,0.004335886688827865,1.1237917849376788e-05,0.0074369319750357534,0.00010258156073765133,11
measure,485,0.07009683480271715,0.0013642410489070871,0.03403236131281927,0.0006281901779518851,2
measured,28,0.004046827576239341,3.965774916458229e-06,0.006157392553583945,0.00010177229880317343,1
measurement,204,0.029484029484029485,0.00026775735224236866,0.022941048863033938,0.0003828381496135022,2
meat,19,0.0027460615695909813,2.066839532748203e-06,0.00477551231165817,8.115740527959987e-05,9
mechanism,68,0.009828009828009828,0.0004742483745920571,0.011730989605102748,0.00019307509619891785,6
mechanistically,7,0.0010117068940598353,3.5905883053167017e-09,0.0021847839965550638,4.1525099603981956e-05,5
med,30,0.004335886688827865,2.6080220102324524e-05,0.005242038479927728,0.0001393446077832058,11
med.0000000000000086,10,0.0014452955629426219,2.152972440990364e-06,0.0016917709316221566,7.196025885842296e-05,11
medial,9,0.0013007660066483597,8.174694019361405e-07,0.002942406946795389,4.7257512779952524e-05,3
median,38,0.005492123139181963,3.787974650682385e-06,0.008343145636660675,0.00010666298681561535,1
medical,985,0.14236161294984825,0.013921874168373389,0.0502072171077159,0.0012909803931295384,3
medically,116,0.01676542853013441,0.00015929135038070835,0.015421275499378622,0.00022631212476898857,11
medicare,10,0.0014452955629426219,2.186268337514098e-06,0.0025224604450788863,6.237178600898833e-05,2
medicate,26,0.0037577684636508164,2.2477041322595066e-06,0.006155388356400828,8.190378349820612e-05,5
medicated,18,0.0026015320132967193,7.5069177884996645e-06,0.003879500512677703,8.834832524001026e-05,1
medication,863,0.12472900708194826,0.005558309782214559,0.050140359228517464,0.0009985249813600494,1
medicine,650,0.09394421159127042,0.006719235729900643,0.037705881279638656,0.001057495225415099,11
medicine.net,7,0.0010117068940598353,7.787715364758872e-09,0.002241858803801318,4.342294273220955e-05,11
meditation,34,0.004914004914004914,5.07861661070253e-06,0.007486421500332195,0.00010888504978236214,5
mediterranean,18,0.0026015320132967193,1.2072866605071283e-06,0.005149587793322741,7.095811821547798e-05,0
medium,94,0.013585778291660645,0.00018382215610475807,0.013936441523998068,0.0002568952295078329,11
medline,28,0.004046827576239341,1.5375940713308128e-05,0.0047429708847651604,0.00012106837452273592,2
medlineplus,17,0.002457002457002457,1.5521651921345792e-06,0.0037327458207415277,8.006177905326682e-05,3
medlineplus.gov,5,0.0007226477814713109,0.0,0.0013736396358000483,3.838956409427317e-05,11
meet,212,0.03064026593438358,0.00029009457427014247,0.02594717098739447,0.00038888815936163364,3
meeting,26,0.0037577684636508164,6.778675426513954e-06,0.005481886865660762,0.00010848844278964185,0
meikle,16,0.002312472900708195,3.6404036684190175e-07,0.0036071987371748735,6.534144344684497e-05,6
melatonin,18,0.0026015320132967193,3.717484361605374e-06,0.004938530707654173,7.045503261885964e-05,6
melish,10,0.0014452955629426219,1.4841506892084083e-06,0.0024931326377853535,5.731114452045498e-05,7
mellitus,27,0.003902298019945079,7.405027298728294e-06,0.005306631329297335,0.00010067690734235996,7
melme,22,0.003179650238473768,1.0072262537763503e-05,0.0026765907725377143,0.00013283102263364377,11
member,184,0.02659343835814424,0.0007904586304847157,0.021941562654057195,0.0003958566204387009,11
membership,28,0.004046827576239341,2.933839674243455e-06,0.0068243923696879785,9.483994869831387e-05,3
membrane,19,0.0027460615695909813,3.360441773679635e-06,0.00431398752104541,9.043350685317405e-05,1
memorial,21,0.0030351206821795057,1.1275052833897555e-05,0.0020534170085086787,0.00014310946812690049,12
memory,171,0.024714554126318834,0.00025188913258607264,0.020939223828055516,0.00033837123585703374,5
men,10,0.0014452955629426219,1.4794892493229252e-07,0.0027115780528641385,5.793384832123008e-05,2
"men.29,32",10,0.0014452955629426219,5.741887121421797e-08,0.0026641024998889967,5.549786368883893e-05,2
men.436,9,0.0013007660066483597,3.0757256572277097e-07,0.0022198374607794178,6.505345029545227e-05,1
men.438,10,0.0014452955629426219,3.159445989508243e-08,0.0029801941504751695,4.7919305123582284e-05,2
men.65,9,0.0013007660066483597,1.1916210689976134e-08,0.0024617475660334265,4.574805735818726e-05,7
men5,10,0.0014452955629426219,6.494816681506416e-08,0.002550422529323349,5.142924546323572e-05,2
mendonça,10,0.0014452955629426219,1.3212747858520162e-05,0.0017657292553564098,8.147379418418041e-05,11
meno,10,0.0014452955629426219,1.7905630462786445e-07,0.0032645046021292424,5.405957582608662e-05,0
menopausal,47,0.0067928891458303225,7.570775098353232e-06,0.0090402938621933,0.0001091383024751575,6
menopause,447,0.0646047116635352,0.001537055890778675,0.029555677639976997,0.0006008399513478127,6
mens,10,0.0014452955629426219,4.040534244987093e-07,0.001685708036595501,7.371193712051667e-05,11
menstrual,47,0.0067928891458303225,6.512039325851104e-06,0.008524586369239995,0.00011799039383803829,6
menstruate,9,0.0013007660066483597,6.314642028421357e-08,0.002644522859975701,4.935241267910896e-05,7
menstruation,72,0.010406128053186877,3.165858596053038e-05,0.011818732749644872,0.00017873903505744788,6
mental,368,0.05318687671628848,0.0008521974571698303,0.03208349515927318,0.0005292869940573251,5
mentally,72,0.010406128053186877,2.7409387145532895e-05,0.012373591082303216,0.00016647956379267013,0
mention,119,0.0171990171990172,6.330203511698838e-05,0.018873142195617993,0.0002207585414684841,0
mentor,9,0.0013007660066483597,5.40704842433471e-07,0.0028826735982032396,5.080430582283744e-05,6
menu,43,0.006214770920653274,6.498837251510795e-06,0.008661759473632222,0.00013406002441038883,0
mercury,10,0.0014452955629426219,1.120106458376149e-06,0.0018926093350118912,6.868255880058114e-05,7
merely,19,0.0027460615695909813,6.377974913583615e-07,0.004846560280981916,7.641701429816503e-05,1
merit,9,0.0013007660066483597,3.105358280151441e-07,0.0030112495471905478,4.569634520911957e-05,0
merkle,8,0.0011562364503540975,2.4276496192820325e-08,0.0020265166556811924,4.999860521509426e-05,6
merschel,10,0.0014452955629426219,3.783964877357243e-08,0.002621584686579404,5.3475267216539246e-05,11
mesotherapy,9,0.0013007660066483597,1.4810924700469022e-07,0.0023319633324947976,5.4755968392164526e-05,1
mess,10,0.0014452955629426219,9.247454292471362e-08,0.0027109156240045216,4.9795506100847645e-05,6
message,80,0.011562364503540975,4.6853515865115124e-05,0.013960022034255561,0.000186076603456671,0
messaging,10,0.0014452955629426219,2.2422938832741105e-07,0.002137332324221507,6.231923294923946e-05,5
messenger,22,0.003179650238473768,3.96367148129482e-07,0.005258541913418404,7.529771220341623e-05,6
messy,10,0.0014452955629426219,8.322805454206617e-09,0.0031195310710465047,4.988756090029995e-05,1
meta,147,0.02124584477525654,0.00029781654646560693,0.018630427597087384,0.00034833166421609565,2
metab,40,0.005781182251770487,0.00018245791626792603,0.004911651832981541,0.00019830020999940957,11
metabolic,216,0.03121838415956063,0.00041083419195078275,0.02359515951072208,0.0003807849077435757,7
metabolise,18,0.0026015320132967193,8.078319789462863e-07,0.004449817599891769,6.793542549965823e-05,6
metabolism,168,0.024280965457436045,0.0004200913599637182,0.019703735771066024,0.0003458803186410982,6
metabolite,27,0.003902298019945079,1.0020344507507788e-05,0.006322226950202092,9.535987674607824e-05,7
metabolization,10,0.0014452955629426219,1.518816187728126e-08,0.0034932881943133187,5.204981588429283e-05,1
metabolize,46,0.00664835958953606,2.3862263853572747e-06,0.010067812837626797,0.00011702776727371467,1
metal,20,0.0028905911258852437,2.6928331935574683e-06,0.00466568798462197,8.422154671660523e-05,6
metastatic,34,0.004914004914004914,4.093057513001206e-06,0.007194890428281428,9.461431964757414e-05,7
metered,19,0.0027460615695909813,5.357961901661175e-06,0.0036338540843677577,0.00011160062240887931,1
method,282,0.04075733487498193,0.000337347308939613,0.031065919420282705,0.0004175848656251834,1
methodist,19,0.0027460615695909813,2.362322417684043e-06,0.004615032406733116,8.31789033868993e-05,11
methodological,10,0.0014452955629426219,2.496780576997981e-07,0.0029321243982006902,5.463483709401771e-05,2
methodologically,10,0.0014452955629426219,1.0946126379796739e-07,0.0028340628711504973,6.0474759083384885e-05,0
methodologist,8,0.0011562364503540975,1.4557170980883725e-07,0.002380419587980241,5.134954812568405e-05,2
methodology,87,0.012574071397600809,4.7193744714270964e-05,0.013818459127636469,0.00021452638811281924,2
methotrexate,9,0.0013007660066483597,4.322494049168715e-08,0.0023249250237133917,4.948997104864366e-05,7
metoclopramide,10,0.0014452955629426219,2.753859473579791e-06,0.0023929517299193966,7.377947820214494e-05,7
metronome,9,0.0013007660066483597,1.2043870304792044e-08,0.003286205337389991,4.718079901496334e-05,0
metropolitan,15,0.0021679433444139326,2.2961531473879124e-06,0.0033975792888529493,8.031067560556862e-05,3
metros,10,0.0014452955629426219,1.9641686119304212e-07,0.0029840810272456545,5.3445290667522455e-05,3
metuchen,10,0.0014452955629426219,5.991104494216399e-07,0.001221045789011344,8.121182801199029e-05,11
mg/5,12,0.001734354675531146,5.579553930508784e-07,0.0009140760291009753,0.00010442185526948485,1
mhb,10,0.0014452955629426219,1.1547969281965057e-06,0.00150420245688471,7.69968800248952e-05,11
mhc,10,0.0014452955629426219,1.3802651769382435e-08,0.003267568767456057,4.609159595383783e-05,7
miami,30,0.004335886688827865,2.6590741886410555e-05,0.004842311484233062,0.00014359866864805944,13
michael,28,0.004046827576239341,5.7616563135318e-06,0.006229045390891573,0.00010588638050697317,11
michelle,18,0.0026015320132967193,1.150309708931432e-05,0.0034965424833182123,8.834868955585067e-05,13
michigan,26,0.0037577684636508164,2.202644279925534e-06,0.005938106097249558,9.916087831367638e-05,11
micro,10,0.0014452955629426219,1.5784027340337156e-08,0.0033474538836431368,5.029553006779589e-05,6
microbiome,10,0.0014452955629426219,2.3430462289051545e-07,0.0027957662230452133,5.8103271192598674e-05,0
microdose,37,0.0053475935828877,1.3421914298897333e-05,0.007211885307848654,0.0001261120381366614,3
microdosing,42,0.006070241364359011,4.327860678238706e-06,0.009454436085288589,0.00011739613086015564,1
microemboli,10,0.0014452955629426219,1.5155948520196947e-06,0.001899215907539489,7.363146945047906e-05,1
microneedle,8,0.0011562364503540975,1.1460931631642224e-09,0.0021199750226529603,4.866430632759841e-05,5
microneedling,15,0.0021679433444139326,2.0091788488689488e-06,0.003094255976987826,7.604283349925846e-05,5
microphone,7,0.0010117068940598353,2.055712971243626e-08,0.0017128681817542252,5.3481190513606354e-05,0
microporous,10,0.0014452955629426219,4.894839642960565e-07,0.0022544623560952696,6.015423298678623e-05,1
microprocessor,9,0.0013007660066483597,8.004034346263815e-10,0.002236504295049495,5.0968526190905115e-05,6
microscope,10,0.0014452955629426219,4.485866023980661e-07,0.0024873996413042306,5.9079209788056875e-05,1
microsurgery,10,0.0014452955629426219,5.217888988099489e-07,0.0023054346190250342,5.298987862249425e-05,5
mid,58,0.008382714265067205,1.6227358479932248e-05,0.011041037215042552,0.0001444297322290216,2
mid-,10,0.0014452955629426219,1.0800295674653012e-07,0.0027649303421061655,5.2405400032786245e-05,6
mid-20,10,0.0014452955629426219,2.104276276029381e-06,0.002831517727290823,5.7184690788551415e-05,9
mid-30s,10,0.0014452955629426219,0.0,0.0030240589907813867,4.650652281394e-05,6
middle,169,0.024425495013730307,0.0001953932355203932,0.02107160478579743,0.00030800894747891734,0
midlife,32,0.00462494580141639,4.125273666827625e-06,0.006863565706944331,0.00010542965930960253,0
midsection,17,0.002457002457002457,3.1200763595045106e-07,0.0043767550530781525,6.694741609464508e-05,7
midwest,10,0.0014452955629426219,1.2422054264559683e-07,0.0025551023464690974,5.982059539067064e-05,0
mike,24,0.003468709351062292,5.070089614035188e-06,0.003911169003139578,0.00010005665306446277,11
mild,148,0.0213903743315508,0.00011953540383321708,0.01958100564245792,0.0002776072346375537,7
milestone,44,0.006359300476947536,5.774639515582147e-05,0.006064844609096669,0.00015227756028337604,2
milk,34,0.004914004914004914,1.2652257917949254e-05,0.006067432848709767,0.00011622503373371921,6
milky,10,0.0014452955629426219,2.2012256095112857e-07,0.002122184580208353,5.9564815436208466e-05,7
mill,10,0.0014452955629426219,1.026413816563703e-06,0.0023815621260472866,5.785837100304625e-05,6
millar,10,0.0014452955629426219,1.3785924851747412e-06,0.002073609706311319,6.646747308218909e-05,2
miller,21,0.0030351206821795057,2.301128432482427e-06,0.004807261924528075,8.61600627536591e-05,0
millimeter,10,0.0014452955629426219,2.555425687481337e-07,0.00304440163812926,5.4996257654860704e-05,0
million,35,0.005058534470299176,1.0484218551697128e-06,0.007583550990357884,8.08724090797003e-05,0
milman,10,0.0014452955629426219,3.980385053702361e-07,0.0014311793845731852,8.567117274741655e-05,11
mimic,90,0.013007660066483595,7.432171643429018e-05,0.014985419245173123,0.00019643642529739618,6
mimicking,9,0.0013007660066483597,5.007714272369447e-08,0.0027948681059567068,4.8936089418852985e-05,1
mimics,9,0.0013007660066483597,5.833696808227213e-08,0.0026171476309399576,5.153728274159384e-05,7
mind,170,0.02457002457002457,0.0005535768976292647,0.02033466801107113,0.00034315415875124303,0
mindful,10,0.0014452955629426219,5.875605056835697e-08,0.0032243456994336273,5.270346077522669e-05,3
mindfulness,10,0.0014452955629426219,5.280531238521621e-07,0.0018823811657426852,7.274774501145449e-05,6
mindset,25,0.0036132389073565544,5.5438349796494465e-06,0.0054631747736263855,0.00010369551896032567,5
mindy,8,0.0011562364503540975,1.0381654484975244e-07,0.001571881016875273,6.27949651334011e-05,3
miner,10,0.0014452955629426219,2.4285465492534135e-05,0.000126080552093038,0.00012212480480201652,11
mineral,127,0.018355253649371295,7.71376072225481e-05,0.01618327427879277,0.00024265879561818785,5
minhas,18,0.0026015320132967193,1.9019310126545398e-05,0.0020338627773859685,0.00013683524332447775,11
mini,10,0.0014452955629426219,5.870764398694699e-07,0.003153624689221738,5.5512383240500065e-05,0
miniaturization,8,0.0011562364503540975,1.600974604267961e-08,0.002437370608934142,4.8132418433634685e-05,6
minimal,61,0.008816302933949994,2.4788265164621394e-05,0.012171529858757676,0.00015250768332052982,1
minimally,29,0.004191357132533603,1.83135662376617e-06,0.007128527207373016,9.788453001850506e-05,1
minimise,79,0.011417834947246712,2.845043224022022e-05,0.014642280290841558,0.00018512396656382297,6
minimize,111,0.016042780748663103,1.8113403789685517e-05,0.018777022445287048,0.00019575961606212465,0
minimum,65,0.009394421159127041,1.3440365340856666e-05,0.013067973698739762,0.00015073850143529184,1
minn,5,0.0007226477814713109,0.0,0.0013223615150437676,3.919185021386134e-05,11
minnesota,6,0.000867177337765573,1.7171396484293367e-08,0.0010717424944169504,5.57917116676604e-05,11
minor,79,0.011417834947246712,0.0005339876440981129,0.01162725112399179,0.00024563536154739257,11
minoxidil,42,0.006070241364359011,8.50670725879463e-06,0.008474508778517,0.00013291215489777072,6
minstlm,10,0.0014452955629426219,9.896667237892335e-06,0.0013306453450058085,0.00010007797798092172,11
minus,24,0.003468709351062292,7.550929632206453e-07,0.0061571052561267495,7.257104806484843e-05,3
minute,272,0.03931203931203931,0.0007435590678784337,0.028318206812495705,0.0004686482964898563,1
minutes.425,10,0.0014452955629426219,1.7081193105538444e-07,0.0024814503050438865,5.880667120063792e-05,2
minutes.438,10,0.0014452955629426219,4.639476195806335e-08,0.0028621280718522644,5.7713400478038814e-05,1
miracle,10,0.0014452955629426219,1.974973372907055e-08,0.003269571602799001,4.6538810850784724e-05,0
miraculous,10,0.0014452955629426219,4.433444007174844e-08,0.002843452493575864,5.2755017518030584e-05,0
mirror,9,0.0013007660066483597,3.051093051223106e-08,0.0028340282990289866,4.6777881414823794e-05,6
mirroring,10,0.0014452955629426219,1.377119612017315e-07,0.002424957949403239,6.033084503248821e-05,6
misconception,48,0.006937418702124584,1.8357347035754548e-05,0.00928090441955322,0.00012833356509572787,0
misdiagnose,28,0.004046827576239341,1.191245786519409e-05,0.0056463729496824,9.897893942566406e-05,3
misdiagnosis,10,0.0014452955629426219,5.488534254563474e-08,0.0032388560308770483,5.223293715134867e-05,7
miserable,20,0.0028905911258852437,2.7593522529975306e-06,0.004765918272455615,7.866322644673935e-05,0
misinformation,10,0.0014452955629426219,3.0696133040409565e-07,0.0025387200213407243,6.207462435292588e-05,0
mislead,28,0.004046827576239341,5.596622222236096e-06,0.007104047103232243,9.555506968900748e-05,0
misleading,19,0.0027460615695909813,3.4562531749285218e-06,0.004637489587929137,7.231385074020995e-05,6
miss,161,0.02326925856337621,0.00016095494319893076,0.021150793636942944,0.00029167960892522495,0
mission,61,0.008816302933949994,2.5238578794399034e-05,0.010448652818377448,0.00015503604974428112,3
mistake,41,0.005925711808064749,2.644877234751813e-05,0.007998443812944876,0.00012097397392720659,0
mistaken,10,0.0014452955629426219,2.2394861447350805e-08,0.0027223768073741028,5.0061114429191905e-05,5
misunderstand,9,0.0013007660066483597,2.0427456671751947e-07,0.0015295974690881444,6.583678000215923e-05,13
misunderstanding,9,0.0013007660066483597,1.615318245969365e-08,0.0029284615176300537,4.560103035831601e-05,0
misunderstood,15,0.0021679433444139326,8.828956621696556e-07,0.003943637294164787,6.523270625489781e-05,0
misuse,53,0.007660066483595895,6.2873683902531104e-06,0.01073594214087984,0.0001346439865875148,7
mitch,298,0.04306980777569013,0.0005788997166559091,0.02867123343959091,0.00047993974986368994,0
mitigate,59,0.008527243821361469,2.4596794871022948e-05,0.011430103636461702,0.00014220047372898411,1
mitigation,10,0.0014452955629426219,2.4352651679247613e-08,0.0033949292860813132,4.984087044740831e-05,3
mix,55,0.00794912559618442,2.4219827493148588e-05,0.010555770742039053,0.00014768036167383145,0
mixed,63,0.009105362046538517,1.9815516588591574e-05,0.011804623893497037,0.00015047192318205454,7
mixture,18,0.0026015320132967193,2.5335754346890226e-06,0.0035937450045643807,8.290829546944299e-05,1
mizokami,10,0.0014452955629426219,9.017383697675302e-06,0.0018405956629859788,8.826562546891349e-05,11
mmas,10,0.0014452955629426219,1.8544640456716877e-06,0.00275481583602077,5.6234120230046585e-05,7
mobile,9,0.0013007660066483597,1.1840368331899369e-06,0.0021923856104727442,4.752288274457588e-05,3
mobility,29,0.004191357132533603,7.141445673374629e-06,0.006399240962077356,0.00010869860532800141,7
modality,57,0.008238184708772944,3.599344903682103e-05,0.011780895079611619,0.0001466091970228173,1
mode,25,0.0036132389073565544,2.1285099706254087e-05,0.00555253317120756,9.580973553356715e-05,6
model,36,0.005203064026593439,4.563840307958697e-05,0.006395265937401767,0.0001417725955195043,10
moderate,230,0.0332417979476803,0.00034489326438137327,0.023656111088608475,0.00039466814876454364,2
moderately,20,0.0028905911258852437,2.5144635332274936e-06,0.004453117040844341,6.956441605899044e-05,2
moderation,19,0.0027460615695909813,6.020557451560417e-06,0.004163415273447185,9.556007952528096e-05,0
modern,38,0.005492123139181963,5.2060239966598895e-06,0.00835042766099943,0.0001179620715662559,7
modest,37,0.0053475935828877,4.226268553759948e-06,0.007925551493469558,9.875671899902841e-05,5
modifiable,24,0.003468709351062292,6.091828246039216e-06,0.005806968505397003,8.273735871613394e-05,0
modification,94,0.013585778291660645,1.5785457661983288e-05,0.015407706838485018,0.00017470649410855315,6
modify,71,0.010261598496892614,0.00012426527554747904,0.011050266849612642,0.00021702828543951363,11
modulate,10,0.0014452955629426219,2.615670723720715e-07,0.0026457373044073756,6.0178616238874645e-05,5
modulator,40,0.005781182251770487,1.2342304765872916e-05,0.006862648333802456,0.0001251741632418887,6
mohit,10,0.0014452955629426219,9.924957883069838e-07,0.0003752328504801782,0.00010143746325438781,11
mohr,10,0.0014452955629426219,3.669068815787842e-06,0.0014560047994713232,7.806134440841671e-05,11
moisture,9,0.0013007660066483597,2.243127613982502e-07,0.002313330837713282,5.908867623190694e-05,1
moisturize,10,0.0014452955629426219,2.2277545641672124e-06,0.002983558191594269,5.754349107894274e-05,1
moisturizing,16,0.002312472900708195,1.8363401636337399e-06,0.004344040753444446,7.489220343135983e-05,1
mojo,8,0.0011562364503540975,3.368693893172085e-10,0.002558924420832382,3.851703635466159e-05,6
molecular,47,0.0067928891458303225,0.00014102677326504066,0.006845833486082644,0.00019004996700752776,11
molecule,8,0.0011562364503540975,5.350471069131877e-09,0.0022851555585320297,4.42989895926978e-05,6
moment,44,0.006359300476947536,4.701624296735937e-05,0.009333706110386237,0.00012865851250998974,0
monday,10,0.0014452955629426219,1.0776652163455038e-07,0.003422485102317318,5.3170939569545316e-05,11
money,38,0.005492123139181963,3.4230475108434892e-06,0.008323207597313744,0.00011971075354445575,0
monitor,327,0.047261164908223734,0.00038631808593206715,0.031103296084085307,0.0004079889594081188,3
monitored,10,0.0014452955629426219,1.660476504910868e-07,0.0031275704262985816,5.159348179429725e-05,3
monitoring,218,0.03150744327214915,0.00022186949957960202,0.026154981519059838,0.0003568736714499508,3
monkeypox,10,0.0014452955629426219,1.5866266443446127e-07,0.001560516864022713,7.672695555459072e-05,7
monocyte,6,0.000867177337765573,2.156899413214962e-06,0.0008229223012803446,6.907838466139573e-05,7
monograph,10,0.0014452955629426219,2.9484951930820355e-07,0.0018083510370648366,6.650404178772527e-05,1
monosaturate,8,0.0011562364503540975,7.10209582213107e-08,0.0019433934866813984,5.4930930749257754e-05,9
monotherapy,52,0.007515536927301633,1.819739648491779e-05,0.00962794042876366,0.00014321010106305984,6
month,582,0.08411620176326058,0.0018271288316132756,0.04309364509183339,0.0007392618095142885,1
monthly,45,0.006503830033241798,1.2744220836875324e-05,0.009568953904730415,0.0001429465965156227,3
months).5,10,0.0014452955629426219,3.325000965691684e-07,0.0026613944545667654,5.982760664924623e-05,1
months.447,10,0.0014452955629426219,5.077283384170581e-07,0.002724181376454027,5.656297546443182e-05,1
months.77,10,0.0014452955629426219,6.525619878903556e-08,0.003027648974769421,5.3653046209283154e-05,5
montori,10,0.0014452955629426219,6.659080591728751e-07,0.0017792500484181204,6.191734099650886e-05,11
montreal,9,0.0013007660066483597,8.738443049210892e-07,0.0018150934617961539,6.346676608154058e-05,11
mood,429,0.06200317965023847,0.0011089711688287533,0.03150914672173509,0.000565773029624135,5
moodiness,43,0.006214770920653274,5.332234264109678e-06,0.008724876479741541,0.00011023959737794118,5
morbidity,35,0.005058534470299176,2.082905463725353e-05,0.007311797788110888,0.00012053357239036264,6
morgentaler,39,0.005636652695476225,0.0004439938839363732,0.004414138231397431,0.00020612953446248479,11
morning,278,0.04017921664980489,0.0004000614680789351,0.026001978543701777,0.0004046381348122376,1
moroccan,8,0.0011562364503540975,2.5045587958712682e-08,0.002388970635862019,4.285687391885732e-05,9
mortality,99,0.014308426073131956,3.431524775615587e-05,0.014207690901362353,0.00020987724158895796,7
mortality.56,10,0.0014452955629426219,9.877337758743465e-08,0.002699942050879796,5.664161200485397e-05,7
mortality.67,9,0.0013007660066483597,7.055047376729651e-08,0.0028611384179540677,4.7871352579673055e-05,2
moserthroughout,10,0.0014452955629426219,2.6203937889371377e-08,0.0027999544550627075,5.6343301209632336e-05,7
mother,52,0.007515536927301633,2.8040862319097945e-05,0.008917233798415433,0.00016026888664471477,7
motility,18,0.0026015320132967193,4.679494336603944e-07,0.004784526359756623,7.279974522814964e-05,7
motion,10,0.0014452955629426219,2.318992455878573e-08,0.0028360732610689557,5.528597091110436e-05,6
motional,10,0.0014452955629426219,3.5748912960969966e-08,0.0032226286081640603,5.482057651117717e-05,0
motivate,20,0.0028905911258852437,8.543003946582306e-07,0.00528403150172968,7.408867929467991e-05,6
motivated,26,0.0037577684636508164,1.1447874931567454e-06,0.006966671763541924,8.282984324482584e-05,0
motivation,142,0.020523196993785228,0.0001493469565004896,0.018649681567081758,0.000290256406613101,5
mount,22,0.003179650238473768,1.3265004690805076e-07,0.005541855250878843,7.088718683272651e-05,7
mountain,18,0.0026015320132967193,7.94012795042618e-06,0.003496060094263218,9.376682934898151e-05,12
moura,10,0.0014452955629426219,6.489113453608848e-06,0.0010808006520700078,0.00010009124788966095,11
mouse,8,0.0011562364503540975,1.843935572947532e-07,0.0013528180694699812,6.663225366650055e-05,6
moustache,10,0.0014452955629426219,2.5624766804489824e-07,0.001936058895263089,6.613848486041531e-05,1
mouth,55,0.00794912559618442,3.955879085324839e-06,0.011164965501285618,0.00012385107179676693,1
movement,8,0.0011562364503540975,8.667679007390968e-10,0.0029661542724813976,4.367260325700549e-05,0
movie,22,0.003179650238473768,1.0495760562411753e-05,0.004572630826229358,0.00010130975682201553,0
mph,15,0.0021679433444139326,2.767701220683315e-05,0.0002862331560132616,0.0001605433284877473,11
mrcgp,23,0.00332417979476803,4.9315326483407774e-06,0.004696341126451607,9.849374071845376e-05,3
mri,54,0.007804596039890158,2.3164100982218204e-05,0.009451631477118713,0.0001537266091231671,6
mris,9,0.0013007660066483597,1.5956830520962533e-08,0.002648313514374493,4.93625266434871e-05,11
mrsb,10,0.0014452955629426219,8.189328273429735e-06,0.0013495409412150805,9.934924111185509e-05,11
msacl.org,10,0.0014452955629426219,1.6705067893699983e-06,0.001412706492227992,7.653092104052248e-05,11
msc,20,0.0028905911258852437,0.0008421705653722416,0.0012395086911011774,0.00019419453726174396,11
muco,10,0.0014452955629426219,5.33042882332263e-08,0.002417181954432376,5.6532542481943054e-05,1
mucosa,20,0.0028905911258852437,5.284221964325538e-06,0.005173321081767886,8.230525545414002e-05,1
mucosal,10,0.0014452955629426219,1.7279833454204053e-07,0.002752603269246926,5.751670264738797e-05,1
mucous,10,0.0014452955629426219,8.433879944788386e-08,0.0027969861862279606,5.74654913714577e-05,1
muddle,10,0.0014452955629426219,4.1557065708898176e-08,0.002914716487150182,5.470302599133241e-05,5
mulhall,22,0.003179650238473768,3.5172797587763665e-05,0.003984010223074098,0.00011572568753743521,11
multi,55,0.00794912559618442,9.321021875589312e-05,0.009066476808232866,0.0002045600906012406,3
multicenter,18,0.0026015320132967193,4.638110513516439e-06,0.003937544236574796,8.582559160406105e-05,2
multidisciplinary,27,0.003902298019945079,5.237377441910106e-06,0.006058135277972672,9.273993992026981e-05,3
multidose,9,0.0013007660066483597,6.504678329290682e-07,0.001568485745358859,7.611009976593022e-05,1
multifactorial,28,0.004046827576239341,4.230341862593118e-06,0.006950286630225317,9.650700412451983e-05,5
multimedia,10,0.0014452955629426219,1.0057186080743953e-07,0.002552580428232846,5.227252846318057e-05,3
multimorbidity,33,0.0047694753577106515,6.661017734479029e-06,0.006626755339985967,0.00010666135449122416,2
multiple,226,0.03266367972250325,0.00038528271475153126,0.026461084569027984,0.00037074508887717956,1
multisystem,10,0.0014452955629426219,3.6363697380595807e-07,0.0023321373985069247,6.032354277509493e-05,7
multitude,10,0.0014452955629426219,1.2293874351583931e-07,0.002890066803148217,5.200388220432002e-05,6
multivitamin,36,0.005203064026593439,4.061126597695395e-06,0.007490221906449285,0.0001082032446382345,0
mump,66,0.009538950715421303,1.7616975994235333e-05,0.010520532888821703,0.00016862452776192266,7
mumps,29,0.004191357132533603,3.6008702574875463e-06,0.005719448372777721,0.00010164186017709882,7
muniz,10,0.0014452955629426219,1.2945177838744466e-06,4.5883525052127516e-05,0.000135177912502359,8
murad,10,0.0014452955629426219,3.058891367926403e-05,0.0002190703052896997,0.00011840028929538343,11
muraleedharan,10,0.0014452955629426219,1.4479160767697181e-08,0.0033419696463576148,4.8528783718567636e-05,7
"muraleedharan,233",10,0.0014452955629426219,4.132389541102718e-08,0.002836008003079122,5.9575802368576756e-05,7
muscle,626,0.09047550224020812,0.0023501561020060585,0.0349301546853599,0.0006876367787191277,5
muscular,97,0.014019366960543431,7.346061765709277e-05,0.014046977352483843,0.000223480493455486,6
musculature,17,0.002457002457002457,1.3528909570835902e-06,0.004273339831805859,6.479612642244224e-05,5
muse,9,0.0013007660066483597,1.760400577261276e-07,0.0016979761025697072,6.372317733840335e-05,1
mushroom,10,0.0014452955629426219,3.291662927361789e-06,0.0020128296332604786,7.209034842152465e-05,5
musi,55,0.00794912559618442,4.129401214010866e-05,0.009376425068724716,0.00016535883170399075,11
music,16,0.002312472900708195,5.340776289723198e-07,0.0033229069895900007,7.768344264302913e-05,0
mutation,58,0.008382714265067205,2.4545996630324725e-05,0.009087125746275385,0.00017738250479748034,7
muthigi,95,0.013730307847954907,3.424975047751862e-05,0.015482285811972998,0.00019368815644439714,1
mychart,25,0.0036132389073565544,5.8048864924332606e-06,0.005464217514661047,0.00010876354169127937,3
myelodysplastic,9,0.0013007660066483597,2.5975395400619115e-08,0.002746062845351718,4.797213674626273e-05,7
myers,10,0.0014452955629426219,9.145559864109484e-07,0.0020878113633824064,7.049099277884473e-05,13
myhealth,23,0.00332417979476803,3.0980827813207406e-06,0.005431295938055443,8.178887363189467e-05,3
myocardial,81,0.011706894059835236,8.978335882717764e-05,0.01180752401791636,0.00021979703282323286,2
myotonic,19,0.0027460615695909813,1.614202334282412e-06,0.003370444884848267,9.152504736058216e-05,7
myriad,39,0.005636652695476225,4.570635127051519e-06,0.008697697927269859,0.00010118317499540442,7
myth,120,0.01734354675531146,0.00010104216600642276,0.01664027357610567,0.0002672949905269052,0
n.l,10,0.0014452955629426219,5.627290261856682e-06,0.0017701296422125128,8.746387831361777e-05,11
"n=1,261",10,0.0014452955629426219,1.1575272341994597e-07,0.002563735112355754,5.605521335949575e-05,2
"n=1,773",9,0.0013007660066483597,1.4261679665593174e-07,0.0020935104036488663,5.864451374621777e-05,2
n=13,10,0.0014452955629426219,6.672479299197515e-07,0.0026560567931265366,5.5499344765666514e-05,0
n=238,7,0.0010117068940598353,2.0928425156504993e-07,0.0019168141433080913,4.535723531978207e-05,6
n=343,8,0.0011562364503540975,1.6782138592766071e-07,0.0020942067415501585,4.7603453758173e-05,6
"n=37,565",10,0.0014452955629426219,1.2630415914124442e-07,0.002908176190928041,4.950154441679057e-05,2
n=395,9,0.0013007660066483597,7.07386594041371e-09,0.0029714905909740265,4.1962017338600786e-05,2
"n=55,593",10,0.0014452955629426219,7.519389725353094e-08,0.0020961437015186613,6.673713587499051e-05,2
n=581,10,0.0014452955629426219,1.0194682060433463e-06,0.002938630418417484,5.112492923008874e-05,7
nad,9,0.0013007660066483597,1.740378046234528e-07,0.0021404351697312195,5.673826413585075e-05,6
nada,10,0.0014452955629426219,2.0659486309866807e-07,0.0023366863257522244,6.826232308147423e-05,0
nagaraju,10,0.0014452955629426219,3.356712982809952e-08,0.003170384901445528,5.5243208753088925e-05,10
nagging,10,0.0014452955629426219,6.152226913848921e-07,0.0027699438580913107,5.6442734014888936e-05,0
nail,17,0.002457002457002457,1.179080585843768e-06,0.004499398314540372,7.067957116363598e-05,0
namesake,9,0.0013007660066483597,1.1079627062297338e-07,0.0014476698267525336,6.992254870806301e-05,11
namiki,10,0.0014452955629426219,1.3477780001907339e-05,0.0015392473929276432,9.645472469279013e-05,11
nandrolone,10,0.0014452955629426219,3.5744785604975615e-08,0.003228741470942504,5.485912397427946e-05,1
nannan,10,0.0014452955629426219,2.3909565226524487e-08,0.002824270918739699,5.359799247031617e-05,6
nanogram,88,0.012718600953895072,2.874999576393374e-05,0.01260115021100827,0.0001652470005784461,2
nanomole,9,0.0013007660066483597,1.0071431028614262e-08,0.002215604930323793,5.177430520600381e-05,2
narcotic,31,0.0044804162451221275,7.470625922004385e-07,0.007205160683805501,9.024807719719218e-05,7
narrow,41,0.005925711808064749,1.200609293154806e-05,0.007546866549641412,0.00013067359045411525,7
narrowing,16,0.002312472900708195,3.801990369079768e-07,0.004121205496097854,6.676736144321294e-05,7
nasal,159,0.022980199450787685,0.0002580356336583892,0.019784082732411345,0.00033373824303516034,1
nasir,85,0.012285012285012284,3.5509987790155296e-05,0.014111325621878461,0.00019878274339361977,11
nasopharyngitis,10,0.0014452955629426219,1.0513535252413151e-06,0.0026055561267061753,6.643095562737999e-05,1
natesto,67,0.009683480271715566,8.002941241023346e-05,0.011117309181404751,0.00019823657931346825,1
nation,26,0.0037577684636508164,1.741825643825732e-05,0.0051953112539465576,0.00010946514933134998,3
national,175,0.02529267235149588,0.0008220404131321171,0.01822663724587714,0.0003885994668317408,11
nationwide,34,0.004914004914004914,1.5812590489898718e-05,0.007655380583882808,0.00012376699210761707,3
native,10,0.0014452955629426219,8.977150189694363e-09,0.0035611945154675542,4.516615695934551e-05,6
natural,391,0.056511056511056514,0.0007759209589473761,0.03345621140719707,0.0005179799667878657,6
naturally,300,0.043358866888278655,0.00045677271621447963,0.026084332213610967,0.0003845358457634479,6
nature,109,0.015753721636074577,0.0001616362673254923,0.016435214706840312,0.0002755125286889454,1
naturopathic,10,0.0014452955629426219,4.124450242553757e-08,0.0031604890599591035,5.353523383961302e-05,0
nausea,41,0.005925711808064749,1.9540464558789033e-05,0.008570031395900677,0.00013215085425956276,7
navigate,47,0.0067928891458303225,3.678478922725929e-06,0.009979911880456688,0.00011303651808791158,3
navigation,20,0.0028905911258852437,9.361591858089881e-07,0.004924725156914866,7.972473739008503e-05,0
navy,10,0.0014452955629426219,4.210886167105059e-07,0.0007296549677120766,8.798883676375637e-05,9
nayeri,26,0.0037577684636508164,1.596878438054749e-06,0.006378645598929583,8.652079619960704e-05,11
naïve,10,0.0014452955629426219,4.903086144060255e-07,0.0023868776429111765,5.944969587510283e-05,2
ncbi.nlm.nih.gov,21,0.0030351206821795057,9.946134956200376e-06,0.002830760448480685,0.00014747027907641093,11
ncic,23,0.00332417979476803,6.072434305726881e-06,0.004056041578840898,0.00010981326060290178,3
neapolitan,9,0.0013007660066483597,1.3710104594433626e-07,0.002469774431845338,6.0431235779416896e-05,0
near,111,0.016042780748663103,0.00010493750420484391,0.01722079890740018,0.00023258642901485352,0
nearby,10,0.0014452955629426219,2.9418284399888575e-06,0.0031213007968209625,5.151922500433922e-05,3
nearly,127,0.018355253649371295,0.0001132590921373298,0.017247360837574565,0.0002489853936943585,3
nebido,20,0.0028905911258852437,7.426115865994906e-06,0.003861204452308425,0.00010817069134507078,1
nebraska,10,0.0014452955629426219,1.679691565368174e-06,0.0018992068833512752,6.851549449732603e-05,11
necessarily,209,0.030206677265500796,0.000266765110961569,0.025029107296900853,0.0003529018869485159,0
necessary,267,0.038589391530568,0.0003647365240010723,0.02920963868221019,0.0003882842267573326,3
necessitate,10,0.0014452955629426219,8.207192880421048e-08,0.0026776882438209557,5.8946527172769455e-05,2
necessity,9,0.0013007660066483597,1.1287096908923345e-07,0.0025783412517892917,5.7111345015468766e-05,0
neck,24,0.003468709351062292,6.330420324515513e-06,0.004732226910707614,0.00010438961544050945,6
need,1074,0.1552247434600376,0.0074855851038993435,0.05246590394982826,0.0010719726462730679,3
needle,150,0.021679433444139327,0.00028986520705907354,0.018344904140806827,0.0003186734117627173,1
needless,9,0.0013007660066483597,2.0578553062788694e-08,0.003148760549124963,4.907161537093875e-05,1
negate,19,0.0027460615695909813,5.092865901155556e-07,0.005198361348588457,7.171324431889934e-05,3
negative,192,0.027749674808498336,0.00022008262780244515,0.021570412063078664,0.00033041256664388663,6
negatively,87,0.012574071397600809,2.6688916360899216e-05,0.014566974446791205,0.00017121996732784263,5
negativity,10,0.0014452955629426219,9.173549189962923e-07,0.0020049263302964844,7.071031659572923e-05,3
neglect,10,0.0014452955629426219,2.5605591773968824e-07,0.0029290607101422447,5.3914725771927324e-05,5
negotiable,19,0.0027460615695909813,2.3400901940375718e-07,0.005472354867423505,6.990366837283143e-05,1
nehra,10,0.0014452955629426219,5.084049266726057e-07,0.0008853255330251737,8.685121686211412e-05,11
neighbor,10,0.0014452955629426219,3.2631179320459123e-08,0.0030939348887011565,5.549291635548614e-05,0
nejmoa2215025,10,0.0014452955629426219,1.695432315745682e-07,0.0024733384791699392,6.256852327425605e-05,11
nelson,30,0.004335886688827865,0.0006979216700078473,0.002623702686494071,0.0001814194124592136,11
neonatal,10,0.0014452955629426219,1.0729994000855386e-08,0.002972365557412318,5.30998500045452e-05,7
nerd,9,0.0013007660066483597,6.506163193143148e-08,0.002712031051336688,4.824890049789871e-05,6
nerve,43,0.006214770920653274,3.952893627729749e-06,0.00940729971977422,0.00011160858303874596,7
nervosa,10,0.0014452955629426219,9.508405256777376e-08,0.0025707495334710406,5.629100822694409e-05,7
nervous,56,0.008093655152478682,0.00012535038299521837,0.008339610298603986,0.00019894658406700375,6
nestle,8,0.0011562364503540975,2.380753040955924e-07,0.0012321635542705373,6.333132839735574e-05,11
net,35,0.005058534470299176,1.2159810541753824e-05,0.00609792602620848,0.00011676270606360253,2
netflix,9,0.0013007660066483597,4.124835854582826e-07,0.0022892765984668965,6.0101707207437224e-05,0
network,82,0.011851423616129498,0.00017915013868946127,0.011365512710924302,0.00026526608461576817,3
neural,20,0.0028905911258852437,2.1200468111694352e-05,0.004131670990450982,8.557664085751191e-05,6
neurochemical,10,0.0014452955629426219,1.432383003562691e-07,0.002549601292053288,6.017917812078842e-05,5
neuroimage,10,0.0014452955629426219,4.602120986115491e-06,0.0017271324526800154,7.756651278210837e-05,11
neurological,22,0.003179650238473768,6.722612098754406e-06,0.004154753220660676,9.63692836726766e-05,7
neuropathy,10,0.0014452955629426219,5.856782554907966e-08,0.0029613844656889393,5.028980437146e-05,7
neuropsychiatric,10,0.0014452955629426219,4.6427143372351466e-07,0.0025720010576345087,6.0110588611605344e-05,7
neurotransmitter,81,0.011706894059835236,8.886728995330568e-05,0.012689219684592135,0.0002096798176564514,6
neutral,26,0.0037577684636508164,1.4118495082104396e-05,0.005031758157574885,0.00011981841738191832,2
neutralize,10,0.0014452955629426219,2.571372381772821e-08,0.002488493432286491,5.303978947971243e-05,6
neutrophil,6,0.000867177337765573,2.793945418106857e-06,0.0010865216148832624,5.9714379812457016e-05,7
never,168,0.024280965457436045,0.00020958734119557384,0.021860537213449712,0.0003039035945558906,0
new,527,0.07616707616707617,0.0037568632489114163,0.039711699341682796,0.0008260907388941274,1
newborn,22,0.003179650238473768,2.1776210581174768e-05,0.004243132999339139,8.349285233409642e-05,7
newly,10,0.0014452955629426219,5.339629087120648e-07,0.0022531861247174077,6.427075689550033e-05,1
newlywed,10,0.0014452955629426219,1.5142105152934487e-08,0.0036047322709086946,5.019063115152618e-05,0
news,155,0.02240208122561064,0.00033629392995336837,0.019490511175623202,0.00035033661692477453,3
newsletter,46,0.00664835958953606,2.8177916026460283e-05,0.0072341339329603585,0.00013375416773025913,3
newsroom,10,0.0014452955629426219,1.622843519288571e-07,0.0025055547603956485,6.090815959011381e-05,0
nexus,10,0.0014452955629426219,5.520624086147385e-07,0.001711342733724018,7.354833659528759e-05,12
nhs,164,0.023702847232258996,0.0005352127523827255,0.0204076816686948,0.000354312035911265,3
nice,42,0.006070241364359011,3.3086810215392956e-06,0.009404150544756568,0.00011335953801770477,0
niche,9,0.0013007660066483597,3.074074315105968e-07,0.0014941998450071251,7.668797682609077e-05,0
nicolas,17,0.002457002457002457,1.5579367019211187e-05,0.0031504360179744626,8.504567440416782e-05,11
nicole,10,0.0014452955629426219,1.7644418364900945e-07,0.002645030835986083,5.2784098251895e-05,11
nicotine,9,0.0013007660066483597,2.9317458653790355e-07,0.002966455835390234,5.0700950847259706e-05,1
nificant,10,0.0014452955629426219,3.995528564490107e-07,0.00261646779120969,6.038173341777072e-05,2
night,199,0.028761381702558174,0.0003988615932029624,0.02299551387035706,0.0003795756809300425,0
nighter,10,0.0014452955629426219,1.4909996029731193e-06,0.0019329631643090217,6.757353386134791e-05,0
nightly,9,0.0013007660066483597,9.443935054264696e-08,0.002836993550428154,5.3298299321316136e-05,6
nih,10,0.0014452955629426219,6.632533138391556e-08,0.002870849628748845,5.262826173592629e-05,11
nihms627664,10,0.0014452955629426219,1.0531944592925762e-05,0.0006062609391109383,0.00010709896833258521,11
nihmsid,10,0.0014452955629426219,1.6674609305653874e-05,0.0008686428854617119,0.00010466265223272429,11
nipple,15,0.0021679433444139326,2.0700820694776634e-07,0.003998641129780095,6.443330131174236e-05,7
nissen,38,0.005492123139181963,0.00025585846011426123,0.005003059756081567,0.00015403624074135597,11
nitrate,18,0.0026015320132967193,5.976619242854194e-06,0.0047724716809815675,7.878294407037796e-05,1
nitric,18,0.0026015320132967193,4.512671753058624e-06,0.003715475567867123,7.997452986805345e-05,1
nmol,129,0.01864431276195982,7.833579399198989e-05,0.016372325691066635,0.00024196906768289905,2
nobel,10,0.0014452955629426219,2.2578329439514612e-07,0.0022035318979742543,5.97832539498676e-05,11
nocturia,9,0.0013007660066483597,1.3464229282817884e-07,0.0026802586207565755,4.778113886084162e-05,7
nocturnal,19,0.0027460615695909813,1.1891533828240911e-06,0.0043120843546767635,7.230607719942495e-05,7
nodule,23,0.00332417979476803,8.428674907152378e-06,0.004622493627424984,9.738067085294185e-05,7
nohara,10,0.0014452955629426219,8.093365143853432e-06,0.0006751134674181467,0.00011524990551031162,11
nomenclature,19,0.0027460615695909813,1.1801349608364051e-06,0.0043913068736094,7.080524861089672e-05,2
non,255,0.036855036855036855,0.0008281603958223025,0.023982617862599188,0.00044506663769183574,1
nonbound,10,0.0014452955629426219,5.940893728592432e-06,0.0017585605800782896,6.715941114704427e-05,11
noncancerous,16,0.002312472900708195,2.5942485566930507e-07,0.0037499568068940048,6.825956879290078e-05,7
nonetheless,10,0.0014452955629426219,9.414354916967279e-08,0.003045189280115274,5.212048224997092e-05,1
noninvasive,17,0.002457002457002457,1.2537121636467104e-06,0.004036654563843917,7.578638120793403e-05,7
nonmedical,10,0.0014452955629426219,4.5549262764839415e-07,0.003224240350250719,5.198146754310809e-05,7
nonoral,18,0.0026015320132967193,1.1747322442788064e-07,0.005412992717452057,6.240580803022111e-05,3
nonprofit,9,0.0013007660066483597,2.2238049332065915e-06,0.0024282570747072036,5.226917362594108e-05,3
nonsmoker,10,0.0014452955629426219,3.464798518488722e-08,0.0035071344307093318,4.9793179169920385e-05,7
nonspecific,18,0.0026015320132967193,9.328983160035327e-08,0.00500736774638486,6.446941555809051e-05,6
noon,7,0.0010117068940598353,1.0475408074694661e-08,0.0020296347855043445,4.069908891785247e-05,6
noonan,10,0.0014452955629426219,6.519903094547364e-08,0.002594801643427952,5.540821428266248e-05,7
nope,10,0.0014452955629426219,9.292039891453261e-09,0.003715605423678987,4.914105411698347e-05,0
norm,25,0.0036132389073565544,1.0651284576429809e-05,0.005823998077893779,9.731700287410108e-05,0
normal,789,0.11403381991617285,0.004361108011552185,0.03850599795206005,0.0008848538229427056,6
normalisation,20,0.0028905911258852437,6.758274733596363e-07,0.00524553301007483,7.473312493225568e-05,6
normalise,43,0.006214770920653274,2.7327438058144985e-06,0.009636633223304943,0.0001151997637058035,6
normalising,10,0.0014452955629426219,5.147486230734685e-07,0.002788446331044695,4.95546258568005e-05,6
normalization,29,0.004191357132533603,1.7691154532059308e-06,0.007002250034227347,8.977578467098073e-05,5
normalize,42,0.006070241364359011,4.06584000648347e-06,0.008662686385379165,0.00010220996031150012,5
normalized,18,0.0026015320132967193,4.939690453579407e-07,0.004079982747850144,7.645132513072759e-05,2
normally,122,0.017632605867899987,9.511225053671154e-05,0.01742482850365051,0.00024748035805316487,6
north,55,0.00794912559618442,0.00012027777088787959,0.006418883007077239,0.0002471780506638249,12
northeast,19,0.0027460615695909813,1.2017380142759673e-06,0.004526895772731284,7.596116160482428e-05,0
northshore,10,0.0014452955629426219,1.528090727175583e-06,0.00023930913123581924,0.00011898172237699496,12
northwest,10,0.0014452955629426219,2.632978567621267e-07,0.0024029253492849675,6.784690462833464e-05,3
northwestern,18,0.0026015320132967193,2.8390028035794085e-05,0.003227237306969379,9.941988807990887e-05,11
nos,10,0.0014452955629426219,8.479400872680613e-07,0.002492695043576421,6.40572678841247e-05,3
nose,85,0.012285012285012284,8.22768163496514e-05,0.013414583035189638,0.0002204821634791971,1
nosebleed,10,0.0014452955629426219,3.256384509299716e-07,0.00265984597826657,5.3336541527021446e-05,1
nostril,44,0.006359300476947536,8.464397067337445e-06,0.009177882955369967,0.00011850338280098571,1
not,1745,0.2522040757334875,0.027875391265623755,0.06276975242075661,0.0017336082977347199,0
notable,29,0.004191357132533603,6.058663650545938e-06,0.0067679601700212704,0.00010562913809038264,1
notably,18,0.0026015320132967193,4.841487299181848e-07,0.004789422953808306,6.517407553647072e-05,9
note,354,0.05116346292816881,0.0008786814652417737,0.032296232213901904,0.0005575631564866513,1
noteworthy,10,0.0014452955629426219,1.26054687447898e-07,0.002061727656722977,6.597375351041021e-05,1
notice,322,0.04653851712675242,0.0007773434842345081,0.030846981632235038,0.00048754256552775845,5
noticeable,65,0.009394421159127041,1.2552631754781695e-05,0.011951041730940675,0.00012278250971157082,5
notion,28,0.004046827576239341,1.2760256730844071e-05,0.005422230885820547,0.00011073012191127175,11
nourish,10,0.0014452955629426219,2.4907603077572806e-09,0.003512716544964952,4.981209957901231e-05,3
nov,19,0.0027460615695909813,1.0033181506293882e-06,0.004975864701463391,6.855011056060486e-05,7
nov;165(5):675,10,0.0014452955629426219,1.7075848589016815e-06,0.0014479057630910996,8.066719797388237e-05,11
november,18,0.0026015320132967193,1.5248235293515766e-06,0.00441399650994908,7.56074231888153e-05,0
novo,9,0.0013007660066483597,2.512653254955485e-07,0.0027601543359011293,5.4293271218993e-05,5
nowadays,36,0.005203064026593439,5.4279621690198975e-06,0.007958739554260701,0.00011446229893970931,0
noyes,13,0.0018788842318254082,3.626607068080382e-06,0.0013920164440159816,0.00010315458008463957,12
nuance,37,0.0053475935828877,6.059779004538635e-06,0.009335772155450462,0.00011086238576367365,0
nuanced,37,0.0053475935828877,3.5677696969379163e-06,0.008568175803527037,0.00010235896625134991,0
number,359,0.051886110709640124,0.0008229513330671158,0.033016175619474966,0.0005233436937484881,0
numerical,20,0.0028905911258852437,4.0835479992132805e-06,0.0036753420945748994,0.00010062877131660472,7
numerous,59,0.008527243821361469,1.8480187813217123e-05,0.01143989923307743,0.00013710534583963457,6
nurse,37,0.0053475935828877,3.025447882434858e-05,0.007173607374106782,0.00014531225901981935,3
nursing,9,0.0013007660066483597,9.035010778463424e-09,0.0023906768815536083,4.837486622351841e-05,6
nurture,10,0.0014452955629426219,2.2648210702493746e-07,0.0017867414730422166,7.231073556141937e-05,3
nut,29,0.004191357132533603,8.879083075509702e-05,0.00443211871141392,0.00013266855230339368,9
nutrient,96,0.013874837404249168,3.457757663106107e-05,0.01568920442439794,0.0002076295295800325,7
nutrition,142,0.020523196993785228,0.00017394398995591493,0.02085407830656789,0.0003039777760726412,3
nutritional,57,0.008238184708772944,2.2429329754331837e-05,0.010386819454595395,0.0001561305861980868,7
nutritionist,26,0.0037577684636508164,2.0690772675150814e-05,0.00618273803426414,9.769478275473869e-05,3
nutshell,10,0.0014452955629426219,1.1445330075915765e-08,0.0031542832855846106,4.8183017411027667e-05,0
oat,10,0.0014452955629426219,3.328282394820118e-07,0.0008943382115878666,7.985460865304486e-05,9
obe,10,0.0014452955629426219,9.139957872197845e-07,0.001480496310607073,7.888592885908972e-05,11
obese,114,0.016476369417545888,4.036527303453972e-05,0.016450536767043764,0.00020936159728854694,7
obesity,363,0.05246422893481717,0.003114293144256865,0.02917246148195594,0.0005117970089885832,7
obgyn,9,0.0013007660066483597,1.714010113215841e-08,0.0026978620069481,5.306235608451551e-05,0
objective,53,0.007660066483595895,7.507426998584884e-06,0.011204369157751273,0.00015613327802472618,3
objectively,18,0.0026015320132967193,2.0182936758877785e-06,0.005202432619838432,7.144775063001169e-05,0
obligate,18,0.0026015320132967193,1.4718665574709873e-06,0.004779593927774876,7.499266311855569e-05,0
obscene,10,0.0014452955629426219,2.4980406998045796e-06,0.0024835442321509966,5.490418800950331e-05,0
observation,19,0.0027460615695909813,3.530222967615976e-06,0.005108695394233216,7.975850065060525e-05,0
observational,49,0.0070819482584188465,2.62092344900273e-05,0.008653641455791844,0.0001534492607705496,2
observe,64,0.00924989160283278,3.022126064383766e-05,0.012220972360620716,0.00016567285672866344,1
observed,20,0.0028905911258852437,3.6679407400471514e-06,0.004964157444246341,8.050140405715096e-05,2
obstruction,18,0.0026015320132967193,1.2738348287653674e-06,0.0037272400255095785,7.66116690594785e-05,7
obstructive,120,0.01734354675531146,5.817463787301907e-05,0.015976802810956772,0.00023059983149620463,7
obtain,151,0.02182396300043359,0.00017564513397153438,0.019911403676325563,0.0003077806873391642,3
obvious,45,0.006503830033241798,2.6992646656061592e-05,0.008761233434629402,0.0001177776057813178,2
obviously,93,0.013441248735366382,4.502621671905527e-05,0.015510877669574792,0.00021508146369906306,0
oby.21092,10,0.0014452955629426219,6.447650878805264e-07,0.0020358976147244467,6.546711650413776e-05,11
occasion,50,0.007226477814713109,1.2874880503699651e-05,0.00924805289840807,0.00013341160445864243,1
occasionally,56,0.008093655152478682,6.081222981538057e-05,0.010963554960346466,0.0001532077913614313,9
occlusive,10,0.0014452955629426219,1.2979751161644235e-06,0.00247909990925788,6.486081385654277e-05,1
occult,10,0.0014452955629426219,1.4640658569823912e-07,0.0018435785295578887,7.205524000369113e-05,3
occur,402,0.058100881630293394,0.0013792945854302853,0.03143440293123003,0.0005732515045959895,6
occurrence,36,0.005203064026593439,1.7629217390968315e-05,0.007396838495371596,0.00011323544882895338,7
ocean,10,0.0014452955629426219,1.6489211678448603e-06,0.0022936843808161575,6.395702116017661e-05,0
ochsner,101,0.01459748518572048,0.00023433341650507046,0.014663175657324558,0.0002487370330527009,3
oct,9,0.0013007660066483597,1.0733272057465876e-06,0.0012612677035672218,7.842916438307633e-05,11
october,15,0.0021679433444139326,7.171861505478485e-06,0.0025965947735042292,8.729092063292273e-05,11
odd,29,0.004191357132533603,1.4342648293766215e-05,0.006111227248486599,0.0001131093745795596,0
oestradiol,166,0.023991906344847522,0.00011157842155406185,0.02037071467200725,0.0002907285160788242,6
oestrodiol,8,0.0011562364503540975,0.0,0.0025272822269896823,4.4131943865467096e-05,6
oestrogen,252,0.036421448186154066,0.0002679365065735765,0.027009280046241414,0.00039808002415148304,6
offer,547,0.07905766729296142,0.0018106770606003823,0.04228848706864738,0.0007364688810223496,3
offering,10,0.0014452955629426219,2.2491426688452017e-07,0.002509277798893317,6.044891320443213e-05,3
office,172,0.024859083682613095,0.0003321115805143337,0.022388612115501798,0.0003444031432053576,0
officer,9,0.0013007660066483597,1.8315219987104155e-08,0.0015012519218140482,6.093640552852161e-05,3
official,30,0.004335886688827865,1.7542676527384565e-06,0.007281782847109273,9.444634786821433e-05,3
officially,27,0.003902298019945079,2.307395434104624e-06,0.006574626849741992,8.110886213299817e-05,5
offset,17,0.002457002457002457,2.6306717048936442e-06,0.0044372409161439665,6.63521015686129e-05,0
offspre,10,0.0014452955629426219,2.6046005764714353e-07,0.0025388075234764828,5.6278200860867265e-05,11
oftentime,55,0.00794912559618442,8.089657562535547e-06,0.012006298879534798,0.00013788725932201455,0
ohio,33,0.0047694753577106515,7.070741092698441e-06,0.006668375752010537,0.00011166356904249028,0
oil,144,0.020812256106373755,0.000497063805346217,0.017117731319544947,0.00036741346035082064,1
oily,58,0.008382714265067205,2.9687912275385695e-05,0.009643649933489307,0.00013753251289479946,7
okay,111,0.016042780748663103,7.105109886047296e-05,0.018032844238062475,0.0002404843777257199,0
oklahoma,10,0.0014452955629426219,5.516423277055983e-06,0.0017269897933819215,7.627204684088872e-05,12
old,547,0.07905766729296142,0.0019440850501487319,0.034741865648791406,0.0007008383536092763,0
"old.6,14,15",8,0.0011562364503540975,2.359162638056674e-09,0.002762647242239044,4.1843092568288984e-05,0
oligospermia,22,0.003179650238473768,1.4978873533034318e-06,0.004578941607037992,7.690832462347093e-05,6
olive,36,0.005203064026593439,0.00015047488763359938,0.0051126830151783115,0.0001518742706789329,9
olympic,10,0.0014452955629426219,2.179167573912136e-07,0.002969333364525787,4.824059005707729e-05,5
omega-3,30,0.004335886688827865,2.87702104582096e-06,0.0069178680231747275,0.00010324013243080378,1
omeprazole,10,0.0014452955629426219,3.0357673957712203e-07,0.0023496402691312182,6.478518935507577e-05,0
omit,10,0.0014452955629426219,1.231848097217192e-07,0.0027407322596424335,5.4873864447439765e-05,1
onboarde,9,0.0013007660066483597,4.929919494494988e-09,0.003143457196538437,4.8116646216104754e-05,3
oncology,9,0.0013007660066483597,9.218562895812466e-08,0.0016910445671219228,6.317007417060894e-05,7
onecare,10,0.0014452955629426219,5.494768427653695e-07,0.002113091062608749,6.964700138200846e-05,11
ong,10,0.0014452955629426219,0.00010426226146665456,0.0009706520834352148,0.00010299931887817185,8
ongoing,222,0.03208556149732621,0.00027440544936204586,0.027310123709254775,0.00038388244513679054,3
onion,57,0.008238184708772944,0.00015134856023535766,0.007955279544695501,0.00017496919180016527,9
online,444,0.06417112299465241,0.00569414921918891,0.034449020002622135,0.0009696894331818911,3
onset,160,0.02312472900708195,0.00027853449345374373,0.01711509922547902,0.00027989445737697813,7
ontario,8,0.0011562364503540975,0.0,0.0013748583691401016,6.277343418881872e-05,11
ontreatment,10,0.0014452955629426219,8.287993122891035e-08,0.003149599779597644,5.5144018968548546e-05,6
oomph,10,0.0014452955629426219,9.260092494885644e-07,0.0029354666539335556,6.223673329494886e-05,0
open,139,0.020089608324902444,0.00028073512050552846,0.01957203855199344,0.0003168241244760465,0
opening,20,0.0028905911258852437,1.989026475058399e-06,0.004166043010612452,9.242401844663773e-05,1
openly,17,0.002457002457002457,1.2870493596809674e-06,0.004902794724733705,7.142959590165267e-05,0
operate,39,0.005636652695476225,2.7440859642864933e-05,0.008048830883096183,0.00012917366972204524,6
operator,10,0.0014452955629426219,2.0069114744886842e-07,0.002634635278797593,6.19247741285374e-05,2
ophthalmology,10,0.0014452955629426219,1.8809402776627278e-07,0.0022053490698956805,6.373369223951585e-05,11
opiate,26,0.0037577684636508164,2.150818446899329e-06,0.005537288596113175,8.717605738005961e-05,7
opin,25,0.0036132389073565544,2.6099234642205583e-05,0.0038517460910071945,0.00014077831589734662,11
opinion,143,0.02066772655007949,0.000303019905001997,0.018227524997710968,0.00030051025073094315,0
opioid,113,0.016331839861251626,0.00013713445507898688,0.015707710575392737,0.00026776382202855413,7
opportunity,106,0.01532013296719179,5.805502460378134e-05,0.018627821703697093,0.00021655934459237602,0
oppose,36,0.005203064026593439,5.0515235294564186e-06,0.008317983565947318,0.00011078129386614706,3
opposite,69,0.009972539384304091,6.729686023409239e-05,0.01190552404815901,0.0001859599587926813,0
opt,73,0.010550657609481139,3.784430016324407e-05,0.01239135361394639,0.00016492268221606545,3
optimal,290,0.04191357132533603,0.000478837347844217,0.031359319008168865,0.0004251122490041231,6
optimally,18,0.0026015320132967193,6.803431039449253e-07,0.0045156799880749585,6.960063808711743e-05,6
optimisation,37,0.0053475935828877,1.5530838614685248e-05,0.0077688883662375054,0.00010835746590813298,3
optimise,88,0.012718600953895072,1.0647503556715883e-05,0.015847596778750542,0.00016644701651852005,3
optimistic,10,0.0014452955629426219,8.524636142202848e-08,0.002677736552601932,5.7554762571543304e-05,0
optimization,57,0.008238184708772944,1.323061394575578e-05,0.010951615752773189,0.00015139079095790285,3
optimize,186,0.026882497470732764,0.00010624206873308864,0.024024454815669703,0.000279834706325387,3
option,692,0.10001445295562943,0.0034016562032386072,0.0436249798711355,0.0008256146155970754,3
optional,10,0.0014452955629426219,1.1583727537351487e-07,0.0027956973739517847,5.0272518917827906e-05,3
or=0.89,9,0.0013007660066483597,1.3020383251006603e-07,0.002605442487100008,4.9008357567069245e-05,0
or=1.54,8,0.0011562364503540975,9.481918642617262e-08,0.002411913177147596,4.24748741892534e-05,7
or=2.06,10,0.0014452955629426219,3.864202543579935e-08,0.0028560135736085362,5.517126615666923e-05,1
oral,303,0.04379245555716144,0.0007893106284689354,0.028309588097160852,0.0004830420166212445,1
orally,29,0.004191357132533603,9.300548310133087e-07,0.0069082150397433775,9.998967697815341e-05,1
oraverse,10,0.0014452955629426219,1.0457873431807695e-06,0.002282464100808644,7.049235385249918e-05,1
orchard,9,0.0013007660066483597,5.015455433724518e-07,0.0017531909134631094,7.039339562335718e-05,12
orchiectomy,29,0.004191357132533603,8.223854536484736e-06,0.005748559961754001,0.00010193454641427467,7
orchitis,27,0.003902298019945079,1.0659979700195404e-05,0.004992808773126123,0.00010221705668842182,7
order,282,0.04075733487498193,0.0004943960373717804,0.027146352930501768,0.0003981288978994493,3
ordering,27,0.003902298019945079,1.9523936760249787e-06,0.007049786334386941,8.790966276434859e-05,3
oregon,10,0.0014452955629426219,3.758120290898258e-08,0.0025364438332693756,5.763698490104409e-05,0
organ,186,0.026882497470732764,0.0002361946681802326,0.020532708955242323,0.0003142957783010441,6
organic,19,0.0027460615695909813,4.176355203058568e-06,0.0048304810820112105,7.737468728109176e-05,7
organisation,7,0.0010117068940598353,3.8061750117695404e-07,0.001893333758299258,5.457385843565414e-05,10
organise,34,0.004914004914004914,3.964482856239919e-06,0.008149181093584498,0.00010134969492332598,3
organization,35,0.005058534470299176,0.00013005295919759537,0.005741291774968879,0.00013314846167966984,11
organize,10,0.0014452955629426219,1.2457508251213146e-06,0.001669544188037667,7.28930413682646e-05,11
orgasm,44,0.006359300476947536,1.7349393268380307e-05,0.007615550968487888,0.00014170841637220033,5
origin,19,0.0027460615695909813,7.371969050599036e-07,0.004554596602576865,7.511663232840126e-05,6
original,61,0.008816302933949994,6.270451516265444e-05,0.01033829422281254,0.00017439995958942194,0
originally,67,0.009683480271715566,2.652045867978753e-05,0.010801313152111948,0.00017690037824955095,0
originating,9,0.0013007660066483597,2.6674259791747085e-08,0.0021266882714160366,5.9363692076862054e-05,11
orthinne,10,0.0014452955629426219,9.261149618544116e-09,0.0028127916083645933,4.471521871578209e-05,6
orthopaedic,19,0.0027460615695909813,4.7070852409015734e-06,0.003348372308431047,9.78632557269318e-05,7
orthopedic,10,0.0014452955629426219,2.8728657754175755e-08,0.0032666841602104826,5.031676768495587e-05,5
osa,18,0.0026015320132967193,6.12195765049329e-07,0.0046318568914993485,6.78582399207323e-05,7
osinubi,10,0.0014452955629426219,7.522059357668104e-07,0.0017640808270271379,7.701129805325483e-05,6
osteopenia,20,0.0028905911258852437,1.9664322700662573e-06,0.004315759498314648,8.37499556076636e-05,5
osteoporosis,187,0.02702702702702703,0.00016844887290154315,0.021304875243822206,0.0003018843618336224,5
osterberg,8,0.0011562364503540975,4.282715114299192e-08,0.0024822592212258455,4.3181468418567286e-05,6
otc,10,0.0014452955629426219,4.6040795269599455e-07,0.0021711933703950858,6.612913902332538e-05,2
otolaryngology,10,0.0014452955629426219,2.2149163734051388e-07,0.0023140493629265307,6.003625626362792e-05,11
outburst,9,0.0013007660066483597,2.0807237974217226e-08,0.0025176975910461952,5.272066687546228e-05,7
outcome,265,0.03830033241797948,0.0006354401679903657,0.029951296620936586,0.00047234154563248064,3
outer,24,0.003468709351062292,8.928340208861142e-06,0.005312398758897113,8.918409850425661e-05,1
outlandish,10,0.0014452955629426219,3.872440960417452e-07,0.0027874827641503966,5.206649423055825e-05,3
outline,48,0.006937418702124584,5.557020756793587e-06,0.010034199030517678,0.00012028845471848304,3
outlook,32,0.00462494580141639,6.316384625765744e-06,0.0077988930531984624,9.531644063340499e-05,7
outnumber,10,0.0014452955629426219,2.8116225316621685e-07,0.00336119985636027,5.5390396523249074e-05,0
outpace,10,0.0014452955629426219,3.560952199678333e-08,0.0028592915608723324,5.709438784047563e-05,3
outpatient,28,0.004046827576239341,1.3799402126373685e-05,0.00565315265128697,0.00011590245237669757,1
output,25,0.0036132389073565544,5.12064718566925e-06,0.00562147867387032,8.644004961397334e-05,6
outside,153,0.022113022113022112,0.00010229545282482918,0.021951642852056,0.0003036260682098602,0
outweigh,73,0.010550657609481139,2.828455049023995e-05,0.012223814948960366,0.00016960577499509956,2
ovarian,67,0.009683480271715566,1.38653712748801e-05,0.010236949006437292,0.00015098852705464376,7
ovary,155,0.02240208122561064,8.183778741354158e-05,0.0179211501404714,0.00026277226496914795,6
overactive,9,0.0013007660066483597,3.039657625917317e-08,0.0026794179332971487,4.9144011398734606e-05,7
overall,543,0.07847954906778436,0.0018201356728562395,0.0395754929078556,0.0006973458026885947,5
overcome,27,0.003902298019945079,1.6074104591838993e-06,0.006636849910383945,9.483822679134723e-05,5
overdiagnosing,9,0.0013007660066483597,1.1504093862617108e-09,0.0028866726096846347,3.902199747817418e-05,6
overdraw,10,0.0014452955629426219,2.363696197129538e-08,0.0035871413671652434,4.602637464656393e-05,7
overeating,17,0.002457002457002457,1.2103581409748215e-07,0.004573106223267475,6.038494843085517e-05,7
overestimate,9,0.0013007660066483597,5.512733988330434e-08,0.002596955317746584,5.246251920296236e-05,6
overlap,26,0.0037577684636508164,5.514716762279726e-06,0.006395123146496453,8.572470013063337e-05,5
overlapping,10,0.0014452955629426219,2.5950586394238838e-08,0.0029077637596823464,5.2356263598346274e-05,7
overload,18,0.0026015320132967193,1.2955393395216e-06,0.0036476928032673256,7.933311592716562e-05,7
overlook,25,0.0036132389073565544,1.6488343756507937e-06,0.005951829277218563,8.030926861274471e-05,6
overnight,10,0.0014452955629426219,6.488475118526869e-09,0.003462446601960963,4.612223367388848e-05,6
overproduce,17,0.002457002457002457,6.75916374643384e-07,0.004254943962907678,6.99385090768531e-05,7
overproduction,30,0.004335886688827865,3.6657159866224113e-06,0.006772872181944883,8.574960729349297e-05,7
override,19,0.0027460615695909813,9.141403999825685e-08,0.005603077709568195,6.468058038632423e-05,6
oversee,10,0.0014452955629426219,5.2856367927750087e-08,0.0033111815975816437,4.478679051318922e-05,1
oversight,28,0.004046827576239341,2.2942774688995767e-06,0.006936856091310986,9.243648881021085e-05,3
overstate,10,0.0014452955629426219,2.8582283141937816e-08,0.0036280878579209746,5.1950150529810556e-05,0
overtax,10,0.0014452955629426219,1.0858537643493858e-07,0.00331666631558307,5.157804527606161e-05,3
overtrain,10,0.0014452955629426219,5.614894028412345e-09,0.003420854840316374,4.9884645741439655e-05,7
overtraine,10,0.0014452955629426219,1.2568353191040955e-08,0.0030140898277647445,4.456334788618882e-05,7
overtreat,10,0.0014452955629426219,1.398062218668014e-07,0.002763045161690469,5.3011005920528564e-05,2
overuse,10,0.0014452955629426219,5.443323542409241e-07,0.0029633837765504533,5.2091192420540927e-05,7
overview,80,0.011562364503540975,0.00012429768313483195,0.012786693998465446,0.00020330469775283854,11
overweight,140,0.020234137881196705,3.363045424579277e-05,0.01956694298787836,0.00021731591511121978,7
overwhelmed,7,0.0010117068940598353,1.5174282419947594e-08,0.002353145942577001,4.7786042395236735e-05,0
overwhelming,33,0.0047694753577106515,7.553058093969617e-06,0.007297148129652086,0.00011593249444182029,5
overwhelmingly,9,0.0013007660066483597,5.515701084535706e-09,0.0033215178406928933,4.495634813070304e-05,5
ovid,23,0.00332417979476803,7.01784763485086e-06,0.0040726947342202835,0.00010097981485624178,2
ovulate,9,0.0013007660066483597,3.716888758374998e-09,0.003129642766702586,4.5096157978161324e-05,0
ovulation,27,0.003902298019945079,2.043626016203079e-06,0.006076709453922744,8.876760519271658e-05,6
oxandrolone,10,0.0014452955629426219,2.3062916518220728e-07,0.003309519042955228,5.141884995824112e-05,1
oxf,10,0.0014452955629426219,3.957818332227777e-07,0.002406739908690324,6.159070800163121e-05,11
oxford,9,0.0013007660066483597,7.54677365915532e-08,0.002326192910919861,5.8340821466387684e-05,5
oxidative,19,0.0027460615695909813,3.627271398134381e-06,0.004041890067310259,7.727178737991507e-05,6
oxide,17,0.002457002457002457,8.367614011070125e-07,0.0036664741014473456,8.187975350388005e-05,1
oxygen,71,0.010261598496892614,4.09450606229844e-05,0.012213091679415913,0.00017986002472006234,6
oxytocin,10,0.0014452955629426219,3.0772077701220627e-08,0.003159380946161539,5.0110083323972294e-05,1
oyetewa,10,0.0014452955629426219,1.6367797023345047e-07,0.0025839509247252727,6.223131988666834e-05,11
oyster,43,0.006214770920653274,7.848197983829295e-05,0.00731171613296943,0.00014808428833313784,9
o’leary,10,0.0014452955629426219,4.587023310769342e-07,0.0005255755863524142,9.457617904718387e-05,11
p.100426,10,0.0014452955629426219,6.5464228929915e-07,0.002528350199976446,6.306911944423539e-05,5
p.1184530,10,0.0014452955629426219,1.1028559364163904e-05,0.001133492554372553,9.177735473963938e-05,11
p.1512268,10,0.0014452955629426219,2.6991143052540856e-06,0.001054277549174162,8.976175111092928e-05,11
p.8217,9,0.0013007660066483597,1.1572472618163145e-08,0.0026753074070326264,5.2346093087533954e-05,11
p.98,10,0.0014452955629426219,1.0988282241833279e-06,0.0026642267301157925,6.264270682666034e-05,11
p.e0162480,9,0.0013007660066483597,1.210233120774119e-07,0.0025191040024871054,5.203755385690121e-05,2
p<0.0001,10,0.0014452955629426219,4.7741111875221e-08,0.0031328013807428736,4.603741305616576e-05,1
p<0.01,17,0.002457002457002457,1.0332187055500834e-06,0.0038718985267921988,7.443889842389222e-05,1
p=0.02,10,0.0014452955629426219,3.6841812761144363e-06,0.002616444947527628,5.597312274530264e-05,7
p=0.03).220,8,0.0011562364503540975,3.244412032197561e-08,0.0021654033083864776,4.7638893249158675e-05,2
pace,28,0.004046827576239341,6.268612573992898e-06,0.00705990626981139,0.00010145824638839081,0
pacific,10,0.0014452955629426219,3.070297218386418e-07,0.002497814022957746,6.874577289537144e-05,3
pack,35,0.005058534470299176,3.974221814257888e-05,0.005121455584140608,0.0001703206874642885,1
package,34,0.004914004914004914,1.8329419673034768e-05,0.007542760877632701,0.00011668918893784258,3
packaging,10,0.0014452955629426219,1.0377274110527e-07,0.0024861028680292765,5.984102784685854e-05,3
page,53,0.007660066483595895,2.8285459578059593e-05,0.010363008797016312,0.0001401998874897374,3
pahor,32,0.00462494580141639,2.6239554946672247e-06,0.006775988089847949,0.00010644891054006973,11
pain,216,0.03121838415956063,0.00045927094754527115,0.024209448181369546,0.00042381449033946245,1
pain.431,10,0.0014452955629426219,1.4602083527133723e-07,0.0029168443163394664,5.9315811838498944e-05,1
painful,53,0.007660066483595895,4.725233249056403e-05,0.009829641937615966,0.00014333480095979576,1
painkiller,10,0.0014452955629426219,2.720264408119806e-08,0.002343524660472167,5.284311973084818e-05,7
painless,10,0.0014452955629426219,7.975833379904248e-08,0.0029290501940905608,5.697540298473345e-05,1
pairing,10,0.0014452955629426219,5.82642449964305e-07,0.00205977903820709,6.923694819832026e-05,10
paladin,32,0.00462494580141639,5.079365106195647e-05,0.003108687944303435,0.00018623839552652077,11
palatable,9,0.0013007660066483597,1.8887092226946035e-07,0.0026469242387059193,5.149287051819957e-05,1
palm,9,0.0013007660066483597,9.116314651956793e-07,0.0017490992676556841,6.908248244616395e-05,13
palpable,8,0.0011562364503540975,1.4178949340624368e-06,0.0021855884950871774,5.2667736812771795e-05,7
palpitation,9,0.0013007660066483597,2.492777025133171e-08,0.002542489271513504,5.1311760787971586e-05,5
pan,19,0.0027460615695909813,6.759158537356402e-06,0.003281736957751702,0.0001036854940700514,9
panacea,15,0.0021679433444139326,7.08979451386773e-08,0.004663750514296419,5.513855429396176e-05,0
panchatsharam,10,0.0014452955629426219,2.6622261533085483e-06,0.0020751715031556133,7.638769100483035e-05,11
pancreatic,8,0.0011562364503540975,1.1973990568768935e-08,0.0024169492920235415,4.948773893867928e-05,7
pandemic,48,0.006937418702124584,2.8375079483469708e-05,0.009051543060274751,0.0001628222788193759,11
panel,299,0.04321433733198439,0.0007840563121769557,0.029917428103193366,0.0004967095734650942,2
panhypopituitarism,10,0.0014452955629426219,2.0249942572096763e-07,0.0024785619673405638,5.4363343885660136e-05,7
panic,19,0.0027460615695909813,1.3044508744856695e-06,0.004786439245747764,7.098035750052555e-05,7
papanikolaou,10,0.0014452955629426219,3.1248034501333744e-06,0.001413684010269082,9.554624816035847e-05,11
paper,121,0.017488076311605722,0.0001561841684364674,0.016202296685417072,0.00028635948854718423,11
par,10,0.0014452955629426219,7.345779847419944e-07,0.002144587108112466,7.038291511521854e-05,9
paradi,10,0.0014452955629426219,6.500953971042423e-06,0.0010250182604737035,9.73780789129345e-05,11
paralimbic,9,0.0013007660066483597,4.342322171475068e-07,0.00221384434735261,5.660099278614262e-05,6
parallel,28,0.004046827576239341,1.828563989968916e-06,0.006807394508129469,9.023357433306475e-05,0
parameter,56,0.008093655152478682,3.991138372583484e-06,0.01125279250564965,0.00013117407653509045,2
parasympathetic,26,0.0037577684636508164,1.676150260615733e-05,0.00471559836631345,0.00012458785029394756,6
parathyroid,12,0.001734354675531146,1.9512269278831058e-07,0.0030210144899769256,5.1905912047413096e-05,7
parede,10,0.0014452955629426219,2.3892648264876706e-06,0.0011443846393368077,9.13526227997172e-05,11
parent,50,0.007226477814713109,1.8731089294485225e-05,0.009474230719114568,0.0001511299336569074,0
parish,10,0.0014452955629426219,4.69230218132692e-07,0.0001743728785945948,0.00012311378039235463,12
park,10,0.0014452955629426219,2.7077004358146994e-07,0.0016897359812549694,7.025160294100335e-05,0
parking,60,0.00867177337765573,3.014207587092537e-05,0.010379933839274096,0.00015239683179143172,0
parkview,9,0.0013007660066483597,8.242742211759938e-07,0.0021777172108867937,6.124242936107825e-05,11
parse,10,0.0014452955629426219,1.4646639935243208e-08,0.0036192391845309754,4.98326971055015e-05,0
partial,20,0.0028905911258852437,2.217046249642297e-06,0.004905318884165096,7.097405400934691e-05,7
partially,10,0.0014452955629426219,6.203289593807226e-08,0.002781713413157942,5.8073478043944325e-05,7
participant,46,0.00664835958953606,5.0533804414142096e-06,0.00937033392295997,0.00011770438670184296,5
participate,48,0.006937418702124584,8.053893649176214e-05,0.008980205435365608,0.0001666795020292464,11
particle,8,0.0011562364503540975,1.2855694346133963e-07,0.0025466503832065534,4.913990275784919e-05,6
particular,166,0.023991906344847522,0.0002776509847242321,0.021986595434028162,0.0003314727845116235,0
particularly,259,0.0374331550802139,0.00031032464907022845,0.02870320833834136,0.00041275730495192296,7
partly,19,0.0027460615695909813,9.405180367094728e-07,0.004727248039148073,7.176968685778449e-05,6
partner,202,0.02919497037144096,0.000386087312151023,0.025228335166524115,0.0003614668838509152,3
partnership,39,0.005636652695476225,6.007396977978519e-06,0.009017665132669397,0.00011906942416616379,3
party,38,0.005492123139181963,2.0762200809437453e-05,0.007172594696323305,0.00014957056171314618,3
pas,9,0.0013007660066483597,7.232461883723721e-08,0.0027444520731334902,5.52777548998607e-05,3
pass,107,0.015464662523486054,0.00015325283349358962,0.0154532976659046,0.0002716298876007272,7
passion,19,0.0027460615695909813,5.502656847753707e-07,0.005028133639402975,6.767385083656266e-05,3
passionate,10,0.0014452955629426219,1.3236773714747254e-06,0.00272165381320876,6.221135582484182e-05,9
passive,9,0.0013007660066483597,5.40235151891327e-08,0.002760286164257342,5.269393244056503e-05,3
past,165,0.02384737678855326,0.00011897996906003771,0.022530664165779753,0.00028068142225882076,7
pasta,10,0.0014452955629426219,1.2494895694953843e-07,0.0018574186359259614,6.593066441726913e-05,9
pastry,18,0.0026015320132967193,2.7169055897128193e-06,0.002925384522040894,9.855194710137146e-05,9
pastuszak,77,0.011128775834658187,2.800238783371549e-05,0.01350004914458764,0.00017107523477175423,0
pat,10,0.0014452955629426219,1.4688012514980805e-07,0.002788475600142803,6.366490794405915e-05,0
patch,298,0.04306980777569013,0.0007490859247372767,0.027498993989486884,0.00048665716616616203,1
patches.182,8,0.0011562364503540975,1.6722571442063096e-08,0.0023098905161260874,4.6538531608037614e-05,1
patel,20,0.0028905911258852437,0.0003995357796184343,0.0014671452888943089,0.00015915362292712325,11
paternal,24,0.003468709351062292,3.433202262334133e-06,0.005417912803829689,9.311176566984904e-05,7
path,54,0.007804596039890158,1.0398258548446127e-05,0.011181457723788377,0.00012901544630290258,3
pathogenesis,10,0.0014452955629426219,9.66884392614459e-07,0.0019308409338519093,7.645021801825803e-05,11
pathologist,10,0.0014452955629426219,3.6718332970895614e-07,0.0023308772101623973,6.156305842468899e-05,2
pathology,66,0.009538950715421303,5.674439497140968e-05,0.010310390713525474,0.00016292547146507322,11
pathophysiological,19,0.0027460615695909813,2.0775005947385524e-07,0.00523300905833248,7.215894258033457e-05,6
pathophysiology,9,0.0013007660066483597,5.132141349273957e-07,0.0024651188852486206,5.559082570318435e-05,11
pathway,86,0.012429541841306548,0.00013434186936995814,0.013070597533123007,0.00022215069999642005,6
patience,44,0.006359300476947536,1.1820005548162519e-05,0.009641854769243877,0.00013104758293545744,3
patient,1405,0.20306402659343836,0.01631504897515327,0.06310014745218841,0.0015261383404927729,3
patients.181,9,0.0013007660066483597,1.4763968885466146e-08,0.0027120610307863687,5.399130925660347e-05,1
patrick,10,0.0014452955629426219,6.842032422000886e-07,0.002041319099578073,6.88783783459819e-05,11
pattern,192,0.027749674808498336,0.0003705102290844977,0.021063828562991126,0.0004013145966876576,6
pause,19,0.0027460615695909813,2.859525454018899e-06,0.003886053092122005,9.392568731504194e-05,7
pay,136,0.019656019656019656,0.00015134361752493697,0.019342598205950166,0.0002854117815661792,0
pcm,9,0.0013007660066483597,3.6340377240029735e-07,0.0031014185756357013,5.228233019525494e-05,3
pcos,36,0.005203064026593439,1.074648049731549e-06,0.0071168496750061315,9.10607339830269e-05,7
pcp,49,0.0070819482584188465,3.2116334740113255e-05,0.009874790199080526,0.00013872769203793098,0
pcv,8,0.0011562364503540975,4.497566555990103e-10,0.0023162841999177625,4.916843590167393e-05,1
pde5,53,0.007660066483595895,9.667896292616734e-05,0.008975308364738737,0.00017564126561961735,11
pdf,50,0.007226477814713109,0.00014492408712792442,0.007889403543320081,0.0001719240761112769,2
peace,10,0.0014452955629426219,1.5561130757325525e-08,0.0030733639574343726,4.5259581629337725e-05,0
peak,239,0.03454256395432866,0.00035206217936936885,0.02586787574446225,0.00042976851293713913,1
pearlman,41,0.005925711808064749,2.3038118215935354e-05,0.007998533843539211,0.00012956690318049192,13
ped,10,0.0014452955629426219,2.2011123966244064e-08,0.0032287283857627956,5.343864463876183e-05,7
pediatric,34,0.004914004914004914,5.209718337751823e-05,0.003505412553223306,0.00017906232283192004,11
pediatrician,10,0.0014452955629426219,5.6865256491468754e-08,0.0030292352459306395,5.191669596155893e-05,7
pee,10,0.0014452955629426219,6.96100583935759e-09,0.0028373606602821572,4.943000525189693e-05,7
peel,10,0.0014452955629426219,4.266369856637841e-08,0.002918349343584446,5.448099490923969e-05,1
peer,20,0.0028905911258852437,4.579429099994764e-06,0.003834220311507575,0.0001016975461429426,11
pellet,324,0.046827576239340946,0.0010898074274513102,0.029460490453534587,0.0005472485418140734,1
pelvis,9,0.0013007660066483597,1.1188513660897576e-07,0.0023815726243436083,5.2991217943412335e-05,7
pen,10,0.0014452955629426219,1.1632214713897971e-06,0.0027781219029944996,5.376381605911341e-05,1
pencina,19,0.0027460615695909813,8.058245520474752e-05,0.002108447035214787,0.000125118060325062,11
penetrate,27,0.003902298019945079,1.4411480567775507e-06,0.00607257518994348,9.470329275881562e-05,1
penetration,26,0.0037577684636508164,6.143480073020819e-06,0.005599756585421201,0.00010080588732687716,1
penile,131,0.018933371874548344,0.00038357064322085436,0.01603613947320442,0.0003550394336531583,1
penis,255,0.036855036855036855,0.0008739357077499521,0.023820686885443903,0.0004957046489074662,1
pennsylvania,29,0.004191357132533603,3.466167942076137e-05,0.005226691492110451,0.00012132488833591692,11
people,723,0.10449486920075156,0.003868285105036282,0.04666946851104094,0.0008865527558920921,0
peptide,47,0.0067928891458303225,2.2731636894743704e-05,0.008675836476442395,0.00014145542746427407,6
peptide-1,9,0.0013007660066483597,6.834674739679443e-07,0.002385927606301986,5.828823877299325e-05,6
perceive,35,0.005058534470299176,1.7865892420356694e-05,0.007021567717330772,0.00011890301844319723,2
percent,209,0.030206677265500796,0.00017813913118357942,0.02262868069836138,0.00032906433347989426,6
percentage,122,0.017632605867899987,9.085501667767413e-05,0.018241299571815667,0.0002481076549233922,1
percentile,10,0.0014452955629426219,2.629765430230235e-09,0.0032335461896799422,4.9007316271122695e-05,2
perception,46,0.00664835958953606,1.726599666028399e-05,0.009638463453185931,0.00013667383644091143,0
perelman,31,0.0044804162451221275,5.19745546287983e-05,0.005136998431292176,0.00013640361391238892,11
perfect,60,0.00867177337765573,1.0118239035940825e-05,0.011797380120367297,0.00015205038493859633,0
perfectly,33,0.0047694753577106515,4.765453602228031e-06,0.008117418969783066,9.017099547011732e-05,0
perform,284,0.041046393987570456,0.0006820814891644862,0.028660483185380548,0.0004560287184288719,3
performance,284,0.041046393987570456,0.0005715707736060936,0.02870230801655533,0.0004563630505409324,5
perimenopause,21,0.0030351206821795057,6.576596738609066e-06,0.004798364756119807,7.426472366133235e-05,6
period,258,0.03728862552391964,0.0005540291638946213,0.02711813186706596,0.00044949372700873037,6
periodic,49,0.0070819482584188465,7.088477552631921e-06,0.010282416191328348,0.00011986831476929098,1
periodically,20,0.0028905911258852437,6.851054184279977e-06,0.004748415289504214,8.038088155888756e-05,3
peripheral,19,0.0027460615695909813,5.256958816970506e-06,0.0031876502099896643,9.369426719271759e-05,7
permanent,50,0.007226477814713109,9.29977679415645e-06,0.01009246910983126,0.00013341394577358397,7
permanently,25,0.0036132389073565544,7.070750728241581e-06,0.006055410137164722,8.018667887313649e-05,0
permeator,10,0.0014452955629426219,2.770162914786655e-07,0.002771887332717321,5.685445191777162e-05,1
permit,10,0.0014452955629426219,1.0524196258715283e-07,0.0030907364149272264,5.303752975948827e-05,1
perpetual,10,0.0014452955629426219,1.7697849693145512e-07,0.0025079097334311014,6.142852675801708e-05,3
perpetuate,10,0.0014452955629426219,1.0599817523110717e-06,0.0022213068294403304,6.953566950669011e-05,5
perseverance,10,0.0014452955629426219,4.0843183274204384e-08,0.0035416010920816445,5.286310054884915e-05,1
persist,19,0.0027460615695909813,2.2342067576845279e-07,0.00554372911524446,6.758359391025899e-05,6
persistent,83,0.011995953172423761,3.7742928166691575e-05,0.013800517287507587,0.00021063310301138848,5
persistently,22,0.003179650238473768,8.904851479940738e-07,0.005148448587290202,7.522453036838086e-05,2
person,292,0.042202630437924556,0.000605606226168259,0.02923719087118523,0.00041757539063495814,0
personal,211,0.03049573637808932,0.00050749277395244,0.026287277387296585,0.0004140458278955115,3
personalise,31,0.0044804162451221275,1.7013730652684135e-06,0.0076566466481756594,8.572495718681349e-05,3
personalised,17,0.002457002457002457,5.058314920179059e-07,0.00506947706000593,6.306902710715932e-05,3
personality,10,0.0014452955629426219,2.5355596033256553e-07,0.002521103317982867,5.991441275051704e-05,7
personalize,77,0.011128775834658187,6.209860712929633e-05,0.01340379715200886,0.00017647570130254213,3
personalized,64,0.00924989160283278,1.3141034653707873e-05,0.012973615923913568,0.00016342133910273842,3
personally,49,0.0070819482584188465,2.8854325424606525e-05,0.009720582260730809,0.00013753241543854226,3
perspective,86,0.012429541841306548,0.00020373861098220392,0.013363605386443114,0.0002326060003618352,6
perth,10,0.0014452955629426219,8.042262735369323e-08,0.0028513016246494625,5.711605057471117e-05,11
pertinent,9,0.0013007660066483597,2.869547614728361e-09,0.0029582538255994687,4.05920034206648e-05,6
pesticide,10,0.0014452955629426219,3.56500934303728e-07,0.0022770652545239423,6.0659127450580366e-05,7
pet,9,0.0013007660066483597,4.5786030977918576e-08,0.0027849502788162097,4.744082300960722e-05,1
petar,95,0.013730307847954907,0.00018998373209280157,0.013015727335120872,0.000258512305659599,0
peter,29,0.004191357132533603,0.0001626766245910132,0.0034020760667236236,0.0001475843734296371,11
peterson,66,0.009538950715421303,3.79923519026139e-05,0.011434019350801829,0.00017936331619134157,2
peyronie,53,0.007660066483595895,6.137400341203208e-05,0.008691222852892243,0.00017694050932879626,1
pfizer,16,0.002312472900708195,7.1735204461605355e-06,0.0023727937551566683,0.00010095747544382885,11
pfs,17,0.002457002457002457,4.0940837246941e-06,0.0034656777613045614,8.313922326963143e-05,13
pgc,9,0.0013007660066483597,1.614087785019363e-07,0.0023888625431210102,5.638076465385003e-05,2
ph.d,26,0.0037577684636508164,5.091670261306609e-06,0.005212995318815185,9.6153580770729e-05,11
pharmaceutical,65,0.009394421159127041,2.9581274019393727e-05,0.011671517804502743,0.00018472881735794448,1
pharmacist,9,0.0013007660066483597,8.26205210805328e-09,0.0028512127664002233,5.185755850067613e-05,1
pharmacodynamic,27,0.003902298019945079,1.509610956673888e-05,0.0055820395007614544,0.00010229052634628714,1
pharmacokinetic,131,0.018933371874548344,0.00024806467630006975,0.01823479643680422,0.00031538439516518127,1
pharmacological,20,0.0028905911258852437,6.14334008575289e-06,0.004467625490684248,9.649209021329866e-05,11
pharmacology,10,0.0014452955629426219,1.9340779102392225e-08,0.0034844448779156752,5.330438549890194e-05,1
pharmacother,15,0.0021679433444139326,9.09469417456997e-06,0.0029296890238340438,9.143661773196237e-05,11
pharmacotherapy,10,0.0014452955629426219,7.440786918235296e-07,0.002122929734742276,6.764120251078429e-05,11
pharmacy,173,0.025003613238907357,0.0002891988532501474,0.022831168875396005,0.0003552862150890514,1
phase,46,0.00664835958953606,5.0430589151962315e-06,0.010429877537953339,0.00011653654908367626,3
phd,69,0.009972539384304091,0.0010576474845960821,0.00717472495597014,0.00033352937890654644,11
phenomenon,37,0.0053475935828877,2.6893915906632856e-05,0.007128202016569926,0.0001231025226865549,11
phenotypically,9,0.0013007660066483597,2.1533149368097825e-07,0.0018727339178424406,5.993377179500098e-05,7
phentolamine,10,0.0014452955629426219,8.910398146696677e-07,0.002285352749072446,7.060791177803552e-05,1
phenylpropionate,7,0.0010117068940598353,9.721375898085187e-08,0.0007121229529664767,7.268236675771175e-05,1
philadelphia,44,0.006359300476947536,7.429778397073933e-05,0.004110532257900833,0.00022479009251815738,11
philosophy,9,0.0013007660066483597,9.966300597660248e-08,0.0029838219141709215,4.7807281834784634e-05,0
phimosis,10,0.0014452955629426219,7.488210077954273e-07,0.0022893538907446057,6.190016143756434e-05,2
phlebotomist,10,0.0014452955629426219,9.092391401404196e-08,0.002577501429791255,5.751172134976062e-05,1
phlebotomy,100,0.014452955629426218,7.334639032220346e-05,0.01576293788973227,0.00022209009810933566,3
phone,76,0.010984246278363925,0.00012813954240494113,0.011613278681341752,0.00019033050539595732,3
phosphatase,9,0.0013007660066483597,5.828769164702716e-06,0.0010908449776354345,9.334911061951793e-05,2
phosphodiesterase,21,0.0030351206821795057,1.006308671841199e-06,0.005329416360143817,7.653607958688294e-05,7
photo,20,0.0028905911258852437,8.171771087637154e-07,0.005386852659415201,8.236096852180355e-05,3
photography,9,0.0013007660066483597,2.248339434539609e-06,0.0016619943524005891,6.891369845983837e-05,0
phrase,19,0.0027460615695909813,9.217538371175974e-07,0.00538899445061301,7.330546039281208e-05,5
physic,9,0.0013007660066483597,2.154855043809445e-07,0.001421570483542483,6.807952906916704e-05,11
physical,589,0.08512790865732042,0.002124924315437439,0.04056978900069749,0.0006816921757039272,5
physical/,10,0.0014452955629426219,1.1443326372570488e-07,0.0023692615315464016,6.001903057371131e-05,5
physically,99,0.014308426073131956,9.156448148706381e-05,0.015671293053203472,0.00022922614760103756,0
physician,404,0.05838994074288192,0.0011913454070177092,0.03530580364854359,0.0005924918086251351,3
physicians,11,0.001589825119236884,1.1894608095568647e-08,0.0034466037108405335,4.921736122132078e-05,11
physiol,13,0.0018788842318254082,0.0011524976430077512,0.0008246980557296332,0.00014348306627516718,8
physiologic,45,0.006503830033241798,1.1014181463569252e-05,0.009437893913432666,0.0001245066922183713,6
physiological,231,0.033386327503974564,0.0005042620679947035,0.027099689292312896,0.00041826275597718035,6
physiologically,20,0.0028905911258852437,2.830017119548515e-06,0.004788984939900652,8.080822019299737e-05,0
physiology,155,0.02240208122561064,0.0013045680086460558,0.01798113981714928,0.00044487241862015337,11
physique,30,0.004335886688827865,3.6464221999874957e-06,0.0065367990444381175,0.00011175428288880612,6
phytoestrogen,9,0.0013007660066483597,1.1592906549090627e-06,0.002314341082560274,5.0025141484917515e-05,6
pick,45,0.006503830033241798,4.6092984263983055e-06,0.009809803210672801,0.00012034256569964055,1
picture,144,0.020812256106373755,5.820883616494373e-05,0.020666059285568725,0.000234781504332408,0
piece,29,0.004191357132533603,6.616308614333975e-06,0.006068945113080145,9.668407164589436e-05,3
piggyback,10,0.0014452955629426219,6.903918840369288e-07,0.0013402151259764071,7.820271895877635e-05,0
pile,9,0.0013007660066483597,6.510872806898317e-08,0.002524641920750801,5.629560047177601e-05,0
pill,248,0.03584332996097702,0.00021288139869321063,0.02689003457024587,0.00035640166734546226,1
pillar,19,0.0027460615695909813,1.2840046376507044e-06,0.0049893780744878465,7.846839251718913e-05,5
pilz,10,0.0014452955629426219,2.2971485690125237e-06,0.002353066495381112,6.378249427455742e-05,0
pin,10,0.0014452955629426219,4.237920312617436e-07,0.00268126130229617,5.139974855339444e-05,0
pinch,8,0.0011562364503540975,7.719432882729824e-10,0.002544035752210313,4.6326115386262295e-05,1
pine,15,0.0021679433444139326,3.197639716405682e-06,0.0034452106643153573,7.841640820364121e-05,11
pinpoint,23,0.00332417979476803,1.4134669804687162e-06,0.00563353240226401,7.486928747709823e-05,3
pint,8,0.0011562364503540975,4.9952028506376775e-08,0.0024983419486338306,4.812942238078038e-05,7
pittsburgh,15,0.0021679433444139326,9.21931008598697e-06,0.0028227408009493097,8.611373968265568e-05,3
pituitary,445,0.06431565255094666,0.0015269231574727704,0.02809837204338337,0.0006093334102913731,6
pivotal,20,0.0028905911258852437,5.960237088953649e-06,0.004783095700772356,7.139876130533442e-05,6
pizza,10,0.0014452955629426219,1.199335567684325e-06,0.0028423202535506737,6.225324437154577e-05,0
pkg,10,0.0014452955629426219,2.425463401676901e-07,0.0020616613337177416,6.914571231612194e-05,13
place,336,0.04856193091487209,0.0019421481188952767,0.03146646659695715,0.0006154883169560702,1
placebo,190,0.027460615695909813,0.0002306914529898796,0.022359967727996272,0.00035873869065283646,2
placebo.29,8,0.0011562364503540975,0.0,0.0024852263421389596,4.784888026160394e-05,2
placebo.53,9,0.0013007660066483597,6.277041030228864e-09,0.0028763673737685607,4.38767628492124e-05,7
placement,9,0.0013007660066483597,1.5409200896050635e-08,0.0028694509943088956,5.10106712606001e-05,1
placenta,16,0.002312472900708195,1.7714993858006607e-06,0.0034012102497442713,8.288624537311876e-05,6
plague,8,0.0011562364503540975,3.780342609526768e-06,0.0018682851007572874,5.298101191082016e-05,2
plan,388,0.056077467842173725,0.0006530438661682673,0.03528972595799367,0.0005032574324268397,3
plant,9,0.0013007660066483597,8.863507421872503e-09,0.0030794462099856426,4.814494078940419e-05,5
plaque,61,0.008816302933949994,2.903777688944172e-05,0.010964052297303663,0.00015187514526403877,7
plasma,65,0.009394421159127041,6.572662304523818e-05,0.009511805647487685,0.00020260578477445095,5
plastic,29,0.004191357132533603,3.27677212603027e-05,0.00434576902177578,0.00013247578167747964,11
plate,10,0.0014452955629426219,4.513443626806572e-06,0.0022590934970316695,6.083478097889369e-05,9
platelet,68,0.009828009828009828,8.589815460615868e-05,0.009629145799726978,0.00019906950390786548,5
platform,83,0.011995953172423761,4.304041567795936e-05,0.014224971304758567,0.0002037461512938159,0
platz,8,0.0011562364503540975,4.6928895865412423e-07,0.00023732293954279788,9.58311843298632e-05,11
play,301,0.04350339644457291,0.0006271669915107222,0.026590290909578068,0.000469061952552555,6
player,28,0.004046827576239341,1.2202674744079602e-06,0.007212030305987348,8.671638520451568e-05,0
playlist,9,0.0013007660066483597,8.739531627454891e-08,0.0022467775428978987,6.0368576648786734e-05,0
pleasant,10,0.0014452955629426219,1.5564642417006811e-07,0.0029435788834532763,5.571528998534726e-05,0
pleasanton,14,0.0020234137881196706,2.8244782122492913e-05,0.0021886577886208714,8.328276647352182e-05,3
pleased,18,0.0026015320132967193,4.713325798099969e-06,0.004757277061645412,7.783406480022946e-05,5
pleasure,57,0.008238184708772944,7.186931216758247e-05,0.009442162861540648,0.00018759909008013567,0
plenty,95,0.013730307847954907,2.917569852997578e-05,0.01591824849063509,0.00018994071273824883,0
plethora,10,0.0014452955629426219,1.0069217080508185e-07,0.0030228662949614033,4.99595074462981e-05,0
plication,8,0.0011562364503540975,5.969781019239565e-07,0.0015553038544531162,6.097908472082519e-05,1
plos,10,0.0014452955629426219,4.7325972035043016e-07,0.0027449760837952412,5.326748253395774e-05,2
plug,9,0.0013007660066483597,6.316491942592242e-07,0.002700632509337234,5.768001351486093e-05,0
plummet,16,0.002312472900708195,4.959716779880338e-07,0.004208199644042611,6.790833087227222e-05,6
plunge,9,0.0013007660066483597,1.8169757796274475e-09,0.002667739496271842,4.6240216559882675e-05,6
plunger,10,0.0014452955629426219,1.7606480252007519e-06,0.0016338603295132617,6.475159967711925e-05,1
plus,148,0.0213903743315508,0.0001249688740301211,0.021203204479944154,0.0002796476223371057,3
pmc,21,0.0030351206821795057,8.388623693562396e-06,0.003379454343307219,0.00011799783988357853,11
pmc2645631,10,0.0014452955629426219,4.5918464484458415e-06,0.001795703305445952,7.303633832825002e-05,11
pmc3073592,5,0.0007226477814713109,0.0,0.0004087670077796269,5.5285208258558534e-05,11
pmc3081396,10,0.0014452955629426219,1.5003924550798463e-06,0.0013839954277672136,7.757869046880147e-05,11
pmc3188848,5,0.0007226477814713109,0.0,0.00022440812934000891,5.971064762303911e-05,11
pmc4074000,10,0.0014452955629426219,1.2239014447010589e-06,0.002024032852825518,6.991179638118069e-05,11
pmc4154787,10,0.0014452955629426219,6.071914593269407e-07,0.0016855668777993817,7.031828740708603e-05,11
pmc4168024,10,0.0014452955629426219,1.5635864611737913e-05,0.0008856850157416933,0.0001064561794529375,11
pmc4650468,10,0.0014452955629426219,1.941018755792177e-06,0.0015006301224993524,8.0277704491144e-05,11
pmc4744737,10,0.0014452955629426219,8.979134111325725e-07,0.0019479617180418168,6.84793329109957e-05,11
pmc6571549,10,0.0014452955629426219,1.277450410505059e-06,0.0009768854975306647,0.00010006995736003948,11
pmcid,65,0.009394421159127041,0.0009184456510362814,0.004840170481788827,0.000360029198069,11
pmid,43,0.006214770920653274,0.00014702669915834482,0.004555926140305627,0.00024459705868763926,11
pmol,20,0.0028905911258852437,5.956465074409502e-07,0.004945820320895521,6.901136651226386e-05,2
pneumococcal,9,0.0013007660066483597,2.2295528475285998e-06,0.0016702339469084964,6.877383718043976e-05,7
pocket,52,0.007515536927301633,8.037033059673933e-06,0.010605897838876086,0.00014692953875973655,0
podcast,110,0.01589825119236884,0.00018068809661370968,0.013225348669506788,0.00027450199128800434,0
podcaster,19,0.0027460615695909813,2.4713745169136704e-06,0.004894617004687293,7.927736111912299e-05,5
point,345,0.04986269692152045,0.0008103786056319561,0.03183863982131784,0.0004893846078564166,0
pointe,9,0.0013007660066483597,3.108078018520877e-07,0.0005581176874410812,8.327969424027037e-05,12
pointer,10,0.0014452955629426219,7.317454075738044e-08,0.002769796774252543,5.3671791998644844e-05,7
poisoning,38,0.005492123139181963,2.8681100750835235e-05,0.0069547787611915985,0.0001438985425402138,0
poke,18,0.0026015320132967193,9.034103329758822e-06,0.004074643945694227,7.681256462231324e-05,1
policy,63,0.009105362046538517,8.205531807180408e-05,0.009257367425086035,0.00016482300214999416,3
political,29,0.004191357132533603,2.8516148364590476e-05,0.006254642719115664,0.00011728978777733221,5
polycthemia,10,0.0014452955629426219,1.8285031746757996e-07,0.0026124315342364235,5.820278528058228e-05,2
polycystic,33,0.0047694753577106515,3.04783472024744e-06,0.006295298842560234,9.282124589513379e-05,7
polycythaemia,20,0.0028905911258852437,5.381224398432083e-06,0.004613069031897375,7.636909142033537e-05,5
polycythemia,195,0.028183263477381124,0.00018065351446743986,0.02389655151276509,0.0003117195069887733,7
polygenic,9,0.0013007660066483597,9.003926598149055e-09,0.0029005454511729888,5.0069401312101495e-05,7
polyp,9,0.0013007660066483597,1.9527588661579794e-08,0.002751692431284287,5.2473664283139127e-05,7
polypharmacy,9,0.0013007660066483597,2.3339576327117492e-07,0.002311512299200358,5.39258600265149e-05,7
pome,34,0.004914004914004914,2.7875504997558724e-05,0.00698273230738185,0.00013616904232969992,1
pomegranate,37,0.0053475935828877,9.336871294125408e-05,0.005739679540476157,0.0001444753228527674,9
pool,10,0.0014452955629426219,4.181796659532189e-07,0.0029451337219381464,6.071966005090602e-05,0
pooled,20,0.0028905911258852437,6.84078597532536e-06,0.004333330161659487,8.717255921524266e-05,2
poor,273,0.039456568868333576,0.00034079572084483534,0.02586590465991895,0.0003853173120979382,5
poorly,37,0.0053475935828877,3.920617347148265e-06,0.008394747103773267,0.00010671412064027594,7
pop,10,0.0014452955629426219,2.3680874879916116e-07,0.0022513295521251566,5.935423243659784e-05,0
popeye,9,0.0013007660066483597,1.5520052057473904e-06,0.001836285709899844,6.389792603082102e-05,9
popular,92,0.01329671917907212,3.1141876701081346e-05,0.016423163025084418,0.00017778197248820995,0
popularity,56,0.008093655152478682,1.0219228610534029e-05,0.01103409938536997,0.0001476305329623792,6
popularly,10,0.0014452955629426219,9.312189950429046e-07,0.0024360577279589368,6.186783546376326e-05,11
population,215,0.03107385460326637,0.0004302385153672591,0.025277136730936577,0.00042849456583501347,2
population‐base,9,0.0013007660066483597,2.768309057571964e-07,0.0028587613329041665,5.270490200578853e-05,11
popup,10,0.0014452955629426219,1.731541509280921e-06,0.002585803869934467,6.30604711338344e-05,0
pore,20,0.0028905911258852437,5.449583539739176e-06,0.00455031696578875,9.006972021757634e-05,11
porebski,10,0.0014452955629426219,9.999196350788396e-07,6.709793165026248e-05,0.0001292574822518891,11
pornography,9,0.0013007660066483597,7.023604515016292e-07,0.0015648365196976447,7.704173521959527e-05,5
portal,37,0.0053475935828877,2.666516503507319e-06,0.008487561682454847,0.000115179560427656,3
portion,27,0.003902298019945079,1.2012395997025553e-05,0.005641812066557971,0.00011315440940773426,0
portland,17,0.002457002457002457,9.720900998754062e-07,0.0038850987351491716,8.122132655575008e-05,3
pose,33,0.0047694753577106515,6.891247239342071e-06,0.006651797999210084,9.311260366861234e-05,7
positas,7,0.0010117068940598353,1.6383291943134142e-07,0.0008358658373867335,7.314160977768644e-05,3
position,24,0.003468709351062292,8.81598894581004e-06,0.004740644525059973,0.00010031351435575997,1
positive,230,0.0332417979476803,0.00043908989747157127,0.02581820220507128,0.0004195490169517966,6
positively,50,0.007226477814713109,1.799464179662224e-05,0.009650691503057836,0.0001412199618541155,6
positivity,10,0.0014452955629426219,4.893933406219466e-07,0.001832678123152742,7.157534598294468e-05,3
possibility,67,0.009683480271715566,3.5689969409848134e-05,0.012656745353008094,0.0001656134049093961,1
possible,430,0.06214770920653274,0.001271790425979864,0.035621952190813315,0.0005570507020364571,5
possibly,53,0.007660066483595895,1.3352158823940699e-05,0.01115208566499495,0.00012489832497695967,0
post,70,0.010117068940598353,9.228420630113038e-05,0.011596975512729642,0.00021223399091838507,13
postmenopausal,10,0.0014452955629426219,6.939754868809168e-09,0.003102801439592575,4.597449094687954e-05,5
potency,10,0.0014452955629426219,1.8544805935648182e-07,0.0032109858618054863,5.5717504129492934e-05,3
potent,27,0.003902298019945079,6.461353058488346e-06,0.004968531209607302,0.00010878074729975895,6
potential,544,0.07862407862407862,0.0017931153697693352,0.04077586049539848,0.000695392929668022,3
"potential.37,38",9,0.0013007660066483597,1.508117827087419e-08,0.0030908519975668086,4.603351414212368e-05,6
"potential.5,6,33,35,36",9,0.0013007660066483597,6.148841184257297e-09,0.002786367005379388,4.816383154238526e-05,6
potentially,253,0.03656597774244833,0.00033055293333014767,0.028021403433905953,0.0004000897000581859,7
potentshottm,15,0.0021679433444139326,3.7346448325039734e-06,0.0028802998389930103,8.68469885802701e-05,1
potentwavetm,16,0.002312472900708195,4.067548336614335e-06,0.0029568122567468036,9.213266002920348e-05,1
pouch,10,0.0014452955629426219,9.687392504166755e-08,0.0020681254384370454,5.951093094070254e-05,1
poultry,9,0.0013007660066483597,3.6656604612481446e-06,0.0014838751836013903,7.111838172791689e-05,9
pound,96,0.013874837404249168,6.659112486698168e-05,0.0148902835601897,0.00020996523930980868,0
pour,9,0.0013007660066483597,1.3899956241464985e-07,0.002395810407878489,5.414387921732633e-05,1
power,97,0.014019366960543431,0.0001638384850624105,0.014028602429877865,0.00022444022107762782,1
powerful,54,0.007804596039890158,7.033938854304423e-05,0.01006667294082942,0.0001801889264997913,10
pp.1151,10,0.0014452955629426219,2.991385136016132e-06,0.0019895331096987543,7.635286514202465e-05,6
pp.15,14,0.0020234137881196706,0.00010222828844084227,0.002725948632689148,0.00010498396815873814,4
pp.180,10,0.0014452955629426219,2.1312746802251e-06,0.002414487506543468,5.898274382367973e-05,11
pp.200,10,0.0014452955629426219,0.0001317296362506333,0.0016104089712009131,8.979338737981881e-05,4
pp.2021,9,0.0013007660066483597,1.2125603412841545e-08,0.0029747119849767283,4.663574818722923e-05,3
pp.238,10,0.0014452955629426219,1.2711228395780561e-07,0.0024829337249127796,5.894202146595723e-05,3
pp.3,10,0.0014452955629426219,1.4029619450638291e-07,0.0025378601586588047,5.825183023950339e-05,2
pp.317,10,0.0014452955629426219,5.242096879285996e-07,0.002552216148152191,6.581790408416415e-05,11
pp.349,10,0.0014452955629426219,2.1323333234904306e-06,0.0018128404303273758,7.866919422795275e-05,11
pp.42,10,0.0014452955629426219,3.6472714224560697e-06,0.0014089532360465245,8.04534926628871e-05,11
pp.46,9,0.0013007660066483597,3.2764648719519973e-06,0.0019862999459660043,6.77627060543881e-05,6
pp.557,10,0.0014452955629426219,2.2452611670423353e-06,0.0017300640718899765,8.636164509136286e-05,11
pp.761,10,0.0014452955629426219,2.912411588863096e-06,0.001378628773527647,9.327092953937938e-05,11
pp.855,10,0.0014452955629426219,4.66179044449294e-06,0.001862263657471336,7.490891838676522e-05,11
pp.e2348692,10,0.0014452955629426219,1.5405547167910269e-06,0.0015046826964058976,8.984029623758364e-05,11
pract,16,0.002312472900708195,3.5525115773776694e-06,0.001946790873883829,0.00011289087679821492,11
practical,50,0.007226477814713109,1.807323029465461e-05,0.009994174221369827,0.00014384619042106137,3
practice,368,0.05318687671628848,0.0018944179737915966,0.03322600599443232,0.0006470250328846636,3
practitioner,121,0.017488076311605722,0.00012401242421702225,0.019661840787374908,0.00027604556677804343,3
prad,10,0.0014452955629426219,6.16519663906207e-07,0.0023653995098816888,6.0640847506495486e-05,7
prader,10,0.0014452955629426219,5.193576255378972e-08,0.0026669052597763964,5.4083220237027e-05,7
prasad,10,0.0014452955629426219,8.104363956767393e-08,0.0031549907334233796,4.8300706680241135e-05,1
prasanth,10,0.0014452955629426219,1.4677189909670567e-06,0.00024350769321165324,0.00011414223521907898,11
pre,96,0.013874837404249168,7.001663236883429e-05,0.015376220687852254,0.00021295009841329932,7
precaution,20,0.0028905911258852437,3.79680655464999e-07,0.0057319137307565255,7.525871034878833e-05,3
precede,18,0.0026015320132967193,7.99271544536551e-06,0.00403016028850693,8.481255304289802e-05,2
precipitously,9,0.0013007660066483597,5.27737201556048e-08,0.0025027214398118175,5.2462769197181115e-05,6
precise,26,0.0037577684636508164,4.7387791674788696e-07,0.0059703717537929225,7.6283110776321e-05,6
precision,19,0.0027460615695909813,4.468415845670232e-06,0.004843784622560626,8.31438243533629e-05,2
precision.10,9,0.0013007660066483597,3.615166811319622e-07,0.0018265795322636909,6.122359657538467e-05,2
preclude,6,0.000867177337765573,2.8240307662995713e-09,0.0017302562928792331,3.7942811926711936e-05,7
precocious,20,0.0028905911258852437,5.430050806785413e-07,0.00505880260414194,6.588888426433064e-05,7
precursor,81,0.011706894059835236,3.321927585928034e-05,0.01308293784140265,0.0001876597861003534,6
predate,9,0.0013007660066483597,6.449932946019295e-07,0.002985282838799454,5.1794307992234126e-05,11
predefine,10,0.0014452955629426219,1.3995931554309714e-08,0.0035110707742523287,4.717251737160269e-05,0
prediabete,29,0.004191357132533603,4.631617198770966e-06,0.0074160819515846615,8.593609374863922e-05,7
predict,64,0.00924989160283278,3.956402619958092e-05,0.010611742348247931,0.00018507860801781926,7
predictability,10,0.0014452955629426219,1.0796985101895659e-08,0.0034954448293325535,4.704109890093117e-05,6
predictable,29,0.004191357132533603,4.907606447313833e-07,0.0072750732592891144,8.72913478125285e-05,1
predictive,10,0.0014452955629426219,3.934943568439349e-09,0.003238465148376635,4.432614938344433e-05,7
predictor,19,0.0027460615695909813,8.077712534575558e-07,0.0044905685705080986,8.109034143344906e-05,7
prediman,17,0.002457002457002457,2.3774203277289075e-06,0.0038043460928849876,7.861940561765638e-05,11
predisposed,10,0.0014452955629426219,1.2123128715953136e-08,0.0031290867361377173,5.077883701582209e-05,6
predisposition,19,0.0027460615695909813,1.4388511506907587e-06,0.004383445444230222,6.955205133715154e-05,7
prednisolone,10,0.0014452955629426219,1.889588713614778e-07,0.003491088455412594,5.0154155034544164e-05,7
prednisone,20,0.0028905911258852437,7.361275280591616e-07,0.00476791402513847,8.06824990083692e-05,7
predominant,18,0.0026015320132967193,1.4668660334979065e-06,0.004604056331744483,6.960609283199461e-05,6
predominantly,19,0.0027460615695909813,8.509268705904345e-07,0.004638038938676987,7.227856998278803e-05,6
predominately,10,0.0014452955629426219,8.63039902647683e-09,0.003208261038027989,4.39847001411871e-05,6
preexist,23,0.00332417979476803,7.595588969279149e-07,0.005789706489809331,6.787059958148047e-05,1
preexposure,10,0.0014452955629426219,1.4367074325976648e-06,0.002149842388827868,6.531485960087426e-05,7
prefer,131,0.018933371874548344,9.016274449918647e-05,0.019833643561872668,0.0002401977012939236,1
preferably,25,0.0036132389073565544,7.0259194652628205e-06,0.006233031389886285,8.182216302572438e-05,1
preference,106,0.01532013296719179,7.724496660964636e-05,0.016407234826910252,0.0002225058448427805,3
preferred,28,0.004046827576239341,4.5495563679703317e-07,0.007071409048791267,9.097697395256521e-05,1
pregnancy,35,0.005058534470299176,1.977430322847181e-05,0.006396538829392159,0.0001291534653075678,7
pregnancy.34,9,0.0013007660066483597,3.74199200317711e-08,0.0025768556348387617,4.8528761111482216e-05,6
pregnant,65,0.009394421159127041,4.153013348932986e-05,0.010396494794703321,0.0001800010082928043,6
pregnenolone,37,0.0053475935828877,3.618368044092624e-06,0.00746659843237522,0.0001132599799522569,6
preliminary,19,0.0027460615695909813,3.940791778855053e-07,0.0053379529077264825,6.996770576252035e-05,1
premal,10,0.0014452955629426219,1.9295995173241466e-05,0.0003716170689260369,0.00011420247147074946,11
premature,82,0.011851423616129498,4.312840947025764e-05,0.012508538421340016,0.00017742278407210753,7
prematurely,9,0.0013007660066483597,7.690231086457248e-08,0.0021762916906062674,5.795391967282934e-05,6
premier,10,0.0014452955629426219,4.018649082348775e-07,0.0023860687726092876,6.649431676875214e-05,3
premise,10,0.0014452955629426219,1.034629831624505e-07,0.003191978779626205,5.437376445178051e-05,0
premium,8,0.0011562364503540975,1.550825313371707e-08,0.0028745799408600747,4.5357015829849665e-05,3
prep,10,0.0014452955629426219,2.2699625137366426e-07,0.00183614610189248,7.064382842600895e-05,7
preparation,99,0.014308426073131956,9.034589232795411e-05,0.01643938570286555,0.0002325294462052607,1
preparations.421,10,0.0014452955629426219,2.618775870094529e-08,0.003340566912829995,5.0013754090386045e-05,1
preparations.441,9,0.0013007660066483597,6.118036897833436e-07,0.0024534264682417816,5.0501009760911314e-05,1
prepare,87,0.012574071397600809,7.508527948549832e-05,0.014675069630731112,0.0001831633279643138,1
prepared,8,0.0011562364503540975,2.310560855464524e-10,0.003015095225004634,4.185176668440395e-05,0
presbyterian,10,0.0014452955629426219,1.5563030900947865e-07,0.002009351133700738,6.745183790514372e-05,3
prescribe,481,0.06951871657754011,0.0013391144150721973,0.037824400261524053,0.0006583781650043093,3
prescribed,24,0.003468709351062292,1.454154950067637e-06,0.00605990351791845,7.938363402334288e-05,1
prescriber,10,0.0014452955629426219,2.0644443524565435e-08,0.0032110968038465315,5.169027881097969e-05,2
prescribing,93,0.013441248735366382,5.1024133596816645e-05,0.014586534191683091,0.0002281012574179825,3
prescription,324,0.046827576239340946,0.000644857352286511,0.031510448171258996,0.0005042969627025043,3
prescription(s,10,0.0014452955629426219,7.505356020005258e-08,0.002996793055040426,5.3807915713054166e-05,3
presence,80,0.011562364503540975,7.236542954136517e-05,0.013266782924929974,0.00020048087387612663,7
present,234,0.03381991617285735,0.0005156975544285308,0.025047451112664865,0.0004159938951380258,7
presentation,60,0.00867177337765573,3.316963873472148e-05,0.0100740094871497,0.0001680720669791304,11
preservation,39,0.005636652695476225,4.0098818496510355e-06,0.008367265631719115,0.00010516689339109934,6
preservative,8,0.0011562364503540975,1.627198516252661e-07,0.002131710115796287,5.731275043450926e-05,6
preserve,119,0.0171990171990172,4.633778421705464e-05,0.01789842523114705,0.00021023400599959585,6
presidential,8,0.0011562364503540975,1.553536633878333e-08,0.0017335026024401846,6.156149004467151e-05,0
press,20,0.0028905911258852437,2.8030462433635497e-06,0.00354281296846155,0.00010457455966107243,11
pressed,10,0.0014452955629426219,2.75194161056877e-07,0.0029892370442458657,6.104033070658305e-05,0
pressing,14,0.0020234137881196706,1.720781145602538e-08,0.004564297054966653,5.575837849681018e-05,3
pressure,346,0.05000722647781471,0.0007580647088022798,0.029809640845436598,0.0004911793595015978,7
preston,10,0.0014452955629426219,3.7418959490278802e-06,0.0011564785877861586,8.584022383282881e-05,11
presumably,9,0.0013007660066483597,1.634445521162622e-06,0.002792702981331831,5.115599657518272e-05,9
pretend,18,0.0026015320132967193,2.89980710886438e-07,0.005455060018365697,6.437194566767462e-05,0
pretty,154,0.022257551669316374,0.0001551152997011362,0.021673182674836054,0.00031099870224463705,0
prevail,10,0.0014452955629426219,9.5360320715016e-07,0.00211469570518913,6.228214133965675e-05,11
prevalence,124,0.01792166498048851,7.352273355748612e-05,0.017312419863548003,0.000264575821888988,2
prevalent,31,0.0044804162451221275,1.7916156724682292e-06,0.006816887039591866,8.33891674892296e-05,0
prevent,321,0.04639398757045816,0.0005625170899971713,0.03078963817766019,0.0004965672278259185,7
preventable,18,0.0026015320132967193,2.4209321368974095e-06,0.004482953672708845,7.838172729728963e-05,7
preventative,47,0.0067928891458303225,4.702642111318842e-05,0.009769668904602754,0.00013700658119568566,0
prevention,158,0.022835669894493423,0.00038581080813524844,0.018940023638237997,0.00035506433867550186,7
preventive,34,0.004914004914004914,7.495231252540821e-06,0.007570974450772329,0.00011130847379070979,11
preview,9,0.0013007660066483597,1.3749189725398763e-06,0.002626821461641313,5.4204552159254474e-05,3
previous,107,0.015464662523486054,9.647466745978151e-05,0.014443508569200344,0.0002145339030338162,6
previously,79,0.011417834947246712,6.667966566534788e-05,0.013850840166067193,0.00017747026582869664,7
priapism,38,0.005492123139181963,1.1973886663367333e-05,0.008142760357071016,0.0001260017432993831,1
price,52,0.007515536927301633,5.766426604430525e-05,0.009914671280564858,0.00017345498305540902,3
pricing,20,0.0028905911258852437,2.685236545412438e-07,0.005989760989504673,7.178947642997578e-05,3
prick,13,0.0018788842318254082,1.0917647875222953e-06,0.0022393390565526453,7.659076925112029e-05,1
primarily,79,0.011417834947246712,3.9638590934256636e-05,0.011921358594990284,0.00018360017329828947,6
primary,511,0.07385460326636797,0.0013428837317344471,0.03387759912089393,0.0005917726227175586,7
prince,10,0.0014452955629426219,3.034314133872975e-06,0.00013736971032035292,0.00012191989512319887,11
principal,19,0.0027460615695909813,3.9419903597735435e-06,0.003271016476310293,9.532570967947659e-05,11
principle,52,0.007515536927301633,3.929605725465495e-06,0.010933087294590584,0.00013516093999831793,3
prior,237,0.03425350484174013,0.00029479780454639697,0.02653345098554354,0.00038722352494298856,3
priori,9,0.0013007660066483597,7.111939164899102e-08,0.0028188719656332423,5.1986000792152544e-05,2
prioritise,45,0.006503830033241798,1.2796626610738182e-05,0.010239708958792205,0.00012861656261680123,3
prioritize,34,0.004914004914004914,1.1071492191587114e-06,0.008475031203954462,9.982237205033575e-05,5
priority,30,0.004335886688827865,1.193889288697596e-05,0.006491948609649515,9.721411257881939e-05,2
privacy,25,0.0036132389073565544,6.573704064059872e-06,0.005198152067324709,0.00010133105988154884,3
private,131,0.018933371874548344,8.17638699683664e-05,0.01872333069110373,0.00024969338474852557,3
privately,18,0.0026015320132967193,5.481790310822833e-06,0.004623504988177099,7.214792304914066e-05,3
prize,20,0.0028905911258852437,3.5935647008085896e-06,0.004055798064981661,9.468974604940934e-05,11
prn,10,0.0014452955629426219,5.485503577989746e-07,0.003358452919186949,5.4550519649933555e-05,5
pro,131,0.018933371874548344,4.193563667723768e-05,0.019853694436402863,0.0002359733113303166,1
proactive,60,0.00867177337765573,8.613453329656483e-06,0.011303643665424004,0.00013456915577918295,0
probably,201,0.029050440815146697,0.0002120113393316366,0.02487503598923995,0.0003478927569187487,0
probe,10,0.0014452955629426219,3.8879470363742833e-07,0.0025651907754260434,5.924102507806644e-05,7
problem,666,0.0962566844919786,0.0020719091954472884,0.0391394297567111,0.0006790378477766795,7
problematic,10,0.0014452955629426219,1.4815712784615315e-07,0.0026830164319477197,5.346800695693898e-05,0
proc,10,0.0014452955629426219,3.763021792670107e-07,0.002113570809994805,6.763408163822958e-05,11
procedure,258,0.03728862552391964,0.0007917864464945243,0.027271826425264687,0.0005066874121815773,1
proceed,10,0.0014452955629426219,3.614351267068025e-07,0.0021834140692648086,6.420825610976415e-05,0
process,554,0.08006937418702124,0.0029950460062395275,0.04233050257265283,0.0008100140305368265,6
processing,37,0.0053475935828877,0.00010427760533386455,0.006687635793670008,0.00014481908127525776,11
procreate,9,0.0013007660066483597,1.5342994212138942e-07,0.002769279409363343,5.8712567459064916e-05,0
proctor,10,0.0014452955629426219,8.16988095847489e-07,0.0013881459464628087,7.667827587961543e-05,11
prod,9,0.0013007660066483597,1.0744676240984616e-08,0.0024989858578732325,4.698347785904038e-05,6
produce,523,0.07558895794189911,0.0018166753801443338,0.03156671171128018,0.0006648654057355198,6
producer,23,0.00332417979476803,6.0817510227105865e-06,0.005345038995953411,8.388650019109985e-05,0
product,301,0.04350339644457291,0.0007118568175992891,0.029993717490057668,0.000505594806859503,1
production,699,0.10102615984968927,0.0026939824084558513,0.038875435155796736,0.0008026395930719821,6
production.17,10,0.0014452955629426219,1.497332486103101e-07,0.002419978631566148,5.876505325163406e-05,6
productivity,20,0.0028905911258852437,3.991812776660761e-06,0.004110655592627721,9.261970498510294e-05,5
productsprp,10,0.0014452955629426219,9.212736121426106e-08,0.002251834855532536,5.613846893986208e-05,5
prof,12,0.001734354675531146,1.903757998868479e-06,0.001515377247440202,8.702356746811422e-05,11
professional,289,0.04176904176904177,0.0005002358067758384,0.029352113171428364,0.00045329473287820834,3
professionalism,10,0.0014452955629426219,1.714682353321126e-07,0.0031749030740498103,5.522664214094196e-05,3
professionally,8,0.0011562364503540975,1.4787345022599086e-07,0.002386056324585263,5.212569352010352e-05,3
professor,120,0.01734354675531146,0.0002617866213986932,0.01314408127070698,0.00035762030218799794,11
profile,191,0.027605145252204075,0.0001903132421349999,0.024547688273085837,0.00033390108188262525,1
profilesexplore,9,0.0013007660066483597,4.902040048346898e-08,0.002268669405599992,5.686699157085114e-05,3
profit,23,0.00332417979476803,5.243420551903528e-06,0.004578574044087645,7.826454537528509e-05,3
profound,29,0.004191357132533603,1.5469494650165493e-06,0.0068203940931154125,8.791409697495947e-05,3
profoundly,10,0.0014452955629426219,1.544327561371206e-07,0.0027234345872749434,5.891811361652273e-05,0
progesterone,60,0.00867177337765573,3.3137352943466314e-05,0.01012414581833186,0.00014779922155380395,6
prognosis,9,0.0013007660066483597,1.9527860349282297e-08,0.0025865534622763037,5.0112627469193395e-05,7
program,210,0.030351206821795058,0.0005444718077793472,0.02475787090409804,0.00044368880164166665,3
progress,119,0.0171990171990172,7.00924027043196e-05,0.01886935071583341,0.000232270202176498,3
progression,38,0.005492123139181963,9.307453109763142e-06,0.007145372975914047,0.00011956343382738564,7
progressive,55,0.00794912559618442,2.345848604128371e-05,0.010546042088089099,0.00016055060751829576,3
progressively,8,0.0011562364503540975,0.0,0.0023643150740999467,3.8987555310301375e-05,7
prohibit,19,0.0027460615695909813,5.243703509545833e-06,0.0034145569299930192,0.0001002615122383669,10
prohibitively,17,0.002457002457002457,5.967667923455275e-07,0.005087532699894258,7.051506834228207e-05,0
prohylaxis,10,0.0014452955629426219,5.65443857649296e-07,0.002068720949881521,6.715343270748148e-05,7
project,37,0.0053475935828877,2.828937395781697e-05,0.007133633109502665,0.00014967074662298048,6
prolactin,184,0.02659343835814424,0.0002094522822573536,0.019505836436238287,0.0003300705447436516,6
prolactinoma,28,0.004046827576239341,6.488510823568744e-06,0.005657167547201741,0.00010142077946883266,7
prolactinoma.6,10,0.0014452955629426219,2.2991984729250548e-08,0.002774471462827181,5.186928193521129e-05,6
proliferate,8,0.0011562364503540975,3.3760262285382436e-09,0.002855113532113684,4.454029495966114e-05,3
prolong,32,0.00462494580141639,5.997636474068443e-06,0.006624680382981609,9.529043503876584e-05,7
prolonged,17,0.002457002457002457,1.1643758043882491e-07,0.005257070343970344,6.330025980225844e-05,7
prolotherapie,8,0.0011562364503540975,1.655929967735617e-08,0.0020712886356323134,5.014707398680711e-05,5
prolozone,6,0.000867177337765573,1.2779963037448426e-08,0.0015306982684543536,4.4209027784949156e-05,5
prominent,20,0.0028905911258852437,3.6871315699050114e-06,0.005092380953174649,8.419674677112416e-05,0
promise,43,0.006214770920653274,1.5406869915331025e-05,0.009080613518175589,0.00012944272422398193,0
promising,21,0.0030351206821795057,1.2112562388650703e-06,0.004967853742889874,6.936287134615905e-05,5
promote,234,0.03381991617285735,0.0005067816097409361,0.02593820324439813,0.0004319673017630858,6
promotional,10,0.0014452955629426219,1.952901806385056e-07,0.002839711127993059,5.7587528037828865e-05,2
prompt,27,0.003902298019945079,7.471254112302856e-07,0.006020485202306478,7.536281432659433e-05,6
promptly,26,0.0037577684636508164,5.86014318573872e-06,0.005923844044794176,9.314902311312246e-05,3
prone,51,0.007371007371007371,1.4274762651986347e-05,0.009678795439851931,0.00014754442682250344,7
pronounce,20,0.0028905911258852437,2.683713268456228e-07,0.004938491892695425,6.479897285398601e-05,5
pronounced,10,0.0014452955629426219,1.3253603907978023e-08,0.0026895952316791246,5.050392840671348e-05,6
propecia,30,0.004335886688827865,4.383316477440191e-06,0.006702199505513483,9.39886785255876e-05,0
propel,10,0.0014452955629426219,5.023984641709483e-08,0.002784969869546686,5.698367625226131e-05,3
propensity,16,0.002312472900708195,3.934329600881538e-07,0.003821074494211884,7.787104214933888e-05,1
proper,145,0.020956785662668016,6.188486326725397e-05,0.020424060261136162,0.00025365153882690364,3
properly,142,0.020523196993785228,0.00013446890273224678,0.0191548306321628,0.0002620619626844139,6
property,26,0.0037577684636508164,4.8908361934484e-06,0.005493054084327379,9.004647242952252e-05,6
prophylactic,10,0.0014452955629426219,9.363138302026823e-08,0.002679246558841494,5.880336798354079e-05,3
propionate,67,0.009683480271715566,5.9499525758499604e-05,0.011448932594164084,0.0001888825055918685,1
proportion,37,0.0053475935828877,2.861462321185812e-06,0.0076089060055955825,0.00011062105248523794,6
proportional,8,0.0011562364503540975,2.2505241661513274e-07,0.0020726508905165785,4.641903010561881e-05,7
proportionally,8,0.0011562364503540975,2.0688998711203303e-08,0.002093032559589958,4.864985623968858e-05,5
proposal,10,0.0014452955629426219,4.158222832179497e-08,0.002685398747022109,5.787413841962188e-05,2
propose,10,0.0014452955629426219,9.643676156351857e-07,0.002528144957900071,6.944628599233291e-05,3
proprietary,18,0.0026015320132967193,5.858601575539242e-06,0.003677940723367077,8.863767587312578e-05,1
prospective,9,0.0013007660066483597,2.8953441574092455e-08,0.0025016189881807093,5.4716872699800035e-05,2
prostaglandin,9,0.0013007660066483597,3.014075872134256e-08,0.0023208812790929704,5.570017407783805e-05,6
prostate,618,0.08931926578985402,0.003022753211329874,0.034255112489899854,0.0007263274294304482,7
prostatectomy,9,0.0013007660066483597,2.5549555289587386e-07,0.0024201902668900097,5.082163660878421e-05,7
prostatespecific,9,0.0013007660066483597,5.5137998029037e-08,0.0024991516591979786,4.9836541557382186e-05,7
prostatic,54,0.007804596039890158,1.592760718030091e-05,0.008529903524550547,0.00013335378446873683,7
prostatitis,9,0.0013007660066483597,7.149987516831383e-08,0.0025358221431977628,4.7503458589438e-05,7
prosthetic,16,0.002312472900708195,1.0240282319997836e-06,0.004109629695934233,7.132586153509524e-05,1
protect,112,0.016187310304957365,0.0001203225872155307,0.015456733042052063,0.0002511482994661812,6
protective,28,0.004046827576239341,1.7914152042823052e-05,0.005623829045991288,0.00011429421478441547,11
protein,162,0.023413788119670473,0.0004232642658999001,0.017079962490071092,0.00030468487162567414,6
protocol,416,0.06012429541841306,0.0006869903643868753,0.0386237397790287,0.0005334394446858519,3
proudly,10,0.0014452955629426219,1.4982670284705062e-07,0.002863664828474495,5.971052450907277e-05,3
prove,158,0.022835669894493423,0.00014562460280126123,0.021715201022909726,0.00027747222776859876,0
proven,10,0.0014452955629426219,4.307374501678291e-08,0.003185871579841167,5.3467514555575714e-05,0
provide,665,0.09611215493568434,0.0031230983365507494,0.04671160623914005,0.0008651172927648427,3
provider,671,0.09697933227344992,0.002807540084294441,0.04332208441091417,0.0007854243794289187,3
provisional,10,0.0014452955629426219,3.930622403362264e-08,0.002671879752310113,5.733950245109001e-05,2
proxy,9,0.0013007660066483597,3.398339905650026e-07,0.0026811902154608184,4.5710466559702135e-05,0
prp,45,0.006503830033241798,5.922739217875768e-06,0.008934508036794754,0.00013029364274361053,5
prudent,10,0.0014452955629426219,2.5017140776149045e-07,0.002527085493301812,5.353039226438036e-05,2
pruritus,20,0.0028905911258852437,3.8058829373931394e-06,0.004640699801926757,9.776562224038557e-05,1
przemyslaw,10,0.0014452955629426219,8.859270103880845e-06,0.00012395681094493576,0.0001262090097966561,11
psa,157,0.02269114033819916,9.551380579693207e-05,0.017809213951642918,0.0002498718053561354,7
pshot,8,0.0011562364503540975,4.943010933030161e-07,0.0019278611114760596,5.5526651771445215e-05,1
psychiatric,10,0.0014452955629426219,4.772233445291301e-07,0.002680088649035604,5.580721781395263e-05,11
psychiatrist,29,0.004191357132533603,3.804778259315201e-06,0.007120849059000139,0.00010048118969313815,3
psychiatry,15,0.0021679433444139326,1.1851289175033846e-07,0.00403261682929266,6.574100117307507e-05,3
psychoactive,10,0.0014452955629426219,2.338635708954317e-06,0.0025882925297173644,6.763754588688684e-05,7
psychological,210,0.030351206821795058,0.0003530344626536069,0.024450014412066328,0.0003538168332925898,5
psychologist,29,0.004191357132533603,3.7617509910293636e-06,0.007217349692790836,9.70534533825643e-05,3
psychology,10,0.0014452955629426219,2.133906766109059e-08,0.002931817181688411,5.5069536454391337e-05,3
psychosis,6,0.000867177337765573,2.8063157331224397e-08,0.0014742955282406086,5.03652537829869e-05,7
pubertal,29,0.004191357132533603,3.401766749189153e-05,0.004851674929048759,0.00011480877476173166,11
puberty,288,0.04162451221274751,0.0012559359809096251,0.024792000821792837,0.00046665902788179807,7
pubescent,10,0.0014452955629426219,1.0148943689119403e-07,0.00294161033058503,4.740881673571257e-05,6
pubic,69,0.009972539384304091,3.285477997101818e-05,0.01082407277542923,0.00015228420594077751,5
public,99,0.014308426073131956,0.00014683842744611018,0.015019692128101817,0.0002662989036512703,3
publication,51,0.007371007371007371,2.1690518221445e-05,0.01000401224390252,0.00015479911968265298,0
publish,302,0.04364792600086718,0.0033709258381150763,0.026742774996657715,0.0006717559860790432,11
publishing,30,0.004335886688827865,0.0001082772087337976,0.004726332550271651,0.00012240645779318612,11
pubme,18,0.0026015320132967193,1.2458302487661822e-05,0.004170057815186044,8.389642876220742e-05,2
pubmed,8,0.0011562364503540975,4.264246552645635e-08,0.002323142055063522,5.072381441772145e-05,2
pubmed.ncbi.nlm.nih.gov/25279570/.,10,0.0014452955629426219,4.6558889042719786e-07,0.0017845638794732486,6.958346130917737e-05,11
pubmed.ncbi.nlm.nih.gov/27313122/.,10,0.0014452955629426219,3.412898486778162e-07,0.002161589547249559,6.738639777899111e-05,11
pubmed.ncbi.nlm.nih.gov/29562364/.,10,0.0014452955629426219,3.090153619941133e-06,0.0013761003225316517,8.069751629660604e-05,11
puget,9,0.0013007660066483597,6.639803163479146e-07,0.0023048702122762956,5.961751517122993e-05,11
pull,47,0.0067928891458303225,2.666764753427878e-05,0.008712547166387436,0.00015675257002565428,0
pulmonary,60,0.00867177337765573,5.778584187962608e-05,0.008737004435590206,0.00020971559592434594,7
pulsatile,8,0.0011562364503540975,2.565273166049598e-09,0.002015841559995338,4.693030637547938e-05,6
"pulsatility.18,19",10,0.0014452955629426219,5.718245162658528e-07,0.002623539560952145,5.815209384604119e-05,6
pump,103,0.014886544298309004,0.00015749566901817214,0.014363932427420095,0.00024152179096268328,1
punching,10,0.0014452955629426219,7.509049822148748e-07,0.0032717429044968717,5.542888423954153e-05,0
purchase,68,0.009828009828009828,6.038744947071533e-05,0.011900921209207932,0.0002103895304640685,3
pure,8,0.0011562364503540975,2.2737222618935347e-09,0.0026124792504729276,4.1521898718309805e-05,6
purgatorio,9,0.0013007660066483597,6.821744980701544e-07,0.001366025331065109,7.744326660284592e-05,0
purgatory,10,0.0014452955629426219,9.615137288574204e-07,0.001450608178102226,8.119341695325439e-05,0
purine,10,0.0014452955629426219,7.40302629228776e-07,0.002441240116610245,6.458768325854975e-05,7
purity,10,0.0014452955629426219,2.692949123104621e-07,0.0032002307596075575,5.571163015557008e-05,3
purpose,140,0.020234137881196705,0.0002080864310079985,0.02022790343319626,0.00027809940262972646,0
pursue,61,0.008816302933949994,3.554055570829336e-05,0.0104957323822384,0.00015953027794239356,6
push,43,0.006214770920653274,1.2716024092905922e-05,0.008839436996603523,0.00012937866415761913,0
puttylike,8,0.0011562364503540975,3.7459086091553375e-08,0.0017239780961629237,5.1176070537757234e-05,1
puzzle,27,0.003902298019945079,1.585264902187894e-06,0.006386768276386982,8.073186690874868e-05,3
pélégrini,10,0.0014452955629426219,2.6605162876518466e-06,0.0007168301866199364,0.00010501871781588586,11
q&a,29,0.004191357132533603,2.385056127669182e-05,0.005666457761270726,0.0001177013864889112,2
qaseem,14,0.0020234137881196706,9.075194366353854e-07,0.0033856300656132515,6.140556531906857e-05,3
qol,33,0.0047694753577106515,1.526519682594317e-06,0.007865806559302397,8.440705813191785e-05,2
quadmix,10,0.0014452955629426219,2.6770623975982537e-07,0.0029515314487684836,5.617053974926567e-05,1
qualified,53,0.007660066483595895,1.5378225201443235e-05,0.011041018462235513,0.0001277493328830745,3
qualify,76,0.010984246278363925,2.4755983502526228e-05,0.013772854401725152,0.00016629975557455322,3
qualitative,46,0.00664835958953606,1.971172895503021e-05,0.009410491007870815,0.000130749226043012,6
qualitatively,10,0.0014452955629426219,6.155773917286897e-09,0.003370279071822758,4.775464311286868e-05,5
quality,542,0.0783350195114901,0.0017668121434419755,0.03994951506041971,0.0007118534231056744,5
quantify,30,0.004335886688827865,2.3247083240265947e-05,0.006269852040047212,0.0001013660120858779,2
quantitative,54,0.007804596039890158,2.092350634772767e-05,0.010022108728697078,0.00013671758714910656,6
quantitatively,10,0.0014452955629426219,6.322987577528077e-08,0.0028040275664077507,4.890320296646631e-05,6
quantity,72,0.010406128053186877,1.2568180666981759e-05,0.013232744743428752,0.00014896463804283094,6
quarter,9,0.0013007660066483597,1.7965696189467294e-07,0.0022245982199870728,5.2379832816980615e-05,0
quercetin,15,0.0021679433444139326,5.785615628511964e-07,0.002793125883500274,7.787477460069113e-05,7
query,7,0.0010117068940598353,5.084424240359376e-09,0.002026042455493943,3.962873925165026e-05,5
quest,10,0.0014452955629426219,2.9876938970551e-08,0.0032398430646034928,5.4479336853020796e-05,3
question,503,0.07269836681601387,0.0017715778917918319,0.03724939334517159,0.0006553696440337037,0
questionable,32,0.00462494580141639,1.645934465043641e-05,0.007264301079031128,0.00010736484049065377,3
questionnaire,122,0.017632605867899987,0.00010178934237452742,0.017509874362427808,0.0002405924422717856,5
questionnairetestosterone,10,0.0014452955629426219,9.767575608423708e-08,0.003088396234031245,5.05041617233876e-05,3
quick,156,0.0225466107819049,0.00014293368444131204,0.021301184580682427,0.00030265336241883876,0
quickly,137,0.019800549212313917,0.00010110320847703931,0.019767870883315126,0.00026415869909383644,1
quiet,27,0.003902298019945079,7.202963769743759e-06,0.0061373811660612385,0.00010297982405776203,0
quinton,10,0.0014452955629426219,5.0963806440078974e-06,0.0007113124550942498,0.00010638856540525362,11
quit,64,0.00924989160283278,1.1042237044182421e-05,0.012472184941347164,0.00014557894573348458,7
quiz,66,0.009538950715421303,1.1846604590732494e-05,0.011721463843579846,0.0001400184527748765,3
quizby,10,0.0014452955629426219,5.813762950368334e-07,0.002962650272772371,5.3074438764914294e-05,3
quizdefy,10,0.0014452955629426219,9.113824503171716e-08,0.003435493742903086,4.6523312572950414e-05,3
quizget,10,0.0014452955629426219,6.381029364272364e-09,0.003042781588644491,4.54284507126097e-05,5
quiztestosterone,17,0.002457002457002457,2.6988814020905696e-06,0.004245166919552408,6.676712267925844e-05,3
r.a,10,0.0014452955629426219,3.3335168842379898e-06,0.0003427014392780476,0.0001172777436755027,11
r.d,10,0.0014452955629426219,1.3726296617465386e-07,0.002584241222574398,6.291116957590014e-05,3
r01,11,0.001589825119236884,3.741516696633013e-06,0.0017246409486257569,8.021067005988741e-05,11
r951,10,0.0014452955629426219,1.6986595025201545e-05,0.0011419408897946142,9.916324440023837e-05,8
r958,10,0.0014452955629426219,9.4509029642804e-06,0.0011775671796347862,9.7065345455008e-05,8
rabbit,9,0.0013007660066483597,4.058258936371527e-07,0.0016020217765300338,7.005016843337118e-05,6
race,48,0.006937418702124584,6.19256412067002e-05,0.00873704240850411,0.00015436501117196944,5
rachel,16,0.002312472900708195,5.971171280289724e-06,0.0027556441805585484,9.118785359418903e-05,11
racing,8,0.0011562364503540975,7.26556597445492e-08,0.0013998430086013757,6.005043456236108e-05,0
radial,31,0.0044804162451221275,3.69598345081351e-06,0.006669725983937196,0.00011077971574384407,0
radiation,160,0.02312472900708195,0.00021414747112751147,0.01750921320222483,0.00029093769514390843,7
radical,19,0.0027460615695909813,1.918642617634593e-06,0.0037464717669188374,8.725973905594619e-05,7
radio,63,0.009105362046538517,7.7865381360638e-05,0.010539056389743798,0.00018495248992666426,0
radiology,10,0.0014452955629426219,3.796293340058784e-07,0.002200450712397706,6.211297274432345e-05,7
radiotherapy,10,0.0014452955629426219,4.275517389800964e-08,0.0034857543940473366,4.8895731719182646e-05,7
rage,19,0.0027460615695909813,1.3262039445928454e-06,0.004314234381550118,8.144992615773549e-05,0
raise,310,0.04480416245122128,0.0005619130360913005,0.02941135616161998,0.00043934417562497066,7
raisin,21,0.0030351206821795057,3.866768840882904e-06,0.00578432795276831,7.596047412117724e-05,0
raison,9,0.0013007660066483597,1.538137865419498e-06,0.002026378686872022,6.903934953290425e-05,0
rajfer,10,0.0014452955629426219,3.7272936886268207e-06,0.002198941257176852,6.916256092699328e-05,11
raloxifene,10,0.0014452955629426219,2.4877785311702044e-07,0.0029309584914570656,5.5278140891596683e-05,6
ramanathan,10,0.0014452955629426219,3.767110434891612e-06,0.00044629454547606457,0.0001100466288985669,11
ramification,10,0.0014452955629426219,3.5141767369148036e-07,0.002625116883340596,5.9139779696924135e-05,3
randeva,10,0.0014452955629426219,7.009035971948966e-06,0.00048570542144582454,0.0001163514865355675,4
random,20,0.0028905911258852437,6.302601202201623e-07,0.005717380537599015,7.470774857533287e-05,2
randomization,18,0.0026015320132967193,1.0851782820097871e-07,0.004913213977042126,6.064056662905374e-05,7
randomize,66,0.009538950715421303,6.054087775670594e-05,0.010652978314048961,0.0001842637504626222,2
randomized,31,0.0044804162451221275,1.8160756316220081e-06,0.007593627636885223,9.136455548703987e-05,2
randomly,17,0.002457002457002457,1.2677455231252895e-06,0.0043910035605035005,6.736002000601127e-05,1
range,610,0.08816302933949993,0.00221190732498138,0.0390660237170598,0.0007008042688690525,0
ranges.13,8,0.0011562364503540975,2.0164287552657807e-08,0.002254474178794023,4.7662779364395305e-05,2
rank,35,0.005058534470299176,2.206188908207811e-05,0.0070285897453831025,0.00012972990655163016,3
rapid,71,0.010261598496892614,0.00010030011149074966,0.011245306216063804,0.0002020290359853956,5
rapidly,67,0.009683480271715566,1.61235818013536e-05,0.01267242604181297,0.00016848459067806296,6
rapport,9,0.0013007660066483597,2.1049515076964842e-08,0.003472628540992189,4.609648956472962e-05,0
rare,176,0.025437201907790145,0.00028065501533060147,0.021334828439154185,0.0003369612655143508,7
rarely,60,0.00867177337765573,2.6447591054676268e-05,0.011141499813244115,0.00014966683479759708,2
rarity,9,0.0013007660066483597,3.4015598747622236e-09,0.003268159896287856,4.4674350570421304e-05,0
rash,37,0.0053475935828877,4.4828161379151624e-06,0.00825049127516971,0.00010861779261358838,1
rastrelli,10,0.0014452955629426219,7.978795875495282e-08,0.0025673999636230526,5.932016961927657e-05,6
rat,18,0.0026015320132967193,3.0935650286960376e-05,0.0021132185736987084,0.0001274773789538404,6
rate,267,0.038589391530568,0.0009338390796181361,0.027461592789442074,0.0004865859332944163,7
rating,10,0.0014452955629426219,3.117654104332761e-08,0.0031452897476733385,4.909981940695374e-05,2
ratio,119,0.0171990171990172,0.00011608245722317792,0.01722001352491136,0.00026563186025217674,6
rationale,28,0.004046827576239341,5.908856313206e-06,0.00617014390481676,9.574824691082526e-05,6
rationalize,10,0.0014452955629426219,7.038584222658493e-08,0.0022421232724228156,6.052491142900709e-05,2
raw,27,0.003902298019945079,3.7612043120122155e-06,0.006214947809276252,9.627148195591546e-05,1
ray,21,0.0030351206821795057,6.653078551775569e-06,0.004231962842876205,0.000106787587296541,10
raymond,8,0.0011562364503540975,7.655179871285649e-07,0.0016922102055029963,7.628185753626343e-05,3
rbc,17,0.002457002457002457,2.3694036729845715e-07,0.004238805791997819,6.053741272521782e-05,7
rct,102,0.014742014742014743,0.00011261049969750036,0.0157054106624084,0.000255547611248375,1
rcts).181,10,0.0014452955629426219,2.7282788296688694e-08,0.003164183103697863,5.1408364356667856e-05,1
rda,10,0.0014452955629426219,9.036568839179462e-08,0.002623833247248952,5.9562322865196557e-05,1
reach,262,0.03786674374909669,0.0005386259027500737,0.027788031431134848,0.0004233332082559763,3
react,10,0.0014452955629426219,8.985845373869334e-08,0.0024250074030250286,5.926027199237643e-05,7
reaction,83,0.011995953172423761,0.00011435245433843125,0.013168759755228054,0.00021060489633298,1
read,215,0.03107385460326637,0.0003253054275784627,0.0232732834177876,0.00038749219981703973,3
reader,45,0.006503830033241798,2.3205975909160818e-05,0.008854580867086523,0.00015541100010279198,2
readily,37,0.0053475935828877,5.916778060366197e-05,0.0070783600164569345,0.000144754297871754,5
reading,49,0.0070819482584188465,4.025613678771061e-05,0.008455711960472744,0.00015080357217864084,2
readjust,8,0.0011562364503540975,2.0661155564162905e-08,0.0025735455467751603,4.433565335204151e-05,5
ready,156,0.0225466107819049,0.00020802974295176238,0.020476604830964404,0.00029663499005835593,3
real,196,0.028327793033675386,0.0004558999792411509,0.023261709851994758,0.00036722974109320287,0
realistic,35,0.005058534470299176,7.707259550159925e-06,0.008059692997679849,0.00010242799746065543,3
realistically,10,0.0014452955629426219,6.932903481412266e-09,0.0031401096754348806,4.880596953267779e-05,0
reality,78,0.01127330539095245,0.00010174946975328623,0.013911138718943977,0.00020411178989994318,0
realize,101,0.01459748518572048,2.6042490703807105e-05,0.01742441455539146,0.00019670616870698436,0
reap,10,0.0014452955629426219,6.204284338040224e-08,0.0036385247131473252,4.617098805927343e-05,1
reappraisal,10,0.0014452955629426219,1.3693784845858193e-06,0.0027367021302819356,6.328596324925033e-05,11
rear,9,0.0013007660066483597,2.1307616885772834e-08,0.0033202423354817177,4.7560882786311566e-05,0
reason,330,0.04769475357710652,0.0005333967783304435,0.03129379005433735,0.00047114374842712,0
reasonable,110,0.01589825119236884,5.275948410320904e-05,0.01768416539651041,0.00023641878730577232,0
reasonably,10,0.0014452955629426219,7.193988409928811e-08,0.0030440100401177284,5.4178480620659735e-05,3
reassessment,10,0.0014452955629426219,1.502757839381122e-08,0.0029507123406587754,4.660583655635546e-05,5
reassurance,9,0.0013007660066483597,4.890568360995184e-09,0.0034648147914963794,4.695440740015036e-05,0
reassure,47,0.0067928891458303225,2.9515262233652325e-06,0.011279289212300045,0.00011916793552102295,0
rebalance,10,0.0014452955629426219,5.046723614323743e-09,0.0029464772116303338,4.265151951046027e-05,3
rebalancing,10,0.0014452955629426219,9.767739744942494e-09,0.0035707967478595297,4.614203760353573e-05,3
rebecca,10,0.0014452955629426219,2.850436972636484e-06,2.912783593017511e-05,0.00013608837705486867,8
rebound,10,0.0014452955629426219,4.741440499642824e-09,0.003737666585312581,4.729648622347197e-05,0
rebuild,10,0.0014452955629426219,7.161361586287517e-09,0.0032955488040753607,4.591061824947429e-05,5
recalibrate,19,0.0027460615695909813,9.480816086854926e-07,0.00553115316085194,7.536470867635728e-05,6
recall,19,0.0027460615695909813,4.329048685428429e-07,0.004750601854063266,6.587329539601048e-05,7
recede,9,0.0013007660066483597,4.233756379681044e-08,0.0021945665768602304,5.677244252992959e-05,5
receipt,8,0.0011562364503540975,2.2184757150046258e-07,0.0022361487559281355,4.920532064405345e-05,12
receive,414,0.05983523630582454,0.0019743162030446335,0.034035332690929114,0.0006134904817756949,11
recent,212,0.03064026593438358,0.000359127409950154,0.0246120461859385,0.00035911741938690774,3
recently,121,0.017488076311605722,0.00010529740955824527,0.01719244297487737,0.0002689296953342751,11
receptor,180,0.02601532013296719,0.00022792421822504395,0.019980491902448425,0.00034642301471036476,6
recheck,8,0.0011562364503540975,5.928288808994914e-08,0.002621640146563404,4.3923090148590056e-05,0
rechecke,20,0.0028905911258852437,1.118858057853302e-06,0.005650882464955752,7.167775089239901e-05,0
reckelhoff,10,0.0014452955629426219,5.514050738469456e-06,2.7848893170419466e-05,0.00013936560660185665,8
reclaim,36,0.005203064026593439,4.041873444592373e-05,0.006842423622269206,0.0001302160986833365,3
recognise,81,0.011706894059835236,3.993774209812488e-05,0.013494144085650988,0.00018808459159672588,6
recognition,10,0.0014452955629426219,4.5050166796186825e-09,0.0035094473670269667,4.379359237328647e-05,3
recognize,137,0.019800549212313917,0.00015078238917978618,0.018582375451629295,0.00028786452505755807,2
recombinant,10,0.0014452955629426219,1.5866386865546286e-07,0.002640964172648519,5.2474091383889957e-05,6
recommend,554,0.08006937418702124,0.0019602747616381364,0.039955148176754725,0.0007238830982018383,1
recommendation,337,0.048706460471166356,0.0012656793254348638,0.02739384958018022,0.0005488650645390653,2
recommendation).5,8,0.0011562364503540975,7.186119743965374e-10,0.0027095408490421854,3.997664731770646e-05,2
"recommendation).5,39",10,0.0014452955629426219,3.6794970949947875e-09,0.0030771142078294435,4.764586699915072e-05,5
"recommendation).5,6",10,0.0014452955629426219,6.084009788941075e-08,0.002723382545114316,5.421579898061063e-05,2
recommendation).75,7,0.0010117068940598353,4.535571144777808e-09,0.0021074532374883792,4.3211536268870724e-05,7
recommended5,10,0.0014452955629426219,9.326725132844043e-09,0.0028255294233941056,4.890574898490434e-05,2
reconfirm,9,0.0013007660066483597,3.5279346567412073e-09,0.0029027303375909414,4.545812125182698e-05,7
reconstruction,10,0.0014452955629426219,2.1920411858775366e-07,0.002835296005863197,5.3462651891846314e-05,11
record,49,0.0070819482584188465,1.7739111486443183e-05,0.010025682480903192,0.00014800997266668867,2
recording,9,0.0013007660066483597,2.361690158715594e-07,0.002343157250684386,6.0258046356447846e-05,0
recover,61,0.008816302933949994,1.7483293822875117e-05,0.0112597838328353,0.00014692731081328,5
recovery,114,0.016476369417545888,7.124404842135323e-05,0.018239538409452364,0.0002400255861300122,5
recreational,16,0.002312472900708195,1.631881920840768e-07,0.004562286804554807,6.43209665104194e-05,7
recruit,10,0.0014452955629426219,6.482614532119795e-07,0.001992149367420693,6.59215415108565e-05,11
rectal,62,0.008960832490244255,1.9007760421651546e-05,0.010650153794200947,0.00015498110128207975,3
recur,20,0.0028905911258852437,1.898717414488806e-07,0.005221593504513774,6.767480401833894e-05,6
recurrence,9,0.0013007660066483597,3.291478338321192e-07,0.002314620660699262,5.403469627549232e-05,7
red,335,0.048417401358577826,0.0010544684515351186,0.025221168732003828,0.0004933275634623163,7
redistribution,25,0.0036132389073565544,5.669070815836908e-07,0.005988668296476634,7.870104725850228e-05,5
redmon,10,0.0014452955629426219,2.0405242845983115e-05,0.00021573273410457514,0.00011665531570251625,11
redness,19,0.0027460615695909813,3.335901238005074e-06,0.004039486160299117,8.441607377025641e-05,1
reduce,636,0.09192079780315074,0.0023652196381971262,0.039923184934433115,0.0007461094581505563,5
reduced,74,0.0106951871657754,1.5563812431873017e-05,0.012688208970627023,0.00018010137429885399,5
reductase,58,0.008382714265067205,3.2063911128888755e-05,0.010108323350390563,0.00014897440791601023,6
reduction,150,0.021679433444139327,9.539623832776954e-05,0.019753653375296634,0.00026616504689600787,5
redundant,10,0.0014452955629426219,2.2032329074848633e-08,0.0031166682907588757,5.1061333010933856e-05,6
reevaluate,10,0.0014452955629426219,8.174207893861358e-09,0.0035150810348318676,5.015546872660328e-05,0
refer,338,0.048850990027460614,0.0007894502756288139,0.030003416609556043,0.0005045834979643742,3
reference,275,0.0397456279809221,0.0013494939345421958,0.02517812870187307,0.0005898094901721815,2
referral,55,0.00794912559618442,1.2121452196873692e-05,0.011191716685715666,0.0001356541128768945,3
refine,10,0.0014452955629426219,1.3083612308625597e-06,0.0027974592641072365,5.391194488295873e-05,9
refined,33,0.0047694753577106515,1.1938048627707824e-05,0.0060196493811848365,0.00013305160767861503,9
reflect,99,0.014308426073131956,0.00014190630530604487,0.0138944062275401,0.0002647664617823315,12
reflection,28,0.004046827576239341,1.5616498426248527e-05,0.006782018257330379,9.010430936429448e-05,0
reflective,19,0.0027460615695909813,1.1103366680818215e-06,0.004566473083650713,7.387929271026433e-05,2
reformulate,9,0.0013007660066483597,9.901615879273535e-08,0.0023043008213658183,5.636804840607686e-05,1
reframe,10,0.0014452955629426219,1.1014184634908487e-07,0.002690202668827486,6.02514560918146e-05,3
refrigerate,10,0.0014452955629426219,6.088898084830499e-07,0.0027362368767594614,5.7255586432508815e-05,1
refute,10,0.0014452955629426219,3.857335363671568e-07,0.0029687588424154344,5.438742439274915e-05,2
regain,82,0.011851423616129498,9.309469471338398e-06,0.014362306049363602,0.00016735437702951547,5
regard,57,0.008238184708772944,1.756828972845637e-05,0.01184362669268315,0.00013928092237392104,0
regardless,59,0.008527243821361469,1.0877484347845325e-05,0.011696109326425144,0.0001351670386011287,7
regenerate,27,0.003902298019945079,2.712170752961779e-06,0.005802386152844384,9.191580699569052e-05,3
regeneration,24,0.003468709351062292,2.818935887177542e-06,0.0053055528091589315,8.521473077897477e-05,6
regenerative,47,0.0067928891458303225,2.2285535385345548e-05,0.008946116784476486,0.0001375525961646108,3
regiman,39,0.005636652695476225,6.122442751906568e-06,0.009216634278044441,0.00011879096387650683,0
regime,27,0.003902298019945079,3.4226984028066064e-06,0.0067611338467062475,9.146354616350298e-05,1
regimen,97,0.014019366960543431,4.652838690783331e-05,0.0170987358079726,0.00021216926278301394,3
region,101,0.01459748518572048,0.00015459411028638284,0.014654075581885397,0.00027736685983727335,6
regional,19,0.0027460615695909813,1.0253116442395795e-05,0.004376223644814728,9.186277767944732e-05,12
regionally,10,0.0014452955629426219,5.434213517948288e-08,0.002572546338692813,5.6585239047394605e-05,5
register,83,0.011995953172423761,0.00012100443082096001,0.011331322277011134,0.0002285423495236798,3
registered,10,0.0014452955629426219,3.369167588179357e-09,0.0029750091518801437,4.4609595942272546e-05,3
registration,19,0.0027460615695909813,1.6312627826013183e-06,0.004950979536978873,8.214546900754196e-05,3
registry,9,0.0013007660066483597,5.759315134786252e-07,0.0025927258882192665,5.897569129313238e-05,7
regret,10,0.0014452955629426219,2.046524884258662e-08,0.0033778491540990834,4.864321058998849e-05,3
regul,9,0.0013007660066483597,8.949698298122116e-05,0.00019431157006676738,0.00011930525925329313,8
regular,371,0.05362046538517127,0.0007758454521446887,0.03428264076524264,0.0005019344031395465,3
regularly,140,0.020234137881196705,2.8384245320921842e-05,0.02085664349681751,0.00021921106433918117,3
regulate,253,0.03656597774244833,0.0002540260193735349,0.025626991777937556,0.0003753839817109626,6
regulated,29,0.004191357132533603,1.402115159018406e-05,0.006202017825834608,0.00010008944228738442,6
regulation,125,0.01806619453678277,0.00020776822812295612,0.01766302829984002,0.00027041582735453957,1
regulatory,9,0.0013007660066483597,4.005991164901129e-09,0.0031644081283678208,4.932976849535645e-05,3
rehab,10,0.0014452955629426219,7.929194120077345e-08,0.00283126621547324,4.8598704199145954e-05,7
rehabilitation,42,0.006070241364359011,2.8209544715267433e-05,0.007077589090712271,0.0001495407272904686,11
reignite,10,0.0014452955629426219,1.0413050719451003e-06,0.002220867445665831,6.820847026725594e-05,5
reimbursement,21,0.0030351206821795057,4.674350161932819e-06,0.004345454033443112,0.00010064510942788948,3
reinforce,30,0.004335886688827865,7.879435139565497e-06,0.006314100515705672,0.00012178734493396604,5
reintroduction,9,0.0013007660066483597,2.5555215893863525e-07,0.0022938891318293178,5.332360882923527e-05,0
rekindling,10,0.0014452955629426219,1.5119099842765136e-07,0.003094818368191211,5.310374244327717e-05,5
relate,532,0.07688972394854748,0.0019180278335483632,0.03662279163728735,0.0006602479130777896,7
related,60,0.00867177337765573,1.7534676738104908e-05,0.010476405100749805,0.00013883598134067018,5
relation,20,0.0028905911258852437,6.479164768905743e-06,0.004936276360924059,7.655461365156869e-05,7
relationship,249,0.035987859517271285,0.0006662818920971606,0.02670467301201326,0.0004651435446971467,5
relative,93,0.013441248735366382,7.590400129491132e-05,0.014570192603550585,0.00022589454016026241,2
relatively,92,0.01329671917907212,4.278507470137655e-05,0.015698704833843353,0.00020417355202475087,1
relax,34,0.004914004914004914,2.820851567703289e-05,0.006312466070766388,0.00013055090256072394,1
relaxation,59,0.008527243821361469,2.9227029552574367e-05,0.011119234532005771,0.0001599455564387621,3
relaxed,10,0.0014452955629426219,1.7907394723750646e-08,0.0031529564003088925,5.3097002450102794e-05,3
relaxing,9,0.0013007660066483597,1.7198922552613072e-08,0.0026496650027323988,5.227758640515791e-05,3
release,298,0.04306980777569013,0.0006479937747033049,0.025789550758778007,0.0004873061824273104,6
relevance,16,0.002312472900708195,3.6152737251200466e-07,0.004348782456090745,7.599220147225957e-05,2
relevant,60,0.00867177337765573,2.0027656741618465e-05,0.010951167831687062,0.00016960522890455972,0
reliability,42,0.006070241364359011,1.5662637116689725e-05,0.009006821661260649,0.00013431828410359273,2
reliable,114,0.016476369417545888,8.563507685769217e-05,0.01815103635172925,0.0002541504019095132,1
reliance,10,0.0014452955629426219,3.114665447740344e-08,0.0033636136394962638,5.1711583455487287e-05,5
relie,10,0.0014452955629426219,2.965061320524337e-08,0.0028445727953092703,5.223443055425036e-05,2
relief,115,0.01662089897384015,6.173119286209894e-05,0.017771226200903222,0.00022748835894175097,3
relieve,81,0.011706894059835236,1.4202073557240443e-05,0.013939030337343653,0.0001490165290955325,5
reliever,10,0.0014452955629426219,1.2907175217437294e-07,0.0028776940582923203,4.8904217352059587e-05,1
religion,10,0.0014452955629426219,6.42366671579383e-07,0.002686244833319587,6.249328486469984e-05,0
reluctance,10,0.0014452955629426219,6.515153746222479e-07,0.0034367817856959674,5.3374815119657583e-05,3
rely,61,0.008816302933949994,2.329022975617567e-05,0.011799023588416667,0.00015801523624224285,0
remain,186,0.026882497470732764,0.00032666549220963223,0.023881404841942098,0.00037270157734492097,5
remained,10,0.0014452955629426219,2.207146984507307e-07,0.002983048755142583,5.236783854607761e-05,5
remains,10,0.0014452955629426219,2.9773134736395097e-07,0.0031549568902822186,4.946500670796306e-05,3
remarkable,10,0.0014452955629426219,1.5366537821040197e-07,0.0028591976851887048,5.6352545857149715e-05,3
remedy,19,0.0027460615695909813,8.790602870464275e-07,0.004319612123339674,6.388371447794715e-05,0
remember,194,0.028038733921086863,0.0004792839958564399,0.023698242880637495,0.0003665532740269643,0
remind,18,0.0026015320132967193,1.5905545570194566e-06,0.004677347250113913,7.954267096232898e-05,0
reminder,10,0.0014452955629426219,5.165645650883714e-07,0.0025065772032901766,6.502570059954678e-05,1
remote,10,0.0014452955629426219,2.2822760882496653e-07,0.0030347241823674097,5.291584579884926e-05,3
remotely,18,0.0026015320132967193,2.763277632587193e-07,0.005121709584351123,7.075926580962854e-05,3
removal,43,0.006214770920653274,2.331569490933473e-05,0.0078984827065851,0.00013862876280897166,7
remove,112,0.016187310304957365,0.00017646907807190209,0.015363867092770071,0.0002658867286776301,1
remuneration,7,0.0010117068940598353,0.0,0.002726353467044717,4.3694911731106565e-05,2
renal,18,0.0026015320132967193,5.146437311530471e-06,0.004113232282496641,7.308510978196581e-05,7
render,10,0.0014452955629426219,6.246922127730725e-06,0.0013028851755385452,8.265592425161022e-05,11
renew,129,0.01864431276195982,8.691150613755812e-05,0.018956035973435557,0.000257393459310795,3
renewal,10,0.0014452955629426219,1.4304712776124705e-06,0.0023797025158165362,6.623705813551734e-05,5
renowne,9,0.0013007660066483597,4.559293897481002e-07,0.001786797845174706,6.721418422882894e-05,3
renowned,9,0.0013007660066483597,2.108320296522572e-06,0.001960330798629137,6.484522264193025e-05,13
repair,63,0.009105362046538517,2.586017189076221e-05,0.01095660343587855,0.00016029054344375102,6
repeat,127,0.018355253649371295,0.00011020871186136117,0.01896511995933552,0.00023975173012959092,2
repeatedly,10,0.0014452955629426219,1.6601061326880566e-08,0.003219228707514956,5.0131826902024973e-05,7
reperfusion,10,0.0014452955629426219,1.1730327456866264e-05,0.0015220038472978507,7.533126519767182e-05,11
replace,131,0.018933371874548344,7.041893714836886e-05,0.01828201641788727,0.0002319644065761363,1
replacement,897,0.12964301199595318,0.004457127761440677,0.040471092136214026,0.0009452438094667395,3
replenish,45,0.006503830033241798,2.0825037968251865e-06,0.009287243344914672,0.00010621579860325877,6
replicate,19,0.0027460615695909813,5.323753020144562e-07,0.005051697041287835,6.962683741677533e-05,6
report,344,0.04971816736522619,0.0010030653078886107,0.03239623077680151,0.0005512891278372011,2
reporting,28,0.004046827576239341,6.066555767187942e-06,0.006255108932442101,0.00010527384527607649,2
represent,93,0.013441248735366382,6.599525739184159e-05,0.015039585452433968,0.0002341242496900693,2
representation,29,0.004191357132533603,2.561750330370473e-05,0.004712408068670976,0.00011906217643116305,3
representative,18,0.0026015320132967193,3.5574176165455544e-06,0.004343307497786285,7.610766171360829e-05,2
reproduce,11,0.001589825119236884,1.0370836139754459e-08,0.003638809159246041,4.883467651990593e-05,0
reproduction,54,0.007804596039890158,1.505203893581249e-05,0.00975842469921104,0.0001297661327560233,6
reproductive,227,0.03280820927879751,0.0002789907569658502,0.02378588624643915,0.00035769481733632783,6
republican,33,0.0047694753577106515,2.1529179872267434e-05,0.005800087051631605,0.00013847079824231702,5
reputable,29,0.004191357132533603,5.195379520513605e-06,0.007265864791034068,0.00010130061542877106,3
reputation,10,0.0014452955629426219,3.502664595151327e-07,0.002366298271702067,6.269807074960624e-05,11
request,107,0.015464662523486054,4.804651502087817e-05,0.01660542016914236,0.00021617499037735426,3
require,582,0.08411620176326058,0.002201664335503079,0.043973273438741745,0.0007777401580843678,3
required,16,0.002312472900708195,1.532162297167894e-07,0.004228477389838137,6.029171786960559e-05,3
requirement,76,0.010984246278363925,3.363706609429323e-05,0.013848125420921599,0.00018322705929441988,1
research,554,0.08006937418702124,0.004022297322696628,0.039396651777142196,0.0008690335954694539,3
researcher,287,0.041479982656453245,0.0011295723664280224,0.028117966293097856,0.0005111487715608137,11
resection,10,0.0014452955629426219,5.7390179235406504e-08,0.003145721091012781,5.328815728403139e-05,7
resemblance,10,0.0014452955629426219,4.670358732287639e-09,0.003360816120274692,4.487360814518949e-05,0
resemble,9,0.0013007660066483597,9.087846301529052e-09,0.0025616470720111217,4.7236666534823814e-05,5
reserve,20,0.0028905911258852437,2.8792663296338545e-06,0.004357652882125209,8.455277121651015e-05,11
reset,10,0.0014452955629426219,1.9320615154200676e-07,0.0030143878656523943,5.7481508694056294e-05,6
residency,18,0.0026015320132967193,4.5957042896832275e-06,0.0038425800326694617,8.974935709857938e-05,11
resident,19,0.0027460615695909813,4.32881998331042e-06,0.004665917253401576,8.822500695852172e-05,11
resilience,20,0.0028905911258852437,2.4455299542526476e-06,0.004952822560857172,8.716722608565604e-05,5
resilient,20,0.0028905911258852437,9.440846815438881e-06,0.0040493749042608135,9.646222521784611e-05,5
resistance,140,0.020234137881196705,0.00012939742207215474,0.018144535919091334,0.000261368714731521,7
resolution,28,0.004046827576239341,2.4970700033767658e-05,0.0053667249967563075,0.0001093486923077368,11
resolve,93,0.013441248735366382,6.658657433147622e-05,0.01485816560134389,0.00019630462494257093,6
resonance,10,0.0014452955629426219,1.8510982447768183e-06,0.001692220745421963,8.097664538766565e-05,11
resonate,10,0.0014452955629426219,5.79575677015317e-07,0.00264910633649357,5.8415827912270874e-05,5
resort,29,0.004191357132533603,8.672538018437075e-07,0.007632938126763789,8.79367491823012e-05,0
resource,81,0.011706894059835236,4.895466900627603e-05,0.0142027301005647,0.00019460451893195656,3
respect,38,0.005492123139181963,3.6236106666004524e-05,0.00724877669437076,0.00013867039468855218,2
respectful,7,0.0010117068940598353,5.234311274408465e-08,0.0018968005776495713,4.95524285774431e-05,3
respectively,33,0.0047694753577106515,2.2662921146954575e-06,0.007332729101340657,9.893085151876491e-05,1
respiratory,18,0.0026015320132967193,5.67167456898673e-06,0.0030492683269282878,9.772353875429558e-05,7
respond,213,0.030784795490677842,0.00022678204228454107,0.02537932344771795,0.0003687687606685594,6
response,316,0.045671339788986846,0.0006446300354094847,0.030903315591278395,0.0004758329636393388,3
responsibility,38,0.005492123139181963,1.9661862204584506e-05,0.007888974253386494,0.00013235167041733372,3
responsible,199,0.028761381702558174,0.00021607672224159446,0.022064145378800016,0.00033342268843304955,6
responsive,15,0.0021679433444139326,2.68290668974878e-06,0.0038701918801361318,6.798747306316198e-05,3
rest,164,0.023702847232258996,0.0001926765297904141,0.021706705681380174,0.00033481708104255434,6
restart,70,0.010117068940598353,1.938910438207494e-05,0.012087738222657109,0.00014908879273901055,6
restaurant,9,0.0013007660066483597,8.203365764489264e-07,0.00144014854495456,7.718494666398105e-05,0
restful,35,0.005058534470299176,3.6583822915608817e-06,0.00802238775522828,9.269629275212646e-05,0
restlessness,10,0.0014452955629426219,5.9426412840942765e-08,0.002898458236695407,5.613570586459863e-05,7
restoration,47,0.0067928891458303225,2.365270427110084e-05,0.00930271850239296,0.0001371234659609011,3
restorative,59,0.008527243821361469,1.3983230456769294e-05,0.010713852504223992,0.00015824877723981222,5
restore,248,0.03584332996097702,0.00024819940729973083,0.02590228188086357,0.00035258397136838873,6
restrict,36,0.005203064026593439,6.087344526547826e-06,0.007342198159204741,0.0001063689649342462,1
restriction,42,0.006070241364359011,2.970240418154162e-05,0.008258434871145323,0.00012539093706602896,10
restrictive,19,0.0027460615695909813,1.7031347159406162e-06,0.005367217854765442,7.863580560727983e-05,3
resubmit,10,0.0014452955629426219,5.1235905913530416e-08,0.0029723618524062838,5.4792791402959984e-05,3
result,1013,0.1464084405260876,0.007681260746408713,0.04960022159549338,0.0011309313404368122,2
resultant,16,0.002312472900708195,5.7338354681528686e-08,0.00446861165511779,5.7279592997989246e-05,5
resume,10,0.0014452955629426219,5.845685594660088e-08,0.0030478473440190934,5.3867006517234226e-05,6
resurface,8,0.0011562364503540975,2.9374884858824026e-08,0.0019621017164652586,5.318792882178732e-05,1
retain,24,0.003468709351062292,4.331081388125302e-06,0.005223464540467428,7.879053064302951e-05,7
retention,89,0.012863130510189334,5.1464042650273376e-05,0.013071544497643875,0.0001995821969433385,7
reteste,9,0.0013007660066483597,3.113924453873226e-09,0.0029588832733973376,4.079246313245085e-05,3
rethink,10,0.0014452955629426219,2.6368703614342777e-06,0.001874621014967573,7.520396691464536e-05,5
retina,8,0.0011562364503540975,5.1037281783760125e-08,0.0023795137382626955,4.89014457032153e-05,7
retired,10,0.0014452955629426219,1.166627548524104e-07,0.002872524240668907,5.4380697065744e-05,0
retrograde,16,0.002312472900708195,9.85164015950083e-07,0.004146854405138318,6.889830090747497e-05,6
retrospect,18,0.0026015320132967193,6.974484226292088e-07,0.005408752218034881,6.642059059372599e-05,0
retrospective,53,0.007660066483595895,5.830138084544178e-05,0.00895820561237799,0.00018740913914894959,2
retrospectively,10,0.0014452955629426219,2.1864859782740403e-08,0.0032582857138187117,5.197697066370343e-05,0
retry,10,0.0014452955629426219,2.1609791155582228e-07,0.0027461571682365856,4.752848028401677e-05,6
return,145,0.020956785662668016,0.00015394049974056006,0.02039527291441143,0.0002758496150951512,1
reuptake,8,0.0011562364503540975,8.305653248685468e-08,0.002126879471101875,5.2847377092849775e-05,6
reuse,9,0.0013007660066483597,8.824976989853855e-08,0.002340879630274094,5.577411150831404e-05,5
reveal,69,0.009972539384304091,6.427715738869913e-05,0.011523246928461822,0.00016801528424253368,2
reversal,35,0.005058534470299176,6.045383365151198e-06,0.007195210566673181,0.0001073086921425376,5
reverse,126,0.018210724093077033,6.12726912090084e-05,0.017676643284199715,0.00023251789991251702,5
reversible,87,0.012574071397600809,3.8984757937069536e-05,0.013992956563980832,0.00019212413208407838,3
revert,10,0.0014452955629426219,5.399093531482435e-07,0.002473631625180914,5.9694540629501874e-05,7
review,497,0.0718311894782483,0.0037387938781633873,0.03642614514662493,0.0008495715273878296,3
reviewer,20,0.0028905911258852437,1.6200239734526766e-05,0.002916550617462602,0.00016628464904283282,3
revise,10,0.0014452955629426219,5.2842522310076096e-08,0.0026105303187489493,5.915468810547307e-05,11
revitalize,10,0.0014452955629426219,2.233204952286775e-07,0.002558274308649522,5.900919602725898e-05,3
revolutionary,10,0.0014452955629426219,1.9151105183817928e-07,0.0028130990384580942,5.7838674220606344e-05,3
reward,87,0.012574071397600809,0.00010508885876755432,0.014748872935098063,0.00021275959182050325,3
rewarding,10,0.0014452955629426219,3.6555821598510936e-07,0.002970707818196384,5.7503911818077174e-05,6
rheumatic,9,0.0013007660066483597,4.8233785525323476e-08,0.002041667060680849,5.6491946638003294e-05,7
rhinorrhea,10,0.0014452955629426219,3.2908616214904724e-07,0.0024418095360953683,6.793289801245807e-05,1
rhode,10,0.0014452955629426219,6.511950192699319e-07,0.002119040853708082,7.15455347487434e-05,11
rhythm,62,0.008960832490244255,2.034438193887338e-05,0.011584247951813852,0.0001524597068587683,6
rhythm.181,10,0.0014452955629426219,1.333255386935954e-06,0.0019631431155225196,6.388348002204254e-05,1
rhythmical,19,0.0027460615695909813,1.8755076214867442e-06,0.004954387439554661,8.132513020321388e-05,1
rice,26,0.0037577684636508164,4.4570162358802165e-05,0.003947452349006249,0.0001245582618749669,9
rich,100,0.014452955629426218,0.00016622849977594498,0.013716710123969647,0.0002635508147023328,5
richard,10,0.0014452955629426219,1.5432338801556363e-06,0.00012086593503213851,0.00012201084247276702,11
ride,10,0.0014452955629426219,1.1288700950261771e-07,0.002995617903105867,5.018032484493367e-05,0
right,542,0.0783350195114901,0.002423310970517202,0.040902281442426996,0.0007450165622429658,0
rigorous,20,0.0028905911258852437,1.0877778844398339e-05,0.0034970675270495593,0.00010434672828832291,11
rigorously,9,0.0013007660066483597,2.405207466538853e-08,0.002207888738094209,5.236605852815898e-05,2
ring,26,0.0037577684636508164,3.595230077030582e-06,0.005366527700081132,0.00010354292878087754,1
rip,9,0.0013007660066483597,4.387832359211817e-08,0.0026642572204046253,5.146786895647005e-05,0
rise,245,0.03540974129209423,0.0002801948692630476,0.02700920698734086,0.00041095181166393306,6
risk,1087,0.15710362769186298,0.010365782030088326,0.0462765579212015,0.0012049404254652202,7
"risk,233",9,0.0013007660066483597,1.2921037664315333e-07,0.0016238310992111983,6.814215341302561e-05,2
risk.373,10,0.0014452955629426219,5.357106444576237e-07,0.0019136681797415774,6.990547387739912e-05,2
risky,20,0.0028905911258852437,7.789745011383496e-07,0.004623752969660803,7.72864796577379e-05,0
rita,10,0.0014452955629426219,3.063433503462808e-06,0.0024711573755892,8.456128597892002e-05,3
ritual,9,0.0013007660066483597,7.033457079826796e-07,0.002093225492910343,6.434038253688193e-05,5
river,20,0.0028905911258852437,0.0002909713352668602,0.0020725319365731713,0.00015526231598585465,12
roaccutane,10,0.0014452955629426219,4.6353694816576215e-07,0.00237333302021757,6.139615801909914e-05,7
road,76,0.010984246278363925,0.000127121031911786,0.012793127504121616,0.00020684133106143533,12
robert,45,0.006503830033241798,0.0004072649511500228,0.005655754298222267,0.00022679681725343943,11
robertson,23,0.00332417979476803,1.2897905371909252e-05,0.00361488463708768,0.00011653980444516549,11
robotic,16,0.002312472900708195,1.1567330874848668e-06,0.004149936930848989,7.397866327225089e-05,7
robust,68,0.009828009828009828,5.2202048115462955e-05,0.012541191493075442,0.00017964296097554622,0
robyn,7,0.0010117068940598353,2.7159355765039148e-08,0.0009698504510303915,8.875991010668383e-05,3
rochester,59,0.008527243821361469,0.0001762121605227866,0.007569809551248695,0.00023235251930270784,12
rock,9,0.0013007660066483597,1.081217109474418e-08,0.0030025197757047677,4.210459310669895e-05,3
rod,15,0.0021679433444139326,1.8796648085271222e-06,0.00355336425820212,8.2461429702606e-05,1
rodrigo,10,0.0014452955629426219,4.841299445573718e-06,3.844182150772378e-05,0.00013860749391241299,8
rodriguez,10,0.0014452955629426219,5.7870600910066714e-05,0.0004239959042845185,0.00011288768400775571,11
rogers,46,0.00664835958953606,1.2478728979860642e-05,0.008667620929304926,0.00013567115591778516,5
role,318,0.04596039890157537,0.0005524308945819828,0.02821260444765975,0.0004589420777587106,6
roller,10,0.0014452955629426219,9.521659510472219e-08,0.0033313859220562157,4.986432679760631e-05,1
rollercoaster,10,0.0014452955629426219,3.0002452592171736e-08,0.003431918633897048,5.191928422300925e-05,6
roman,10,0.0014452955629426219,1.250635366250485e-08,0.0037809237982690124,4.9166774134947575e-05,3
ronald,29,0.004191357132533603,0.0003317010563120136,0.0011838520903471594,0.0002320394968351393,11
ronde,10,0.0014452955629426219,1.6152383651581966e-07,0.002978070945919881,4.8229853051319214e-05,11
roof,20,0.0028905911258852437,4.233230211621423e-06,0.004872100944697013,8.311458791954107e-05,0
room,69,0.009972539384304091,5.0672448495489105e-05,0.012115403439482161,0.00020069983182484757,0
roosevelt,23,0.00332417979476803,4.513546612486171e-07,0.005855957119845297,7.123885809751439e-05,11
root,49,0.0070819482584188465,1.4032531164380516e-05,0.010262798468823567,0.00012815214674474797,3
rosen,12,0.001734354675531146,1.6983149848381364e-06,0.0015394112887001572,8.457819816275461e-05,11
rotate,20,0.0028905911258852437,5.655890331360703e-07,0.004733867576530392,7.649814387717921e-05,1
rouge,9,0.0013007660066483597,2.4312319578724764e-05,0.0014463968376748377,7.520121132561197e-05,12
rough,19,0.0027460615695909813,3.1617471750853173e-06,0.0050141919692157965,6.916362750039437e-05,5
roughly,44,0.006359300476947536,1.890767174527117e-05,0.008914002385184316,0.00012303448624537684,1
rounded,10,0.0014452955629426219,9.325375791090045e-08,0.003439342668249768,5.1229358765797446e-05,11
route,86,0.012429541841306548,5.004890442773719e-05,0.015383178985352536,0.00019045785621805742,1
routine,184,0.02659343835814424,0.00019847079752410358,0.023488362886989574,0.00031339006153311344,3
routinely,65,0.009394421159127041,1.4131724183806754e-05,0.012210233873192497,0.00014887488667616978,3
rrr,19,0.0027460615695909813,1.1564093943895941e-06,0.004862162061669765,7.721805362904862e-05,7
rtcs,9,0.0013007660066483597,2.0569531669301094e-08,0.002820963046503763,5.090845437846156e-05,2
rub,54,0.007804596039890158,1.3930122381906843e-05,0.010055383887593415,0.00014377049109570145,1
rubber,15,0.0021679433444139326,3.1327525531723535e-06,0.003251252261728512,7.845080292556613e-05,1
ruisheng,10,0.0014452955629426219,1.5292460458116305e-06,1.3476435711293686e-05,0.000140906188871001,8
ruiz,10,0.0014452955629426219,0.0004818231451349911,0.0003232270552068006,0.00012633030138442682,8
rule,132,0.019077901430842606,7.387816844168138e-05,0.01868770065189052,0.00022734733060287532,6
run,196,0.028327793033675386,0.00044570220951574473,0.02408835544804351,0.00039157755559650364,0
running,9,0.0013007660066483597,4.532253404100727e-09,0.00260928340904819,5.360166856978218e-05,7
runz,5,0.0007226477814713109,7.079557467121829e-10,0.0012960455064895938,4.489105367417048e-05,11
rural,10,0.0014452955629426219,5.124147661636489e-07,0.002535805222241504,5.630804135660842e-05,3
rush,18,0.0026015320132967193,9.989552165983153e-07,0.004615461182882201,7.060724572156977e-05,0
ryan,20,0.0028905911258852437,0.0009365607469304794,0.002786017479174049,0.00014834809059392692,11
s.e,10,0.0014452955629426219,1.3275911129740167e-06,0.0005606978705427723,9.411787831140583e-05,11
s.l,10,0.0014452955629426219,1.4540403725410485e-06,0.0011199702488525049,8.333683178160436e-05,11
saad,10,0.0014452955629426219,7.562975138629241e-07,0.0016682366909951394,8.252013813405907e-05,11
saalu,10,0.0014452955629426219,1.3982157470044421e-06,0.0019525980362128685,7.640131064465087e-05,6
sabotage,10,0.0014452955629426219,2.4760116334396653e-07,0.003026821471943924,4.993282832838318e-05,2
sabrina,6,0.000867177337765573,8.356724850781276e-09,0.0009514876252445036,7.388349937801919e-05,3
sachet,18,0.0026015320132967193,1.207817861126672e-05,0.0028815982739162035,0.0001136648715381775,1
sacrifice,10,0.0014452955629426219,1.7959055250358757e-06,0.0029505320020962846,5.491709178789814e-05,2
sad,23,0.00332417979476803,2.7099419211247464e-06,0.005613419035445742,9.135969976764401e-05,5
sadness,35,0.005058534470299176,1.2962483748542135e-05,0.0067273433673302845,0.00011780468259433826,5
safe,390,0.05636652695476225,0.0007621021619488855,0.03558645048985433,0.000540267096451827,3
safely,125,0.01806619453678277,5.183618593188275e-05,0.01836767346324958,0.0002343453263906141,3
safety,304,0.0439369851134557,0.0008882431408576168,0.031064847813090095,0.0005178569738120174,3
safety.30,10,0.0014452955629426219,9.547160438376774e-09,0.0032784515022546107,4.9278591553140455e-05,1
saint,17,0.002457002457002457,4.575095541030197e-06,0.003349867495164412,8.851177223469736e-05,11
salad,27,0.003902298019945079,4.156334921995413e-05,0.005034363968067881,0.00011597384203174566,9
sale,20,0.0028905911258852437,1.2995597333523856e-05,0.004253995913738571,8.554481801773172e-05,3
saliva,10,0.0014452955629426219,5.3170860195199936e-08,0.0027101762109107788,5.8688075912356836e-05,3
salivary,10,0.0014452955629426219,9.283333383451098e-08,0.0029462970838109266,5.1198163840645945e-05,5
salmon,20,0.0028905911258852437,1.5192561584401103e-05,0.002851275499360718,0.00011565270848544557,9
salonia,18,0.0026015320132967193,1.0332387478070726e-05,0.00293502089693837,0.00011543711947897299,11
salt,36,0.005203064026593439,2.6343423010853296e-05,0.005976086702787547,0.00014503941326636307,0
samplaski,46,0.00664835958953606,1.0844217315714726e-05,0.009834925660237522,0.00013779725285831748,11
sample,196,0.028327793033675386,0.0003528898266097795,0.021779338434384073,0.00036684995332171864,2
san,26,0.0037577684636508164,1.665960387138733e-05,0.004276609790489633,0.00012684525328949747,11
sandeep,24,0.003468709351062292,2.267435172802154e-05,0.003886717642269332,0.0001098023417551555,11
sandya,10,0.0014452955629426219,8.190935648522344e-07,5.9529054724815126e-05,0.00012977219165314954,11
sara,9,0.0013007660066483597,1.4582893176000989e-08,0.0026678527812751167,5.2304014106146473e-05,7
sarcoidosis,33,0.0047694753577106515,4.871655601971698e-06,0.006217124506127289,0.00011066118062825723,7
sarcopenia,20,0.0028905911258852437,1.03517888452164e-06,0.004601375357290113,7.731487662629721e-05,7
sardine,29,0.004191357132533603,1.3115547881690275e-05,0.0058865825453231725,0.00011027977613936539,6
sather,10,0.0014452955629426219,3.966859130637529e-06,0.00183288987377288,0.00010616282463095513,3
satisfaction,52,0.007515536927301633,3.2734724247649995e-06,0.011146554809972445,0.0001175849303792898,5
satisfactory,27,0.003902298019945079,4.489698836888632e-06,0.006061853189747441,9.302255786765629e-05,5
satisfied,9,0.0013007660066483597,9.197928601909699e-08,0.0031953525635538774,4.58830080727913e-05,2
satisfy,20,0.0028905911258852437,2.1868021831427463e-07,0.00596251480104386,6.847010477485204e-05,0
saturate,49,0.0070819482584188465,4.2221881866635124e-05,0.008913847672420244,0.00015322625260734082,3
sauna,9,0.0013007660066483597,8.953792113547568e-08,0.0019768426388642466,6.131536855734395e-05,7
saunder,10,0.0014452955629426219,5.09840472379857e-07,0.0010314494384557255,7.907712592664681e-05,11
sauté,27,0.003902298019945079,3.420878873499387e-05,0.004729063319808041,0.00012426411419887119,9
save,38,0.005492123139181963,9.14379003732646e-06,0.008027690336782205,0.00011424901816366543,3
sawgrass,10,0.0014452955629426219,2.706384665870188e-07,0.0018855330438595176,6.60845302673366e-05,12
saya,10,0.0014452955629426219,4.779166334268831e-08,0.0031485941451218466,5.529725707976359e-05,3
scale,47,0.0067928891458303225,4.47976027633173e-06,0.009698299416578134,0.00012660067018379611,2
scalp,46,0.00664835958953606,2.2863410279171854e-05,0.008161138134682114,0.00013456997571529176,6
scan,74,0.0106951871657754,4.276566810884724e-05,0.012699396473195249,0.000180945866931767,7
scanner,12,0.001734354675531146,1.9256277161257054e-07,0.003420640534426442,6.303710119225969e-05,3
scanning,10,0.0014452955629426219,9.406677569357221e-08,0.0031450195061739523,5.241297583739135e-05,6
scar,40,0.005781182251770487,3.886915207715154e-05,0.007681469189616188,0.0001408235651368285,1
scarring,10,0.0014452955629426219,2.4908863068346683e-07,0.002851196368191974,5.6688584459792924e-05,7
scd,9,0.0013007660066483597,8.905329691782649e-07,0.00025780579046131495,0.00010314530868069236,11
scenario,45,0.006503830033241798,2.843715995724958e-06,0.010526749331120279,0.00012203306968957516,1
scentless,10,0.0014452955629426219,7.586846904667882e-07,0.002698577173007895,6.222467653241743e-05,1
schedule,204,0.029484029484029485,0.00024111601197121532,0.0247563042587375,0.0003701814329805684,3
scheduling,9,0.0013007660066483597,2.270400174908802e-06,0.0014099445478188042,6.737015525657837e-05,11
scheme,10,0.0014452955629426219,1.7671485090818586e-06,0.0027508271704267907,6.596858612351969e-05,2
schizophrenia,8,0.0011562364503540975,7.752866501249254e-07,0.0021508360985205005,5.509004409764043e-05,7
scholarship,10,0.0014452955629426219,2.642930769773796e-07,0.0019740114301617442,6.843419705406712e-05,11
school,126,0.018210724093077033,0.00039964046548277677,0.014276642866865996,0.00037208928828321103,11
schwarzenegger,10,0.0014452955629426219,1.526149222455914e-07,0.0033082750282826417,5.3767993607048664e-05,0
scialli,10,0.0014452955629426219,3.3110285460956685e-05,0.0008630051996432955,0.00011499943583685553,4
science,158,0.022835669894493423,0.00043991469982897154,0.019676177977590657,0.0003777018109622377,11
sciences,20,0.0028905911258852437,1.0944794238617144e-06,0.004842127445664571,8.31772934699412e-05,0
scientific,123,0.01777713542419425,0.0005838647323483807,0.013633910763462128,0.00037527617788081724,11
scientifically,18,0.0026015320132967193,6.121230720665459e-07,0.004671734182507577,6.869248874591844e-05,0
scientist,57,0.008238184708772944,4.588946247881419e-05,0.009473926960660652,0.0001586386108950782,0
sciex,9,0.0013007660066483597,4.927811314123243e-07,0.002655037860389222,5.8669039823658575e-05,11
scope,49,0.0070819482584188465,2.4609582801673194e-05,0.009007171085244126,0.00013980909696546998,0
scopus,10,0.0014452955629426219,2.8446710152772675e-07,0.0019931522067426167,6.892268663246677e-05,2
score,84,0.012140482728718023,4.9277617908368335e-05,0.012818625278259633,0.00020892092981318288,5
"score.13,20",10,0.0014452955629426219,3.2246550440314236e-07,0.0023345799016682104,6.522737827717552e-05,5
scot,391,0.056511056511056514,0.0011755130693950127,0.033694078543169546,0.0006088455644113364,0
scott,273,0.039456568868333576,0.0019439606401510134,0.024296183842222624,0.0005548703021049267,0
screen,243,0.03512068217950571,0.0009473001887610023,0.024873392277176748,0.00046722129817469135,11
screened,10,0.0014452955629426219,9.589083275234015e-08,0.0027094421172345635,5.634833417010269e-05,0
screening,248,0.03584332996097702,0.0005800555661223864,0.02612471193030861,0.00044933298616531807,7
scripps.org,10,0.0014452955629426219,1.3424994734900508e-08,0.0032137690731425038,4.775768322338108e-05,3
script,33,0.0047694753577106515,6.21950967122825e-06,0.007604087674019508,9.975895987788084e-05,0
scrotal,9,0.0013007660066483597,3.7033988372634946e-07,0.0022715939684904373,5.9255790930009733e-05,1
scrotum,83,0.011995953172423761,3.723935354532075e-05,0.013728241860631438,0.00020221509001444796,1
sculpt,10,0.0014452955629426219,1.6261879569101446e-07,0.002690682371209155,5.540123797727014e-05,6
sdna,9,0.0013007660066483597,2.948920710120062e-07,0.001165432739000257,8.218578516800621e-05,3
seafood,17,0.002457002457002457,8.167570755453948e-06,0.003174565331384097,9.801264660380768e-05,9
seamless,25,0.0036132389073565544,9.426137926233073e-06,0.005779982900420781,9.384266767544746e-05,3
search,269,0.03887845064315652,0.0008752296869631078,0.02784830215901648,0.0005808896062173785,2
seared,10,0.0014452955629426219,1.378365436977272e-07,0.0009725508834945282,7.716048360348481e-05,9
sears,21,0.0030351206821795057,4.5087577093836176e-06,0.004257033801262117,9.292615180897717e-05,0
seattle,44,0.006359300476947536,4.568131273678251e-05,0.008176505508774216,0.0001612137585485448,11
sebaceous,22,0.003179650238473768,6.2980330302059665e-06,0.0050967198873825914,8.730515440545559e-05,6
sebum,32,0.00462494580141639,4.55888949210906e-06,0.006807990908789528,0.00010426177181641506,6
second,20,0.0028905911258852437,1.0720502349426616e-05,0.004134674153983199,9.382956363998854e-05,1
secondary,270,0.03902298019945079,0.0005643192344680979,0.023403731994931305,0.00041213642304898344,7
secondly,10,0.0014452955629426219,7.046932833342466e-09,0.0031120123854191184,4.278509921062435e-05,0
secret,9,0.0013007660066483597,5.068825168626992e-08,0.002951109423875403,5.232899839496309e-05,0
secrete,59,0.008527243821361469,4.211408387637638e-06,0.010149687581915944,0.00013553775756919016,6
secretion,61,0.008816302933949994,1.38184827519104e-05,0.010528223547800471,0.00014853570455604522,6
section,63,0.009105362046538517,3.021690542257782e-05,0.011060797528487829,0.000179176366935824,2
sectional,10,0.0014452955629426219,2.5041295246565253e-06,0.0021027860244029204,6.819983158017798e-05,11
secure,19,0.0027460615695909813,2.776752106599427e-06,0.004799579784261066,8.300091062085781e-05,3
securely,10,0.0014452955629426219,4.1881507890133774e-07,0.002746247161795426,5.920194729793365e-05,3
sedative,10,0.0014452955629426219,2.864202637048142e-07,0.003008738645883845,5.6763399962435985e-05,7
sedentary,39,0.005636652695476225,2.0674708794276017e-06,0.008491271821999066,9.741208674463947e-05,7
seed,31,0.0044804162451221275,0.00011417965876888469,0.00494254068616789,0.0001338976647852828,9
seek,313,0.04523775112010406,0.0005303075070904754,0.03223772702296228,0.0005076112302693328,3
seesaw,10,0.0014452955629426219,1.0589486265470206e-06,0.0017166511531050983,7.162413668352908e-05,6
segue,10,0.0014452955629426219,5.069466458180601e-08,0.003276895265952938,5.172020681580393e-05,0
seldom,9,0.0013007660066483597,4.350755643348895e-08,0.002701124687525499,5.08318853084194e-05,0
select,156,0.0225466107819049,0.0001541667037866656,0.021675177631845656,0.00028731978358117864,3
selection,18,0.0026015320132967193,2.6861298226929826e-06,0.004844561459032685,7.93422425441336e-05,11
selective,56,0.008093655152478682,3.7691864246848764e-05,0.009302963735198462,0.0001435566858395564,6
selenium,26,0.0037577684636508164,2.173078311263973e-06,0.006052887337320516,9.112002174812231e-05,6
self,272,0.03931203931203931,0.000678564344452679,0.027929144886628732,0.00047116658974427487,5
sell,70,0.010117068940598353,1.3169944832681884e-05,0.01439497503220256,0.00016570650204551668,0
semaglutide,21,0.0030351206821795057,5.485633607869145e-07,0.005005122471889499,7.494605028206947e-05,6
semen,89,0.012863130510189334,3.5913742144071376e-05,0.014314498214409988,0.00019775560455187485,6
semi,9,0.0013007660066483597,8.33657792464643e-08,0.0009271037952345965,7.882811533934667e-05,0
semirigid,10,0.0014452955629426219,9.738099295079718e-07,0.002517565551694212,6.382723078183522e-05,1
send,111,0.016042780748663103,7.753229099337569e-05,0.015661250224072082,0.0002191099016280867,6
seneca,10,0.0014452955629426219,2.144581334914989e-07,0.0018307697948642455,7.218575713426201e-05,12
senior,44,0.006359300476947536,2.0803511491940593e-05,0.00878959562607985,0.0001430808710924341,11
sensation,18,0.0026015320132967193,1.103342090113195e-06,0.004517502408871479,7.496234892632786e-05,6
sense,236,0.034108975285445875,0.0004982437378993942,0.026063991529118785,0.0003861643537932793,6
sensible,10,0.0014452955629426219,3.988186194840925e-08,0.003200961321206194,5.292817883895912e-05,2
sensitise,10,0.0014452955629426219,1.4867039878858236e-08,0.00369316571108731,4.8363930678813364e-05,7
sensitive,86,0.012429541841306548,7.001649763820212e-05,0.01385507217009899,0.00020556909738672638,6
sensitivity,124,0.01792166498048851,6.978981087304417e-05,0.01808874381906857,0.00023537652434095973,6
sep,21,0.0030351206821795057,2.893062798188523e-05,0.004317091948377004,9.236858748391433e-05,11
separate,92,0.01329671917907212,6.635969136559563e-05,0.013936327092873343,0.0002046003567353132,1
september,51,0.007371007371007371,8.534099221438192e-05,0.008767995892054646,0.00018737623685014307,3
sera,10,0.0014452955629426219,8.198290208447797e-08,0.002646999566371214,6.073131971568433e-05,2
serge,10,0.0014452955629426219,9.95641593092172e-06,0.000254107093804556,0.00011563513907690443,11
series,60,0.00867177337765573,4.686218092790042e-05,0.011579260363092854,0.0001774796284061885,2
seriously,40,0.005781182251770487,5.4905755265263445e-06,0.008866342917700373,0.00010977451796061445,0
serm,46,0.00664835958953606,1.6873347467069236e-05,0.008154902282429223,0.00013803525392401777,6
sermorelin,20,0.0028905911258852437,4.364236753212545e-06,0.0041828881349222245,9.660767424361293e-05,3
serotonergic,10,0.0014452955629426219,2.786874266084189e-07,0.0030108136416348934,5.572217868176355e-05,6
serotonin,62,0.008960832490244255,4.151682347861073e-05,0.010668597733383143,0.00015356861088483336,6
sertoli,9,0.0013007660066483597,6.713444539233418e-09,0.002568780324188386,4.706038365300943e-05,6
serum,304,0.0439369851134557,0.0009784016674897315,0.027614083661259458,0.0005095659511173769,6
serve,126,0.018210724093077033,0.00029864819483124575,0.017577930121772792,0.00032188007160663097,3
service,235,0.03396444572915161,0.0006738903121104469,0.024599553572398417,0.00044866943779470626,3
serving,10,0.0014452955629426219,8.20138562680057e-07,0.0022124273130264315,6.516259785988224e-05,9
session,54,0.007804596039890158,3.0470695637082657e-05,0.01054881217544979,0.00015000718360193722,3
set,174,0.025148142795201618,0.00038639647425256436,0.022747840338910693,0.0003471553836828964,0
sethi,7,0.0010117068940598353,8.210381057879569e-09,0.001853751334755683,5.247705515928886e-05,3
setting,68,0.009828009828009828,3.193120088792051e-05,0.013161551400389665,0.00016751292734431113,3
settle,20,0.0028905911258852437,4.503907859002613e-06,0.004431210710307899,9.385327903700616e-05,0
severe,268,0.038733921086862265,0.0005454837158976237,0.026605024496900567,0.00043141685628930477,7
severely,34,0.004914004914004914,2.8578629879933205e-05,0.0062673353662892175,0.0001226975151889208,0
severity,63,0.009105362046538517,1.1618837600279362e-05,0.011974456051306398,0.00013876445536956954,3
sex,644,0.09307703425350485,0.002411162997420097,0.033522451906411344,0.0006871961704356167,6
sexual,735,0.1062292238762827,0.005336712952706025,0.03917720775341806,0.0009508623406823286,5
sexuality,19,0.0027460615695909813,2.137720729547289e-05,0.0038474374329559562,0.00010623790296451679,11
sexually,76,0.010984246278363925,9.571541286281242e-05,0.011904734617403377,0.00022227747350663763,7
sexy,10,0.0014452955629426219,1.5822611901704096e-07,0.002621399741937694,5.7434140518057184e-05,7
shabalin,10,0.0014452955629426219,8.168698299316049e-05,0.0015425915262948242,8.969921733518206e-05,11
shade,10,0.0014452955629426219,3.785510932310684e-08,0.0028370446173908792,5.477197801964347e-05,2
shadow,9,0.0013007660066483597,4.381332879953152e-09,0.0030977062241042195,4.275813054042774e-05,0
shady,10,0.0014452955629426219,9.335187426622457e-08,0.0020162265101937413,6.983460393696109e-05,3
shadyside,9,0.0013007660066483597,7.277526770260822e-08,0.0018013829705763257,6.2746630725424e-05,3
shah,33,0.0047694753577106515,6.360482000312469e-06,0.007225896047413678,0.00010714177720423411,11
shalender,10,0.0014452955629426219,6.207431410812843e-06,0.0015003272537003588,8.434887583095583e-05,11
shall,10,0.0014452955629426219,6.285568124579349e-09,0.0030524552997427683,5.008033066283516e-05,0
shallow,23,0.00332417979476803,1.1670477773271214e-06,0.0063945641608972575,8.158130216910006e-05,1
shallower,10,0.0014452955629426219,1.9964098582351328e-08,0.00324755892726558,5.2874108750475946e-05,1
shame,39,0.005636652695476225,7.908093790690688e-06,0.009126494638554411,0.00011899207067486115,0
shampoo,16,0.002312472900708195,4.2147561058700955e-07,0.004097632055401213,7.195745128960325e-05,0
shannon,10,0.0014452955629426219,1.7369606509321871e-06,9.04691191862287e-05,0.00012468314526076224,11
shape,69,0.009972539384304091,9.155023613092679e-05,0.011458165974115942,0.00019553601565625817,1
shaped,9,0.0013007660066483597,7.223453166229088e-07,0.0023248429898522845,5.588751684810685e-05,6
share,153,0.022113022113022112,0.00021117911662045868,0.019795651132055024,0.00031073157957255235,0
sharp,61,0.008816302933949994,1.6667905329133768e-05,0.011879833838269446,0.00016213265812576114,5
sharpen,20,0.0028905911258852437,1.2273963209715692e-07,0.005337477166711219,7.15657114166359e-05,5
sharpness,20,0.0028905911258852437,1.4747061939055093e-06,0.004374702681322883,8.783085293924852e-05,5
shave,48,0.006937418702124584,1.5349722241962486e-05,0.009529878373862773,0.00014294689251837236,0
shbg,175,0.02529267235149588,0.00021108038567307742,0.018383143216284637,0.00031572350931549967,6
sheep,10,0.0014452955629426219,1.0556465200532598e-06,0.002337125932578908,6.661265781534175e-05,0
sheet,10,0.0014452955629426219,8.06473407392652e-08,0.0028166391813845768,5.485779151908417e-05,0
sheffield,10,0.0014452955629426219,3.4862240966253235e-07,0.002098592617876246,6.494065105762903e-05,3
shelf,10,0.0014452955629426219,5.026442090392272e-09,0.003126099919025683,4.343049265989811e-05,3
shen,10,0.0014452955629426219,2.6593944737556167e-07,0.0016621244884273546,7.153997368700938e-05,2
shgb,15,0.0021679433444139326,5.908615875005944e-07,0.003739157840700571,6.197995449005817e-05,6
shift,63,0.009105362046538517,1.56057691652944e-05,0.0118607718906704,0.0001536738195210935,6
shigehara,10,0.0014452955629426219,4.504177777272309e-06,0.001078207832595436,0.00010429563699647442,11
shingle,10,0.0014452955629426219,2.2736320884787333e-06,0.0018470692923448489,7.299022407182055e-05,7
shiny,10,0.0014452955629426219,1.438808776615615e-07,0.0021635601769567116,6.346669153938308e-05,0
ship,18,0.0026015320132967193,5.78204574084699e-07,0.005330691127476891,7.269030301049503e-05,3
shivakumar,10,0.0014452955629426219,5.649168864755488e-08,0.003285460098150119,5.3363037797383615e-05,10
shock,19,0.0027460615695909813,1.0382289832800883e-07,0.005709809293385752,6.329073848657185e-05,0
shockwave,58,0.008382714265067205,1.290464196592141e-05,0.01115547025191976,0.0001467808184859693,0
shoot,10,0.0014452955629426219,2.8562649436689405e-07,0.002946253863968815,5.04726939219967e-05,0
shop,10,0.0014452955629426219,6.520942433802504e-08,0.0027424032257699405,5.669012444008516e-05,0
shore,17,0.002457002457002457,5.9402855338724054e-06,0.004016885521908273,7.452085424629589e-05,7
short,311,0.044948692007515535,0.0011382463284504785,0.029834217517834275,0.0005378512044574712,1
short-,24,0.003468709351062292,3.844587927507222e-06,0.006060523652912455,8.810472011009931e-05,1
shortage,27,0.003902298019945079,2.419679667625406e-06,0.006909804101946978,9.337246175718858e-05,0
shorten,10,0.0014452955629426219,8.271143704966325e-08,0.002863893155322797,5.9593223033972974e-05,1
shorter,19,0.0027460615695909813,1.6139808432198089e-06,0.005194320322558155,7.905432611463987e-05,1
shortness,29,0.004191357132533603,4.526708200664735e-06,0.005564046424579001,0.00011129658001354744,5
shot,96,0.013874837404249168,2.4949022634605254e-05,0.015790208320679098,0.00019147921601890615,1
shottm,7,0.0010117068940598353,1.1171329907774669e-06,0.0019218220341579147,4.9246639719423616e-05,1
shoulder,61,0.008816302933949994,4.421677231608179e-05,0.00941879058868687,0.00016972998200323524,1
shower,49,0.0070819482584188465,5.6985918602854235e-05,0.008892529952927943,0.00016363232583919803,1
shrink,137,0.019800549212313917,0.00012015939289026779,0.018148271151512605,0.0002461892843861899,6
shrinkage,148,0.0213903743315508,9.851042910968416e-05,0.020361378128226335,0.0002593363720539289,0
shrivel,17,0.002457002457002457,2.777379417575338e-07,0.004998684761981106,6.487793788129114e-05,6
shrug,10,0.0014452955629426219,1.028749961854718e-06,0.0026880248023499675,5.1476531855673306e-05,7
shrunken,10,0.0014452955629426219,5.936924063021508e-10,0.0032731199050429257,4.262711584348625e-05,7
shumaker,10,0.0014452955629426219,2.578879595865429e-07,0.002436657404054891,6.196463575515073e-05,11
shut,68,0.009828009828009828,2.0248333133310244e-05,0.011712553331625492,0.00016086798432847778,6
shutdown,10,0.0014452955629426219,6.478246233134667e-07,0.002683030267206088,5.6693978020185476e-05,7
shy,36,0.005203064026593439,4.119822602464136e-06,0.00854936445761603,0.00010372749181370695,0
sick,10,0.0014452955629426219,9.418576731591249e-08,0.002804688420324488,4.961213935401913e-05,7
sicker,8,0.0011562364503540975,1.6011321162919497e-07,0.0023392017781408113,4.2834558751503064e-05,11
sickle,22,0.003179650238473768,1.8445485240176872e-06,0.004844987939458543,7.494164112633655e-05,7
sideburn,10,0.0014452955629426219,9.910979419885336e-07,0.0019971736313407875,6.488703872436508e-05,1
sig-,10,0.0014452955629426219,3.191576235264628e-07,0.00220849351991382,6.709569450189547e-05,2
sigh,20,0.0028905911258852437,3.4646421023367412e-06,0.004656884475909581,9.493906824908911e-05,3
sight,8,0.0011562364503540975,1.3441486865518064e-08,0.002548286969831355,4.639465358102939e-05,0
sigmoidoscopy,9,0.0013007660066483597,3.14018818059034e-06,0.0015279304822617928,7.59798189789594e-05,3
sign,483,0.06980777569012864,0.001256488035831745,0.03402319033700828,0.0005936237688871974,5
signal,185,0.026737967914438502,0.00018013152140970365,0.020066682015108018,0.00033017349979256374,6
significance,37,0.0053475935828877,1.4917681637972245e-05,0.007468066637894277,0.00012079542651919148,2
significant,388,0.056077467842173725,0.0008443766500988309,0.03428971959594915,0.000560652998091826,5
significantly,201,0.029050440815146697,0.00013775235814695843,0.02380071137282556,0.00030264731787472114,7
signify,18,0.0026015320132967193,1.277714709174118e-07,0.004368384565050468,6.412054598316065e-05,7
signs.(moderate,10,0.0014452955629426219,1.69355326441535e-08,0.0028394890269404813,4.5842118185412234e-05,2
sildenafil,42,0.006070241364359011,1.6912936669383156e-05,0.007649178763014798,0.00014121259248731536,1
silence,25,0.0036132389073565544,4.398002610987086e-06,0.006059645462704676,8.447039684188827e-05,0
silent,20,0.0028905911258852437,1.1653492468488303e-05,0.004297332099673862,8.633850373898093e-05,7
silently,10,0.0014452955629426219,5.411875433678235e-08,0.0031570790948034673,4.9225376806297716e-05,6
silicone,19,0.0027460615695909813,4.601605637160203e-06,0.004466774593194783,9.374385275890063e-05,1
silva,10,0.0014452955629426219,1.2247199739668828e-05,0.0019305250548886745,8.41835071685764e-05,11
silver,32,0.00462494580141639,0.00016937391247479798,0.006466883009029132,0.00013943659622416812,0
similar,276,0.039890157537216364,0.00037069200322971456,0.027799121942050222,0.0004003424799719271,1
similarity,10,0.0014452955629426219,1.1559673484662046e-06,0.0027949586613903064,5.125187989341064e-05,6
similarly,34,0.004914004914004914,5.892234490809599e-06,0.007135154898743414,0.00010131140716980804,6
simple,191,0.027605145252204075,0.0002470901947431994,0.023575772428192563,0.0003420559063672272,0
simplification,10,0.0014452955629426219,3.570694642792496e-08,0.0032417989033388475,5.495803886387914e-05,3
simplify,17,0.002457002457002457,2.4684420459483117e-07,0.0048587311096855886,6.290213101716594e-05,3
simply,256,0.03699956641133112,0.0006835521885667756,0.027980571709146265,0.00047032409137038694,5
simply:-,9,0.0013007660066483597,8.710723495723878e-08,0.0020540139455235418,5.897495838774512e-05,1
simultaneously,19,0.0027460615695909813,8.436626205382832e-08,0.005221292387567502,5.9791074664164795e-05,6
sinai,71,0.010261598496892614,2.4515783924299804e-05,0.010372940057138104,0.00016956118500182092,11
single,136,0.019656019656019656,0.0001249847662074688,0.019375353128476838,0.00027954947633535037,0
singlecare,10,0.0014452955629426219,2.279185179358041e-07,0.002774129680754984,6.184926950182415e-05,0
singpiel,19,0.0027460615695909813,5.016336793919553e-06,0.0036521017174069013,9.24534089108092e-05,0
sinus,10,0.0014452955629426219,1.1143388636934337e-07,0.0032937794285867487,5.05918694337443e-05,3
siri,10,0.0014452955629426219,2.6830214180190376e-08,0.002799009481688463,5.4603244438087615e-05,0
sit,73,0.010550657609481139,6.183179363076392e-05,0.012419255718428836,0.0001954831241843613,0
site,235,0.03396444572915161,0.000664889214103871,0.024486516350196108,0.00048530500595844907,1
situate,9,0.0013007660066483597,4.7145370310740403e-07,0.002407604916777145,5.4836299510031226e-05,6
situation,103,0.014886544298309004,9.191482849626609e-05,0.01679172877824061,0.00022021955019528,0
size,360,0.05203064026593438,0.0009203527787890215,0.03222984303202221,0.0005226249372894257,0
sizeable,10,0.0014452955629426219,1.1943599361104715e-07,0.003072940960067429,5.315200179516681e-05,0
sized,19,0.0027460615695909813,4.290640657660932e-06,0.004218691202578509,8.503237636089022e-05,6
skeletal,19,0.0027460615695909813,7.047340911575519e-07,0.004647740613834415,7.439901292302452e-05,7
skew,10,0.0014452955629426219,8.497409118770838e-08,0.002805488537664633,5.6746150315486744e-05,2
skewed,27,0.003902298019945079,2.133408256832177e-05,0.006887110158745163,9.670143874910295e-05,0
ski,10,0.0014452955629426219,1.7930050060243446e-07,0.0014778167492659258,7.16774302781474e-05,0
skill,9,0.0013007660066483597,1.6135694368370204e-06,0.002271637600984777,5.6030615517178476e-05,0
skilled,10,0.0014452955629426219,4.858978235456273e-07,0.003201937542053278,4.8450530407722055e-05,3
skillful,10,0.0014452955629426219,5.155575896942956e-08,0.003421889402520354,5.169807715679421e-05,0
skimp,10,0.0014452955629426219,2.1914535908746873e-08,0.0032598989527646413,4.72206098128688e-05,5
skin,474,0.06850700968348027,0.0020192263969339057,0.03402407740200597,0.0007018348713834249,1
skin.449,8,0.0011562364503540975,1.8250583328809386e-07,0.002107906172745098,5.429506512606934e-05,1
skincare,10,0.0014452955629426219,5.793846627902481e-07,0.0025539268395987323,5.983037151040782e-05,1
skinless,9,0.0013007660066483597,3.961179891719006e-06,0.001854969354838429,6.682820164380779e-05,9
skip,26,0.0037577684636508164,2.3712470154568936e-06,0.0068028255702297325,8.002202771929776e-05,0
skull,8,0.0011562364503540975,4.749138752657472e-08,0.002238351483849807,4.830775025705978e-05,11
slang,10,0.0014452955629426219,3.3874831848679976e-07,0.00242151125847136,6.065577580170472e-05,6
sle,10,0.0014452955629426219,6.1078375437544e-07,0.0015589756321081154,7.325805643014685e-05,6
sleep,689,0.09958086428674665,0.0030647342655977464,0.040563550831156085,0.000783424266102628,7
sleepiness,16,0.002312472900708195,4.4847042999845464e-08,0.004436740552206755,6.431817756660819e-05,5
sleeping,20,0.0028905911258852437,4.554441003762136e-06,0.004733111018093152,8.167434626360425e-05,5
sleeplessness,9,0.0013007660066483597,1.2574906842017745e-08,0.00273817915223337,4.355754025468493e-05,6
sleeve,10,0.0014452955629426219,7.754971390828732e-08,0.002741716542341267,4.942968809311349e-05,1
sleuthing,10,0.0014452955629426219,4.899564472287491e-07,0.0025753106413493694,6.444563126423809e-05,3
slew,10,0.0014452955629426219,3.760404918132003e-08,0.0033483369766611312,5.201460318440976e-05,0
slide,9,0.0013007660066483597,3.442399188595662e-09,0.003036870603493276,4.229002678626788e-05,0
slidell,10,0.0014452955629426219,1.8574611050469094e-06,0.00026692431729925646,0.00011665248825120648,12
slight,56,0.008093655152478682,4.657772848169908e-05,0.008862170513558204,0.00014175722014629389,1
slightly,84,0.012140482728718023,5.1926222505806915e-05,0.014044328112611656,0.00018844585053140044,1
slim,19,0.0027460615695909813,6.806288624476242e-07,0.004800548525338023,6.975293576580032e-05,0
slip,19,0.0027460615695909813,8.029495781084813e-06,0.0038374023272159715,8.587709912042643e-05,1
slow,242,0.034976152623211444,0.0004044726572003928,0.02732683240545072,0.0003997486513999868,1
slowing,10,0.0014452955629426219,8.458096717922964e-09,0.0031357843184686538,4.844324091081545e-05,5
slowly,107,0.015464662523486054,0.00020166231080322077,0.015303809719835602,0.00023894771529237832,1
sluggish,22,0.003179650238473768,1.552304204929653e-06,0.005388713401614854,6.524748623043696e-05,0
smack,10,0.0014452955629426219,1.9422938249621244e-07,0.0022775074034884885,6.918326074951728e-05,0
small,388,0.056077467842173725,0.0010488479286157363,0.033918664159552595,0.0005696079443556983,1
smart,29,0.004191357132533603,2.093991061455354e-06,0.007414981518371646,9.303994993439386e-05,0
smartwatch,10,0.0014452955629426219,1.9389502569847604e-07,0.00236026762042595,6.624658116921925e-05,1
smell,37,0.0053475935828877,6.511540316653585e-06,0.00758226421839675,0.00011851049006826378,5
smith,496,0.07168665992195404,0.003601781142031078,0.03754516265653345,0.0007711964629357019,0
smoke,44,0.006359300476947536,4.626488223128051e-06,0.009778710930490871,0.00010991840035933557,7
smoker,19,0.0027460615695909813,6.386160898759375e-07,0.005367642686754281,7.225529797400561e-05,7
smoking,157,0.02269114033819916,5.384322338455117e-05,0.02166108022057666,0.00026196473347614636,7
smooth,37,0.0053475935828877,8.942526944050453e-06,0.008203981309841563,0.00012154824351229,1
smoother,19,0.0027460615695909813,8.590239582493175e-06,0.004887292876046712,8.131257295931648e-05,0
smoothly,19,0.0027460615695909813,2.6834877058005476e-07,0.00518043899097539,7.358146881885148e-05,6
smsna,20,0.0028905911258852437,1.426743055628742e-05,0.004151025615816156,9.681352736043278e-05,11
snack,10,0.0014452955629426219,1.4876978870838825e-06,0.0020044087466188475,6.60000793818316e-05,9
snapshot,10,0.0014452955629426219,2.2772655088504137e-08,0.003371501461814862,4.544217440064784e-05,3
snore,52,0.007515536927301633,2.4177659076699625e-05,0.010196810825355737,0.00015124771105411616,0
snoring,19,0.0027460615695909813,2.7585740117424142e-06,0.003917005049048341,8.653599554660271e-05,7
snort,10,0.0014452955629426219,3.138768166430741e-07,0.0023391075763643993,6.577144791657978e-05,7
snowie,10,0.0014452955629426219,6.94212741421438e-09,0.0038012617093600297,4.724958543191062e-05,1
snyder,52,0.007515536927301633,0.0003169042384551523,0.006825545234726367,0.00020368287443954723,11
soak,16,0.002312472900708195,1.661549665882447e-06,0.0036641934972283037,7.459131233732335e-05,1
soap,10,0.0014452955629426219,8.4623551777069e-07,0.0020098200248407504,6.81044588723828e-05,1
social,109,0.015753721636074577,0.000243293938734595,0.0156337002577927,0.0003155095160967895,5
socialization,10,0.0014452955629426219,1.0704709496801067e-08,0.003155494927771384,5.3553800842569865e-05,3
socialize,9,0.0013007660066483597,4.456114274771501e-08,0.0030289130568779046,4.736628122202194e-05,0
societal,20,0.0028905911258852437,2.19992637662779e-06,0.005663390244021695,7.874576182235866e-05,0
society,175,0.02529267235149588,0.0008856859315844939,0.018423046193904672,0.00040351264451106504,11
sodium,20,0.0028905911258852437,9.546149282076861e-06,0.0028768213669713573,0.00011682794150522557,7
soft,54,0.007804596039890158,4.6272207408050065e-05,0.008891558840465084,0.00018270790777807813,9
soften,17,0.002457002457002457,6.76537603080825e-06,0.004461387684252225,7.119499221833006e-05,1
software,9,0.0013007660066483597,2.218181354117703e-07,0.0021174868311893127,6.020641188170669e-05,10
sole,10,0.0014452955629426219,4.030924431330017e-08,0.0032392892680720925,4.6961148374471414e-05,2
solely,84,0.012140482728718023,4.880865451507507e-05,0.014769408654839875,0.0001961350864637823,3
solicit,10,0.0014452955629426219,2.1796590362148637e-08,0.0026391283135810866,6.0064110001608137e-05,11
solid,18,0.0026015320132967193,1.8174477726327794e-06,0.005020021046356768,6.947242202672729e-05,5
soljancic,10,0.0014452955629426219,0.00018231482277254298,0.0009136641589703831,0.00010436558183588167,8
solubility,10,0.0014452955629426219,7.199666939237923e-07,0.002519431797331236,6.436308057985288e-05,7
solubilize,10,0.0014452955629426219,1.3578532774442743e-08,0.0034904441769500133,5.090970534099477e-05,1
solution,192,0.027749674808498336,0.00028708033427820846,0.023978719852877035,0.00032189398589656514,1
solvay,10,0.0014452955629426219,1.6249615843550278e-06,0.0021741325052326934,6.785534474407661e-05,11
solve,54,0.007804596039890158,5.254254015126404e-06,0.01035279128160404,0.00012334662189062828,0
somatosensory,10,0.0014452955629426219,2.6838221704071827e-07,0.0015993351453273987,7.21913343120352e-05,6
somebody,118,0.017054487642722937,4.707504656428119e-05,0.019271853994490377,0.00023050964587876803,0
somewhat,17,0.002457002457002457,1.2665428128179881e-06,0.004465927542412307,6.116885975122572e-05,5
song,9,0.0013007660066483597,8.388193193750546e-08,0.0021260524355869344,6.15132708770974e-05,0
sonogram,9,0.0013007660066483597,1.4168864359167864e-08,0.0023883137244370928,4.975372253378479e-05,6
soon,164,0.023702847232258996,0.00020204385409502106,0.021086297588023096,0.00032921288550322603,0
sooriakumaran,10,0.0014452955629426219,3.7462310958043265e-06,0.000984302606818053,9.993281817591594e-05,11
sore,29,0.004191357132533603,5.007264687008406e-06,0.005899704230587283,9.577915023164157e-05,1
soreness,10,0.0014452955629426219,7.473192813679484e-08,0.0029328849815385316,5.618325503143857e-05,1
sorry,26,0.0037577684636508164,6.957516609094796e-06,0.005109038522942288,9.583034403488644e-05,0
sort,84,0.012140482728718023,6.438617552134612e-05,0.013842387717090777,0.00018353702498886515,0
sound,156,0.0225466107819049,0.00017790607902497341,0.020383408165216176,0.0002952771979457302,0
source,193,0.0278942043647926,0.00041412017959389057,0.02253730709509031,0.00037837454976873364,3
south,51,0.007371007371007371,0.0002680247636807474,0.005849345461590249,0.00023603200418397877,12
southwestern,8,0.0011562364503540975,9.488007289922733e-09,0.0026549158954349,4.087613199341413e-05,6
space,139,0.020089608324902444,0.00011617239687227295,0.02073113405987862,0.0002756208149097339,0
span,26,0.0037577684636508164,3.2313783920234565e-06,0.006541900909100156,7.867925873797035e-05,1
spark,30,0.004335886688827865,2.6308777637422355e-06,0.006664240648781811,0.00010254354100978738,11
spatial,23,0.00332417979476803,1.064025692383746e-05,0.004644060649816424,0.00010009566373491472,5
spaziani,10,0.0014452955629426219,2.0898336595639614e-06,0.0010438907425948443,9.995141084935647e-05,11
speak,185,0.026737967914438502,0.0003698085842705882,0.022551769885671626,0.00035056937491798474,0
speaker,49,0.0070819482584188465,0.0001307574501738072,0.005290899139158291,0.00024159040369746586,11
spearhead,10,0.0014452955629426219,2.021038180896782e-08,0.002799828968267325,4.825969069247243e-05,5
special,62,0.008960832490244255,4.403692327579948e-05,0.011467697798557181,0.00016154098776543306,1
specialise,33,0.0047694753577106515,4.799745790752391e-06,0.007239525557822058,0.00010304168506805971,3
specialised,10,0.0014452955629426219,1.706395748257506e-08,0.0031631568040476985,5.1177495433427656e-05,3
specialist,306,0.044226044226044224,0.0008240401701887,0.02952250852559557,0.0004879002877856872,3
specialize,111,0.016042780748663103,6.19035854919907e-05,0.01735524879561383,0.00021918539900937708,3
specialized,98,0.014163896516837693,4.713746809602773e-05,0.01675773543807848,0.00021493334012503675,3
specialties,9,0.0013007660066483597,2.17107809856147e-07,0.0021706131586212533,5.907449957111105e-05,3
specialty,63,0.009105362046538517,8.263892884785841e-05,0.010307886228432874,0.00018057838472317696,3
specific,461,0.06662812545165486,0.0011988192418922045,0.035541911727843364,0.000586233872074309,3
specifically,121,0.017488076311605722,4.593793610459321e-05,0.017495178731933497,0.0002290942947177373,6
specificity,20,0.0028905911258852437,2.7005938032885482e-06,0.005123787822185607,8.446108461826731e-05,5
specify,19,0.0027460615695909813,1.1674326114677115e-07,0.005480303515089451,6.377134694056476e-05,0
specimen,18,0.0026015320132967193,2.98971724459762e-07,0.005028112272811537,6.981835881847794e-05,2
spectacular,10,0.0014452955629426219,4.761285154803355e-08,0.0033986634405623536,5.2609621667486976e-05,0
spectrometry,10,0.0014452955629426219,9.73474458990177e-08,0.002362789618406472,6.304430385924137e-05,2
spectrometry.26,10,0.0014452955629426219,4.0989054061824826e-07,0.0024133169573131033,5.808741932772146e-05,2
spectrum,36,0.005203064026593439,3.328103924082578e-05,0.007215824402966622,0.0001279403685594418,0
speculate,9,0.0013007660066483597,1.130992545214961e-08,0.002572828098823831,4.5023673304119163e-05,5
speculation,10,0.0014452955629426219,2.219426978258235e-06,0.0019404857247539546,6.688697540725086e-05,12
speculative,10,0.0014452955629426219,5.061647931574768e-07,0.002209303792108788,5.9945608172347236e-05,5
speech,20,0.0028905911258852437,2.897381275671051e-06,0.00424124371056073,9.218221972939629e-05,5
speed,39,0.005636652695476225,1.1041179194068997e-05,0.007463713111481865,0.00011185056687771378,5
spend,85,0.012285012285012284,3.947382019125355e-05,0.015161437709351216,0.00020031322424707922,0
sperate,9,0.0013007660066483597,3.6169922318044825e-08,0.0024094545773454467,5.5375375593480136e-05,1
sperm,472,0.06821795057089175,0.0009052959938624164,0.03246930861787915,0.0005363643235746251,6
spermatogenesis,78,0.01127330539095245,5.774770785227109e-05,0.012955489686756836,0.00017523777483917583,6
spike,109,0.015753721636074577,5.165773513737009e-05,0.01723897496950533,0.00022117181292112832,1
spinach,70,0.010117068940598353,0.00016116077777707973,0.010574871945881867,0.00022849185728724688,9
spine,28,0.004046827576239341,1.3581140834320948e-05,0.005761781562513623,0.0001026177073908992,7
spiral,25,0.0036132389073565544,3.30584280856196e-06,0.005724662509940356,8.31245257097081e-05,5
spirit,10,0.0014452955629426219,6.546452889514777e-08,0.0028586609543649506,5.831127063003134e-05,3
spironolactone,28,0.004046827576239341,3.499081139415794e-06,0.005845731764535181,0.00010209387941397773,6
spit,10,0.0014452955629426219,1.1560804714340784e-07,0.0027551984467073434,5.767584895340399e-05,3
split,17,0.002457002457002457,6.238432551721536e-06,0.0046409592173360876,7.185988055137318e-05,1
spoiler,10,0.0014452955629426219,3.485315759725616e-08,0.0030396927841187063,5.3457509611043347e-05,0
sponge,10,0.0014452955629426219,1.1737086061896753e-07,0.0031073601520904552,5.3294998085746614e-05,1
sponsoring,10,0.0014452955629426219,1.8514366297642035e-06,0.0008601431647325611,8.442541117907459e-05,11
spontaneous,25,0.0036132389073565544,1.1908659927927538e-07,0.006247706859776992,7.093700802264542e-05,5
spoon,10,0.0014452955629426219,1.3207136709995193e-07,0.0030252658157574786,5.75201178633994e-05,1
sport,55,0.00794912559618442,0.00015583507738432592,0.00852696631387332,0.00018846809166951894,0
spot,74,0.0106951871657754,0.00010808675804283695,0.011634368206622416,0.00022079708189155973,6
spotify,16,0.002312472900708195,5.240937226278936e-06,0.0027098276219457854,7.501022189170416e-05,0
spouse,43,0.006214770920653274,8.160566020214138e-06,0.009786662014066822,0.00012871007986265182,0
spray,64,0.00924989160283278,2.9288708652075817e-05,0.011919770971987717,0.0001576174012926853,1
spread,35,0.005058534470299176,8.123881170049315e-06,0.007570986763785193,0.00011036812539597896,1
spring,10,0.0014452955629426219,8.499500634056837e-06,0.0015516695522415317,8.457153595496452e-05,8
springfield,10,0.0014452955629426219,3.4543195876903143e-07,0.0021603677749764544,6.477456367558062e-05,11
spritzer,10,0.0014452955629426219,0.00011572558001375112,0.0011619087595973914,9.314253359478634e-05,11
spur,10,0.0014452955629426219,6.4450002128453126e-09,0.0030914999219736634,4.494246854774736e-05,6
spurt,15,0.0021679433444139326,5.742699725690651e-07,0.003684928863370941,6.213675664682437e-05,7
squat,10,0.0014452955629426219,6.465661695956035e-08,0.0025785291040923263,5.349134691982592e-05,7
ssris,8,0.0011562364503540975,3.531993619932086e-08,0.002155348647891816,5.309261840166344e-05,6
stabilise,54,0.007804596039890158,1.9729396591806257e-05,0.011152846513503862,0.00014056017654512926,6
stability,52,0.007515536927301633,2.91900479740951e-05,0.009505917298497831,0.0001646248888662094,6
stabilization,26,0.0037577684636508164,2.6471600118491464e-06,0.006183624108132397,8.217258207777881e-05,5
stabilize,26,0.0037577684636508164,5.725971709244459e-06,0.005445789883398917,9.153129158997176e-05,1
stabilizer,10,0.0014452955629426219,3.075223117209e-07,0.002512249067325978,6.504490426550202e-05,2
stable,177,0.025581731464084406,0.0001328875511268401,0.024605696504486615,0.00031507754429401815,6
staff,63,0.009105362046538517,2.9513080268405272e-05,0.01122347973792944,0.00017507974965376956,0
stage,143,0.02066772655007949,0.00012915489195060916,0.01996960456860449,0.000284347603576735,7
stagnant,10,0.0014452955629426219,4.048583106580589e-08,0.0025166118757168295,5.6671061864618e-05,5
stake,19,0.0027460615695909813,5.650674224944839e-06,0.004509914319104161,8.432734347518865e-05,3
stall,10,0.0014452955629426219,4.3299976842361434e-09,0.003321541153175938,4.5958235374841155e-05,6
stamina,64,0.00924989160283278,1.4629199360181126e-05,0.01147188761677352,0.00014493707277137122,5
stamp,10,0.0014452955629426219,1.900255963449655e-07,0.0028787438988821974,5.530688631740303e-05,3
stand,69,0.009972539384304091,5.74191839392688e-06,0.013372220878735816,0.00013384097888540528,0
standalone,32,0.00462494580141639,1.6980770208457166e-06,0.0077572324699057785,0.00010071030994659523,0
standard,191,0.027605145252204075,0.00021137853617511632,0.02395415265783667,0.00033989755158853383,2
standardization,50,0.007226477814713109,3.173684295577086e-05,0.009469707258519566,0.00015749281552770064,2
standardized,10,0.0014452955629426219,1.7031065417423596e-07,0.0026415649418160825,6.291408497136739e-05,3
standpoint,35,0.005058534470299176,1.5317175740363505e-06,0.008742240125555112,9.444649614073304e-05,0
stanford,10,0.0014452955629426219,3.164894035953045e-08,0.002567060659366614,5.8414812988336794e-05,11
stanfordhealthcare.org,10,0.0014452955629426219,2.1282563667502941e-07,0.002706109499223472,6.1266616287049e-05,6
stanozolol,9,0.0013007660066483597,0.0,0.003397973383198214,4.7039020620813916e-05,1
stanton.honig@yale.edu,10,0.0014452955629426219,7.220057377730621e-06,0.002056297424194516,6.703972640971411e-05,12
staple,9,0.0013007660066483597,1.0880297520700921e-07,0.002512649313888241,5.430840272477982e-05,9
star,28,0.004046827576239341,3.319061667038516e-05,0.0055711539125841494,0.0001175625763931208,0
starch,10,0.0014452955629426219,2.196278101738141e-07,0.001683074424785672,7.09269465631749e-05,9
start,756,0.1092643445584622,0.004088778416434916,0.044770557983344915,0.0008629337805747788,0
startedinjectable,10,0.0014452955629426219,1.1239305906101544e-08,0.00314749910075087,4.533374090967229e-05,1
startedpatient,10,0.0014452955629426219,2.042992457192044e-07,0.003332707813847038,5.188684067008598e-05,3
startedsource,10,0.0014452955629426219,1.9648642725395143e-06,0.0019185897754864056,7.49143455568145e-05,11
startedtestosterone,10,0.0014452955629426219,1.1346745964854143e-07,0.002618227909060611,6.109734861444288e-05,3
starter,15,0.0021679433444139326,1.2911275024991664e-07,0.0037827901935797844,5.882524968363181e-05,3
starting,47,0.0067928891458303225,6.972024761889739e-06,0.010509141692200645,0.00012127037843030796,1
stat,6,0.000867177337765573,1.3665190031431238e-08,0.0020278025032130173,4.5051500551790134e-05,1
state,299,0.04321433733198439,0.0007649626636960221,0.03070701980741463,0.0005367109799280144,6
state.434,10,0.0014452955629426219,1.0187249253544171e-08,0.0031074875508156877,4.847665358280432e-05,1
statement,208,0.03006214770920653,0.00026065077551718234,0.0220535504313835,0.0003462187849510246,2
states,76,0.010984246278363925,6.803718524373124e-05,0.011875626538394938,0.0001980046500864887,2
states).440,10,0.0014452955629426219,1.1421385169725969e-07,0.00317119841994301,5.1007835625762604e-05,1
statin,29,0.004191357132533603,1.277121729316873e-05,0.005733148570643651,0.00011870268425898017,7
statistic,37,0.0053475935828877,7.4086715983638985e-06,0.007311493338529844,0.0001146632777725601,2
statistical,32,0.00462494580141639,8.61166390579079e-06,0.007212894045973902,0.00010950895596436458,2
statistically,31,0.0044804162451221275,6.835353867040351e-06,0.0066415112197101365,0.00010682809102675895,5
stature,10,0.0014452955629426219,6.879734067553654e-08,0.0029542981484815436,5.2402817469434434e-05,5
status,45,0.006503830033241798,4.4666076334227394e-05,0.008290867662482729,0.00013735504447342047,7
stay,327,0.047261164908223734,0.000761055044423082,0.03216099858052056,0.000527432498994757,0
ste,12,0.001734354675531146,2.671625528900463e-05,0.001549133043261372,8.183370433913133e-05,3
steadily,17,0.002457002457002457,1.1158997534279927e-07,0.004533213672928697,6.85556731681292e-05,1
steady,126,0.018210724093077033,5.2642979111418876e-05,0.019029726932479434,0.00022952451230388382,1
steele,181,0.026159849689261452,0.0007710227911641096,0.019726501832304337,0.0004146333934008766,0
steep,10,0.0014452955629426219,2.77451510341312e-07,0.002756323267152241,5.370771295729534e-05,3
steer,10,0.0014452955629426219,2.100527752035547e-07,0.0030758790111657898,5.8124544717955395e-05,0
stem,33,0.0047694753577106515,1.476207996990883e-06,0.007659532498182761,8.897302709353742e-05,6
stendra,10,0.0014452955629426219,1.3479479702730378e-07,0.0018742508108656388,6.638233091393109e-05,1
step,342,0.04942910825263767,0.0007950305019440861,0.033597587449211125,0.0004903121464371494,3
stereotype,10,0.0014452955629426219,1.2360974595145241e-06,0.00272475833813637,5.923835009267713e-05,0
sterile,24,0.003468709351062292,1.0634083097385755e-06,0.0061163022021658376,8.157408186356548e-05,0
sterility,18,0.0026015320132967193,7.37449346735568e-08,0.005451202259066792,5.932416535707348e-05,0
sterilization,9,0.0013007660066483597,4.118221121800521e-09,0.0031485474911181863,4.302943601446635e-05,0
sterilize,9,0.0013007660066483597,1.5745382364471111e-06,0.002042364356901457,6.32001154504882e-05,6
steroid,201,0.029050440815146697,0.00022991539475765825,0.022067415556131672,0.000342457272817069,7
steroidal,8,0.0011562364503540975,7.059221805598086e-08,0.0020791274364685966,5.012223717360613e-05,0
"steroids.42,43",10,0.0014452955629426219,7.964622430255862e-07,0.0029627476846771257,5.494040925832051e-05,1
steve,26,0.0037577684636508164,1.540409828952819e-05,0.004983524323298366,8.92481185789595e-05,3
steven,32,0.00462494580141639,1.870994250542103e-05,0.0050028382785128715,0.00012533529922189134,3
stevens,28,0.004046827576239341,1.5883400794428628e-05,0.005471629288253826,0.00012021292021932809,3
stew,9,0.0013007660066483597,1.6451015718414461e-07,0.0008876506349351707,7.1485561323841e-05,9
sti,9,0.0013007660066483597,1.722526493913285e-07,0.0022133167898201775,5.792671825273299e-05,7
stick,94,0.013585778291660645,5.489890432904064e-05,0.016122756561843653,0.00021474938774925572,1
stickler,8,0.0011562364503540975,2.8018184317235133e-08,0.002712396170704115,4.10056567911864e-05,0
sticky,39,0.005636652695476225,1.4596494875301446e-05,0.00793858565013474,0.00012774191979030187,1
stiffness,10,0.0014452955629426219,1.967644545407487e-07,0.0022258256417925877,5.700048985836042e-05,5
stigma,19,0.0027460615695909813,6.418835786244708e-07,0.0050711442280356326,7.501999963201351e-05,0
stimulant,10,0.0014452955629426219,6.147109593848337e-07,0.0021493616568954922,6.794735682510159e-05,2
stimulate,328,0.04740569446451799,0.0006925893000262757,0.024477584559506323,0.00046060234104576103,6
stimulating,7,0.0010117068940598353,0.0,0.0019188365149037786,4.117312139023068e-05,6
stimulation,50,0.007226477814713109,9.59190315747974e-06,0.008876514269633661,0.0001251726318216923,6
stimulus,26,0.0037577684636508164,1.74836713608622e-05,0.005141915436352969,0.00010997083655157967,11
sting,21,0.0030351206821795057,2.4527958877451976e-06,0.004035483064055038,9.573147651236506e-05,1
stitch,9,0.0013007660066483597,5.796648200513778e-07,0.0018802756390410248,6.495747967776732e-05,1
stock,69,0.009972539384304091,3.704231633252383e-05,0.012037005043087915,0.0001606593948490378,11
stoléru,10,0.0014452955629426219,8.126121871573715e-06,0.0010511851150921728,0.00010262925199000003,11
stone,40,0.005781182251770487,2.4338209837658564e-05,0.007483913775900453,0.00014132610134143543,7
stool,9,0.0013007660066483597,4.2390450918131574e-07,0.001152308023335286,8.142004303637118e-05,3
stop,387,0.05593293828587946,0.0009483822011691206,0.03369741263412449,0.0005337925050442036,0
storage,14,0.0020234137881196706,1.847858620203643e-08,0.003981043038385052,5.0886291836530304e-05,6
store,68,0.009828009828009828,7.079809313780317e-05,0.011763816820443201,0.00017613809454628744,0
storm,10,0.0014452955629426219,1.6288887893595145e-07,0.0027508847874783797,5.2734210021300725e-05,0
story,149,0.021534903887845066,0.00012553206954222382,0.02100226615687796,0.00028925376418068596,0
straight,18,0.0026015320132967193,1.6252203715186976e-06,0.00488332209793805,7.832763582771888e-05,3
straighten,16,0.002312472900708195,6.911546358457217e-06,0.003288304097696719,8.646232971849418e-05,1
straightforward,53,0.007660066483595895,1.8461175115705744e-05,0.010767383856790115,0.0001508905999388835,3
strain,18,0.0026015320132967193,4.888657239826739e-07,0.004925956164307865,6.438664557506119e-05,1
strained,10,0.0014452955629426219,1.3741007159096424e-08,0.0033473454054880987,5.072804340600341e-05,5
strait,9,0.0013007660066483597,1.3765706161920743e-07,0.0023650675319910486,6.543219894064727e-05,10
strange,10,0.0014452955629426219,6.106459271146072e-07,0.002851144572771428,6.150953971112651e-05,0
strapline,10,0.0014452955629426219,1.685651119980018e-06,0.002631814267458811,5.299872086122055e-05,0
strategic,19,0.0027460615695909813,1.7015094804347163e-07,0.005725452707006529,6.313769435707404e-05,6
strategy,147,0.02124584477525654,0.00021051046067013728,0.019625318041527732,0.00029073187433408096,1
strategy.420,9,0.0013007660066483597,1.3773549374096811e-07,0.002385674959968548,5.6464947128976166e-05,1
stratification,10,0.0014452955629426219,9.902465883641914e-07,0.002829108232793071,5.045070265706604e-05,2
stratify,10,0.0014452955629426219,1.3291341247940517e-07,0.003300959036824497,5.3254250104978695e-05,7
stream,28,0.004046827576239341,3.501996279214479e-05,0.005766452140076613,0.00010930044845179097,10
streamlined,10,0.0014452955629426219,7.611316112825127e-08,0.0036016128654438348,5.080943145926199e-05,3
street,41,0.005925711808064749,0.0001936051761564688,0.004997324687234422,0.00020377286476479695,12
strength,406,0.05867899985547045,0.0010714024712714396,0.03148567897721525,0.0005531567302972705,5
strengthen,18,0.0026015320132967193,3.1506216757522086e-08,0.00500223270303789,5.920114283392968e-05,5
strengthening,10,0.0014452955629426219,3.5531183693730695e-08,0.0030546301381812516,5.379121729105875e-05,9
strenuous,10,0.0014452955629426219,3.750398255516642e-08,0.002496249522045548,5.6530900676157194e-05,5
stress,413,0.05969070674953028,0.0010486807667662334,0.033204685069074834,0.0005611371307206102,7
stressful,17,0.002457002457002457,8.433178138632159e-08,0.004870171265483873,5.841752476520805e-05,5
stressor,39,0.005636652695476225,8.532651902408968e-06,0.00827032626228825,0.00012549942984963708,7
stretch,20,0.0028905911258852437,5.321937482443949e-06,0.004643902982686948,8.983400566767921e-05,1
striant,10,0.0014452955629426219,1.707383545775938e-08,0.003077998661507796,5.413715974363729e-05,1
striatum,10,0.0014452955629426219,1.4538585985397105e-06,0.0019770426548088435,7.712987522252844e-05,6
strict,44,0.006359300476947536,1.5155955243293247e-05,0.00951894175925995,0.00013256915564102288,2
strictly,19,0.0027460615695909813,1.7904516448143982e-05,0.004081264944828107,8.759898801556266e-05,11
strike,15,0.0021679433444139326,7.504631063534506e-06,0.0030220808174351733,8.427558139864337e-05,0
striking,8,0.0011562364503540975,2.858396850826757e-08,0.0023384458953856595,4.849203889549031e-05,7
stringent,10,0.0014452955629426219,6.287949409644436e-08,0.002749518751120294,4.868151725354999e-05,3
strive,56,0.008093655152478682,6.374859584593696e-05,0.00969344507889684,0.0001668156206949453,3
stroke,193,0.0278942043647926,0.0002394631369397765,0.021742452885205266,0.0003253350217881972,7
strong,338,0.048850990027460614,0.0013616288511663814,0.02773587384150459,0.0005567797326609489,2
strongly,57,0.008238184708772944,1.9920912250243474e-05,0.009540933495138517,0.0001395687501554023,6
structural,41,0.005925711808064749,1.968341177165709e-05,0.008421609716627504,0.00012446905648527784,5
structural/,10,0.0014452955629426219,3.08054685614508e-08,0.003121214518655582,4.750861109152143e-05,2
structure,102,0.014742014742014743,8.329278208689179e-05,0.015797994306406608,0.00024231109382801498,6
structured,30,0.004335886688827865,1.3950244865835564e-06,0.007449794862562599,9.373945028208761e-05,3
struggle,161,0.02326925856337621,0.00018198512630965483,0.022224672997086473,0.00032194763228783667,0
student,27,0.003902298019945079,1.610118545001175e-05,0.004995703245827021,0.000119962916875511,11
studies.438,10,0.0014452955629426219,9.34352870487094e-08,0.003161694524635446,5.190225573955459e-05,1
study,947,0.1368694898106663,0.010613659962367152,0.05092725390599027,0.001306177146887153,2
study.29,10,0.0014452955629426219,3.364582907656313e-08,0.002926133210816871,5.3895815856475936e-05,0
stuff,89,0.012863130510189334,3.152493132068494e-05,0.015907069242388227,0.00021558520929954212,0
style,40,0.005781182251770487,2.580877926722329e-05,0.008344119453704278,0.00011914268249091692,9
suarez,10,0.0014452955629426219,2.311365985186541e-06,0.0018843835240064698,6.970576863358401e-05,13
sub,34,0.004914004914004914,1.1037779478626105e-05,0.007985957263624733,0.0001036016584293646,1
subclinical,16,0.002312472900708195,4.634738416618124e-07,0.0036948701140969396,6.510943306680494e-05,7
subcutaneous,128,0.01849978320566556,9.174600291714256e-05,0.017985572521585325,0.00025039985849314387,1
subcutaneously,34,0.004914004914004914,1.0186986900765359e-05,0.007781045081425515,0.00011437729755379715,1
subfertile,10,0.0014452955629426219,9.19948127805538e-08,0.00277538693611081,5.516593791079362e-05,6
subfertility,10,0.0014452955629426219,2.2767859195066563e-08,0.0034790595351673254,4.68300133407716e-05,7
subject,66,0.009538950715421303,3.7649393636174795e-05,0.011154250660171564,0.00017295941824094625,0
subjective,28,0.004046827576239341,4.247374679690933e-06,0.00678458526483922,0.00010117178289175084,5
subjectively,10,0.0014452955629426219,6.711605510790828e-08,0.003095094153546642,5.5110581789519046e-05,6
sublingual,10,0.0014452955629426219,3.0626879757646683e-08,0.0032254729202529915,5.298762432507829e-05,1
submission,9,0.0013007660066483597,1.1053108721607695e-06,0.002354469112111681,6.491057333996612e-05,3
submit,23,0.00332417979476803,1.2562151363937824e-06,0.005134903288929031,7.347764310522976e-05,3
suboptimal,34,0.004914004914004914,1.0354806979530177e-05,0.007500705462276444,0.00010160458836006355,7
subpar,19,0.0027460615695909813,1.237199506192788e-06,0.0048666897823225015,7.359402429922187e-05,6
subscribe,96,0.013874837404249168,0.00014450412658067414,0.011066745432816221,0.0002406804765389615,0
subscription,10,0.0014452955629426219,4.616802080734964e-08,0.0030780376640607123,5.5659935490442466e-05,3
subsequent,49,0.0070819482584188465,8.998118297553703e-06,0.00986370229764582,0.00012746528843601298,2
subsequently,17,0.002457002457002457,1.1670602966703228e-06,0.004188837707778826,7.787662173841056e-05,6
subset,9,0.0013007660066483597,4.206418668914577e-09,0.003553287090125682,4.5226501842164304e-05,0
subside,9,0.0013007660066483597,3.0023580764291593e-07,0.0026140651224555397,5.5461856529550116e-05,0
substance,116,0.01676542853013441,0.00019270924252223038,0.017587255624245523,0.00027898323939827666,7
substandard,10,0.0014452955629426219,5.070409363815279e-09,0.003296489542194229,4.551100077366059e-05,2
substantial,47,0.0067928891458303225,1.7473018376333482e-05,0.008887212137604955,0.0001364007482126672,2
substantially,9,0.0013007660066483597,4.705761483748951e-08,0.0028112704349433706,4.867972443389333e-05,7
substitute,36,0.005203064026593439,1.450327891858236e-05,0.007949106874745312,0.00011241393870164724,3
substitution,16,0.002312472900708195,6.282073484727271e-06,0.0032480281785531454,8.886692574893668e-05,1
subtle,18,0.0026015320132967193,2.0746518511581865e-07,0.004950899875799191,6.66760419344507e-05,2
subtler,9,0.0013007660066483597,4.732956871856612e-08,0.0024385919158970105,4.617334565072705e-05,7
suburban,10,0.0014452955629426219,1.108569572148702e-06,0.0022608104779404566,6.0968882709454985e-05,3
success,129,0.01864431276195982,0.00011388168517057386,0.01965655037717785,0.0002728840708877724,0
successful,130,0.018788842318254083,9.60551635415741e-05,0.019560681690458007,0.00026146939790685494,3
successfully,50,0.007226477814713109,2.15224853828764e-05,0.00920971325905758,0.00013901176446711702,3
suck,17,0.002457002457002457,2.703792577534322e-06,0.0036039274461052576,8.79751184930561e-05,1
sudden,94,0.013585778291660645,6.387302184182172e-05,0.014564502591036881,0.0002193560307632914,6
suddenly,39,0.005636652695476225,1.571286112331969e-05,0.00873828340177942,0.00012288010116211866,0
sue,10,0.0014452955629426219,3.767396130243146e-07,0.002598813902889339,6.0031162050221666e-05,0
suffer,268,0.038733921086862265,0.0003890246131709287,0.026042771316687016,0.00039141017043135926,5
suffering,18,0.0026015320132967193,2.735861202423869e-07,0.004929162725657699,6.194460918483385e-05,7
sufficiency,10,0.0014452955629426219,1.6865155805653027e-07,0.003261503923652129,5.392405521982881e-05,0
sufficient,139,0.020089608324902444,0.00010377374525434531,0.02051483649336965,0.00024223604162947168,5
sufficiently,10,0.0014452955629426219,2.6644041569017586e-07,0.0029881758938646676,4.424499533410938e-05,0
sugar,172,0.024859083682613095,0.00010923440033160638,0.02169936947698006,0.0002937076985733046,7
suggest,367,0.053042347159994216,0.0007785614514177133,0.03243305478745665,0.00048201630929191916,6
suggestive,36,0.005203064026593439,2.2260938119041618e-06,0.007583204309973892,9.769877922791707e-05,7
suh,10,0.0014452955629426219,4.854311553922093e-06,0.00013459536573080813,0.00012597864737883097,11
suicide,67,0.009683480271715566,2.0692783726764866e-05,0.012807449924455485,0.00017392036628893548,0
suit,71,0.010261598496892614,1.4923407913174141e-05,0.01363136621284315,0.00015303649130719716,3
suitability,10,0.0014452955629426219,2.9638067505982257e-07,0.003261886394014323,4.9921899969786356e-05,3
suitable,115,0.01662089897384015,4.018953480988085e-05,0.018622240811892853,0.00021188380938558184,3
suite,56,0.008093655152478682,0.00020782741531806076,0.006334752417345303,0.0002586956992837441,12
sulfate,37,0.0053475935828877,4.058787842908832e-05,0.005703585654947584,0.00013655224323155297,6
sulphate,14,0.0020234137881196706,3.4999016586420896e-07,0.0037711150253047837,6.0414476068532355e-05,6
sum,10,0.0014452955629426219,4.310456139295552e-09,0.0031259938438674742,4.4537982313633326e-05,5
summarise,10,0.0014452955629426219,1.335318127654723e-07,0.003299197431418101,5.271937245804922e-05,5
summarize,17,0.002457002457002457,2.2828037172726725e-07,0.004974477846562134,6.384526537876686e-05,3
summary,100,0.014452955629426218,0.00027683260762179833,0.015103353841025444,0.0002418630470691364,0
summative,10,0.0014452955629426219,9.346496544094736e-08,0.002626707352579029,5.996156959630375e-05,2
summer,14,0.0020234137881196706,3.171298897735175e-06,0.0035940744779353207,6.892487540388455e-05,0
sun,25,0.0036132389073565544,3.457774960036444e-05,0.004715107102931416,0.00010711701789240347,11
sunlight,10,0.0014452955629426219,1.6520610491685407e-07,0.0025919081358396043,5.89174338195427e-05,7
super,109,0.015753721636074577,0.00012785203969281966,0.017447403670996373,0.0002467252562168149,0
superficial,9,0.0013007660066483597,4.325044855235601e-07,0.0020757287859130406,6.308300750470772e-05,1
superfood,10,0.0014452955629426219,6.355579405994269e-07,0.0020740593267580816,7.075395438152476e-05,9
superior,10,0.0014452955629426219,1.5372429942461146e-07,0.0030601865238950635,5.47517955447077e-05,3
superman,18,0.0026015320132967193,2.495115713740344e-06,0.004705157551922975,7.515008941965073e-05,0
supervise,63,0.009105362046538517,7.834259252052721e-05,0.011297312020104875,0.00016933424308105752,11
supervision,74,0.0106951871657754,1.36953913788358e-05,0.013538096346227074,0.00016669667399369392,3
supplement,416,0.06012429541841306,0.001503452149993998,0.03517587047735144,0.0006587567625517796,0
supplemental,64,0.00924989160283278,4.070064841651821e-05,0.012408131655230263,0.00014272927737287794,3
supplementation,153,0.022113022113022112,9.708775219809354e-05,0.021613239513430547,0.0002649595702053269,1
supply,102,0.014742014742014743,0.00022404957696562738,0.01526514860627033,0.00023774167747498545,1
support,594,0.08585055643879173,0.003919124940167236,0.04209494446636514,0.0008125704548503131,3
supportive,40,0.005781182251770487,1.9020693595790212e-05,0.008410493073433285,0.00012575122279487192,2
suppose,74,0.0106951871657754,1.900893188509434e-05,0.013672412587170682,0.00018169513343284748,0
suppository,25,0.0036132389073565544,7.441731796302297e-06,0.0045040944823814995,0.00011453063069943997,1
suppress,135,0.019511490099725394,6.39688015422115e-05,0.018645133849155435,0.0002417551254546377,6
suppresse,9,0.0013007660066483597,4.045384062757101e-08,0.00246566286220913,4.746587859366301e-05,6
suppression,64,0.00924989160283278,3.752487945322765e-05,0.011128998234884242,0.00017313846281546635,6
supra,17,0.002457002457002457,1.9708856614455165e-06,0.004556009021254814,7.292777490141935e-05,1
supraphysiological,47,0.0067928891458303225,1.3032711804715623e-05,0.009448097263628998,0.00013509176502998174,7
supraspinal,10,0.0014452955629426219,7.308521134206431e-07,0.0017709152414336154,7.125269308377469e-05,6
surampudi,10,0.0014452955629426219,1.251800065637798e-06,0.00023840695255479324,0.0001144436159161393,11
sure,393,0.05680011562364504,0.001065374392690485,0.03559729792274001,0.000544883702725085,0
surface,69,0.009972539384304091,7.919471262455058e-05,0.011857450886255854,0.00020499880730296888,1
surge,57,0.008238184708772944,4.445302434317235e-06,0.010867012251666454,0.0001316881102255137,6
surgeon,20,0.0028905911258852437,3.632300938629981e-06,0.004623865778564346,8.98257963744684e-05,0
surgery,287,0.041479982656453245,0.00167068761118173,0.0242419719708037,0.0005540403106633499,11
surgical,122,0.017632605867899987,0.0001722064437825643,0.01660000238179086,0.00028796460129820555,7
surgically,33,0.0047694753577106515,3.932365925639778e-06,0.006967466866001837,0.00010492802976662696,7
surprise,19,0.0027460615695909813,1.4439850352472407e-05,0.004480763379950461,8.317523843058576e-05,3
surprised,26,0.0037577684636508164,1.0787795959870602e-05,0.005983499620957503,9.732899942051736e-05,0
surprising,34,0.004914004914004914,3.036349404068924e-06,0.00742585085090884,9.712184839848525e-05,0
surprisingly,9,0.0013007660066483597,2.1462556993875886e-07,0.0024141954311161034,5.765558670496898e-05,0
surround,95,0.013730307847954907,0.00011353061594794317,0.014981310056922176,0.0002492045144116388,3
surrounding,9,0.0013007660066483597,3.156907132222116e-08,0.00255505198952084,5.461825426763124e-05,5
surveillance,23,0.00332417979476803,1.656819996066144e-06,0.005703808267339768,8.124895476484061e-05,7
survey,38,0.005492123139181963,2.1700726969357083e-05,0.007803754948818457,0.0001309820798770419,2
survival,54,0.007804596039890158,3.5243407510642053e-05,0.009180265772105636,0.00015116618117224086,5
survivor,19,0.0027460615695909813,4.2678995551688155e-07,0.005185203213560233,7.205241257135737e-05,11
survivorship,10,0.0014452955629426219,2.0839187166280303e-07,0.002754595172352761,5.7813417920609154e-05,2
susceptible,17,0.002457002457002457,2.1251430346316505e-06,0.004203353887446324,6.720045068939818e-05,6
suspect,112,0.016187310304957365,0.00010608188957302337,0.01619598687685,0.00022931323973401455,7
suspend,10,0.0014452955629426219,2.8527934254234315e-07,0.002221966060802897,6.164722021582005e-05,1
suspicion,27,0.003902298019945079,6.815031833596362e-06,0.006212380351515539,8.613066777745289e-05,6
sustain,36,0.005203064026593439,6.692150505624352e-06,0.007725268057315921,0.0001098705946281412,1
sustainable,36,0.005203064026593439,1.6768154124419187e-06,0.009071270915244217,9.924593409288243e-05,3
sustainably,9,0.0013007660066483597,3.239249277348655e-08,0.002800225854627761,4.664598936269211e-05,3
sustained,37,0.0053475935828877,2.3120985741877148e-06,0.008630084795664097,9.72475575138921e-05,1
sustanon,23,0.00332417979476803,8.935732936405266e-06,0.004654419425828992,0.00010339464279066285,1
swallow,18,0.0026015320132967193,2.8942850635425095e-06,0.003661588766913382,8.515576926947376e-05,1
swap,10,0.0014452955629426219,3.6875104385079464e-06,0.0020558323848502797,6.249654067874999e-05,9
sweat,68,0.009828009828009828,4.197980457588437e-05,0.010802665751717861,0.00019444265219183726,5
sweaty,9,0.0013007660066483597,4.447934954006769e-08,0.0027236903012197084,4.737072921545228e-05,0
sweet,16,0.002312472900708195,3.506325458285105e-07,0.004319455050598511,6.977202272857474e-05,0
sweeten,10,0.0014452955629426219,1.0219077705569093e-06,0.0018913103538182063,6.288628162904389e-05,9
swell,58,0.008382714265067205,2.04663606302865e-05,0.009683112669141356,0.00015752914656973844,7
swelling,42,0.006070241364359011,5.398655893300932e-06,0.008853526122900768,0.000114258814532664,7
swerdloff,45,0.006503830033241798,0.00041232251021623825,0.003587289464682335,0.00024671088950376614,11
swimming,20,0.0028905911258852437,9.521369583003664e-07,0.004986755968239675,7.874955133141348e-05,1
swing,171,0.024714554126318834,0.00014175028067128312,0.02029006419080016,0.00027572413211878285,5
switch,77,0.011128775834658187,4.36155821869216e-05,0.013921619218210751,0.00017253480458420914,0
swj,10,0.0014452955629426219,2.944629843342405e-07,0.0015582415491213458,8.29316564986082e-05,11
swollen,56,0.008093655152478682,8.865613184670654e-06,0.008651879773673734,0.00012070041031686154,5
sydell,11,0.001589825119236884,4.8752089308860106e-08,0.0028239424769348257,6.123824882073077e-05,0
symbol,8,0.0011562364503540975,2.3765002458185332e-08,0.0021385906323659505,5.019996723675726e-05,9
sympathetic,17,0.002457002457002457,2.7029152029543676e-06,0.0029711246447317596,0.00010041764221760944,6
symptom,1227,0.1773377655730597,0.010259974404081973,0.0454065157408545,0.0011106990380759,5
symptomatic,146,0.021101315218962278,0.00015116059198988475,0.019726715837233493,0.0003022716800955904,2
symptomatically,25,0.0036132389073565544,2.0099312528313026e-06,0.005454236638807928,8.507968762413042e-05,6
symptomology,10,0.0014452955629426219,1.084107116186912e-08,0.0033580813509128866,4.979819919994093e-05,0
synder,10,0.0014452955629426219,1.1969852666541934e-07,0.0024806934224549646,5.818662748553364e-05,3
syndrome,303,0.04379245555716144,0.001584535840535863,0.024428846168517857,0.0005116092004429248,7
synergistically,10,0.0014452955629426219,8.543438520704556e-09,0.002962383401161813,5.193040438910364e-05,5
synthesis,41,0.005925711808064749,8.862740667715544e-06,0.007239090188770252,0.00013019298014915634,6
synthesise,9,0.0013007660066483597,1.1534394595333671e-07,0.002577773059429301,5.060053255425523e-05,7
synthesize,9,0.0013007660066483597,1.7368580912717414e-07,0.002148483397704462,5.0538799237252934e-05,6
synthetic,79,0.011417834947246712,1.3775139878132956e-05,0.01370974739513467,0.00017337195128908997,6
syphilis,10,0.0014452955629426219,3.208058342936396e-06,0.0015631205340429952,7.20359525970425e-05,7
syringe,10,0.0014452955629426219,1.8530358449730922e-07,0.0026277153003337497,6.0097137042487293e-05,1
syrinx,17,0.002457002457002457,4.782252441464445e-07,0.004608283234170254,7.220228085642195e-05,1
system,397,0.05737823384882208,0.0020682738754521732,0.031226665067351205,0.0006504726480275221,1
system(s,9,0.0013007660066483597,3.9148157568947455e-07,0.00294221051645568,5.263249188876845e-05,1
systematic,59,0.008527243821361469,5.073631888635539e-05,0.010687033069367323,0.00017984782926172004,2
systematically,9,0.0013007660066483597,9.246676065288539e-08,0.002601034921185315,5.503784157828168e-05,2
systemic,20,0.0028905911258852437,4.743142068409767e-06,0.00439074141110804,9.281503352884027e-05,6
t.g,10,0.0014452955629426219,1.8798114480497234e-06,0.0005606605675542738,9.790397065760514e-05,11
t.h,8,0.0011562364503540975,1.5224834025999043e-07,0.0011193113597024675,6.849549837141251e-05,11
t.m,10,0.0014452955629426219,4.8040961898744935e-05,0.0010023760992979686,0.00010741555655841231,4
tab,10,0.0014452955629426219,2.7276831985087137e-09,0.0038748884423879314,4.370265235097479e-05,0
table,148,0.0213903743315508,0.0001139519994228007,0.019091799057705666,0.0002772049353737968,2
tablet,121,0.017488076311605722,0.00013595690190384128,0.01602026690446144,0.000286864067596174,1
tackle,42,0.006070241364359011,5.696013875521474e-05,0.008549328560933395,0.00011669306467787734,3
tact,10,0.0014452955629426219,4.0686179766820435e-08,0.0029838197988992367,5.327756918777592e-05,0
tactic,10,0.0014452955629426219,1.4720191250658486e-06,0.0025147219398076585,6.415698352387946e-05,3
tadalafil,35,0.005058534470299176,1.9483590884761018e-05,0.0059940077824726,0.0001375012908800244,1
tag,19,0.0027460615695909813,1.7466100123912987e-05,0.00292180624627709,0.00010637693392562978,13
tailor,132,0.019077901430842606,4.3884270647729416e-05,0.020811728783200083,0.00024089543620164873,3
tailored,20,0.0028905911258852437,2.28738433721201e-06,0.005065124775646494,8.163595724766376e-05,3
takeaway,43,0.006214770920653274,2.1062278333353496e-05,0.008754905424784623,0.00014346054528252704,0
taker,9,0.0013007660066483597,2.1965678891000322e-07,0.0024424792051899553,5.898427066047171e-05,0
tale,60,0.00867177337765573,3.634254538149445e-05,0.010739631403234761,0.00016483971834517597,0
talent,10,0.0014452955629426219,8.453816394550841e-07,0.0023879998307329412,6.345420501771544e-05,0
talk,585,0.08454979043214338,0.0016615204500853079,0.0407586670324788,0.0006719132265377267,0
tall,10,0.0014452955629426219,3.9621824873307036e-07,0.0023635394759242458,6.780941820255164e-05,0
tammany,10,0.0014452955629426219,1.9486914578115163e-06,0.00027341272946968665,0.0001164631573013722,12
tamoxifen,34,0.004914004914004914,9.121705735713182e-06,0.006893467218760291,0.00011982148750309601,6
tampa,37,0.0053475935828877,7.2175207544852885e-06,0.00808282018449358,0.00011225300112815959,3
tandem,10,0.0014452955629426219,6.9739873096319e-07,0.002544524062296232,6.253627823439948e-05,3
tank,9,0.0013007660066483597,1.196183180768887e-07,0.0020037339475619913,6.58900615981938e-05,0
tans,9,0.0013007660066483597,1.783575108388658e-07,0.002017211497578907,5.962621084312771e-05,1
taper,34,0.004914004914004914,6.989907006086232e-06,0.007935894821773431,0.00010835928198997961,1
tapering,10,0.0014452955629426219,2.277599867900747e-08,0.0026524927643888376,5.3315017027639566e-05,6
tarantino,10,0.0014452955629426219,2.0546276604690896e-06,0.00127099278874861,9.465064162617217e-05,11
target,119,0.0171990171990172,4.622552282892501e-05,0.01873935043228661,0.00022454882115456593,6
targeted,9,0.0013007660066483597,1.5424963220232668e-06,0.0014289874825666208,7.422545537786563e-05,3
task,56,0.008093655152478682,6.099936998708067e-05,0.010719807613997418,0.0001793113154644807,5
tasked,10,0.0014452955629426219,3.5574616915067924e-07,0.0023701604765348962,6.521334604842639e-05,2
taste,9,0.0013007660066483597,1.3869818100876603e-07,0.002917755503075231,5.401247711556129e-05,2
taylor,10,0.0014452955629426219,1.5193347749391491e-07,0.0023699235156685963,5.452420691743713e-05,11
td.5,9,0.0013007660066483597,8.334663649706085e-08,0.002252081110039345,5.5601453020481925e-05,5
"td.5,6",10,0.0014452955629426219,3.1157495892495695e-08,0.0030018021751832533,4.9557280904462844e-05,3
"td.6,9,25",10,0.0014452955629426219,1.9462620604286907e-07,0.002597018304242277,6.240527167630223e-05,3
"td.76,77",10,0.0014452955629426219,8.876225696552413e-08,0.0031651805773188655,5.0873464836245856e-05,5
td5,10,0.0014452955629426219,4.1323427227419776e-08,0.0031530575325978373,5.184297754072413e-05,2
"td5,7",10,0.0014452955629426219,4.764385514183949e-08,0.00275776932692769,5.433443161129027e-05,5
tds,8,0.0011562364503540975,3.5311206844226285e-09,0.002676502040034663,4.363941652577292e-05,1
tea,18,0.0026015320132967193,2.9177038295338992e-05,0.0026968227337508463,9.500617500863137e-05,9
teach,29,0.004191357132533603,9.733244143084618e-06,0.006466448633896354,0.00010549410681849291,0
teaching,8,0.0011562364503540975,2.4900457569879897e-08,0.0020210269204646294,5.661383519995314e-05,7
team,394,0.056944645179939295,0.0017881947887506684,0.033296680472550445,0.000600618321076663,3
tease,17,0.002457002457002457,4.4536209006927064e-07,0.00423138914061797,6.98347241361338e-05,0
technical,10,0.0014452955629426219,1.3550837422229242e-07,0.0027703597471386236,6.115252285374878e-05,6
technically,10,0.0014452955629426219,8.58983492225302e-08,0.0027027087125302373,5.219982725936739e-05,0
technique,113,0.016331839861251626,0.0001927690984579026,0.01661039705316703,0.00029361468410154666,1
technology,102,0.014742014742014743,0.00012969779706975098,0.01632406942601608,0.0002564395091647165,10
teen,46,0.00664835958953606,1.2957250167875735e-05,0.0090123539787795,0.00011390678958716508,0
teenage,20,0.0028905911258852437,1.5216030737012145e-06,0.004753617547545264,8.305019981229529e-05,6
teenager,18,0.0026015320132967193,1.513926759472498e-06,0.0036916601940699583,8.007328162572673e-05,7
telehealth,43,0.006214770920653274,1.0234531262201881e-05,0.009261252411439843,0.00013807979505129435,3
telemedicine,82,0.011851423616129498,3.7279631861406384e-05,0.014328415682795408,0.00019743089408936647,3
telephone,44,0.006359300476947536,3.966668792899876e-06,0.00997429941738392,0.00012445290735571278,3
television,47,0.0067928891458303225,2.5519657107005423e-05,0.00910813157626501,0.00013797490990179184,0
tell,384,0.05549934961699667,0.0009212764835514132,0.034756264634052667,0.0005340455668726954,0
telling,10,0.0014452955629426219,2.115548845882207e-06,0.0024194153135164783,6.387383223127257e-05,0
temperature,28,0.004046827576239341,9.221665496302231e-06,0.006213815974181679,0.00010332870014664487,7
temple,10,0.0014452955629426219,1.0001806082150295e-08,0.0025719081942296427,5.418753569443124e-05,6
temporarily,19,0.0027460615695909813,8.938295664474554e-08,0.004981531976256509,6.672147171531064e-05,7
temporary,93,0.013441248735366382,4.310873107306811e-05,0.015625625377973573,0.00020762847302558093,7
tend,311,0.044948692007515535,0.0005469390548006998,0.030271753697430508,0.0004638858004506957,0
tender,32,0.00462494580141639,2.7735657262301113e-06,0.006678644726283778,9.317198603713042e-05,5
tenderness,77,0.011128775834658187,2.5061529411603023e-05,0.012368186964644165,0.00018405953886561577,7
tennessee,10,0.0014452955629426219,4.198995645661857e-07,0.0019184031087451044,6.996342322574104e-05,12
tension,37,0.0053475935828877,1.7301931148304372e-05,0.007233926987233659,0.00012340137959324514,1
term,603,0.08715132244544009,0.0020224238046852995,0.04086980757213406,0.0007241930135497298,6
terminally,10,0.0014452955629426219,9.192959433350179e-07,0.0024432405996566344,6.035743212423451e-05,7
terms—“secret,10,0.0014452955629426219,3.3257306272726467e-07,0.0014368059677266956,7.590306828642322e-05,12
terrible,18,0.0026015320132967193,1.2391166756445476e-06,0.004827530799987943,8.199667876662599e-05,0
terrific,9,0.0013007660066483597,9.710937245610789e-08,0.003006094229190459,4.719170270229772e-05,0
terrifying,10,0.0014452955629426219,3.1823301910202275e-08,0.0029712061442351244,5.686985923943133e-05,0
tertiary,10,0.0014452955629426219,2.4343689319579353e-08,0.002964552742296796,5.504351816151346e-05,3
tertile,14,0.0020234137881196706,1.279647337442919e-07,0.0034788542085583663,5.8157367751395084e-05,2
test,852,0.12313918196271137,0.0058456121810529236,0.03837477208958753,0.0008851084456706784,3
testable,8,0.0011562364503540975,6.263942926589581e-08,0.0022010901619856104,5.162009015915193e-05,6
testament,10,0.0014452955629426219,4.889919782216249e-07,0.0025926956886252244,5.150960896535575e-05,3
testes,76,0.010984246278363925,4.4127776439071884e-05,0.012008691931442862,0.00017849151885604685,6
testicle,508,0.07342101459748518,0.001846728205544108,0.0328108915203215,0.0006271889444155399,7
testicular,381,0.05506576094811389,0.0013106770553349028,0.030656631263872178,0.0005550222135953977,6
testim,46,0.00664835958953606,4.253225677310911e-05,0.007597904632341589,0.00016234202761437435,1
testimonial,25,0.0036132389073565544,1.0102627016988934e-06,0.006809760431153948,8.186713254065344e-05,0
testing,381,0.05506576094811389,0.001008351467394009,0.03423242553315868,0.0005342316773877208,3
testing.com,10,0.0014452955629426219,5.706314523142337e-07,0.0020538800034642507,6.983456423191726e-05,11
testis,371,0.05362046538517127,0.0015722048041261656,0.027387624042375124,0.0005365371665792115,6
testogel,6,0.000867177337765573,9.03426443403675e-09,0.0005216538567500346,6.335098436921144e-05,1
testolactone,10,0.0014452955629426219,4.283448259493388e-07,0.0026051877715573685,5.869198425621525e-05,6
testopel,13,0.0018788842318254082,1.722669070443902e-07,0.0038675507244152058,5.268256189127309e-05,1
testosterone,3230,0.4668304668304668,0.13927087151174164,0.05746631295827876,0.0022215942515100874,6
testosterone.27,10,0.0014452955629426219,2.019329336746626e-06,0.0022748253470350707,5.921176664073005e-05,2
testosterone.5,10,0.0014452955629426219,1.5845215807113356e-08,0.00326011845880506,4.893175483242857e-05,2
"testosterone.54,55",10,0.0014452955629426219,9.477419923614648e-08,0.002761917376035301,5.04442772539593e-05,6
testosterone.9,8,0.0011562364503540975,2.755870689718424e-08,0.0014152843962897076,5.379226522619909e-05,6
testosterone.you,9,0.0013007660066483597,6.680311839996858e-08,0.0029682787524022867,5.002609229953939e-05,6
testosteroneto,10,0.0014452955629426219,8.871728656348268e-08,0.003268098214359423,5.3624674299976316e-05,6
tetanus,9,0.0013007660066483597,4.004142200096448e-07,0.0016856863128388445,6.453678030596275e-05,7
text,35,0.005058534470299176,8.744217252803317e-06,0.007232324786449616,0.00011944728584379977,0
textbook,24,0.003468709351062292,1.5339959086552513e-05,0.0019487916180201661,0.00014567742814805846,11
textual,10,0.0014452955629426219,2.026348340491185e-07,0.002198613129824461,6.207704127759543e-05,3
texture,9,0.0013007660066483597,1.4278212837115576e-07,0.0028002565596856144,4.929820568380835e-05,1
tgrp,10,0.0014452955629426219,1.5146508140402314e-07,0.0028387783460705708,5.3230212027318625e-05,3
thalamus,10,0.0014452955629426219,2.3707678248950686e-06,0.0019530384309237561,7.585371254084243e-05,6
thalassemia,16,0.002312472900708195,2.521351230412761e-07,0.00426027652872299,6.353049332182092e-05,7
thank,143,0.02066772655007949,0.00022483746222432896,0.017125536602631775,0.0003107864441475139,0
thankfully,10,0.0014452955629426219,7.295624621234939e-08,0.0024658563273001854,5.6889769132685415e-05,0
theirs,10,0.0014452955629426219,1.473411490457865e-08,0.0027858082163095925,4.526952369574729e-05,6
theme,10,0.0014452955629426219,3.5098784859141394e-07,0.0025355387063443345,6.916160453847692e-05,3
theoretically,20,0.0028905911258852437,4.191437853294932e-06,0.00469813810092019,7.461118155338172e-05,7
theory,18,0.0026015320132967193,5.703269616185861e-06,0.004058519756825679,9.22992440882387e-05,11
therapeutic,242,0.034976152623211444,0.0005106487309753691,0.02768561011248056,0.0004572774127351401,1
therapeutic.446,10,0.0014452955629426219,5.43666775067425e-07,0.0025257943529089664,5.981361116272921e-05,1
therapie,9,0.0013007660066483597,4.314682567795515e-07,0.002421382563095441,5.516829545676235e-05,5
therapies.417,10,0.0014452955629426219,1.1198794486994903e-07,0.0030425763255544683,5.5307990262392856e-05,1
therapist,28,0.004046827576239341,3.801522638450874e-06,0.0064778189839835,9.403044047330718e-05,0
therapy,1572,0.22720046249458015,0.020632157567949876,0.05307747910658641,0.0015015084602638883,3
"therapy.28,29",10,0.0014452955629426219,2.0766142897732373e-07,0.002914001013218372,4.7752141100245724e-05,5
therapy.5,10,0.0014452955629426219,7.965420362803257e-08,0.002524296331497675,5.683251670659906e-05,2
therapy.75,9,0.0013007660066483597,1.6908086460317583e-07,0.0020540409803568513,5.5342900133847504e-05,7
therapy6,10,0.0014452955629426219,4.150743502059022e-08,0.0026420367051685632,5.1653929784822676e-05,2
therapyis,9,0.0013007660066483597,0.0,0.0029371287680986357,4.320340437204833e-05,1
thereafter.438,9,0.0013007660066483597,2.164533330787355e-08,0.0031947348823478626,4.897633390707241e-05,1
thereof,10,0.0014452955629426219,2.9717961115995766e-07,0.0026152166271923606,5.044581554797946e-05,6
thermostat,25,0.0036132389073565544,1.3047679660061222e-05,0.004088024215135624,0.00011352895479787123,6
thescoperadio.com,27,0.003902298019945079,7.75339699464173e-06,0.005123067534597313,0.00010020379533533805,0
thewissen,10,0.0014452955629426219,8.899329510228051e-07,0.0012938090565327276,8.6234535321265e-05,11
thick,10,0.0014452955629426219,1.0078374037655147e-07,0.002641345059030448,5.835006385072719e-05,0
thicken,22,0.003179650238473768,2.533425714097494e-07,0.005793162885205569,7.153408313879733e-05,7
thickening,10,0.0014452955629426219,1.523438295137338e-08,0.003403217069275678,4.952660872069795e-05,7
thickness,10,0.0014452955629426219,1.0023037189951712e-06,0.0015087183291001725,7.821435840911015e-05,5
thigh,85,0.012285012285012284,5.9257502919396997e-05,0.013105688186455878,0.00022987642601558878,1
thin,69,0.009972539384304091,3.8820202667517924e-05,0.011801443035642541,0.0001778192634670205,1
thing,760,0.10984246278363925,0.003790289537057019,0.045982426130304406,0.0009042126905058088,0
think,751,0.1085416967769909,0.0035897412241740504,0.04691752660065769,0.0009299651077505871,0
thinking,57,0.008238184708772944,3.418459417926544e-05,0.009709384241118979,0.00017974518992470938,5
thinning,63,0.009105362046538517,4.067079611105269e-05,0.011360439313668489,0.00014610449373648871,6
thirty,15,0.0021679433444139326,6.265441439556369e-08,0.0039017770696133693,5.155772886322743e-05,6
thirumavalavan,65,0.009394421159127041,2.1695731667648006e-05,0.011419518208547093,0.00015085580277049256,7
thomas,46,0.00664835958953606,3.084762557150605e-05,0.007536411252495962,0.00016203138887065175,0
thoracic,33,0.0047694753577106515,1.0077947894269197e-05,0.006473301763054673,0.000110413495489413,0
thorough,147,0.02124584477525654,0.0002113272359600789,0.02068531297514321,0.0002738953363739399,3
thoroughly,62,0.008960832490244255,6.759770781707429e-06,0.012429042107257817,0.00014422449806563556,3
thought,128,0.01849978320566556,0.00021081633708344954,0.017759439346371406,0.000290365757454773,0
thoughtful,19,0.0027460615695909813,7.691520208429945e-06,0.004608952244311905,8.6325782815956e-05,6
thoughtfully,10,0.0014452955629426219,1.0812766265152511e-08,0.0036646220807993245,4.797932930848777e-05,3
thousand,83,0.011995953172423761,3.545380370962947e-05,0.0137185568272301,0.0001796702380846044,0
threat,10,0.0014452955629426219,6.590501749501236e-08,0.0027385737480027646,5.166705130792074e-05,7
threaten,29,0.004191357132533603,4.263586308851394e-06,0.007401938034811454,8.766671375463864e-05,6
three-,10,0.0014452955629426219,9.642991053428446e-08,0.002875013697841224,5.0559018783714454e-05,1
threshold,93,0.013441248735366382,3.256206973453903e-05,0.01471865081786815,0.00020229847967967977,3
thrilled,9,0.0013007660066483597,1.88301035471735e-07,0.0027667196643707125,5.1077164686737445e-05,3
thrive,19,0.0027460615695909813,5.011993676229802e-06,0.0038845405523389985,8.09558866464912e-05,0
throat,9,0.0013007660066483597,1.2361656633453593e-07,0.0021226405428934497,5.8813491852601895e-05,7
throb,9,0.0013007660066483597,7.029622597842103e-07,0.001751699393820567,5.786554651183045e-05,1
thromboembolic,25,0.0036132389073565544,7.194204142100658e-06,0.005248059252632468,9.122363618618609e-05,7
thromboembolism,24,0.003468709351062292,4.491352466907451e-06,0.005414820488782263,9.248538016810803e-05,7
thrombophilia,26,0.0037577684636508164,7.969791373772652e-07,0.006127432600456396,8.283077501525405e-05,7
thrombosis,19,0.0027460615695909813,3.3243372471970785e-06,0.0038117151475824257,8.758123379370583e-05,7
throttle,19,0.0027460615695909813,1.1050393175947076e-05,0.003964628697001984,8.090013082539638e-05,9
throw,37,0.0053475935828877,4.395298373814018e-06,0.008612014553607597,0.00010231468040987907,0
thyroid,305,0.044081514669749966,0.0006477257093870962,0.024861458881605035,0.0004342187947403268,7
thyroiditis,9,0.0013007660066483597,1.212575794291447e-07,0.002740353059390912,5.208995131932783e-05,7
thyrotropin,10,0.0014452955629426219,4.997906813455418e-07,0.002294801374823076,5.0927684699043884e-05,6
thyroxine,20,0.0028905911258852437,3.869563792345393e-06,0.004240699635011492,8.861276097207454e-05,6
tidbit,10,0.0014452955629426219,9.648918983126312e-08,0.0030150586054625357,5.4705697683577685e-05,0
tie,80,0.011562364503540975,2.1354543447955903e-05,0.013843245189155856,0.0001609663851685508,7
tightly,33,0.0047694753577106515,3.367239638149849e-05,0.0057351035420757125,0.00010888496107334063,6
time,1072,0.15493568434744906,0.010088177405794426,0.05574928050279379,0.0012790150827295156,0
timed,15,0.0021679433444139326,2.1706201355514575e-07,0.004043454071509758,5.851749619279038e-05,1
timeline,49,0.0070819482584188465,1.1886231822676203e-05,0.010445423689208122,0.0001237497105605209,5
timely,18,0.0026015320132967193,7.095329317005962e-07,0.004478788686208379,7.327836452522687e-05,3
timer,10,0.0014452955629426219,3.2967308015671063e-06,0.00273298454110932,5.556912586816449e-05,1
timing,63,0.009105362046538517,1.1938193050434166e-05,0.013265919085872331,0.00014864486430576592,1
timothy,10,0.0014452955629426219,1.909132560724832e-06,0.0022936875885227683,6.324128552658759e-05,11
tinker,19,0.0027460615695909813,1.2697572424815118e-06,0.004789273440291884,7.514681485692818e-05,1
tinkering,9,0.0013007660066483597,1.0436008191986958e-09,0.0034643895370978523,4.7604803790752985e-05,3
tiny,59,0.008527243821361469,5.6459116692577336e-05,0.010625094574016593,0.0001700692721520381,1
tip,113,0.016331839861251626,6.391654264027825e-05,0.01609317268205933,0.00022358636839251518,3
tired,154,0.022257551669316374,0.00012171025301098037,0.020346855593182136,0.0002769964790562743,0
tiredness,71,0.010261598496892614,9.385770094382307e-06,0.012330411005744713,0.00014997561804688198,5
tirzepatide,16,0.002312472900708195,1.7311568313720082e-07,0.003950887368204534,6.541855692214046e-05,6
tissue,339,0.04899551958375488,0.0010061441698076311,0.02984222381623256,0.0005285899230893568,1
"tissue.44,45",10,0.0014452955629426219,7.505854811701155e-08,0.0021734457824644565,5.9370101525685356e-05,6
tit,10,0.0014452955629426219,2.104495507234477e-07,0.0026036834072020345,5.699304355870566e-05,7
title,17,0.002457002457002457,2.298434042692894e-06,0.0032536156404465587,8.981290739615813e-05,2
titrate,18,0.0026015320132967193,1.0874533621029818e-06,0.004800445981453691,6.734336021757831e-05,3
titration,37,0.0053475935828877,8.69097008221665e-06,0.008542498449200462,0.00012224677356464648,1
tlando,9,0.0013007660066483597,4.267036634356797e-07,0.002025228576249558,6.135563781862606e-05,1
tmt,8,0.0011562364503540975,1.1337065812528228e-09,0.0025644303791278822,4.7403050512617364e-05,5
to-1,8,0.0011562364503540975,9.70279401388323e-09,0.002534775259794946,4.353603878535489e-05,6
tobacco,41,0.005925711808064749,4.632553137086531e-06,0.009303077814711975,0.00011623288525938184,7
today,278,0.04017921664980489,0.0005072166435005982,0.029877705274237006,0.00045010671041267766,0
toledo,10,0.0014452955629426219,4.5421876660509643e-07,0.0017737687155773678,7.198217311904617e-05,11
tolerability,10,0.0014452955629426219,2.1018027175016382e-07,0.002852502878432493,5.878840410130826e-05,0
tolerable,20,0.0028905911258852437,3.2492443123570193e-06,0.004962170883135233,8.449091370864012e-05,1
tolerance,51,0.007371007371007371,1.0455872425755645e-05,0.010438082990665775,0.00012818175920917385,5
tolerate,19,0.0027460615695909813,1.1954050138993714e-06,0.004718865756062272,7.911266844227585e-05,1
toll,10,0.0014452955629426219,4.862446613077893e-07,0.002749309872420354,5.970895520123044e-05,5
tom,93,0.013441248735366382,2.4549170870656164e-05,0.015665037644650392,0.00017076883917115709,0
tomlinson,10,0.0014452955629426219,2.69047337871105e-05,0.0018080116879529023,7.391993971505066e-05,11
ton,34,0.004914004914004914,1.4974560639427464e-06,0.008102467762915165,9.521415914761222e-05,6
tone,32,0.00462494580141639,4.492937696818794e-06,0.006264616089841269,0.00010560748543479168,0
tongkat,41,0.005925711808064749,4.373918691933951e-05,0.00697182774774808,0.00014608348669482298,11
tongue,18,0.0026015320132967193,5.100012572936104e-06,0.00413418260990188,8.497515915162283e-05,1
tonsil,8,0.0011562364503540975,3.5481260376736723e-07,0.0020032801331455893,5.339535933652725e-05,1
tool,132,0.019077901430842606,8.806681836734436e-05,0.019951643860919042,0.0002819029807894758,3
tooth,44,0.006359300476947536,3.252428941938596e-05,0.008733482766655552,0.00013982258818161374,1
topi,16,0.002312472900708195,1.0271012896391192e-06,0.003991551929743556,6.611485632184504e-05,1
topic,217,0.031362913715854895,0.00028965016930885645,0.025471046255005604,0.0003731772603940481,0
topical,351,0.050729874259286024,0.0007228242292101966,0.03147217062540343,0.0005170400143815173,1
topically,35,0.005058534470299176,3.634046543771185e-06,0.00728496628418825,0.00011481369973478442,1
toronto,13,0.0018788842318254082,2.607995156275081e-06,0.0026811081513819627,6.629491442305718e-05,11
torre,9,0.0013007660066483597,2.2374567653003022e-07,0.002263697813430662,6.628054319565817e-05,10
torso,9,0.0013007660066483597,2.6349823240090467e-08,0.0027642479388626457,4.735099961555515e-05,1
tosterone,10,0.0014452955629426219,1.1344599484539028e-06,0.0022081095720400674,6.470283212568226e-05,6
tostran,8,0.0011562364503540975,1.4439807106755023e-07,0.0008934462191800541,7.655908316985994e-05,1
total,461,0.06662812545165486,0.0019695029009773346,0.03000092781752049,0.0006372433857383573,2
totally,9,0.0013007660066483597,8.874877777771666e-09,0.0031792501934685734,5.000084092338736e-05,0
touch,80,0.011562364503540975,4.095368738876038e-05,0.013903270579215561,0.0001845547558863153,1
tough,20,0.0028905911258852437,2.563647377190654e-06,0.004692764491698948,8.128531668666529e-05,3
touliatos,32,0.00462494580141639,6.4529732580561355e-06,0.00624563966435471,9.150051893060183e-05,11
tour,11,0.001589825119236884,4.4345411917006466e-07,0.0028954835792619803,5.4368771896907576e-05,3
town,27,0.003902298019945079,3.7978575583764275e-06,0.006301182873961276,0.000100651940044417,0
toxic,17,0.002457002457002457,3.503784670542946e-06,0.00444409923508009,7.273281071094076e-05,7
toxicity,46,0.00664835958953606,8.882294447446843e-06,0.010125887803364344,0.00011835978613087146,1
toxin,50,0.007226477814713109,2.2053704501274074e-05,0.008929219739549743,0.00015628843274715883,7
toyota,8,0.0011562364503540975,1.8307873682153944e-08,0.0016111220896962326,5.8957573427046106e-05,0
trace,19,0.0027460615695909813,3.540020035889781e-06,0.004400132564788964,8.08687884648222e-05,1
track,106,0.01532013296719179,0.0001464679228872372,0.01672635994259145,0.00022157387583017697,3
tracker,9,0.0013007660066483597,7.364913358760377e-08,0.002567415249383011,4.6048221022261206e-05,0
tract,67,0.009683480271715566,1.6782495018672523e-05,0.010630187284803349,0.00015933036560033064,7
traction,29,0.004191357132533603,9.51486591865989e-06,0.005849075475247441,0.00011878545144711845,1
trade,28,0.004046827576239341,1.599213281446609e-05,0.006412165924248331,9.720011293565968e-05,1
tradeoff,10,0.0014452955629426219,1.0592528740800768e-07,0.0030456688520951124,5.481241727154199e-05,0
traditional,146,0.021101315218962278,0.00017246437995595843,0.020754570906292846,0.00029064549022751653,1
traditionally,45,0.006503830033241798,1.900998721954176e-06,0.009421859399856944,0.00011100910376902861,6
trail,10,0.0014452955629426219,1.3783733228331977e-07,0.002745536193562864,5.514517932952237e-05,1
train,105,0.015175603410897529,6.488970385104774e-05,0.016859404766321934,0.00022799504631606314,3
trainer,10,0.0014452955629426219,1.1922950494754825e-06,0.002178234938830938,6.419414782563452e-05,3
training,171,0.024714554126318834,0.00023229407635061167,0.02173996392116827,0.0003317369174936128,0
traish,28,0.004046827576239341,7.685684047002009e-05,0.003055845924252167,0.00016013373681263008,11
trait,70,0.010117068940598353,1.6752586294908854e-05,0.01275262863145145,0.00015210426959351615,7
trajectory,19,0.0027460615695909813,1.8461134309595204e-07,0.005220631356900924,6.280850376619048e-05,3
trans,8,0.0011562364503540975,2.5381321835351798e-08,0.0020891761264749593,5.02669178373416e-05,1
transcript,36,0.005203064026593439,1.811731160599198e-05,0.006082521522526069,0.0001148693686395964,0
transcription,10,0.0014452955629426219,4.26201535747459e-07,0.0024369412145582303,6.00746549417478e-05,3
transdermal,187,0.02702702702702703,0.00025453045524468385,0.022966287628352587,0.0003641990288830413,1
transfer,120,0.01734354675531146,0.00010468191840090037,0.016993184099379898,0.00025800854171568067,1
transference,100,0.014452955629426218,5.175905135535304e-05,0.016711680276005964,0.0002311027315835581,1
transform,31,0.0044804162451221275,1.3239522359646888e-06,0.006436028307374718,8.39499672241806e-05,6
transformation,19,0.0027460615695909813,1.2249940195585178e-06,0.004704824416352346,7.575497392523893e-05,0
transformative,18,0.0026015320132967193,2.4029231461118873e-06,0.004295478546721058,7.029418461102025e-05,6
transgender,15,0.0021679433444139326,1.1385959295433788e-06,0.003438252156837762,7.276910267399835e-05,7
transient,9,0.0013007660066483597,7.961674950725299e-08,0.002946029512766799,4.881065356518521e-05,7
transition,32,0.00462494580141639,2.126246680625642e-06,0.007280433935947673,0.00010131701136837343,6
transitory,10,0.0014452955629426219,3.226026510610083e-08,0.0035016130616590054,5.14882955756076e-05,0
translate,38,0.005492123139181963,6.383075419299208e-05,0.0060148310061477915,0.0001569074464075472,2
translational,19,0.0027460615695909813,3.520463182801087e-06,0.0043456279604897835,8.873223947419125e-05,11
transmission,20,0.0028905911258852437,5.559734492519932e-06,0.005288229935803638,7.761888186664381e-05,1
transmit,32,0.00462494580141639,1.5770557688928037e-05,0.006302733903127426,0.00012021288540742288,7
transmittable,13,0.0018788842318254082,8.407503604586537e-07,0.0034033002050564364,6.261613853862182e-05,5
transparency,18,0.0026015320132967193,1.089102096252491e-06,0.004903025626904761,7.557958975745011e-05,3
transparent,10,0.0014452955629426219,2.2589596497689213e-07,0.0030809746210567496,5.476899577257937e-05,3
transplantation,9,0.0013007660066483597,4.281648007574239e-07,0.002578230472832761,5.261697897882959e-05,7
transport,51,0.007371007371007371,8.928545497597214e-06,0.00926879595381354,0.0001399780239039132,6
trauma,89,0.012863130510189334,0.00010775278609729535,0.01251485775296579,0.00020465412607211563,7
traumatic,26,0.0037577684636508164,7.852047796589142e-06,0.0051513902470995306,0.00010271997071218376,7
travel,60,0.00867177337765573,5.271112684951544e-05,0.00954674981288184,0.00017422033495343475,6
traverse,57,0.008238184708772944,2.2008240228474747e-05,0.01057649117435046,0.00014733123695578036,11
travison,10,0.0014452955629426219,5.906071315005281e-06,0.000987494548476246,9.113032722525742e-05,11
treadmill,10,0.0014452955629426219,3.753869035560149e-07,0.0027456250161091516,6.008880151770976e-05,0
treat,639,0.09235438647203353,0.0027869747047169647,0.039649251367482756,0.0007705019074200883,3
treatable,71,0.010261598496892614,4.158514663429981e-05,0.012519462812378148,0.00015471681515166142,7
treating,10,0.0014452955629426219,2.5750931695241683e-08,0.0030337244233936468,4.8288977747050515e-05,11
treatment,1532,0.22141928024280966,0.020293882181658517,0.05710764435055242,0.0014833004542963212,3
treatment.2,9,0.0013007660066483597,0.0,0.0026111210247282803,4.514581150810084e-05,3
"treatment.7,27,31",9,0.0013007660066483597,2.874813729747231e-08,0.002018656489811531,5.708363859799005e-05,2
treatments.regenerative,10,0.0014452955629426219,1.1658494996217311e-07,0.0021763550152536417,6.337185260199577e-05,5
tremendous,35,0.005058534470299176,5.3557582335275564e-05,0.006564393314325001,0.0001240014304896309,10
tremendously,10,0.0014452955629426219,1.4322980972992461e-08,0.00299730585204909,5.1132242798250185e-05,3
tremor,9,0.0013007660066483597,7.040912010141569e-07,0.0017198363300454079,6.537324168884881e-05,5
trend,78,0.01127330539095245,5.0028506774474194e-05,0.012133578512731238,0.00022235089341974084,5
trh,17,0.002457002457002457,4.919480688266623e-07,0.0038930747814936027,7.065117973643418e-05,6
tri,9,0.0013007660066483597,1.8920528625675129e-06,0.0016925273023808694,7.093772575064029e-05,2
trial,403,0.05824541118658766,0.0012419446753337855,0.03368412905438942,0.0006243180642984626,2
triale,9,0.0013007660066483597,8.626581373570544e-08,0.0027877559839999543,4.662467838397595e-05,0
trick,29,0.004191357132533603,2.4654172287369516e-05,0.005738550882272266,0.0001096291131955348,6
trickle,8,0.0011562364503540975,6.834782226767599e-08,0.0023618854817957233,4.870951830662075e-05,1
tricky,38,0.005492123139181963,4.031949429997191e-06,0.008448216825519266,9.872757030186116e-05,0
trigger,146,0.021101315218962278,0.00011974253511742964,0.018476288457364688,0.0002674074823435407,6
triglyceride,26,0.0037577684636508164,4.866416279289843e-06,0.0056122767139171765,9.156166380060419e-05,7
triiodothyronine,14,0.0020234137881196706,3.1259082998072213e-07,0.0032873039828290305,6.697079088461839e-05,6
trim,10,0.0014452955629426219,2.911607290389147e-07,0.0024345198382240054,6.0409702840738826e-05,5
trimix,58,0.008382714265067205,4.4009115973221686e-05,0.01068214314648417,0.00017480386049032387,1
trip,19,0.0027460615695909813,1.3548590654421544e-07,0.005967170534503386,6.849465212673453e-05,3
triple,30,0.004335886688827865,1.4629674564067633e-06,0.007764957458562502,9.27950833682377e-05,0
triptorelin,10,0.0014452955629426219,9.758145566134625e-07,0.0021665863457564,7.539317153848752e-05,7
trivialise,10,0.0014452955629426219,7.886245754293114e-07,0.002731978311168006,5.7037936806197126e-05,0
troche,10,0.0014452955629426219,9.222182284886427e-08,0.002408264352575504,6.327604218966587e-05,1
trost,21,0.0030351206821795057,0.00018911865378237766,0.003566740548381338,0.00011934276505556517,11
trouble,159,0.022980199450787685,0.00013862911710032193,0.019598381713894688,0.000267492883449163,5
troublesome,27,0.003902298019945079,5.810345512922362e-06,0.0061688847011892945,8.773395023210491e-05,5
troubling,27,0.003902298019945079,1.5670913482942323e-07,0.006919599879159581,7.200275313039336e-05,0
trough,84,0.012140482728718023,4.008471964638451e-05,0.013975006855997927,0.00020839538835710705,1
troy,261,0.03772221419280243,0.0005439240745000973,0.026948220996806826,0.0005072444950299489,0
trt,1296,0.18731030495736378,0.0113871689492124,0.053589251388317785,0.001197442856664132,3
trt.â,10,0.0014452955629426219,2.0499432952890003e-09,0.003216788397328883,4.135756638575583e-05,3
trucker,8,0.0011562364503540975,2.838367868658328e-09,0.002720807879270935,4.591538490624291e-05,0
true,207,0.02991761815291227,0.0003829010135899421,0.025470630276878032,0.00038767664223306696,0
truly,62,0.008960832490244255,1.39134533915907e-05,0.012095709960039402,0.00014498931335597446,0
trunk,10,0.0014452955629426219,8.065395313219436e-09,0.0029932810828202615,4.987777640182046e-05,7
trust,51,0.007371007371007371,1.4396546571100197e-05,0.011112850843777226,0.000136548133449439,3
trusted,19,0.0027460615695909813,2.6426366173661046e-06,0.0042516890153218734,8.295660989291368e-05,6
trustworthy,10,0.0014452955629426219,1.754448201927623e-08,0.0036749455795364056,4.7243858685313875e-05,0
truth,19,0.0027460615695909813,2.820951538396085e-06,0.004735116540870956,7.645348856605631e-05,0
truven,10,0.0014452955629426219,9.39618834356284e-07,0.002365667471189622,6.526163677756098e-05,2
try,469,0.06778436190200895,0.0011563293774579722,0.0391433642448028,0.0006274659205242485,0
tsh,71,0.010261598496892614,1.7372648794396113e-05,0.010810965696449395,0.00015358656568358444,6
ttrial,62,0.008960832490244255,5.6346705369953967e-05,0.010377785501810169,0.00017139871489542567,11
tub,12,0.001734354675531146,8.649268430524099e-06,0.002382056111865144,6.089625218272736e-05,7
tube,44,0.006359300476947536,5.2138761003487746e-05,0.006108851728046219,0.00018004810924517482,1
tuberculosis,25,0.0036132389073565544,7.205288484989057e-06,0.004330774817091662,0.000110456043813055,7
tuft,10,0.0014452955629426219,2.0392395519626126e-06,0.002273524319113367,6.149653653739769e-05,7
tumor,142,0.020523196993785228,0.0001332953969501086,0.016254143125572752,0.00024457204431238143,7
tumour,40,0.005781182251770487,1.3220703953134409e-05,0.007839199148906071,0.0001139185164474779,7
tune,44,0.006359300476947536,7.837051189365414e-06,0.010099467696027258,0.00012293539305791853,0
tuning,10,0.0014452955629426219,1.1803545016101316e-07,0.002611607231986549,6.0143185070321654e-05,6
turley,7,0.0010117068940598353,6.223217759880587e-07,0.001275447448136533,7.278827734628207e-05,3
turn,196,0.028327793033675386,0.0002530302696499351,0.023837132851558303,0.0003029674611031074,0
turner,15,0.0021679433444139326,5.37382265918105e-07,0.0034291180901672024,6.019080400215674e-05,7
tweak,10,0.0014452955629426219,3.274506633894202e-06,0.002906289914940657,5.2816211616290955e-05,0
twice,160,0.02312472900708195,0.00022124966174457143,0.021632234504863755,0.00029692003985604137,1
twist,16,0.002312472900708195,1.8152591957648298e-06,0.0036435549210128816,7.914038003785411e-05,1
twitter,10,0.0014452955629426219,3.544498545279067e-06,0.001972418407197916,6.80636477427082e-05,13
tyler,10,0.0014452955629426219,1.9149241252117725e-06,0.00010599017304533661,0.00012442270194449218,11
type,551,0.07963578551813846,0.002171367966926276,0.03799529081325858,0.0006868367459328409,7
type-2,19,0.0027460615695909813,7.825408065212166e-08,0.005117838805323628,6.598758879142812e-05,7
typical,144,0.020812256106373755,8.903534981973434e-05,0.019868176541856606,0.00023901134820319904,6
typically,515,0.07443272149154502,0.0014278962051867505,0.04088054420374481,0.0006537238315217338,1
tügertimur,10,0.0014452955629426219,7.077773709711156e-07,0.00015206974640467354,0.0001400889996075489,4
u.s,122,0.017632605867899987,0.00017429567640064351,0.01751257880887226,0.0002658596788405662,3
u01,9,0.0013007660066483597,4.625551295873157e-08,0.0020544820608773898,6.044467652000922e-05,11
uab,19,0.0027460615695909813,8.322533090315803e-06,0.0043290506918799605,7.53459554587785e-05,11
ucf,10,0.0014452955629426219,1.3645225084336227e-07,0.002417703315033283,6.318860350591755e-05,10
uchicago,10,0.0014452955629426219,6.133382754526788e-08,0.0030043345541015233,5.353733575222772e-05,3
ucla,39,0.005636652695476225,3.353755785110952e-05,0.0079030539796081,0.0001292590947792401,3
ucsf,10,0.0014452955629426219,2.214572810935704e-08,0.003644279982177064,4.940103660484468e-05,3
uhealth,10,0.0014452955629426219,5.972685776052608e-06,0.0026297209955639667,5.516897617247109e-05,3
ukas,10,0.0014452955629426219,4.692067746211988e-07,0.0024059280999018137,6.360392019386091e-05,3
ultimate,36,0.005203064026593439,2.435046634079438e-05,0.007910184217049164,0.00011449566310280774,3
ultimately,127,0.018355253649371295,0.00013912433616377788,0.019727727389063844,0.00027417928950200277,6
ultrasound,40,0.005781182251770487,9.525614818036415e-06,0.008219913763006256,0.0001285943095537781,7
umiami,10,0.0014452955629426219,1.1166729063168109e-07,0.0013169156459724289,8.40165626269682e-05,13
unable,83,0.011995953172423761,4.301006264518805e-05,0.013358656157603798,0.0001672704552073031,6
unabridged,8,0.0011562364503540975,3.6562230159566025e-07,0.0016460277241812102,5.734182393036082e-05,2
unachievable,10,0.0014452955629426219,6.607209945516514e-07,0.0022005092022315607,6.862942943972439e-05,6
unaddresse,10,0.0014452955629426219,1.6573275252059872e-07,0.0024261243763064834,5.652846563495338e-05,7
unattached,19,0.0027460615695909813,1.7279808610457306e-06,0.003765288651891057,7.022544465098644e-05,6
unavailable,27,0.003902298019945079,2.5225560221336217e-06,0.006176208674620258,8.894512318049163e-05,6
unavoidable,10,0.0014452955629426219,2.843182514890446e-07,0.0027449560060966768,5.4929839064163556e-05,0
unaware,20,0.0028905911258852437,3.3925015288542397e-07,0.005217163365286442,7.198730856317379e-05,6
unbelievable,10,0.0014452955629426219,5.935570828662056e-07,0.0021084317663027756,7.13050448288796e-05,10
unbelievably,10,0.0014452955629426219,9.40703240525904e-07,0.00245733716701923,6.0659587627969995e-05,6
unbiased,20,0.0028905911258852437,8.627666605746883e-07,0.0047868173235947175,7.688828564790229e-05,3
unblinde,16,0.002312472900708195,2.170002654161866e-07,0.004732957304080792,6.294996070982015e-05,0
unblock,10,0.0014452955629426219,1.1638214345746312e-06,0.0029075574998676124,5.747630150012458e-05,11
unbound,40,0.005781182251770487,3.2457342576093354e-06,0.007867980962635381,0.00011160259617496888,6
unc,9,0.0013007660066483597,1.287361097321173e-06,0.002573312983105612,5.154981105300692e-05,0
uncertain,10,0.0014452955629426219,2.3078035391083722e-08,0.003279762651288573,5.1276506907569077e-05,7
uncertainty,18,0.0026015320132967193,5.028386235468888e-07,0.00477829930784142,6.708519358282007e-05,2
unchecked,18,0.0026015320132967193,5.819843425244202e-07,0.004622305819687402,6.529205536577777e-05,7
unclear,64,0.00924989160283278,1.5961826998428728e-05,0.011274055499025114,0.00013247357919601288,7
uncomfortable,84,0.012140482728718023,7.157098566764923e-05,0.013722551212240778,0.00020213920774868414,1
uncommon,30,0.004335886688827865,6.370874550644876e-06,0.006692162141222701,9.21644446045542e-05,5
uncompromised,10,0.0014452955629426219,6.91456675640357e-08,0.0031281808587220136,5.553684942770044e-05,3
unconscious,10,0.0014452955629426219,1.527718068493369e-07,0.003075034773119836,5.465767925069398e-05,5
uncontrolle,36,0.005203064026593439,5.2793425572047004e-06,0.0073493910130037355,0.00011253296840605028,7
uncontrolled,25,0.0036132389073565544,7.346391002361571e-07,0.005458903596610518,8.196184177098583e-05,7
uncover,9,0.0013007660066483597,4.513312966995215e-09,0.0030847821859730216,3.9981193109014337e-05,3
undecanoate,112,0.016187310304957365,0.00010908890747190544,0.016305517483696293,0.0002610658423991533,1
undeconate,12,0.001734354675531146,2.1417181935860598e-07,0.003148367134573937,5.57350154844654e-05,1
undenaconate,8,0.0011562364503540975,1.0878055125168133e-07,0.002433317898054999,4.690338240899974e-05,1
underactive,18,0.0026015320132967193,2.8811758511448454e-06,0.004665847253789432,6.815820241660085e-05,7
underarm,44,0.006359300476947536,7.84586847271408e-06,0.008946897933797245,0.00012380133499190825,1
underdeveloped,7,0.0010117068940598353,0.0,0.0017725763817463256,4.5767394796816994e-05,7
underdevelopment,7,0.0010117068940598353,1.711086005696162e-07,0.001426598536807561,5.278508505468713e-05,7
underestimate,18,0.0026015320132967193,9.456414503022449e-07,0.004437889228441927,7.302812950187555e-05,6
undergo,182,0.026304379245555717,0.00014945896396418134,0.023199907538405885,0.00030640284040253223,6
undergrad,10,0.0014452955629426219,4.4566064339450674e-07,0.002379645860621253,6.29660192005599e-05,11
undergraduate,17,0.002457002457002457,5.628215357646311e-06,0.0038453379697840333,8.15773545640991e-05,11
underlie,142,0.020523196993785228,6.50669414759926e-05,0.020180161995561493,0.00022911870965612255,7
underlying,150,0.021679433444139327,5.4325231234597516e-05,0.02076568493349246,0.0002538331596377272,7
undermine,10,0.0014452955629426219,5.832458895434994e-07,0.0019509758322612534,7.347262861191097e-05,3
underproducing,9,0.0013007660066483597,1.5157729128710063e-07,0.002535211960973004,4.204170691597159e-05,7
underproduction,27,0.003902298019945079,1.9661661994835398e-07,0.006569323252826958,7.388422923031579e-05,7
underscore,10,0.0014452955629426219,2.5327649772017034e-07,0.0026196466694787366,6.0586473911980614e-05,3
understand,440,0.06359300476947535,0.0008187923847493816,0.03638186830891762,0.0005271011934912577,0
understandably,10,0.0014452955629426219,4.9224431446683506e-08,0.002391097884558237,6.062751928329014e-05,5
understanding,153,0.022113022113022112,9.434134577172554e-05,0.021639945234810058,0.0002726305658836116,3
understate,10,0.0014452955629426219,4.2395382199685436e-07,0.00292860664389059,5.632355300752078e-05,0
undert,10,0.0014452955629426219,6.865726995329283e-08,0.0029884427151753994,5.430001970899296e-05,3
undertake,35,0.005058534470299176,1.3496881730608275e-05,0.0069336633496974885,0.00011592309077578391,2
underutilise,10,0.0014452955629426219,4.7463471553683275e-09,0.0031193019726856726,4.346499460736998e-05,6
underwater,11,0.001589825119236884,5.391173118254294e-07,0.001376571627815869,8.497518992437156e-05,0
undescende,19,0.0027460615695909813,1.2908249333848328e-06,0.004180699099003641,7.348352927024791e-05,7
undescended,55,0.00794912559618442,2.9000580635589356e-05,0.009157585827173187,0.00016022396251156015,7
undesirable,35,0.005058534470299176,4.2959839473993425e-05,0.006784108326800798,0.00010905974321430659,5
undiagnose,10,0.0014452955629426219,3.6971230243791607e-07,0.002435877369180309,6.042197225857063e-05,3
undiagnosed,9,0.0013007660066483597,3.8567555874561636e-08,0.0030650692130383523,4.829546465459496e-05,7
uneasy,8,0.0011562364503540975,1.2195860477209265e-06,0.0025589441177582897,4.895403685397086e-05,11
unequivocally,29,0.004191357132533603,1.3481682283339375e-06,0.006410245845548721,7.983806146331689e-05,5
unevaluated,14,0.0020234137881196706,5.0472058741373835e-08,0.003625164001527585,5.485012176539768e-05,7
unexpected,19,0.0027460615695909813,5.2054860587327415e-06,0.005245098782937972,7.100253488024037e-05,10
unexplained,60,0.00867177337765573,3.11379496821924e-05,0.009787337815400761,0.00014487710487725455,5
unfamiliar,19,0.0027460615695909813,2.742540431141094e-07,0.005615811778510865,6.741962376417952e-05,0
unfavorable,17,0.002457002457002457,2.534887287212862e-06,0.0047563425406938606,6.531132015570847e-05,11
unfavourable,10,0.0014452955629426219,3.427009061534435e-08,0.0028900978328282754,4.9955038168749566e-05,7
unfortunately,129,0.01864431276195982,0.00011134663072113015,0.019463650558324646,0.0002597476939927746,0
ungrade,10,0.0014452955629426219,7.431648445688138e-08,0.0032512992637902458,5.3654841079658176e-05,1
unhealthy,48,0.006937418702124584,9.144673987864311e-06,0.009640240183812057,0.00012439035121519697,7
unhelpful,8,0.0011562364503540975,6.208736224046148e-09,0.002308686915798995,4.9650019043789224e-05,6
uniformly,8,0.0011562364503540975,2.2841115467082494e-07,0.0022684696903575194,4.717509438131084e-05,6
unintended,10,0.0014452955629426219,1.262186261832902e-06,0.0027415055013325783,5.376540242866557e-05,0
unintentional,9,0.0013007660066483597,1.0825752106255207e-07,0.0020737879520854405,5.7078438717488334e-05,7
unique,214,0.030929325046972107,0.00029200952434704606,0.02632586036776974,0.0003713563658859765,3
unit,10,0.0014452955629426219,1.3781451767714313e-08,0.00275511626693939,4.831984671640516e-05,6
united,81,0.011706894059835236,8.613371760854633e-05,0.012404169145313882,0.00022048426153245548,2
universal,26,0.0037577684636508164,6.795941001888846e-05,0.004309903227159709,0.00010104877225084708,11
universally,10,0.0014452955629426219,4.3084660491814476e-08,0.002657394144496126,5.352233470834118e-05,6
university,289,0.04176904176904177,0.002231319344753062,0.021242181140704128,0.0006990916313945598,11
unknown,52,0.007515536927301633,5.013477610236828e-06,0.010147236100962114,0.00012346892467790622,6
unlike,100,0.014452955629426218,3.530199530498588e-05,0.015896632414519076,0.0001998683715319063,6
unlikely,71,0.010261598496892614,1.3823981184577088e-05,0.012924808753395741,0.00014600177696559005,6
unlimited,10,0.0014452955629426219,1.8375752592059836e-07,0.002770947806085248,6.0942496466464904e-05,3
unlock,25,0.0036132389073565544,1.0059164232997967e-06,0.006167026326238868,7.916185733055155e-05,3
unmask,10,0.0014452955629426219,1.81078956946035e-07,0.0029275449820403516,5.013018924152189e-05,7
unmatched,10,0.0014452955629426219,3.569423119997647e-08,0.0027295847375604786,5.898331363492267e-05,3
unnecessary,19,0.0027460615695909813,2.650266129416713e-06,0.0046179798824694555,6.800761952862302e-05,7
unnoticed,8,0.0011562364503540975,1.5288057831106474e-10,0.002320200067119698,3.659327946863815e-05,0
unpleasant,59,0.008527243821361469,4.975393961591352e-05,0.010798782295413036,0.0001477450062596104,5
unprocessed,10,0.0014452955629426219,5.881981996768555e-08,0.002707596999895273,5.747565851709993e-05,9
unpublished,10,0.0014452955629426219,6.892185907929461e-07,0.0025773195959049385,5.7220717472681714e-05,2
unrealistic,10,0.0014452955629426219,1.0821565733828448e-06,0.0022735936302155893,5.934972368990076e-05,2
unreasonable,10,0.0014452955629426219,3.5828766131216767e-08,0.0033116466945037957,5.252737284046771e-05,6
unregulated,28,0.004046827576239341,5.258297871373578e-06,0.006733919132557526,9.815190533863487e-05,3
unrelated,18,0.0026015320132967193,2.3618163156568075e-06,0.0046718851643623785,6.615419331760744e-05,6
unresolved,10,0.0014452955629426219,7.780436475866676e-09,0.003049817242545066,4.437288698447797e-05,7
unsafe,55,0.00794912559618442,2.030269134198844e-06,0.0106532569726177,0.00011266871888004594,7
unsatisfactory,10,0.0014452955629426219,4.949875384336689e-08,0.002683317444909317,5.1037685485055965e-05,6
unsettling,10,0.0014452955629426219,1.5695898436013056e-08,0.0032229081660608365,4.763262676085842e-05,3
unstable,8,0.0011562364503540975,6.650710197219706e-09,0.0028417171048021367,4.443981322308094e-05,3
unsubscribe,8,0.0011562364503540975,2.6799548208000405e-08,0.0020229860794051566,4.9879021901345146e-05,3
unsure,18,0.0026015320132967193,2.415781050238017e-07,0.004916397665876096,7.074184409119206e-05,3
unsustainable,10,0.0014452955629426219,2.137714492699315e-07,0.0028210196113072055,5.292763102136551e-05,7
untested,10,0.0014452955629426219,1.7913226375891118e-06,0.0029448346655185395,5.6674557400862113e-05,0
untreated,93,0.013441248735366382,1.8544206557429907e-05,0.014464381144442389,0.0001715924002603389,7
untrue,10,0.0014452955629426219,5.128105368509994e-09,0.0036161606457278876,4.7994735651816714e-05,0
unused,10,0.0014452955629426219,8.800981138393813e-08,0.0027955442363300537,5.227372061433191e-05,1
unusual,52,0.007515536927301633,2.336211337619878e-05,0.009202423772734352,0.00015201048515929992,7
unusually,10,0.0014452955629426219,3.422613605803685e-08,0.002826794728714115,4.411299192104319e-05,2
unveil,9,0.0013007660066483597,1.8482278407929342e-07,0.0025214084568152165,5.1337041938537265e-05,11
unverified,10,0.0014452955629426219,4.3939659986503163e-07,0.00232705816693141,5.863742483008855e-05,5
unwanted,77,0.011128775834658187,2.1245622976443527e-05,0.012955532752523438,0.00016128673461533388,5
unwashe,10,0.0014452955629426219,1.3619555207847662e-07,0.002785383368912042,5.69066117823793e-05,1
unwaveringly,9,0.0013007660066483597,5.739278169357293e-08,0.0026572356011291143,5.418775991475749e-05,0
update,137,0.019800549212313917,0.00022298717813671017,0.017282233897955458,0.0003241902157913189,3
update.11,10,0.0014452955629426219,1.0687948400409133e-06,0.002867858645741928,6.115822180904297e-05,2
upload,10,0.0014452955629426219,1.978630122046554e-07,0.002125192455595725,6.558745612274653e-05,10
upmc,53,0.007660066483595895,6.531763630849785e-05,0.00787190287180735,0.00017354241808720337,3
upper,159,0.022980199450787685,0.0002980048586478445,0.020391418695415973,0.0003509333036049297,1
upset,10,0.0014452955629426219,8.691384948639525e-08,0.0027925088844126707,4.950366997328509e-05,6
upside,27,0.003902298019945079,1.455897992635032e-06,0.006327928206627391,8.608727829850032e-05,5
uptake,28,0.004046827576239341,8.7824665361495e-06,0.006019229267228836,0.00011029314624330953,1
uptick,9,0.0013007660066483597,3.949433561994725e-08,0.0029313885766388517,4.803656645445218e-05,6
upward,10,0.0014452955629426219,1.947608297822773e-07,0.0025313951796005303,5.9892032497014535e-05,1
upwards,10,0.0014452955629426219,6.31643355164415e-08,0.0029513068505526868,5.3303085679135717e-05,5
urea,35,0.005058534470299176,3.3165947603957425e-05,0.005177561188146548,0.00014633767677298142,7
urethra,28,0.004046827576239341,6.580021557415681e-06,0.005445254995685275,0.00010622816257864049,1
urethral,19,0.0027460615695909813,3.601898289460437e-06,0.00387308608435129,9.348610162015949e-05,1
urge,60,0.00867177337765573,2.2785184779974104e-05,0.012003636360001025,0.00015246007764126913,1
urgency,18,0.0026015320132967193,1.320291769739488e-06,0.0039256276586286,8.602171990428656e-05,7
urgent,53,0.007660066483595895,3.856282189086049e-05,0.009642647408061695,0.00016749389457680657,0
urinary,176,0.025437201907790145,0.00025290863719845447,0.019949785119820998,0.0003470837866981627,7
urinate,20,0.0028905911258852437,6.2027218236838995e-06,0.004147706834849882,9.326297769996545e-05,7
urinating,37,0.0053475935828877,5.67709396201163e-06,0.007489156449527612,0.0001116691069687721,7
urination,22,0.003179650238473768,3.393584343108142e-06,0.004786639983112924,8.70433856467424e-05,7
urine,26,0.0037577684636508164,4.296713114059134e-06,0.0054997231303694685,9.317864036873514e-05,1
urmc,48,0.006937418702124584,4.4188099280255e-05,0.008312010084563101,0.00016441322505879498,3
urol,33,0.0047694753577106515,4.476378489352e-05,0.004764042711634698,0.00016128375129306218,2
urologia,9,0.0013007660066483597,6.413806058032653e-07,0.0012129308962703438,7.939949266594376e-05,2
urologic,78,0.01127330539095245,3.996867327787218e-05,0.013423197631261222,0.00017619045788051858,3
urological,125,0.01806619453678277,0.0002467791944239726,0.015511909189256313,0.0002681454961468572,11
urologist,419,0.06055788408729585,0.001399215541710877,0.034822875266024296,0.0006497055684783309,0
urology,343,0.049573637808931925,0.00302647337050818,0.024771903640125173,0.0007471528003914894,11
urotronic,10,0.0014452955629426219,1.5090733140634125e-06,0.0016892201926324655,7.333185401402515e-05,11
usa,19,0.0027460615695909813,7.3954421399401405e-06,0.003638243402344687,0.00010282013864576027,11
usable,8,0.0011562364503540975,1.2679875042754357e-08,0.0021924927774025662,4.427513153836551e-05,6
usage,52,0.007515536927301633,3.810613906727413e-05,0.010776065209383777,0.00015384173313684365,1
usc,22,0.003179650238473768,3.3207261633383324e-06,0.004682279204767435,8.051202249176235e-05,11
use,899,0.12993207110854169,0.006481650638016172,0.05009429657910484,0.001082571670921858,7
useful,111,0.016042780748663103,0.00010778598850804925,0.01777372845726764,0.00024021832033900898,1
user,68,0.009828009828009828,2.044581023067259e-05,0.013027008095970332,0.00016120439623983857,3
uss,10,0.0014452955629426219,5.007323342936629e-08,0.002835640275032761,5.4751382379077015e-05,6
usual,46,0.00664835958953606,1.3706776546770482e-05,0.008755638574781502,0.00012430776693519803,7
usually,409,0.05911258852435323,0.001159445536642083,0.03485276251774413,0.0005516618180964278,1
utah,104,0.015031073854603266,0.00017393608303154005,0.013899984871918134,0.0002607243325389913,0
utero,18,0.0026015320132967193,4.2631151979096685e-07,0.004685263465715546,6.268756914311976e-05,7
uterus,20,0.0028905911258852437,2.0911097814145028e-06,0.004463510310647496,7.61211463558745e-05,6
uti,15,0.0021679433444139326,5.380736544863294e-07,0.003580410712690335,7.016638828981152e-05,5
utilisation,10,0.0014452955629426219,1.135982265880524e-07,0.0032386773295686026,5.12338640519681e-05,5
utilise,27,0.003902298019945079,5.605334914751235e-07,0.006294270972091774,8.26585966587194e-05,7
utilization,10,0.0014452955629426219,7.741058435636863e-09,0.0029185075952948432,4.77094481673922e-05,6
utilize,115,0.01662089897384015,0.00010153402164171103,0.017793891504939582,0.0002477354269923006,1
utlized,9,0.0013007660066483597,2.3113814982818497e-08,0.0025001086080862624,4.323214746009242e-05,6
uva,74,0.0106951871657754,0.000129524091211246,0.012125628301506132,0.0002152999539937589,11
vaccine,20,0.0028905911258852437,5.362174441388547e-06,0.004126207917413368,9.371449949235228e-05,7
vacuum,38,0.005492123139181963,2.893733168263562e-05,0.006556055561595935,0.0001377103851372899,1
vaginal,17,0.002457002457002457,8.808941302466182e-08,0.0042145754234630285,6.388892630274556e-05,5
vague,10,0.0014452955629426219,2.0624658686247397e-08,0.003008338065086849,5.287785376364877e-05,0
valenti,10,0.0014452955629426219,6.134485235484481e-05,0.000528210178405677,0.00011550651015379744,11
valet,10,0.0014452955629426219,2.2392391076753717e-08,0.0029599527499658287,5.425393171305969e-05,0
valid,54,0.007804596039890158,6.56429708658826e-05,0.009560980746331124,0.00017132239067923702,3
validate,74,0.0106951871657754,2.3050629347700904e-05,0.012532101184310534,0.00016432722876777987,2
validated,17,0.002457002457002457,9.191945131194585e-08,0.004968953168218028,6.544537118968285e-05,7
validity,10,0.0014452955629426219,5.859746949215193e-07,0.0019875096033197927,7.257444482338719e-05,3
valuable,36,0.005203064026593439,1.6578150362508512e-05,0.0077330061178431725,0.0001146249239734637,3
value,205,0.029628559040323747,0.00025364827838122506,0.02450937550423188,0.00037349408492018437,2
values.428,9,0.0013007660066483597,6.166887661311071e-08,0.002392496980684533,5.500196410983115e-05,1
van,45,0.006503830033241798,9.895229475607592e-05,0.007087784096438586,0.0001874866754549753,11
vancouver,14,0.0020234137881196706,1.5665914884891567e-07,0.002914143797453954,7.10949190550222e-05,11
vanity,10,0.0014452955629426219,1.5106237872095054e-09,0.004018470950708585,4.720825047889749e-05,0
vardenafil,25,0.0036132389073565544,7.922251510036974e-06,0.004969225921481179,0.00010623222695280061,1
variability,103,0.014886544298309004,9.47612479017497e-05,0.016570296170245843,0.0002562164869949447,2
variable,88,0.012718600953895072,9.149965578402959e-05,0.015108417244396712,0.0002165812158267289,1
variably,20,0.0028905911258852437,1.4798977939132614e-05,0.004958525844950475,8.089104355583412e-05,7
variance,10,0.0014452955629426219,9.48804530619719e-08,0.0027128629647878736,5.674933925313823e-05,2
variant,9,0.0013007660066483597,4.457136424530139e-08,0.0027149242740202592,5.048733798309756e-05,7
variation,82,0.011851423616129498,5.422381594468954e-05,0.01386746440855604,0.0001908098121398608,2
varie,52,0.007515536927301633,1.1926185706330727e-05,0.010529574261517348,0.0001309626592707417,1
varied,27,0.003902298019945079,4.942783008309353e-06,0.006028881295859391,0.00010263005717122912,2
variety,203,0.029339499927735224,0.00020342369214744295,0.024146357863450353,0.0003088251773015149,0
vary,331,0.04783928313340078,0.00045660202135849393,0.03071463458078607,0.00044799057650213065,2
varying,10,0.0014452955629426219,7.713666828817732e-08,0.002856180007882108,5.281585512973223e-05,11
vascular,75,0.010839716722069664,4.987215385764652e-05,0.012263868004395419,0.00017714707639076188,0
vascularity,9,0.0013007660066483597,5.143067152696902e-09,0.0031849387670906506,4.6933453280202983e-05,1
vasectomy,27,0.003902298019945079,3.377796477037128e-06,0.005449823574268201,9.987536043900391e-05,3
vast,36,0.005203064026593439,6.794499242371965e-06,0.0077473745215851176,0.0001121164431603883,0
vastly,10,0.0014452955629426219,8.42940208763157e-08,0.0033454295156458225,5.63343912392072e-05,0
vattikuti,7,0.0010117068940598353,0.0,0.0017676358772427915,4.518428890853808e-05,11
veciana,10,0.0014452955629426219,2.15825426485268e-06,0.0018032079714404637,6.935494203903361e-05,13
vegetable,81,0.011706894059835236,0.0002999618456067049,0.010756677662562,0.0002737572275406836,9
vegetarian,9,0.0013007660066483597,2.124218266748169e-06,0.0023604128252637624,5.45395930300324e-05,0
vein,56,0.008093655152478682,5.250887883935206e-05,0.009624183189437844,0.00015319523214681532,1
vendor,19,0.0027460615695909813,3.036094201792185e-06,0.003284327589443726,0.000106113169737199,2
venesection,8,0.0011562364503540975,1.1951398572524612e-07,0.0024330578805502557,4.511036348535787e-05,3
venkataramany,20,0.0028905911258852437,0.0004240283897679933,0.003416919049628943,0.0001254205409144425,11
venothrombolic,10,0.0014452955629426219,3.3831441024355353e-09,0.0028766764492835577,4.659113799921187e-05,7
venous,34,0.004914004914004914,2.110192006698737e-05,0.006508279638612602,0.0001231209053963572,7
ventilator,10,0.0014452955629426219,1.807365301863278e-08,0.0029578629941166635,4.7027276793645034e-05,7
ventura,10,0.0014452955629426219,1.701541732782837e-06,0.0016151059650904792,8.572130558769133e-05,11
verbal,15,0.0021679433444139326,4.704335833535635e-07,0.003946675810770695,6.279441847732664e-05,5
verboon,10,0.0014452955629426219,3.0781550652851536e-06,0.0016063711807920295,8.306111714264797e-05,11
verify,35,0.005058534470299176,3.677070295311791e-06,0.007543041210527235,9.983498163417403e-05,3
versa,10,0.0014452955629426219,5.770288440760997e-08,0.0029275201552142363,5.69888836131049e-05,0
versabase,17,0.002457002457002457,1.7049525398026142e-06,0.0038470417225552334,7.789638796788032e-05,1
versatile,18,0.0026015320132967193,4.862068182748049e-06,0.003363616370696597,9.68315596723945e-05,9
version,69,0.009972539384304091,7.129611700316885e-05,0.01197915127909684,0.00019283919406349497,6
versus,118,0.017054487642722937,5.908795630469484e-05,0.017896257235907546,0.0002290311899905214,1
vesicle,10,0.0014452955629426219,2.795120464751589e-07,0.0029989127918386574,5.815321954556266e-05,1
vessel,116,0.01676542853013441,9.230118988616816e-05,0.016432581122969938,0.0002569167029312019,7
veteran,10,0.0014452955629426219,1.6266807517160364e-08,0.002797896744445489,4.53409339634643e-05,5
viable,27,0.003902298019945079,1.0867794175438011e-05,0.006575059649719488,8.831253760638132e-05,1
viagra,29,0.004191357132533603,1.2275700641670409e-05,0.005306466451281645,0.00011572299761795346,1
vial,29,0.004191357132533603,1.4870172132124984e-05,0.006126998366907894,0.00011271553242057344,1
vibrant,19,0.0027460615695909813,2.0803406811949805e-06,0.004825084480113611,8.084291560263373e-05,0
vibrator,10,0.0014452955629426219,7.301178099103296e-08,0.002929021501086157,5.615753504155517e-05,0
vice,10,0.0014452955629426219,6.281029475244706e-07,0.002814099758791181,5.543248996085327e-05,0
vicious,10,0.0014452955629426219,1.0782942937079405e-08,0.0030722149121507475,5.027187010800547e-05,7
victoria,9,0.0013007660066483597,1.1215517301852564e-07,0.0023394432851483876,5.587375036140037e-05,3
video,70,0.010117068940598353,7.177866934007833e-05,0.01110258812145618,0.00021434300610519445,3
view,143,0.02066772655007949,0.0002548060461056424,0.019587422711594388,0.0002858542566410024,3
viewing,9,0.0013007660066483597,1.072258153419118e-06,0.0016609655542026416,7.38022565748913e-05,5
vigen,10,0.0014452955629426219,8.686770569887787e-09,0.003132096364120927,4.7497794961661314e-05,2
vigilant,10,0.0014452955629426219,1.868065502476586e-09,0.003471728508454611,4.4333562375761455e-05,3
vignera,10,0.0014452955629426219,4.115496428589086e-06,0.0013796553865706072,8.277264546424797e-05,11
vigor,28,0.004046827576239341,1.2242493497585729e-06,0.00628133911495035,8.248966619109506e-05,5
vigorous,32,0.00462494580141639,2.062264138648122e-06,0.007578780137820732,9.316837647782274e-05,0
vigorously,9,0.0013007660066483597,3.062239515793694e-08,0.0025714290673481033,4.6939580827176956e-05,6
vincenzi,10,0.0014452955629426219,1.2614952908507304e-06,0.0010921408846131329,9.721235620704733e-05,11
vinci,10,0.0014452955629426219,2.9051542308880267e-07,0.0026224963073181477,5.836811770813203e-05,7
violence,10,0.0014452955629426219,9.467229717691363e-07,0.0017820476036900013,6.944407339559797e-05,3
viral,18,0.0026015320132967193,9.275310531072448e-06,0.00371829470235727,7.950460778246643e-05,7
virgin,8,0.0011562364503540975,2.206119796270306e-08,0.001976431854089858,4.67561389964689e-05,9
virginia,18,0.0026015320132967193,6.167140560776942e-06,0.00330230089558406,0.00010151831023482051,12
virility,20,0.0028905911258852437,1.0452336084050905e-05,0.004910685279609199,7.030210813165374e-05,5
virormone,9,0.0013007660066483597,1.1854100277107517e-07,0.0018516371095879498,6.714675103611729e-05,1
virtual,39,0.005636652695476225,4.469855121744444e-05,0.007396989224199323,0.00015688693466871082,3
virtually,9,0.0013007660066483597,5.8090718916068366e-08,0.002099349528610202,5.760016098106586e-05,0
virulence,10,0.0014452955629426219,2.8474016520752705e-08,0.003114581106845454,5.159781950245296e-05,2
virus,30,0.004335886688827865,8.171622145450185e-06,0.004483540803626349,0.00014767344490646572,7
visceral,40,0.005781182251770487,1.3520948913192325e-05,0.007508090663933465,0.00011809406216623052,5
viscosity,24,0.003468709351062292,4.742268512646682e-06,0.0055205263536253985,9.166654143916785e-05,1
viscous,9,0.0013007660066483597,1.1288897069223875e-08,0.002698962263196637,4.8094123483080116e-05,7
visible,28,0.004046827576239341,6.962538245054582e-06,0.006380879426072945,9.76628038702698e-05,5
visibly,10,0.0014452955629426219,3.6311918245606227e-07,0.0031133195065685946,5.357795716063666e-05,0
vision,37,0.0053475935828877,1.7892060567676665e-05,0.007503705276836778,0.00011789520857874897,7
visit,225,0.03251915016620899,0.0007508266182268907,0.025825872116331968,0.00042228366916900257,3
visitor,25,0.0036132389073565544,4.746637573447359e-06,0.005231012926210253,0.00010109771977655594,3
visual,52,0.007515536927301633,8.70307900017659e-05,0.00872154166780644,0.00016948559325093493,5
visuospatial,10,0.0014452955629426219,3.7772472735985847e-07,0.0028531469272941473,5.9373378759156406e-05,5
vitaility,10,0.0014452955629426219,1.1498075175382689e-08,0.0029735861026087863,5.59430993429116e-05,3
vital,111,0.016042780748663103,2.7241174298665723e-05,0.017152905834451632,0.00019818248527238912,6
vitality,232,0.03353085706026882,0.00047738304071184563,0.025091453135777354,0.00039146183081378844,5
vitamin,238,0.0343980343980344,0.0005675073914694756,0.024245170678930675,0.0004342264234971979,7
vlcfa,10,0.0014452955629426219,1.7416445561670503e-07,0.002083605408030358,6.422773226601194e-05,1
vocabulary,10,0.0014452955629426219,7.102815869784068e-07,0.002672092823144416,6.294270859524205e-05,2
vocal,9,0.0013007660066483597,3.264650048725484e-07,0.0026254542345039936,5.220850940447532e-05,6
vogelxo,10,0.0014452955629426219,8.858406380831977e-08,0.0019766235627900605,6.325795969653879e-05,1
voice,145,0.020956785662668016,0.0001267805993181799,0.01737396952202521,0.00026082411512415906,6
void,10,0.0014452955629426219,4.7757258211659926e-08,0.002673388946078689,5.156357874764026e-05,7
voiding,28,0.004046827576239341,1.0214427920280412e-05,0.0058575408810961115,9.215313114684639e-05,7
vol,10,0.0014452955629426219,2.1492996799617243e-06,0.0017695908511136558,7.91873203737298e-05,11
volume,152,0.02196849255672785,0.0003209862717306841,0.01763398742250863,0.00035571725332798887,5
volume.61,10,0.0014452955629426219,3.855718881627695e-08,0.0032337191125056215,4.598427528266741e-05,5
vomit,9,0.0013007660066483597,3.679198144537276e-07,0.0024155532532880984,5.526844549256023e-05,0
vomiting,10,0.0014452955629426219,5.676659609779731e-07,0.0020267022745347274,6.588300575195759e-05,7
vote,18,0.0026015320132967193,1.2137360449112666e-05,0.0034414142588751464,9.256231662977467e-05,0
voter,16,0.002312472900708195,5.511646161706247e-06,0.00344107062486652,8.096644666178755e-05,5
vs.,24,0.003468709351062292,1.0411647073992666e-06,0.005366882073179259,7.950331951270617e-05,6
vte,20,0.0028905911258852437,4.838116259113852e-07,0.004962100850488684,8.447120181709639e-05,7
vulnerable,37,0.0053475935828877,1.1115057910576196e-05,0.007688829793839024,0.00011919981179189897,0
waist,77,0.011128775834658187,3.9123770960020764e-05,0.012055511863116894,0.00017419430532380605,7
waistline,10,0.0014452955629426219,9.288913070874369e-08,0.0023803339315526507,6.119070918628334e-05,5
wait,94,0.013585778291660645,0.00011672905551324127,0.015224846715364995,0.0002249372644800112,0
waiting,43,0.006214770920653274,1.8980769777551148e-05,0.009365452758562157,0.00014316994284114686,0
wake,70,0.010117068940598353,3.3686440182617945e-05,0.013093087449639561,0.00018432956644500196,5
walk,81,0.011706894059835236,0.00011721554647032043,0.012365616599278702,0.0002182567616852361,0
walking,10,0.0014452955629426219,5.17906170798248e-08,0.00263418896515497,5.471244119259854e-05,5
wall,20,0.0028905911258852437,2.5234725519080973e-05,0.003427825410996023,0.00010623434442387442,5
walloping,10,0.0014452955629426219,3.49215070711479e-08,0.003264857740932355,5.0938848074746245e-05,0
walsh,10,0.0014452955629426219,8.098668080501947e-07,0.002011321187153893,6.870772114377175e-05,11
wane,20,0.0028905911258852437,8.291072790864915e-06,0.004011116476071089,8.797803953410755e-05,1
wang,20,0.0028905911258852437,6.10723560533754e-05,0.0025992531002396436,0.0001146474081629356,11
want,545,0.07876860818037289,0.0022941558175708075,0.042263434218844285,0.0007439182730152937,0
war,10,0.0014452955629426219,7.409540085219815e-08,0.0014607900767945328,7.167392783940298e-05,0
warm,9,0.0013007660066483597,2.746871279457255e-07,0.0017262123502459975,6.586427139640878e-05,5
warn,49,0.0070819482584188465,1.0551336601138964e-05,0.010071957596070573,0.0001363323505215032,7
warning,117,0.016909958086428676,0.00012485988582792282,0.017537335682865106,0.0002751243935242243,3
warrant,64,0.00924989160283278,3.247851331903254e-05,0.01004733141100717,0.0001532664343478742,11
warren,5,0.0007226477814713109,0.0,0.0011326112062644642,4.672113052982851e-05,11
wary,29,0.004191357132533603,8.512730415297206e-06,0.006021142330375543,0.00010346097084001289,9
wash,46,0.00664835958953606,1.1320197725442227e-05,0.009415456910008788,0.00013258919134369966,1
washing,10,0.0014452955629426219,2.947092488615053e-07,0.003039454604724438,5.744636726492593e-05,1
washington,84,0.012140482728718023,0.00014137213886874806,0.012483203563489642,0.0002416041265500319,11
waste,40,0.005781182251770487,7.342580848657982e-06,0.00804876966379143,0.00013898116905175511,0
wasting,10,0.0014452955629426219,6.246805711583231e-08,0.002853858710439336,4.994231632208772e-05,5
watch,102,0.014742014742014743,0.00018803946689320696,0.015496254837687963,0.0002483641961235109,0
water,139,0.020089608324902444,0.0003360118533648488,0.017751026325334436,0.00032140362624059074,7
wave,63,0.009105362046538517,2.3651670644542854e-05,0.011215276835058591,0.00017801296124972702,0
wavetm,7,0.0010117068940598353,5.2310207859869017e-08,0.0013356409579502013,6.0227479965204575e-05,1
wax,10,0.0014452955629426219,2.6707848523935223e-07,0.00243805742418813,6.294044222304334e-05,1
way,617,0.08917473623355976,0.0016907004891908405,0.04272382071872923,0.0006827731555533415,0
weak,189,0.02731608613961555,0.0002213946477162495,0.022232153993873023,0.0003285394194145447,5
weaken,18,0.0026015320132967193,9.81004053842234e-07,0.004650425396833694,7.476561607868003e-05,7
weakened,20,0.0028905911258852437,1.7453468895879923e-06,0.005137221884182892,7.620720983412929e-05,5
weakening,27,0.003902298019945079,5.611760735160661e-07,0.00637049299803188,8.244845369307253e-05,5
weakness,81,0.011706894059835236,3.983799548366575e-05,0.012540627015385363,0.00017928165481004415,5
wear,45,0.006503830033241798,1.1485335684102017e-05,0.009649832190398378,0.00012584133987124393,0
wearer,8,0.0011562364503540975,3.16323465712448e-09,0.0023530531750400687,4.337043554139119e-05,1
webinar,10,0.0014452955629426219,1.6691995751381232e-07,0.003087141807553695,5.734026860597647e-05,0
webmaster,10,0.0014452955629426219,1.51011847296461e-06,0.0017445698859858809,7.152815891232984e-05,3
website,147,0.02124584477525654,0.00046967737360008375,0.018656052048115355,0.0003887182198857728,0
website.11,9,0.0013007660066483597,3.7255915426975355e-08,0.0024397351633675237,5.452874515395585e-05,2
week,535,0.07732331261743026,0.0017278675175883878,0.03978592767227764,0.000706143521464382,1
weekend,19,0.0027460615695909813,4.717801167935079e-06,0.004721707752529771,8.760071228307565e-05,0
weekly,99,0.014308426073131956,5.6146175446409646e-05,0.016662003741638752,0.00020876642090085417,1
wei,10,0.0014452955629426219,4.2974528508245277e-07,0.002207557091867399,6.88025678281466e-05,7
weickert,10,0.0014452955629426219,3.263153284566775e-05,0.0009630719710805948,0.00010096244088461544,4
weigh,65,0.009394421159127041,3.780932582390848e-05,0.012377733354766404,0.00016053130089291383,3
weight,568,0.08209278797514091,0.002163768918346504,0.036805152735844324,0.0006750058247494828,7
weighting,16,0.002312472900708195,4.0491470214826915e-07,0.0038917354163220674,7.642586846824503e-05,1
weird,19,0.0027460615695909813,3.1544198344778888e-06,0.005303489215702507,7.174619005375392e-05,0
welcome,86,0.012429541841306548,8.859604966033217e-05,0.01293050824089118,0.00023320540697658533,0
wellbee,36,0.005203064026593439,7.31131559798773e-06,0.008134269156223976,0.00010251100902656573,5
wellbeing,144,0.020812256106373755,0.00013779788249157,0.019799166422294925,0.00026860290000279815,6
wellness,206,0.029773088596618008,0.00023002892386639546,0.025256740579431003,0.0003681577211412495,3
wellsville,10,0.0014452955629426219,1.5950504025877871e-07,0.0017505780919704983,6.954535857708817e-05,12
west,55,0.00794912559618442,0.000736640146942697,0.006259827405500204,0.00025907078243041546,12
western,37,0.0053475935828877,0.00011335582196736886,0.005801736850048531,0.0001387066652981208,11
wet,7,0.0010117068940598353,1.0803638380485003e-09,0.002366176059477859,3.947312336998413e-05,1
whack,9,0.0013007660066483597,4.1714245098765633e-07,0.0024432901909946176,4.948500258657962e-05,6
wham,10,0.0014452955629426219,1.2603762131760735e-07,0.0029032419082949948,5.876138676403863e-05,0
whatnot,17,0.002457002457002457,1.682981297850964e-06,0.004761054156078549,6.960926110952635e-05,0
wheat,10,0.0014452955629426219,2.4408863299243735e-06,0.001394391253056952,7.471372944567503e-05,9
whichever,19,0.0027460615695909813,1.6755025235056386e-07,0.005594217504802919,6.834099417994926e-05,6
whilst,137,0.019800549212313917,8.197053620934802e-05,0.01964928875133345,0.00026102788352598056,6
whirlpool,10,0.0014452955629426219,1.5814143561359596e-07,0.0023232305506360493,6.410549904287259e-05,7
white,66,0.009538950715421303,9.56363411297919e-05,0.009476123216261468,0.00021554884073410384,9
whocaresmenshealth.com,10,0.0014452955629426219,5.286444801718922e-07,0.002291699570875207,4.5863022937330384e-05,0
wide,119,0.0171990171990172,6.979440661248038e-05,0.017734932212775462,0.0002236053863883275,3
widely,61,0.008816302933949994,1.1815595601767199e-05,0.011626934699690063,0.00014732062985121688,2
widen,10,0.0014452955629426219,3.1801623591836925e-07,0.002038569156975526,6.723696141439756e-05,6
widespread,20,0.0028905911258852437,4.402297746153494e-07,0.005145314872343625,7.862077685398987e-05,5
wierman,10,0.0014452955629426219,2.019736379988301e-06,0.0016622029554539952,7.324793546878125e-05,11
wife,39,0.005636652695476225,1.1750557025880322e-05,0.009103509902904382,0.00011599584361873406,0
wildly,10,0.0014452955629426219,5.76562903842065e-07,0.002248145317830831,6.17267565323098e-05,6
wilke,10,0.0014452955629426219,2.178563434613134e-06,0.0005804949073478981,0.00011321196371809534,11
willi,17,0.002457002457002457,3.6445620934050726e-06,0.0035956762350908195,8.0428624143672e-05,7
williams,17,0.002457002457002457,4.3468299127406944e-06,0.0016417167899613536,0.00011136665093826384,11
willing,38,0.005492123139181963,2.8231806193018893e-06,0.009293593739651386,0.00010349873578316647,0
willingness,9,0.0013007660066483597,1.982313409061587e-08,0.0033843517243784685,4.7832992578271405e-05,3
window,26,0.0037577684636508164,3.162630940372451e-06,0.006625124417429445,8.587744695081923e-05,1
wine,9,0.0013007660066483597,4.2081259424180324e-07,0.0022383459533205793,4.9637159475857405e-05,9
wink,10,0.0014452955629426219,1.3727837492814382e-06,0.0025416214493014923,6.387897266735061e-05,0
winnipeg,9,0.0013007660066483597,5.731256170627087e-08,0.0017601285899284357,6.0246040437704175e-05,11
winter,16,0.002312472900708195,1.2131213927846259e-06,0.003936995595626859,7.146786980656111e-05,3
wipe,9,0.0013007660066483597,1.64677197110688e-07,0.0023444372127087165,5.5263159129828485e-05,0
wire,10,0.0014452955629426219,4.113826999595973e-08,0.0029529628874945453,5.3089349058330545e-05,6
wisdom,10,0.0014452955629426219,0.00015061405621815237,0.0008481669981737704,0.00010502259272352784,11
wise,36,0.005203064026593439,3.3229990337818758e-06,0.009045157881249858,0.00010183816928599197,0
wish,68,0.009828009828009828,1.3212456406207295e-05,0.013256391995714508,0.00016522707825034609,3
withdrawal,10,0.0014452955629426219,1.7172269805543824e-08,0.003287119081605987,4.792559614554153e-05,6
withnosymptom,10,0.0014452955629426219,3.878015764002685e-09,0.003253203752203172,4.3204312689839965e-05,3
without,450,0.06503830033241798,0.001152464306206994,0.03632543979510421,0.0006411574832158812,6
witness,9,0.0013007660066483597,2.383318433352043e-06,0.0015267800783558601,7.570957537175589e-05,0
wittert,10,0.0014452955629426219,9.620913191487149e-07,0.0015750445058912651,7.74473535810801e-05,11
wladek,16,0.002312472900708195,4.637006206917478e-06,0.0032855936625663354,8.396786988892934e-05,11
wolf,9,0.0013007660066483597,4.6699026905029394e-09,0.0027599398799407265,5.126796984287754e-05,0
wolff,10,0.0014452955629426219,9.276787069276115e-08,0.0015624761445668155,7.229890611338211e-05,11
woman,585,0.08454979043214338,0.0035363883297264893,0.03525042144870135,0.0008065827912967306,6
womb,21,0.0030351206821795057,5.25459311510774e-07,0.004741843744168918,7.221886280952877e-05,7
womenshealth.gov,10,0.0014452955629426219,8.592537713189663e-07,0.00266689728518751,6.091273407601402e-05,11
wonder,96,0.013874837404249168,4.289648616658696e-05,0.015762783085519084,0.00019997806224567784,0
wonderful,10,0.0014452955629426219,5.224056994130096e-07,0.0032901150496408528,5.6007669860304454e-05,7
wood,8,0.0011562364503540975,1.5631695366056812e-08,0.0022684483315131183,4.579905930406871e-05,1
woolfork,10,0.0014452955629426219,0.0002775484066571177,0.0007701725515551357,0.0001111368866331296,11
word,112,0.016187310304957365,6.990695129038619e-05,0.016705951781861936,0.00023484050087255287,0
work,851,0.12299465240641712,0.007351714795204907,0.051528013138628634,0.0010447791425148294,0
worker,10,0.0014452955629426219,1.704305238611546e-07,0.0027387279437557947,5.9561655821007724e-05,6
working,10,0.0014452955629426219,3.688712455004949e-07,0.002613393085010088,5.4426918060802086e-05,2
workington,10,0.0014452955629426219,7.173308095220681e-07,0.0015489210865971645,7.200504799118412e-05,3
workout,51,0.007371007371007371,7.720401987967098e-06,0.010737291512616078,0.00012568114371076295,0
workup,55,0.00794912559618442,4.545519722446419e-06,0.011752175059794713,0.000117683927490057,7
world,94,0.013585778291660645,0.00018586435532293592,0.013804123609620174,0.00027316800546895755,3
worldwide,19,0.0027460615695909813,1.4297707564558164e-05,0.004532517853334133,8.109701900063597e-05,9
worried,59,0.008527243821361469,4.048547175404175e-05,0.01078755510663126,0.00015787554303435387,0
worry,125,0.01806619453678277,0.00012514963942827727,0.016973353618865625,0.00024461503021385003,0
worsen,190,0.027460615695909813,0.00014891924898169308,0.02232163377768853,0.000303824582118279,7
worsening,10,0.0014452955629426219,1.1008142724284811e-07,0.0026979392165441757,5.172487397009667e-05,5
worsens,8,0.0011562364503540975,1.5025759799742512e-07,0.0024328954516512342,4.512488016306436e-05,5
worth,140,0.020234137881196705,8.819377611291539e-05,0.020676806554835885,0.00024145977631322526,0
worthwhile,28,0.004046827576239341,1.5108921149967106e-06,0.006982484972965082,8.330469191299248e-05,1
wow,43,0.006214770920653274,9.061710894769941e-06,0.009312217061126666,0.00012255821439357878,0
wrap,25,0.0036132389073565544,8.151301667060171e-07,0.006441345284537762,8.770671697202413e-05,0
wreak,10,0.0014452955629426219,6.648610769749847e-07,0.0024846193360096715,5.932357069526817e-05,5
wrecked,10,0.0014452955629426219,1.2094419047055582e-08,0.003653075175348992,5.1651715709918025e-05,0
wrinkle,10,0.0014452955629426219,8.195827819391005e-07,0.0022735881644292723,6.273905292046705e-05,5
write,73,0.010550657609481139,5.9910616274426294e-05,0.012161638224373527,0.00018335295933293274,0
writer,10,0.0014452955629426219,2.1728535658427724e-07,0.00155265723459767,8.119485990506165e-05,13
wrong,94,0.013585778291660645,4.51714807451171e-05,0.016034319554032617,0.00020165777657073867,0
www.fda.gov/drugs/drug-safety-and-availability/fda-drug-safety-communication-fda-cautions-about-using-testosterone-products-low-testosterone-due,10,0.0014452955629426219,3.579515228094397e-08,0.0030417683175965587,5.298089504621989e-05,7
www.fda.gov/drugs/drugsafety/ucm436259.htm,9,0.0013007660066483597,6.918415026292598e-08,0.002543806606714233,5.122358504521099e-05,7
wyatt,10,0.0014452955629426219,1.2519435844266532e-06,0.0021951529166914685,6.891709617862319e-05,13
wyoming,10,0.0014452955629426219,3.302562644974795e-07,0.002267317383170593,6.8014603804888e-05,12
xxy,26,0.0037577684636508164,7.003663540923523e-06,0.005131387838751161,9.809242302197924e-05,7
xyosted,9,0.0013007660066483597,2.689194690173412e-07,0.002431576689303196,4.873509341554524e-05,1
yale,33,0.0047694753577106515,1.803627702107702e-05,0.0068408917234201675,0.00011287562152254778,11
yang,10,0.0014452955629426219,7.9953871632872e-08,0.0030291695099238514,5.610513926640896e-05,5
yassin,10,0.0014452955629426219,9.893361313054042e-08,0.0025318140014564403,5.874822856999137e-05,2
yeah,326,0.04711663535192947,0.000961081024882349,0.03166078302448799,0.0005401214446284876,0
year,737,0.10651828298887123,0.0054100090881516565,0.04121650690704703,0.0009756382566862242,0
yearlong,10,0.0014452955629426219,5.116577330639944e-07,0.0027870715879817205,6.0862975001816684e-05,0
yearly,18,0.0026015320132967193,8.369595469161597e-08,0.00560576798410231,6.306345711948586e-05,3
years.13,9,0.0013007660066483597,1.2646775296117805e-08,0.002518814434804299,5.011247049479483e-05,7
yep,20,0.0028905911258852437,4.415424285608569e-07,0.00531381598122593,7.571167263895912e-05,0
yes,144,0.020812256106373755,6.844125641447666e-05,0.020266751302751265,0.0002474316486777236,0
yialamas,10,0.0014452955629426219,1.629561809015603e-06,0.00089846808452718,8.468172000302527e-05,11
yield,21,0.0030351206821795057,1.3876218896559389e-06,0.005155239340771209,7.610617592959497e-05,2
yin,10,0.0014452955629426219,3.081770836516891e-07,0.002982070464831429,5.472833119048214e-05,5
yoav,10,0.0014452955629426219,0.0003548116247091149,0.00048188015540506535,0.00011981314992990539,8
yoga,35,0.005058534470299176,1.8254919471743533e-05,0.007147374152905861,0.00012694429674767305,6
yolk,10,0.0014452955629426219,4.898560125286376e-07,0.002778658434906848,6.001982523320731e-05,9
yonah,10,0.0014452955629426219,4.791963107022305e-06,0.0006099619066817096,9.67820514982314e-05,11
york,28,0.004046827576239341,1.731023613187247e-05,0.004118889620920961,0.00015265423622894329,11
young,298,0.04306980777569013,0.0005488397982886455,0.026874062758589768,0.0004442539582144616,0
youth,58,0.008382714265067205,2.2481135154882993e-05,0.010028280595080829,0.0001552134303524198,0
youthful,36,0.005203064026593439,4.175090207663405e-06,0.008074583743787538,0.00010023152232452481,5
youtube,10,0.0014452955629426219,1.0040150731123302e-07,0.0029459843824804367,5.833045704632096e-05,0
zafalon,10,0.0014452955629426219,9.362872923492619e-06,0.0014148714116797108,8.014870632322126e-05,11
zercher,6,0.000867177337765573,8.356724850781276e-09,0.0009242966012877288,7.733407125577472e-05,3
zhang,10,0.0014452955629426219,5.38007885803414e-07,0.0018952806537717015,6.856853018733789e-05,2
zinc,117,0.016909958086428676,0.00010491117757590587,0.016120482221881668,0.00025753048557699214,7
zip,10,0.0014452955629426219,3.8981237914338555e-07,0.002330371151249758,6.717584966762099e-05,0
zit,17,0.002457002457002457,1.6936033066401294e-06,0.00439237116563732,7.334882967520303e-05,6
zito,10,0.0014452955629426219,2.344213869090425e-06,0.002039688512263244,8.038863940489503e-05,11
zitti,8,0.0011562364503540975,6.12367817695904e-08,0.002026641937952997,5.365857149028868e-05,0
zitzmann,28,0.004046827576239341,7.52196350247831e-05,0.002590955823389945,0.00017122653670746646,11
zone,26,0.0037577684636508164,2.6588255195200456e-07,0.007509750948827422,8.293926716301232e-05,0
|ꚛooo,16,0.002312472900708195,4.537279940125842e-08,0.0049000432705097255,5.534535772634283e-05,3
|ꚛꚛoo,58,0.008382714265067205,9.982985507177823e-06,0.010441046633617038,0.00014074985327637015,7
|ꚛꚛꚛo,23,0.00332417979476803,1.2366446273867136e-07,0.005896920886417727,7.098155341097486e-05,6
