node,deg,deg_norm,betweenness,eigenvector,pagerank,community
(aspen,24,0.003468709351062292,1.1957766215892697e-06,0.0026317585983459202,7.047138671093999e-05,2
(bayer,24,0.003468709351062292,4.945812729626484e-07,0.002489203816232156,7.575275596387305e-05,2
"(besin),gel",22,0.003179650238473768,2.4656283637746173e-07,0.001895903852821442,7.788130986038177e-05,2
"(ferring),gel",22,0.003179650238473768,5.636512173551307e-07,0.002301588035022794,7.118102342116538e-05,2
(nordic,23,0.00332417979476803,1.5782461114035788e-07,0.003027220039955318,6.392142051410853e-05,2
"(prostrakan),gel",21,0.0030351206821795057,3.889075868014604e-07,0.0017511578342389565,7.863179647207807e-05,2
"+1,150%)—likely",27,0.003902298019945079,4.1938112505326794e-07,0.002968480881340247,7.332335027483804e-05,9
.in,28,0.004046827576239341,3.012785191034639e-07,0.0037579333968389217,7.338603652309762e-05,3
/memory,29,0.004191357132533603,1.1434420676551741e-07,0.0038843492162362278,6.349474318481547e-05,3
1.publishe,22,0.003179650238473768,1.300783179507858e-06,0.001826385535720861,7.927244288378238e-05,8
10division,19,0.0027460615695909813,1.362531351052568e-06,0.0018520459376138378,6.452575889637705e-05,6
11division,19,0.0027460615695909813,2.3488509625212024e-07,0.0017137135736415567,6.866649208913411e-05,6
12department,28,0.004046827576239341,3.2488695316742823e-06,0.0028285416625384143,7.828107457517265e-05,6
12nmol,26,0.0037577684636508164,8.847981375500147e-08,0.0034387635517133105,5.842214858646577e-05,4
13a,15,0.0021679433444139326,5.498945437369569e-09,0.0019296953247714358,4.711278663369539e-05,9
15nmol,24,0.003468709351062292,3.0801654599950924e-08,0.0036252330861544966,5.021006056075294e-05,4
1688%—a,24,0.003468709351062292,5.6627194076712204e-08,0.0035063714374916465,5.288557076349038e-05,3
180pmol,21,0.0030351206821795057,5.013728233059231e-08,0.003176283809962149,5.0915513142254494e-05,4
18y,73,0.010550657609481139,7.239687918104147e-06,0.0054172651523370224,0.00012919202766690743,1
1gm,22,0.003179650238473768,2.1779912043407693e-07,0.002080641419447887,7.719957907297343e-05,2
1improvement,29,0.004191357132533603,4.295460994722961e-07,0.003540850160421586,6.052157540212308e-05,3
2021;15(5):e234,27,0.003902298019945079,2.4907569207979706e-07,0.0034629731878135805,6.998702457167763e-05,4
2023a,18,0.0026015320132967193,1.1783063893097402e-09,0.0024222126335052573,4.0805601904159855e-05,3
20s-30s,23,0.00332417979476803,2.1467033051257874e-07,0.0026724998118366405,5.812303625762654e-05,4
20y,76,0.010984246278363925,8.192643298015708e-06,0.005496426718211914,0.00013342949442161068,1
24emory,28,0.004046827576239341,5.260914087262506e-07,0.004029310075539508,6.109615239946804e-05,4
2838ur,25,0.0036132389073565544,7.10794857543491e-07,0.003346046536979072,5.838825721109702e-05,5
2improved,29,0.004191357132533603,9.053554869909546e-07,0.0035838065177940027,6.421503562718423e-05,3
300s,42,0.006070241364359011,8.541286969745208e-08,0.00559886030036538,6.337888887543603e-05,0
35y,77,0.011128775834658187,8.665669080635318e-06,0.005535900504448728,0.00013286352977546595,1
3improved,29,0.004191357132533603,2.0274441007745512e-06,0.0029932816532732727,7.519158359457586e-05,3
40s-60s,23,0.00332417979476803,1.0298840804520776e-08,0.0030470114225475933,4.870697805521427e-05,3
40y,78,0.01127330539095245,8.567116027567223e-06,0.005673636465393161,0.00013325206474925478,1
45y,80,0.011562364503540975,1.1284243194944018e-05,0.00580957911522454,0.00013576812857535455,1
4636(4men,37,0.0053475935828877,6.562568402590879e-07,0.004360169931007658,7.065339485742977e-05,4
4improved,29,0.004191357132533603,2.6535682978078958e-06,0.0029177741977631376,7.50717774311999e-05,3
4ml,22,0.003179650238473768,1.0409688019229156e-07,0.0022199011111177316,7.448382624596912e-05,2
50s+,28,0.004046827576239341,4.7861252178071255e-08,0.003963040303718501,5.2798891373559835e-05,5
50y,79,0.011417834947246712,1.0828904019520101e-05,0.005794478360005421,0.00013519142362348465,1
5increased,28,0.004046827576239341,4.633502047311443e-07,0.0029949925999643214,7.77221058840515e-05,3
60s,19,0.0027460615695909813,7.040577064132267e-09,0.0027322210430332076,4.450812783607537e-05,3
60s-80s,24,0.003468709351062292,1.6655494784876278e-08,0.003141261211106629,5.068340786230302e-05,3
60y,78,0.01127330539095245,1.0685752650288946e-05,0.005663216434831017,0.00013493855342044733,1
65y,76,0.010984246278363925,1.022284132423947e-05,0.005541847307487127,0.00013133003278057372,1
682x.143317,30,0.004335886688827865,1.3619567584628276e-06,0.0022714461572899028,0.00010102508273951541,8
69y,75,0.010839716722069664,8.278656205197977e-06,0.005703383913346735,0.00012281177384614728,1
6increase,27,0.003902298019945079,4.1570320004834865e-07,0.002844678676015403,7.625143960820365e-05,3
700s,23,0.00332417979476803,1.139928607290018e-08,0.003527186409971215,5.255216021575095e-05,0
7improve,26,0.0037577684636508164,1.1707660722909095e-07,0.002916863256301005,7.484544642632224e-05,3
80y,75,0.010839716722069664,7.64989899494532e-06,0.005884954550894283,0.00012122300077410057,1
8improve,27,0.003902298019945079,6.496428518142024e-07,0.003180149092852401,7.297263142034279e-05,3
950ng,28,0.004046827576239341,2.9750166068918728e-08,0.004233088873695299,5.691019960989107e-05,4
9increase,29,0.004191357132533603,1.1683400588616747e-06,0.003313796794614449,7.676489830777968e-05,3
@anaveciana,24,0.003468709351062292,2.6409353405847787e-07,0.0023630666974597514,7.160387911257063e-05,6
a&e,21,0.0030351206821795057,4.5696450054398566e-08,0.002675480954005841,5.90681619052136e-05,0
a.a,29,0.004191357132533603,1.1111975522564507e-06,0.003259742876673293,7.554163892307287e-05,8
a.b,28,0.004046827576239341,1.5171941377792274e-06,0.0027340521530273996,8.666415075368824e-05,8
a.d.a.m,83,0.011995953172423761,2.3018439650847655e-05,0.006763625354395243,0.00012133484646993989,6
a.i,29,0.004191357132533603,4.395283687656973e-07,0.002507406481774024,9.106952410580656e-05,8
a.m.,181,0.026159849689261452,7.368495323152677e-05,0.012141004127074344,0.00021061209118533112,8
a.r,30,0.004335886688827865,6.111993046093846e-07,0.0023402448939836232,9.657863194045036e-05,8
a1c,28,0.004046827576239341,8.355233591672106e-08,0.0037938512376316873,6.152152006985813e-05,3
aas,27,0.003902298019945079,4.587689028487424e-07,0.0031593842362237804,6.813678672494248e-05,5
abbott,18,0.0026015320132967193,9.991223325914564e-08,0.002169960301840745,5.560512960534938e-05,6
abbreviate,26,0.0037577684636508164,1.4199731338314394e-07,0.0032467965477808716,6.83129316339899e-05,6
abbreviation,27,0.003902298019945079,1.6601378865572406e-07,0.004008129945164809,6.05182701681589e-05,4
abbvie,44,0.006359300476947536,1.4346811824500222e-05,0.003726106829099127,0.00010950064110917635,6
abdoman,28,0.004046827576239341,6.022482478240274e-08,0.004098560849030104,6.343934565819751e-05,2
abdomen,178,0.025726261020378668,4.560403627166116e-05,0.014279429777149093,0.00020520214529267736,2
abdominal,128,0.01849978320566556,1.5716454197790936e-05,0.011211520157083644,0.0001351288917146656,5
abdulmage,26,0.0037577684636508164,4.5566852088332527e-07,0.002211440599491752,8.378361509226711e-05,8
abhinav,26,0.0037577684636508164,8.95438336805301e-08,0.003313803104308975,6.374046979261357e-05,6
ability,600,0.08671773377655731,0.0003363020770195052,0.027737745596815917,0.0004217509659781176,3
able,649,0.09379968203497616,0.0005504734046874958,0.029437176166290702,0.000452525633770054,0
abnormal,411,0.05940164763694175,0.00013295793533459903,0.020481777807867405,0.00029561783054185206,5
abnormality,290,0.04191357132533603,6.41974093464839e-05,0.017857241862946738,0.00024473809961850587,5
abnormally,200,0.028905911258852435,2.03035406472932e-05,0.013902785128101483,0.00018651740548301539,5
aboriginal,26,0.0037577684636508164,7.275699549687132e-07,0.0031277867851249447,7.433497446290322e-05,4
abraham,29,0.004191357132533603,1.618454249599213e-05,0.0018737311904628799,9.974179513628364e-05,6
abrupt,26,0.0037577684636508164,8.484091547885244e-09,0.004285815600772247,5.345726034206297e-05,5
absence,129,0.01864431276195982,1.243500387508882e-05,0.01079311717505103,0.0001426763390356307,5
absent,72,0.010406128053186877,8.678959317119314e-06,0.006350538734378256,0.00012807154735909934,5
absolute,211,0.03049573637808932,3.4468745803363656e-05,0.016645146023607702,0.00022393789327539244,4
absolutely,276,0.039890157537216364,8.580851793242946e-05,0.01931750049644063,0.0002473178121212579,0
absorb,366,0.05289781760369996,9.59970778909576e-05,0.02201716398822909,0.0003068910735755559,2
absorbable,28,0.004046827576239341,2.3387703896986535e-08,0.003952955402114876,5.40866728575777e-05,2
absorbed,26,0.0037577684636508164,3.7142276211383524e-09,0.00437472905460912,5.054166016635886e-05,2
absorbent,23,0.00332417979476803,9.904802272190927e-07,0.002900493453853157,6.759423294727152e-05,2
absorption,423,0.061136002312472904,0.00020586509060478876,0.024602113887740647,0.0003767013557341378,2
abstract,57,0.008238184708772944,5.026039910911694e-06,0.005716629454003672,0.0001191580413781099,8
abundant,42,0.006070241364359011,8.357167728208152e-07,0.004675464774801205,8.103174783829318e-05,7
abuse,291,0.04205810088163029,0.0001221603394330017,0.018610691039332043,0.00028529106378890305,5
academic,201,0.029050440815146697,5.469777818284501e-05,0.013732750987990918,0.00020994121204182258,4
academic/,29,0.004191357132533603,1.6781541538569097e-07,0.004448167969775914,6.681418549336484e-05,4
academy,71,0.010261598496892614,1.709187629800024e-05,0.006981755980352045,0.0001297132764831301,8
accelerate,87,0.012574071397600809,1.6023744146092965e-06,0.008178206780675582,0.00010237748558269704,3
accept,229,0.03309726839138604,5.888200938723612e-05,0.016517257545116616,0.000230161834276086,4
acceptable,70,0.010117068940598353,2.8847932068376567e-06,0.007949297615451842,9.762333353225075e-05,4
access,644,0.09307703425350485,0.00122696655299682,0.027682330915852385,0.0005724341519832954,4
accessible,125,0.01806619453678277,1.9251946714474416e-05,0.011887848836072733,0.00017950934377271353,4
accho,15,0.0021679433444139326,2.4015531658497872e-09,0.0017606699691010605,5.57295899464735e-05,4
accident,114,0.016476369417545888,7.237821999965346e-06,0.011373037074931657,0.0001439926839808748,6
accidental,73,0.010550657609481139,4.41564441520649e-06,0.007614890340340333,0.00010803768585991936,1
accidentally,66,0.009538950715421303,4.352841487617858e-07,0.007928081266334295,9.498166601174955e-05,2
acclimate,26,0.0037577684636508164,2.683623743577191e-08,0.0037866500562843317,5.363346630012939e-05,5
accommodate,23,0.00332417979476803,7.361820112995226e-08,0.0032739475204870165,5.525745118904312e-05,4
accompany,113,0.016331839861251626,1.0171467807051756e-05,0.010154009539726226,0.0001366148174696426,3
accomplish,45,0.006503830033241798,1.934243883522617e-07,0.005650266373434316,7.396655066985119e-05,3
accomplishment,28,0.004046827576239341,1.0369391106968808e-07,0.003873905562019995,6.29291907610266e-05,3
accord,642,0.09278797514091632,0.00044641723924313513,0.0277589720289407,0.00046432051013660494,3
accordance,25,0.0036132389073565544,1.4101224584271817e-07,0.0036558387695980717,5.8594730519395344e-05,4
accordingly,94,0.013585778291660645,5.084111280525421e-06,0.009215332372790076,0.00011939180232977985,3
account,271,0.03916750975574505,6.14820728499049e-05,0.019534716076873633,0.0002490954273662321,4
accredit,28,0.004046827576239341,2.016453592225072e-07,0.004028239280420857,6.946289216270577e-05,4
accredited,37,0.0053475935828877,9.256182995983199e-07,0.0047358969335102195,6.359736978967201e-05,4
accumulate,27,0.003902298019945079,7.415873462406337e-08,0.00319785442257725,6.256978242975402e-05,5
accumulation,54,0.007804596039890158,1.1678698046326973e-07,0.006608330044549903,7.409529528033942e-05,3
accuracy,118,0.017054487642722937,6.790673859630325e-06,0.011556502578008507,0.00014370712947467572,4
accurate,360,0.05203064026593438,8.600260573265584e-05,0.020183275671520833,0.0002743987661021734,4
accurately,120,0.01734354675531146,5.7933527354866506e-06,0.011122445819187879,0.00013963589733507396,4
accusation,26,0.0037577684636508164,3.15923916597151e-08,0.004231138530206683,6.117118932698096e-05,0
acerus,57,0.008238184708772944,1.1279019715796155e-05,0.0042863814666350124,0.00014515702214977998,6
ache,51,0.007371007371007371,6.063463552483349e-07,0.005949523760045328,7.961194619801922e-05,3
achievable,30,0.004335886688827865,1.538599271161522e-07,0.004102894627015455,7.01556300706521e-05,4
achieve,813,0.11750252926723515,0.0008799036631687852,0.03409907112441102,0.0005549150669461534,2
achievement,29,0.004191357132533603,6.702853512281234e-08,0.003981790108618109,6.375044590320256e-05,5
acid,94,0.013585778291660645,9.143343799553076e-06,0.009045276135265429,0.0001373500105613322,5
acknowledge,42,0.006070241364359011,2.0877026563348664e-07,0.005520145954495215,6.749331577254625e-05,4
acne,508,0.07342101459748518,0.00023113005268542866,0.02374519423866311,0.0003566902306755739,5
acoustic,42,0.006070241364359011,2.449593733247578e-07,0.005386066270671085,7.323116471977396e-05,3
acquire,183,0.02644890880184998,2.9113615618388407e-05,0.013199724996467982,0.00019778916030110277,5
act,648,0.09365515247868189,0.0004933873037708398,0.02946031046587158,0.0004738117751919913,2
action,349,0.0504408151466975,9.329216114478808e-05,0.02180168430324066,0.00028062457948482996,4
activate,28,0.004046827576239341,1.746880525058033e-07,0.004127475626241294,5.9832691773586716e-05,5
activation,56,0.008093655152478682,2.7119983933749358e-06,0.006112213611388695,9.704090284781145e-05,5
active,477,0.06894059835236306,0.00017934253814084577,0.02514719772594211,0.0003399965949550327,5
actively,98,0.014163896516837693,8.41467183599761e-06,0.009963068793260806,0.0001285422267364188,4
activity,699,0.10102615984968927,0.0007060101134330413,0.030391389143522476,0.0005075697366713954,3
actual,213,0.030784795490677842,1.7626420073679658e-05,0.016252221902898444,0.0001985197122242984,0
actuality,50,0.007226477814713109,1.365979144193203e-06,0.005779274742926985,8.744496415549252e-05,5
actually,820,0.11851423616129499,0.000620408498394236,0.032416314301391295,0.0005046560093337808,0
actuation,34,0.004914004914004914,1.4757338837184392e-07,0.004994214481825022,6.601111657945899e-05,2
actuator,27,0.003902298019945079,2.7128268938546584e-07,0.003995137254758497,6.29343823312085e-05,2
acuity,29,0.004191357132533603,2.1665715308466866e-08,0.00405689690464862,6.048659930431913e-05,3
acute,154,0.022257551669316374,0.0001562482851229026,0.011404095574244861,0.00021689712681522078,8
adam,172,0.024859083682613095,1.4545838801805e-05,0.012426415011264387,0.00016281341564804307,4
adams,30,0.004335886688827865,1.5688657224157624e-06,0.0018472244621897602,0.00010993209044394738,8
adapt,157,0.02269114033819916,2.387809265749056e-05,0.0135529312284287,0.0001878618063908565,2
adaptation,77,0.011128775834658187,2.327557801217959e-06,0.008804384716741805,0.00011382059330697075,6
add,651,0.09408874114756467,0.0005832855287253618,0.02942388395208356,0.0004822487780678744,7
addict,51,0.007371007371007371,5.817630316124924e-07,0.00518611890547201,8.502127650287135e-05,0
addiction,28,0.004046827576239341,1.3170618615105172e-07,0.00361800177398294,6.095919011147254e-05,5
addison,43,0.006214770920653274,2.2322107038086708e-06,0.0046863017273600155,7.647550129078342e-05,5
addition,448,0.06474924121982946,0.00010336132385194842,0.023144694829001933,0.0003036636385449417,3
additional,416,0.06012429541841306,0.00021070054971535106,0.02358949817129803,0.0003442417584877222,4
additionally,383,0.055354820060702414,0.0001133260992295649,0.023252706276537957,0.0002981592224719684,5
additive,29,0.004191357132533603,2.2457332623358016e-07,0.0038421475105914126,6.853332341083044e-05,4
address,706,0.1020378667437491,0.0004853776426476643,0.029913484617318343,0.0004488772352510891,4
addressing,30,0.004335886688827865,3.7093247333945184e-08,0.004326127839413927,5.909019725500509e-05,2
adenoma,113,0.016331839861251626,1.7557850794182445e-05,0.009350851428472334,0.00016322642495578712,5
adenomas,46,0.00664835958953606,4.6984370081956823e-07,0.005467193069148959,7.188397994859642e-05,5
adequacy,26,0.0037577684636508164,2.902841594323111e-07,0.0041165496426666835,5.927010274197817e-05,4
adequate,329,0.04755022402081226,5.3240278066854615e-05,0.020382844006710105,0.0002573173393443726,5
adhere,54,0.007804596039890158,3.6447559943881813e-06,0.006059057901861126,0.00010146187862761506,2
adherence,51,0.007371007371007371,6.881330478600915e-07,0.006651320983796244,8.580857384934478e-05,4
adhesive,28,0.004046827576239341,1.2387546733660985e-07,0.0037164795685910184,6.90481170474472e-05,2
adipose,42,0.006070241364359011,5.884512329719995e-07,0.005266138597251256,7.907657865938802e-05,5
adiposity,28,0.004046827576239341,1.694518083181681e-08,0.0042376949177821,5.605716769319549e-05,4
adjudicate,22,0.003179650238473768,2.2685883616018152e-08,0.0031928252042220336,5.496848341315805e-05,6
adjunct,53,0.007660066483595895,6.706104467482481e-07,0.006082431355246483,8.649082018121673e-05,5
adjunctive,80,0.011562364503540975,4.821520367222361e-05,0.007535327644126875,0.00012375270637440697,8
adjust,442,0.06388206388206388,0.00010206730304508905,0.025040360293810734,0.0003192859551008013,6
adjusted).446,28,0.004046827576239341,1.0774656759925946e-07,0.004255329666951447,6.089527106882127e-05,2
adjustment,418,0.06041335453100159,9.777158957662376e-05,0.025359806643152162,0.0003205567525890673,2
adjustment.28,25,0.0036132389073565544,7.844853883054059e-08,0.003632315049101984,5.482738811264842e-05,4
administer,640,0.0924989160283278,0.00043329413039726767,0.02935700546595149,0.0004398614059490031,2
administration,523,0.07558895794189911,0.00028437745990108715,0.02719207630635555,0.00041450603543721304,2
admission,16,0.002312472900708195,3.578327998938955e-09,0.0021756128178524324,4.25486757693592e-05,2
admit,89,0.012863130510189334,8.333076432120991e-06,0.00841591191197544,0.00012585880924145885,6
adolescence,95,0.013730307847954907,2.2146995002589664e-06,0.008583671859702522,0.00011029605020110734,5
adolescent,51,0.007371007371007371,7.535120989338997e-06,0.004585551617436305,9.749427604028694e-05,5
adopt,93,0.013441248735366382,6.665423597060134e-06,0.009839984384318247,0.00012532848815427678,7
adrenal,329,0.04755022402081226,0.00010445574696089418,0.016765675104701817,0.00027620599922369415,5
adult,683,0.09871368694898107,0.0008958453790050674,0.025913110936756287,0.0004997783992035073,8
adulthood,266,0.03844486197427374,3.436174332269333e-05,0.016694605474773572,0.00021638744792464362,5
advance,202,0.02919497037144096,4.810170118295494e-05,0.01674791416187001,0.00022509654840532618,4
advanced,272,0.03931203931203931,8.005712679560087e-05,0.01767313526908916,0.0002689755219556385,4
advancement,127,0.018355253649371295,1.2520726511894954e-05,0.011666621016249946,0.0001497864954249205,4
advantage,150,0.021679433444139327,1.3242655654092877e-05,0.013518160383539734,0.00015495317085500345,4
advantageous,23,0.00332417979476803,3.1991357948457794e-08,0.0030747799343196435,5.521634892573585e-05,4
adverse,528,0.07631160572337042,0.00029206182892800207,0.02685581768563348,0.00042370797839165816,2
adversely,78,0.01127330539095245,1.5033379188379572e-06,0.007842295308493579,9.62712462164203e-05,3
advertise,124,0.01792166498048851,5.888110071565654e-06,0.012162994291141859,0.00014758936402369156,0
advertisement,318,0.04596039890157537,5.6603967294882213e-05,0.017259762431661062,0.00022741403489719828,5
advertisementadvertisement,67,0.009683480271715566,5.114759885670159e-06,0.004932290314554773,8.167153570732324e-05,9
advertising,137,0.019800549212313917,6.246954842630188e-06,0.010408526244592351,0.00013962873918804423,4
advice,285,0.04119092354386472,0.0001003198821153883,0.018709215423110385,0.00024421658322996677,4
advisable,84,0.012140482728718023,1.0106905284161315e-06,0.00849521189863662,9.831699286592454e-05,3
advise,304,0.0439369851134557,4.492859474362812e-05,0.018840660986673054,0.0002377111034700718,5
advisory,32,0.00462494580141639,1.6649097521557848e-06,0.002844184834890546,9.301800650050354e-05,6
advocate,196,0.028327793033675386,3.2869248946431964e-05,0.015524933069478958,0.0002045073815828074,0
aerobic,104,0.015031073854603266,8.142434245251219e-06,0.009727345348814292,0.00011014758974233032,7
aesthetic,91,0.013152189622777859,1.1681759378732143e-05,0.00869751378075841,0.00013597710400055759,3
aetiology,27,0.003902298019945079,1.9292533829017594e-07,0.003013253838903707,6.917310903961688e-05,5
affect,1175,0.16982222864575805,0.0019781370460160465,0.03178300251961594,0.0006400004171651276,5
affected,41,0.005925711808064749,1.7710088101893813e-07,0.0051845675864726146,6.567931621237914e-05,4
affiliate,61,0.008816302933949994,2.92840163702736e-06,0.006189138193848633,9.192918967607677e-05,0
affiliation,25,0.0036132389073565544,1.3217618432000642e-08,0.004087421576244795,5.8918838245127194e-05,9
affinity,27,0.003902298019945079,2.7465725431796515e-07,0.0035396567652042662,6.805103305084399e-05,11
affirm,20,0.0028905911258852437,3.4611311350150056e-07,0.0029419684797632444,5.3842116311866555e-05,0
affordable,90,0.013007660066483595,8.651010018843313e-06,0.009613246816905249,0.00012078545419079697,7
afraid,52,0.007515536927301633,1.7203189517865127e-07,0.007167441998310015,8.023021931291852e-05,0
african,23,0.00332417979476803,3.143938426108721e-09,0.003453458149789989,5.080848070403427e-05,4
afternoon,60,0.00867177337765573,6.351866731459801e-07,0.006877380040970512,8.5444058796099e-05,3
afterthought,27,0.003902298019945079,3.313438103791025e-08,0.004222359791068673,6.014893965741162e-05,0
afterward,72,0.010406128053186877,4.6926707614927344e-06,0.007046171814354851,0.00010276218824356611,2
ag030644,19,0.0027460615695909813,2.5998248111190393e-07,0.002309784458444899,6.008007498464739e-05,6
aga,26,0.0037577684636508164,4.562423523051561e-08,0.00365537567345556,5.856645501962958e-05,5
age,1727,0.24960254372019078,0.006268327203555097,0.03435265253172909,0.0008328366097210279,3
aged,231,0.033386327503974564,0.00011374647286617644,0.015002073696065066,0.00024737788232880747,8
ageing,214,0.030929325046972107,3.463210407472257e-05,0.013896066893066236,0.0002047270033933868,5
agency,45,0.006503830033241798,3.235153681171093e-07,0.00625925062313222,8.032615231375104e-05,4
agent,305,0.044081514669749966,9.779221034490477e-05,0.019933119909498965,0.00030318839259979027,2
agents.437,23,0.00332417979476803,1.1049823314234395e-08,0.0036998008903304895,5.329832643025383e-05,2
aggression,137,0.019800549212313917,5.469549291596402e-05,0.010894040558497598,0.00016920956207101142,3
aggressive,121,0.017488076311605722,1.0712117141830028e-05,0.011393337326721828,0.0001522152929183983,5
aging,720,0.10406128053186876,0.000823330965152384,0.027344665252369057,0.0005100428108523133,3
ago,232,0.03353085706026882,4.3088699034709333e-05,0.016758691840545535,0.00022856485007528501,0
agonist,51,0.007371007371007371,1.2356607164768544e-06,0.0060522568340492106,8.456811429114444e-05,5
agree,115,0.01662089897384015,4.062456745507741e-06,0.011763159875060032,0.00012751552553179546,4
agreement,71,0.010261598496892614,5.01112779517301e-06,0.007801645897331915,0.00011049998624599842,4
ahead,168,0.024280965457436045,1.5129038009254161e-05,0.013765434745276044,0.00018104100369574602,0
aid,125,0.01806619453678277,8.247534703247287e-06,0.010958623279705268,0.0001415719952152221,3
aids,223,0.032230091053620465,2.693931626091523e-05,0.014520746164609044,0.00020919735241172043,5
ail,81,0.011706894059835236,1.6466456477625725e-06,0.008548502633649408,0.0001071593030602552,0
ailment,24,0.003468709351062292,1.9144334670331875e-08,0.0039038616289394637,5.606583581450306e-05,4
aim,403,0.05824541118658766,8.776208972308991e-05,0.02341700808516803,0.00030566235979789656,4
air,120,0.01734354675531146,2.1819497762494294e-05,0.01117628053338096,0.0001685165625236544,2
airflow,26,0.0037577684636508164,9.816861803663702e-09,0.0041263897762298905,5.6908483792243684e-05,4
airway,130,0.018788842318254083,1.0117131337774601e-05,0.011313414932200585,0.00015291222862368062,5
ais,117,0.016909958086428676,1.1196846137549247e-05,0.010630487393273103,0.00015278892188537563,5
ajpregu.00360.2012,29,0.004191357132533603,7.88678125739838e-06,0.0017412171535659043,0.00010792091614995714,8
aka,44,0.006359300476947536,2.2864634495793514e-06,0.005177879470899197,8.485831188745199e-05,5
akhil,26,0.0037577684636508164,2.4688166510948997e-08,0.0035633055824578295,5.4786174310213995e-05,3
al.4,26,0.0037577684636508164,3.854400140237362e-08,0.0035257979671015948,6.372880707442777e-05,4
al.446,22,0.003179650238473768,5.455324038612685e-09,0.003522054298986089,5.2444806999564356e-05,2
alabama,25,0.0036132389073565544,8.754722759730146e-07,0.0024411875471295977,8.12767711209399e-05,6
alan,23,0.00332417979476803,4.561901113058394e-08,0.002685399364522128,6.048388095789276e-05,4
alanine,26,0.0037577684636508164,6.519326219038569e-07,0.0022692777313473283,8.042701248380752e-05,5
alarm,115,0.01662089897384015,8.086412189159685e-06,0.010289984190948499,0.00013934215624999348,7
alarming,27,0.003902298019945079,3.14814290850462e-08,0.004058118563115241,5.8347386351917813e-05,3
albeit,29,0.004191357132533603,9.63578378836735e-08,0.004536567288503573,6.536941955354183e-05,4
albert,26,0.0037577684636508164,5.1559788965705e-07,0.003379610544519831,7.059948704381712e-05,6
albumin,258,0.03728862552391964,0.00017650375436995168,0.014032731508443806,0.00026344549646071055,6
alcohol,530,0.07660066483595895,0.0004117864363865195,0.024753818115553054,0.0003984386256281098,5
alcoholism,77,0.011128775834658187,1.6396385539325245e-06,0.0075486118841819085,0.00010149642588253993,5
aldosterone,53,0.007660066483595895,1.4987434602194885e-06,0.0062039714683919354,9.221644318603923e-05,5
aleksandr,29,0.004191357132533603,3.521390193445586e-08,0.004070814157279115,6.08591140287705e-05,6
aleksic,29,0.004191357132533603,1.2368709135573835e-06,0.002736752082213796,8.051866485816729e-05,8
alert,24,0.003468709351062292,2.638104096642559e-08,0.0033120174017098,5.134071121349178e-05,0
alertness,27,0.003902298019945079,9.13082919726008e-09,0.0037680040479482085,4.881153573314293e-05,4
alex,68,0.009828009828009828,1.9567637837644774e-06,0.0075673310268661005,9.115118512069737e-05,0
alexandria,20,0.0028905911258852437,3.717435095814893e-08,0.0028082786354300068,5.335504675449354e-05,4
algorithm,21,0.0030351206821795057,6.114540494625044e-07,0.0022653539914280975,7.067117800205391e-05,8
ali,175,0.02529267235149588,7.44146700663853e-05,0.011265296562278048,0.0002078268971746039,8
align,117,0.016909958086428676,4.0655533043809316e-06,0.01163116068080904,0.00013312886542188768,3
alive,28,0.004046827576239341,8.318705314927682e-08,0.003996483887779663,6.960435055971503e-05,7
alkaline,26,0.0037577684636508164,7.691368023370306e-07,0.0021103551197927278,8.374435251093475e-05,5
alkylated,27,0.003902298019945079,9.106766001590794e-09,0.004045634733373476,5.228736949574278e-05,4
allan,29,0.004191357132533603,9.146207318296586e-07,0.0030693655849043113,7.304267543650638e-05,8
allegiance,26,0.0037577684636508164,1.2236467878951722e-08,0.004415479573306601,6.254286469394004e-05,2
allergic,25,0.0036132389073565544,5.858801794254045e-08,0.0039306638039746265,6.014846378945982e-05,7
allergy,108,0.015609192079780315,3.861363560599639e-05,0.008382222365668065,0.0001702428580441597,5
alleviate,207,0.02991761815291227,1.2504027126857473e-05,0.015144985946600987,0.00017275475029129137,3
allicin,28,0.004046827576239341,5.27868960635052e-08,0.0034562504005426226,6.493054477262872e-05,7
allow,684,0.09885821650527533,0.0005077484696039199,0.032473418288574314,0.0004929352428157034,2
allowance,28,0.004046827576239341,9.934283840269591e-08,0.00406756813030923,6.731710049542026e-05,7
allude,22,0.003179650238473768,5.8077467771326795e-08,0.0030581638563140397,5.761523334485582e-05,6
almeida,25,0.0036132389073565544,6.880141608249549e-08,0.0030508237713518737,7.029011485350903e-05,6
alongside,281,0.04061280531868767,7.071648067041235e-05,0.01771631689897703,0.00024910334730349735,5
alopecia,174,0.025148142795201618,1.6578394670673705e-05,0.013172018980899987,0.0001686483165183935,5
alpha,153,0.022113022113022112,1.9470270007547897e-05,0.012771847592752737,0.00018002525487780443,5
alprostadil,48,0.006937418702124584,1.691206086467456e-06,0.005784745623973662,9.63097640351945e-05,2
alter,131,0.018933371874548344,7.831702890466588e-06,0.01212780937689084,0.0001406062920204257,2
alteration,68,0.009828009828009828,6.911936831288735e-07,0.008408971968899885,9.848464178638169e-05,2
altered,28,0.004046827576239341,1.1661729165090267e-07,0.003778462978193811,6.435740434296647e-05,3
alternative,540,0.07804596039890158,0.00040111395230357273,0.026220209211122156,0.0004115329787867969,2
alternatively,71,0.010261598496892614,2.593777071236702e-06,0.007574680540296596,9.517908772756243e-05,4
altitude,24,0.003468709351062292,3.4130614411942985e-08,0.003527567308280694,6.0063585365409964e-05,5
altogether,72,0.010406128053186877,5.4336045767485514e-06,0.007390057921049718,0.00011290773726253503,6
alvin,29,0.004191357132533603,5.168552040033732e-07,0.002045800149681626,0.00010000732244297571,8
amalgamation,27,0.003902298019945079,7.320609593361684e-08,0.004183635250319403,6.174162553909058e-05,6
amazing,79,0.011417834947246712,9.548386511071652e-06,0.007731918970554873,0.00013076303186795385,0
ambiguous,32,0.00462494580141639,3.560840631245342e-07,0.003778115272321199,6.883962680131312e-05,5
ambulatory,17,0.002457002457002457,2.9143793508938087e-07,0.001457012162487772,6.577950029701597e-05,9
ameliorate,26,0.0037577684636508164,9.881416427216019e-09,0.003929545306213068,5.159220089735077e-05,4
amend,27,0.003902298019945079,1.3572973040653475e-07,0.003954803972591728,5.636995563928715e-05,0
america,67,0.009683480271715566,2.1812897014735367e-06,0.008106018656751467,0.0001036966950414431,0
america(r,22,0.003179650238473768,1.9237581848843517e-07,0.0024122633506199983,6.918922891595034e-05,8
american,502,0.07255383725971962,0.0005172141869849409,0.02328749146085334,0.0004176199456459719,6
americana,20,0.0028905911258852437,3.65999715266289e-07,0.002149533392954853,6.849703757886047e-05,8
americans,75,0.010839716722069664,1.9984358026504953e-06,0.008395936477447439,0.00010422565374715615,9
aminotransferase,30,0.004335886688827865,1.8806011623858352e-06,0.0024049441669896565,9.190001805339169e-05,5
amory,196,0.028327793033675386,1.9902707730503332e-05,0.014824083915538015,0.00018679007735562884,0
amp,36,0.005203064026593439,1.2371993205162406e-06,0.003579325812016681,9.687847539690658e-05,2
amplify,110,0.01589825119236884,1.6438103341759978e-06,0.010747951596370235,0.00011426280655153617,3
amygdala,26,0.0037577684636508164,1.2560653734113125e-07,0.0037355403069900743,5.879601034230081e-05,3
ana,27,0.003902298019945079,2.825669178749302e-07,0.0031594550050723764,6.918967030482702e-05,6
anabolic,428,0.061858650093944215,0.00015137036326282025,0.022999418426391614,0.0003335842500721288,5
anaemia,41,0.005925711808064749,3.6848649406797596e-07,0.004791084701082851,7.14392217500697e-05,5
anaerobic,27,0.003902298019945079,2.4762414589209945e-08,0.004389664094138041,5.6307667830221016e-05,0
analog,35,0.005058534470299176,1.7606503644014916e-08,0.004934803218933574,5.801866719711388e-05,5
analogy,108,0.015609192079780315,1.2335963798822396e-05,0.009600697981743296,0.0001471510950916237,0
analyse,25,0.0036132389073565544,6.546976567864531e-09,0.003740424813901546,4.93604181112159e-05,5
analysis,565,0.08165919930625813,0.00045611810567218827,0.027024244208525942,0.00047359009328759084,6
"analysis,372",22,0.003179650238473768,8.774547369978019e-08,0.0029096451102566256,6.522880045641592e-05,6
analyte,22,0.003179650238473768,2.8525290981210955e-08,0.003236604700380451,5.444711943729498e-05,4
analyze,153,0.022113022113022112,1.3304967644565188e-05,0.01404518023624721,0.0001786499878080051,4
anaphylactic,25,0.0036132389073565544,1.2232237323899054e-07,0.003941560780210079,5.861091398777607e-05,2
anaphylaxis,40,0.005781182251770487,1.21674671232063e-06,0.0051374302840629625,8.439029590870052e-05,2
anastrozole,96,0.013874837404249168,3.284970380051062e-06,0.009942252379311872,0.00012089165381600098,5
anavecianasuarez.com,26,0.0037577684636508164,4.7582348070503466e-07,0.0026648705246246226,7.357281781853939e-05,6
anawalt,203,0.029339499927735224,0.00010838982912687798,0.013023364034030623,0.00022342461845793396,8
ancillary,113,0.016331839861251626,5.170374150177365e-06,0.011054590499252415,0.00012779504130322556,2
and/,26,0.0037577684636508164,1.2656490783409648e-07,0.0034169790897375053,6.560654035477688e-05,4
and/or,443,0.06402659343835815,0.0001772693997873055,0.0230214428396942,0.0003261375491729804,3
anderson,28,0.004046827576239341,3.003826728252199e-06,0.002100618818571079,9.873257626415082e-05,8
andr.12770,22,0.003179650238473768,1.427776903196661e-07,0.0026704816251456637,5.972316473416584e-05,8
andre,30,0.004335886688827865,6.745441562378229e-07,0.002465447682794593,9.76706313242517e-05,8
andrea,30,0.004335886688827865,9.922151697860715e-06,0.0015174650014676782,0.0001141734791434369,8
andriol,54,0.007804596039890158,1.150931235143278e-06,0.006593344882120953,9.563645614285583e-05,2
androderm,87,0.012574071397600809,4.761038092433683e-06,0.0091051766398282,0.0001333471743425067,2
androgel,121,0.017488076311605722,2.2357814522667463e-05,0.011031419584523429,0.00016725943661902897,2
androgen,883,0.1276195982078335,0.0012643082850507012,0.031361339583928456,0.0005933681149328985,5
androgenetic,44,0.006359300476947536,4.05275684000396e-07,0.005599411003518081,7.594598262689385e-05,5
androgenic,273,0.039456568868333576,5.203845084329617e-05,0.016720309417779425,0.0002158414025177671,5
androgens,91,0.013152189622777859,6.914821489479665e-06,0.008910052492196155,0.0001328558672708404,5
androl,28,0.004046827576239341,2.8400682502355903e-06,0.002067528276787435,9.497044913707534e-05,8
andrology,175,0.02529267235149588,6.652351714274764e-05,0.013315943282928124,0.000204683270048651,8
andropause,526,0.07602254661078191,0.0002714607331004264,0.022192892025644468,0.0003719083045391901,3
androstenedione,45,0.006503830033241798,7.165486142084746e-07,0.004799074286587752,7.641902528188466e-05,5
anecdotal,29,0.004191357132533603,1.617446406290743e-07,0.004504802001266253,5.977295881275339e-05,4
anecdotally,52,0.007515536927301633,7.921931968978985e-07,0.006638544110400069,7.888167593319348e-05,0
anemia,486,0.07024136435901142,0.00022956386218599936,0.020587673127642606,0.00033974758539575325,3
anesthetic,22,0.003179650238473768,1.6418410785654035e-08,0.003404695217324,5.4796886937209856e-05,3
anesthetize,28,0.004046827576239341,1.4279489302520446e-07,0.004319412314938179,6.50973666483455e-05,2
aneurysm,17,0.002457002457002457,6.456317325384325e-08,0.002493389765876026,4.9540390974274525e-05,5
angelini,25,0.0036132389073565544,3.8010266089163165e-07,0.0021542037398033826,8.837291062576808e-05,8
anger,45,0.006503830033241798,4.086265576069415e-07,0.005289016402800326,7.690041507011731e-05,3
angina,23,0.00332417979476803,8.460164949912323e-08,0.0030945761065814086,6.362220551683556e-05,2
angiography,45,0.006503830033241798,1.5003402913190305e-06,0.005419131852269728,8.76094819825196e-05,6
angle,25,0.0036132389073565544,2.4493312996093107e-08,0.003732595146459459,6.165626611093456e-05,2
angry,40,0.005781182251770487,5.617414654178449e-07,0.005098989760509861,7.470625497417444e-05,5
animal,29,0.004191357132533603,2.717778210413294e-07,0.0038164362408101156,7.519411200565215e-05,3
ankle,94,0.013585778291660645,3.926328382022479e-06,0.008757923350254255,0.0001224154269173538,5
annal,50,0.007226477814713109,1.49527706001474e-06,0.005095410010770142,9.710780041525094e-05,8
announce,49,0.0070819482584188465,5.659777467212413e-07,0.00651538091502275,8.431902314118986e-05,4
announcement,28,0.004046827576239341,3.8317285202922015e-08,0.00408032535870011,5.835670567672991e-05,4
announcer,137,0.019800549212313917,6.573334904578797e-06,0.010896064593759825,0.0001457995964105464,0
annual,208,0.03006214770920653,6.0799021686166194e-05,0.0158232762330157,0.00023225309329381945,4
annually,75,0.010839716722069664,2.8370122972390535e-05,0.006772496819118285,0.00013144888104209368,10
anomaly,27,0.003902298019945079,4.0883523543467637e-07,0.0030040365961723184,7.379927168489432e-05,5
anonymity,26,0.0037577684636508164,3.7709802586444314e-08,0.0041028038739942055,5.8656104379541444e-05,0
anorchia,63,0.009105362046538517,6.1517648626110825e-06,0.005602820863341295,0.00011800840447542005,5
anorexia,67,0.009683480271715566,5.877015101508678e-06,0.00676359961297659,0.00011199294030195409,5
anosmia,23,0.00332417979476803,4.9964755010806297e-08,0.003154330817586093,5.6188787898763524e-05,5
anschutz,29,0.004191357132533603,3.2944085024058073e-07,0.0035434536873496015,7.20843051156477e-05,6
answer,618,0.08931926578985402,0.0003403741839582095,0.025833476614166243,0.0003819595197369869,0
antagonist,27,0.003902298019945079,8.947577886795967e-08,0.0033551935392079238,5.702497566716376e-05,5
anterior,57,0.008238184708772944,2.8524791288999483e-06,0.005472213511329952,9.432756124740461e-05,5
anti,279,0.040323746206099145,0.00012776604496702457,0.017431501449992053,0.00029655817048659635,7
antibiotic,25,0.0036132389073565544,7.657477814660791e-08,0.0035189847260078816,5.9190596606837915e-05,5
anticipate,51,0.007371007371007371,2.394492518220741e-06,0.006008556387266401,9.210109806606641e-05,2
anticonvulsant,50,0.007226477814713109,3.922672125256407e-07,0.006016279517167762,8.537529863418105e-05,5
antidepressant,158,0.022835669894493423,1.0700764726483666e-05,0.013456587987637082,0.00016121049655706067,5
antifungal,44,0.006359300476947536,1.0888913370621693e-06,0.005269340005181061,8.375494064133582e-05,7
antigen,308,0.04451510333863275,7.916646313588959e-05,0.016276397801003494,0.00023527856781506743,5
antioxidant,73,0.010550657609481139,3.4191729303152856e-06,0.0066074178828244776,0.00012031617281859496,7
antonio,30,0.004335886688827865,1.7821037545586662e-06,0.0029006230002853683,9.104563328699578e-05,8
anxiety,696,0.10059257118080647,0.0004844547964555343,0.026897732507580412,0.0004400626044937189,3
anxious,53,0.007660066483595895,2.3667718338611214e-06,0.005682863055009012,9.69562615829904e-05,3
anybody,169,0.024425495013730307,1.3081337823842479e-05,0.015018714497178462,0.00017269872849353578,0
anymore,142,0.020523196993785228,1.4084137191252597e-05,0.012513844730644008,0.00015544701879184066,0
anything-,28,0.004046827576239341,7.168373465875786e-08,0.0039713067587742405,5.3290600391408884e-05,3
aorta,24,0.003468709351062292,1.415748935822475e-07,0.0032374403569043024,6.098198655522886e-05,5
aortic,17,0.002457002457002457,3.4452907296131876e-07,0.0024033788807572673,5.227970131987631e-05,5
apart,175,0.02529267235149588,2.149580257694138e-05,0.014906840409786671,0.00019209435074349932,4
apart.432,29,0.004191357132533603,2.4376699899035027e-07,0.003941683079677224,6.950644093106646e-05,2
apathy,26,0.0037577684636508164,1.5916351490579355e-07,0.003616794161759819,5.687206850750519e-05,3
aphrodisiac,23,0.00332417979476803,3.097801424192914e-08,0.003092682574193029,5.280849971889562e-05,7
apigenin,28,0.004046827576239341,9.383683261342255e-08,0.003362313654862994,6.484459149262466e-05,7
aplastic,24,0.003468709351062292,3.39754279411545e-08,0.0031070271344615054,5.426293185976804e-05,5
apnea,619,0.08946379534614829,0.00035018228184105206,0.024922723170015565,0.0003890967894974547,5
apnoea,75,0.010839716722069664,2.2031305156696507e-06,0.008103256900363643,0.0001057652577435027,5
apology,22,0.003179650238473768,1.731450493691986e-08,0.0033363319972977987,5.3797038023314464e-05,0
app,28,0.004046827576239341,2.1533440776335777e-07,0.0033435147174592466,6.67402803280505e-05,0
appalachia,26,0.0037577684636508164,2.8740490763017277e-07,0.0028863752292247052,7.558122933912787e-05,9
apparent,63,0.009105362046538517,1.8511617841385592e-06,0.006743643586997446,8.324087983923636e-05,0
apparently,20,0.0028905911258852437,2.8603756998906975e-08,0.003019380473523405,5.0680752214871984e-05,0
appear,390,0.05636652695476225,0.0001904728064032941,0.01826177059520154,0.00028726732381827505,5
appearance,143,0.02066772655007949,1.5643248198296987e-05,0.01113535509261183,0.00014608256426794556,3
appendix,122,0.017632605867899987,7.53465773326777e-06,0.011554711505020574,0.0001540031331169566,4
appetite,54,0.007804596039890158,5.588369701044804e-06,0.005544984924486272,0.00010857963309452078,3
apple,82,0.011851423616129498,2.833895217603298e-06,0.007349332356783184,0.00011367762275132459,0
applicable,78,0.01127330539095245,3.267930597429552e-06,0.007734589874737264,0.00011477833526277101,1
application,550,0.0794912559618442,0.0005482001222517978,0.028187225047406263,0.00047438551785539796,2
application.228,30,0.004335886688827865,6.571441835121952e-07,0.004243012737519426,7.161666975159453e-05,2
applied,26,0.0037577684636508164,7.394780674971523e-08,0.004045693976743478,5.410096688034413e-05,2
apply,664,0.09596762537939009,0.0005782660955390322,0.0284433049684305,0.000479672391019298,2
appointment,640,0.0924989160283278,0.0005101962681430887,0.02660390840693587,0.00044887065198274294,4
appraisal,26,0.0037577684636508164,2.7463996260479965e-06,0.003124941981251005,7.04090029897196e-05,8
appreciate,206,0.029773088596618008,3.608910055269211e-05,0.016230001874741898,0.00022012376480907454,0
appreciative,54,0.007804596039890158,5.946300734023139e-06,0.006192537544408215,0.00010533791099005032,0
apprehensive,29,0.004191357132533603,1.8333475365373584e-07,0.0038676616023663544,7.052778405625061e-05,2
approach,881,0.12733053909524497,0.0010674893806928041,0.03571831049428972,0.0005917734486166709,4
appropriate,688,0.09943633473045238,0.00036064039251736444,0.032395184253667705,0.0004525885208845407,4
appropriately,249,0.035987859517271285,3.9219212489796e-05,0.018039274536516832,0.00023413703393727856,5
approval,91,0.013152189622777859,5.6501106722151795e-06,0.010121941512484335,0.00012787297206154978,2
approve,453,0.06547188900130077,0.0001702413758725101,0.02437630974488888,0.0003424830480785294,2
approximately,375,0.054198583610348315,0.0001655167046528087,0.02168931957415395,0.0003288963915604205,2
apr,83,0.011995953172423761,3.673011273735883e-05,0.006255544655092506,0.0001484567807941015,8
apr23.doi,29,0.004191357132533603,1.8529219510607623e-06,0.0025448266451702562,8.993107958050655e-05,8
april,252,0.036421448186154066,0.000534717013065425,0.01242176278608658,0.00039157274900244896,8
aquino,30,0.004335886688827865,1.2129513665302514e-06,0.0027610093997783277,9.74986193121637e-05,8
arash,25,0.0036132389073565544,1.637841728566982e-08,0.0032404341809951116,5.57106278433656e-05,6
araujo,30,0.004335886688827865,6.532833065820487e-07,0.0024976106508729917,9.644749515746719e-05,8
arch,30,0.004335886688827865,1.0354380243301094e-06,0.002303410975145068,9.053666570670867e-05,8
archinte.166.13.1380,29,0.004191357132533603,7.709980818589339e-07,0.0025683699011950674,7.95082387585709e-05,8
archive,25,0.0036132389073565544,3.893528693275253e-08,0.003438810143252217,5.216196829808897e-05,3
area,857,0.12386182974418268,0.0013181351829352525,0.035548903003646735,0.0006249815523539134,2
argument,25,0.0036132389073565544,5.760727366835754e-09,0.0036668973910595026,5.1528522386043424e-05,0
arise,98,0.014163896516837693,3.3965953429030918e-06,0.010087538577743539,0.00012492189433500601,3
arizona,27,0.003902298019945079,4.4761706031484073e-07,0.002987823387226268,7.833200649097899e-05,9
arkansa,28,0.004046827576239341,8.330670835478923e-07,0.0027856229784615936,8.311722637601037e-05,9
arlt,29,0.004191357132533603,5.319888361155098e-07,0.0029307873967753333,7.799017756935312e-05,8
arm,355,0.05130799248446307,0.00013865878046663444,0.02020885844876477,0.00030470423027325634,2
armpit,98,0.014163896516837693,3.173927276635438e-06,0.009247541019212102,0.00011693379707122596,2
arnaldo,30,0.004335886688827865,1.0768789769255813e-05,0.001248663368602848,0.00011858222236877733,8
arnold,93,0.013441248735366382,7.840577467717227e-06,0.008062394432255007,0.00014221622153071147,4
aromatase,320,0.0462494580141639,4.949709149632826e-05,0.01992893334005976,0.0002546573216059253,5
aromatisation,129,0.01864431276195982,5.55371875101771e-06,0.01195833071394318,0.0001516884695880913,5
aromatization,72,0.010406128053186877,2.3903877379209094e-06,0.007724092044060222,0.00010628854223680324,5
arousal,176,0.025437201907790145,7.63456605484743e-05,0.013681523558695452,0.00022045753823957305,3
aroused,27,0.003902298019945079,1.998033571163364e-07,0.003956418950901772,6.538554517057773e-05,3
arrange,117,0.016909958086428676,5.599942703258685e-06,0.011976864715419205,0.00014375719147310118,4
array,52,0.007515536927301633,9.868271379777709e-07,0.005956401879292636,8.645012162846681e-05,3
arrhythmia,23,0.00332417979476803,5.559000393403745e-09,0.0035558160249899596,4.898496147497646e-05,6
arrive,95,0.013730307847954907,5.184702175532655e-06,0.009555043305937833,0.00012976487680573667,2
art,76,0.010984246278363925,5.9591695393093044e-06,0.008007601680148657,0.00012329307097994085,6
arterial,71,0.010261598496892614,1.052727049589513e-05,0.0067782283515866295,0.00011268410935176474,3
artery,298,0.04306980777569013,7.891414332883557e-05,0.017624692710327926,0.0002661943399008753,3
arthritis,48,0.006937418702124584,2.4232663913668804e-06,0.0050862352641516465,9.24536032334746e-05,5
arthur,28,0.004046827576239341,3.274192031193417e-08,0.004083106170840709,6.510266806078196e-05,6
article,498,0.07197571903454257,0.00037896793684150045,0.023662093994719528,0.0003908196438038761,4
artificial,104,0.015031073854603266,3.51560603688703e-05,0.00958036361961308,0.00015345347422965195,4
artificially,46,0.00664835958953606,7.789599185876445e-08,0.005885269235260344,6.647469851078639e-05,3
asanad,123,0.01777713542419425,4.147759147588339e-06,0.01046868313249293,0.00012139578343731905,0
asap,27,0.003902298019945079,1.6114099192657513e-07,0.003501690919164401,6.294835834741784e-05,4
ascertain,27,0.003902298019945079,2.6430023470747623e-08,0.00429576884378247,5.627672156351944e-05,4
asempa,84,0.012140482728718023,3.520861132779595e-06,0.009158595936979517,0.00012106704588339124,5
ashkenazi,24,0.003468709351062292,1.5729217188529558e-07,0.003248279928877453,5.4171490416711344e-05,5
ashley,29,0.004191357132533603,2.5129966702406907e-06,0.002567495515374467,9.56212127011453e-05,6
ashwagandha,91,0.013152189622777859,3.411836851331771e-05,0.00791638745880491,0.00014863950930453547,7
asia,24,0.003468709351062292,2.5395004624248873e-07,0.002954692341886484,6.192291550520514e-05,6
asian,76,0.010984246278363925,2.6945559400677117e-05,0.006782855214752528,0.00014963677321264577,8
aside,131,0.018933371874548344,6.355028866799315e-06,0.011832348876826427,0.00014609502481266798,5
ask,726,0.10492845786963434,0.0004983871270667034,0.028121854420255093,0.0004288653724566615,0
askmayoexpert,29,0.004191357132533603,4.572016030891178e-08,0.003705541328015485,6.153470096025583e-05,8
asleep,108,0.015609192079780315,1.4430079894498034e-05,0.010002777103587492,0.0001467391917423034,3
asmh,28,0.004046827576239341,1.293502888925681e-07,0.003311916784661902,6.843422362516589e-05,1
aspartate,27,0.003902298019945079,1.5469341667125716e-06,0.002021060034830508,8.898727137354697e-05,5
aspect,409,0.05911258852435323,0.0001035096234254449,0.023049665708390548,0.00029088691027971973,3
aspirin,75,0.010839716722069664,1.3341829057997971e-05,0.00750838769142274,0.00012430925776170648,1
assay,203,0.029339499927735224,5.3196162315323255e-05,0.013990042978504903,0.00023173610076371708,4
assess,523,0.07558895794189911,0.00019702983967655028,0.026396216454203182,0.00035624613037521773,4
assessment,320,0.0462494580141639,6.66198635262126e-05,0.02011204367516433,0.00027008947551917465,4
assign,150,0.021679433444139327,3.6788700801263626e-05,0.012990863255884905,0.0001934277739961704,4
assist,187,0.02702702702702703,2.398526666692721e-05,0.015381704251566236,0.0001843533905605504,4
assistance,73,0.010550657609481139,3.821929218108155e-06,0.008003207379030916,0.00011087615867565741,4
assistant,229,0.03309726839138604,4.359713494724405e-05,0.01591591023749139,0.00023934337240171584,0
assistive,26,0.0037577684636508164,2.4960826213691217e-08,0.004136601877024011,5.583838244969141e-05,2
assoc,27,0.003902298019945079,2.2578270281413867e-07,0.0035018862601728386,6.960028578161484e-05,4
associate,1181,0.17068940598352364,0.0019410241994146905,0.0347898026887258,0.0006750184004491858,5
associated,56,0.008093655152478682,1.1430238614776753e-06,0.006769097302874213,9.292735989778207e-05,5
association,572,0.08267090620031796,0.0007966041784484154,0.025874499594123673,0.00047637634579414287,6
assume,129,0.01864431276195982,8.378550374968643e-06,0.011994055692065428,0.00014498130296321845,0
assumption,27,0.003902298019945079,6.187787322132675e-08,0.0037342869582374684,5.719880729309608e-05,0
assure,75,0.010839716722069664,2.890126290301434e-06,0.009192162862270647,0.00011236668930749046,4
assured,36,0.005203064026593439,1.3542473708184856e-07,0.004290071446221874,6.610212688370222e-05,6
astella,25,0.0036132389073565544,1.2067718084270656e-06,0.0024835225581728492,7.914800378914578e-05,6
asthma,64,0.00924989160283278,8.662240489040731e-06,0.005855708859439972,0.00011091707016083361,5
asymptomatic,47,0.0067928891458303225,3.703109560283119e-07,0.005946206631886736,7.547698207644115e-05,3
asynchronous,29,0.004191357132533603,1.5603417519999851e-07,0.004476509576775393,6.877468845189684e-05,0
atherosclerosis,129,0.01864431276195982,6.105494784151808e-06,0.01083418319516654,0.00014005289154483193,6
atherosclerotic,25,0.0036132389073565544,1.0809109569530601e-07,0.00341622947523094,6.286850785793403e-05,5
athlete,120,0.01734354675531146,8.78506227474428e-06,0.010987607810554214,0.00013038506618264604,3
athletic,65,0.009394421159127041,3.6848914448321162e-06,0.007279307301194128,9.954225810579504e-05,7
atlanta,25,0.0036132389073565544,1.3402202716571167e-07,0.0035971087693849,6.463296554543496e-05,4
atrial,76,0.010984246278363925,2.3253048126192993e-06,0.007675572397347629,0.00010851458832990354,6
atrophy,174,0.025148142795201618,1.8854376485104945e-05,0.012152430149591102,0.0001785813392516636,5
attach,96,0.013874837404249168,2.8637500901560137e-06,0.007881606968818459,0.00010398081693345742,2
attache,36,0.005203064026593439,5.0909376416532896e-08,0.004089673848977294,5.777690080235832e-05,5
attack,501,0.07240930770342535,0.00021859713672113144,0.023842990296644488,0.00036948780543373874,5
attain,26,0.0037577684636508164,2.724507393452851e-08,0.003695770024951474,5.2371214947621866e-05,5
attempt,234,0.03381991617285735,4.9476204200169305e-05,0.01737780420269283,0.00023107326221434452,3
attend,185,0.026737967914438502,2.6361059957007126e-05,0.016007539400848633,0.00019607175661157762,4
attention,265,0.03830033241797948,9.384165205710499e-05,0.017341409917131016,0.00024636002605082317,3
attest,27,0.003902298019945079,1.4307311707634148e-08,0.004053352318739549,5.455479793680908e-05,0
attitude,59,0.008527243821361469,3.925332661371288e-06,0.0070057600518962,0.00010959531365860847,4
attributable,41,0.005925711808064749,1.7387598020570393e-07,0.005276506950020994,6.448880598820562e-05,5
attribute,185,0.026737967914438502,1.9677807823284965e-05,0.013865754154377106,0.00017986739086671362,3
aua,336,0.04856193091487209,0.0002532942520316882,0.02108229194075867,0.000345199203427919,4
auaer,18,0.0026015320132967193,1.0462997949053419e-07,0.0018907315333528856,6.19681400258392e-05,4
auchus,49,0.0070819482584188465,6.148679107892007e-06,0.003880491081252981,0.00010660222035906163,8
aud,25,0.0036132389073565544,2.300289286925135e-08,0.00336307519788132,5.5128564396841754e-05,5
audible,29,0.004191357132533603,2.723830205678237e-07,0.003960794664936765,6.952172381352591e-05,2
audience,21,0.0030351206821795057,2.630913259416147e-07,0.0023477248922038427,7.276643498559358e-05,0
audio,88,0.012718600953895072,9.919316398646735e-06,0.0069859350967682214,0.00013428422861914022,0
august,52,0.007515536927301633,7.676557642862743e-06,0.004087325036901698,0.00010522324709901431,8
aurora,29,0.004191357132533603,3.193215702470707e-07,0.0035505050614766964,6.93826513164266e-05,6
australia,92,0.01329671917907212,2.460778094639048e-05,0.008367778209216395,0.00015404764368301098,6
authentic,24,0.003468709351062292,6.242170689401904e-07,0.002739706048142328,7.698610972860574e-05,0
authentically,28,0.004046827576239341,1.289533758316839e-07,0.0038680614319214386,7.444861777471793e-05,4
author,426,0.061569590981355685,0.0006909357955695548,0.022165752737168615,0.0004871501210848042,6
authorship,28,0.004046827576239341,1.639227513835008e-07,0.00387867884188409,6.843253583551895e-05,4
autoimmune,195,0.028183263477381124,2.358913245469116e-05,0.0126155773960577,0.00018512284016851884,5
automated,29,0.004191357132533603,1.0570631149505963e-07,0.003595178118027343,6.477271900464129e-05,5
automatic,24,0.003468709351062292,7.154490860510459e-09,0.003443000810413538,4.9971703679323124e-05,3
automatically,63,0.009105362046538517,2.894103575216491e-06,0.006462588906787095,0.00010419476819558164,0
autonomy,27,0.003902298019945079,4.86284418823738e-08,0.0037738256884359803,5.9511936959310926e-05,4
auxiliary,28,0.004046827576239341,1.7220900311028114e-07,0.003991292959020507,6.300769173814001e-05,4
availability,79,0.011417834947246712,3.599153015983922e-06,0.008978275614863902,0.00011950810969983282,4
available,1226,0.17719323601676543,0.004637376974407886,0.03913426875019936,0.0008818439793518621,2
avanafil,21,0.0030351206821795057,1.0348307851248484e-07,0.002939741248630253,5.697221033958082e-05,2
aveed,45,0.006503830033241798,4.865246330744494e-07,0.00602719190391497,7.72816706089052e-05,2
avenue,98,0.014163896516837693,8.488455835526146e-05,0.00813494059549604,0.00015165363287760733,9
average,448,0.06474924121982946,0.000180327045528375,0.022288472958103222,0.00033277639295202065,2
aversa,55,0.00794912559618442,7.5093521798291655e-06,0.005027158446413318,0.00012104328121469221,8
averse,25,0.0036132389073565544,6.003080494918713e-09,0.004202090511335233,5.218588786715041e-05,2
aversion,26,0.0037577684636508164,1.6943499364515327e-07,0.0034832642161620984,6.669300664480239e-05,3
avocado,104,0.015031073854603266,7.084695430530696e-05,0.0084654925870756,0.00017306754909183055,7
avoid,740,0.10695187165775401,0.0005752898856169441,0.03170193878020256,0.00048432250258617323,2
await,56,0.008093655152478682,1.353242655626623e-06,0.007151294434159117,8.790542131109448e-05,0
award,55,0.00794912559618442,1.4350048798624287e-05,0.005167615029091814,0.000123817537815527,6
aware,264,0.03815580286168521,6.163680479177179e-05,0.01770477907379215,0.0002398546304940867,3
awareness,137,0.019800549212313917,4.417529815180873e-06,0.012433202128330935,0.00014332286365295943,4
away,276,0.039890157537216364,6.502267295828414e-05,0.019214820486910932,0.00025093005162963656,2
awesome,111,0.016042780748663103,9.680837422051481e-06,0.010656280323401593,0.00014196196126202733,0
awful,22,0.003179650238473768,8.011590188603914e-09,0.003201668390161146,4.956733263686125e-05,0
awkward,72,0.010406128053186877,1.2477793609261946e-06,0.007976593330294431,9.168785376107086e-05,5
awkwardness,28,0.004046827576239341,3.9268019060769255e-08,0.004342665737962968,6.273756472963421e-05,0
axilla,25,0.0036132389073565544,1.542407761873021e-08,0.004165134326768425,5.909135385548759e-05,2
axillary,29,0.004191357132533603,1.326370991388845e-07,0.0035494024426526356,6.822935524272102e-05,3
axiron,28,0.004046827576239341,6.52952975202745e-08,0.004429612899619694,6.130335376275376e-05,2
axis,319,0.046104928457869634,8.534016437982573e-05,0.01819147946914463,0.00026914527368711256,5
ayurveda,28,0.004046827576239341,7.432692875290305e-07,0.0032780337609414714,7.179030974019714e-05,7
azelaic,27,0.003902298019945079,7.868442691194357e-08,0.003775844042107963,6.0657113810422714e-05,5
azoospermia,70,0.010117068940598353,9.70640253088281e-07,0.007225442955699532,9.220130618627907e-05,5
b.a,24,0.003468709351062292,3.309534580333318e-07,0.002408164736346212,6.726142157234419e-05,5
b.d,30,0.004335886688827865,2.259001844480471e-06,0.0025533357712221342,9.864035986908102e-05,8
b12,119,0.0171990171990172,1.2376280220112918e-05,0.010166785497169987,0.00014572942985947052,7
baby,178,0.025726261020378668,3.156552297485156e-05,0.013178717992540558,0.00019615654732172723,5
bachelor,28,0.004046827576239341,6.708694125145841e-07,0.00395723197942632,6.898484068467842e-05,6
backbone,25,0.0036132389073565544,1.918814188219902e-08,0.00391927501401944,5.461242538842613e-05,0
backfire,29,0.004191357132533603,7.145476854664566e-08,0.004513337321960506,6.216279699126277e-05,0
background,182,0.026304379245555717,8.262788059038432e-05,0.014831666622958692,0.00023902377722130678,0
backseat,27,0.003902298019945079,1.2535931201321525e-07,0.003960748310342067,6.273095558791455e-05,0
bacterial,25,0.0036132389073565544,1.807003267452949e-08,0.0033176001880695885,5.903837565610835e-05,5
bad,519,0.07501083971672207,0.0002315218998305528,0.025650340125662554,0.0003695228284689828,0
bail,24,0.003468709351062292,1.8259406516800786e-08,0.0038964705447779354,5.0187572204344114e-05,0
baillargeon,27,0.003902298019945079,1.928008674483329e-07,0.0034868859039440627,6.47459091750682e-05,6
baillargeon373,24,0.003468709351062292,1.061269200968897e-07,0.003189630123030545,6.0846307608540914e-05,6
bajic,191,0.027605145252204075,7.597843492077752e-05,0.013753813579148243,0.0002242912419326989,0
bake,26,0.0037577684636508164,4.174243767976551e-07,0.002996149718856083,7.469521906027831e-05,7
balance,878,0.1268969504263622,0.000826482169220992,0.03399113537686652,0.0005527739066146688,4
balanced,432,0.06243676831912126,0.00017102477984352272,0.024100557694806544,0.00035294006822914764,7
bald,100,0.014452955629426218,7.392437989912523e-06,0.009139391972832802,0.00013275099314815996,5
balding,49,0.0070819482584188465,7.822143245234938e-07,0.005587860016107883,8.573886680101081e-05,5
baldness,257,0.03714409596762538,5.2010490974755154e-05,0.016391677032238053,0.00024065085697812526,5
balk,48,0.006937418702124584,7.222220357019313e-07,0.005690216950260586,8.589620398629161e-05,0
ball,47,0.0067928891458303225,3.6635637098828158e-06,0.005703261433654914,9.035773068686536e-05,2
bam,23,0.00332417979476803,7.82313957308336e-08,0.0035912379072081647,5.655629767106463e-05,0
ban,51,0.007371007371007371,2.1587731865143873e-06,0.006382552168859277,9.54049952018724e-05,2
band,82,0.011851423616129498,6.6851444845096984e-06,0.007994617792416994,0.00012515336565818038,2
bandage,23,0.00332417979476803,1.4430181738755833e-07,0.0030195153558373955,6.269570611400339e-05,2
bandinelli,30,0.004335886688827865,2.712661917703136e-06,0.0021857715214816014,9.251909780944545e-05,8
bank,54,0.007804596039890158,6.579526290920101e-06,0.005146164134512148,0.00012199811271093365,9
bann,30,0.004335886688827865,1.5003914161816668e-05,0.0022181442891013557,9.946108404251333e-05,8
baptist,30,0.004335886688827865,9.021352020343216e-07,0.0025349345656502558,8.974216558225675e-05,9
bar,26,0.0037577684636508164,5.731297388222509e-08,0.003850056164778643,6.110999709943568e-05,0
barat,27,0.003902298019945079,1.8215034097195897e-07,0.0035844343043282805,7.066138424718222e-05,6
barber,28,0.004046827576239341,9.012614814425968e-07,0.0023006281193725846,9.408240434124228e-05,8
barely,52,0.007515536927301633,1.2758177454264769e-06,0.006376322783405603,8.275314322960248e-05,5
bariatric,88,0.012718600953895072,4.0245852037901955e-06,0.008774669913389665,0.00011712110009165081,5
barne,24,0.003468709351062292,3.621784386500597e-08,0.0031026451676071693,5.4757708416806666e-05,6
barometer,27,0.003902298019945079,3.1072220813626755e-08,0.004183904385017838,5.561551258806699e-05,3
barrier,161,0.02326925856337621,3.3486379228092374e-05,0.01332347744121343,0.00018412202594594992,2
barth,28,0.004046827576239341,2.4286837126323126e-06,0.0022099422021035573,9.192908898214103e-05,8
bartke,29,0.004191357132533603,1.1732787937592804e-06,0.0026687943798734725,8.098233777257821e-05,8
barton,20,0.0028905911258852437,8.5948810532424e-08,0.0011651100251437094,8.273066821730107e-05,9
basaria,51,0.007371007371007371,7.91907848450394e-06,0.004287795498935312,0.0001228371220398343,8
base,1277,0.1845642433877728,0.003596300273011623,0.03900127281038197,0.0007879049218043316,4
baseline,434,0.06272582743170979,0.00013865311627214572,0.0253172623321878,0.0003428676856096161,2
basic,290,0.04191357132533603,0.00014915388200776211,0.01767920479229588,0.0002784981349037622,8
basically,114,0.016476369417545888,1.2164318268738403e-05,0.01106104720414317,0.0001548939370958447,0
basis,251,0.03627691862985981,4.3507181571807335e-05,0.017665160051444005,0.00022701054061026246,2
basket,24,0.003468709351062292,1.1381235735486709e-08,0.003645719989556616,5.160971901634458e-05,0
basophil,14,0.0020234137881196706,4.213660409676482e-08,0.0016298773767110186,5.197982080147816e-05,7
basson,29,0.004191357132533603,4.1605435123453763e-07,0.00299765793428404,7.842890907572079e-05,8
bath,28,0.004046827576239341,1.3794954109703206e-07,0.003896136434966227,7.14710949569076e-05,4
bathe,25,0.0036132389073565544,1.560686308985584e-07,0.0032333030293648624,6.321310237953452e-05,2
baton,29,0.004191357132533603,5.946081125294911e-07,0.0024262878477013896,8.981188697440512e-05,9
battery,82,0.011851423616129498,7.342037089678102e-06,0.007550332085839867,0.00011783127355890872,2
baumgarten,93,0.013441248735366382,1.0920713516873823e-06,0.009588814249698131,0.00010281532236519938,4
bayer,29,0.004191357132533603,1.3612921973357863e-06,0.003335076598759263,8.272722448231672e-05,6
baylor,195,0.028183263477381124,9.511589450937995e-05,0.012610774125510326,0.00022804526085323562,6
beach,56,0.008093655152478682,4.983310890206324e-06,0.005826830519118478,0.00011021246654303022,6
bean,64,0.00924989160283278,3.9722521808891184e-05,0.005529905986382921,0.00012398713590216283,7
bear,283,0.0409018644312762,9.158878082905052e-05,0.01721212319126717,0.0002463477511716732,5
beard,212,0.03064026593438358,3.608469823285922e-05,0.014824008749055238,0.0002083039974653501,5
beast,25,0.0036132389073565544,2.5464137215019536e-07,0.0034444499158135865,6.033704243728455e-05,0
beat,63,0.009105362046538517,5.864687486470075e-07,0.0056916213875923705,8.11781348357287e-05,0
beautiful,33,0.0047694753577106515,6.668211609923142e-08,0.003988317049895656,6.929342180971745e-05,0
beauty,95,0.013730307847954907,4.098447374539385e-06,0.009491889735767851,0.00011472118434906467,0
bebb,30,0.004335886688827865,3.173925525507207e-06,0.0010879554316825704,0.00011979935952571589,6
bed,119,0.0171990171990172,6.873160821843792e-06,0.011195774042198911,0.00014119540394962076,0
bedroom,49,0.0070819482584188465,2.5029645710556203e-06,0.005841234015083309,8.994515987040512e-05,7
bedtime,26,0.0037577684636508164,3.555738101347355e-08,0.0037662779119198913,6.088827920178942e-05,5
beef,29,0.004191357132533603,1.1916148667469061e-05,0.0027040319964817955,8.273406245028389e-05,7
beer,30,0.004335886688827865,1.1070770249354454e-07,0.004049544752542887,7.396175809133476e-05,7
beeram,29,0.004191357132533603,1.7449239848613308e-06,0.0024778932884800984,9.647298352194735e-05,6
begin,842,0.12169388639976875,0.0008942509580161548,0.030699772640979485,0.0005162315193744351,3
beginner,25,0.0036132389073565544,4.622799903571901e-08,0.0035068463871510288,5.5344617042454e-05,4
beginning,25,0.0036132389073565544,1.9254037346998654e-08,0.0036321376236151757,5.5230855843274435e-05,4
behav,36,0.005203064026593439,2.093584361908934e-06,0.00250457975545038,0.00011832772785409796,8
behavior,229,0.03309726839138604,3.8413186713466194e-05,0.017809398322307945,0.00021987193708539708,3
behavioral,82,0.011851423616129498,2.198668265408849e-05,0.007857960491533094,0.00012813274712295886,8
behaviour,29,0.004191357132533603,3.110551985794888e-08,0.004378611874821258,5.6219278041940666e-05,3
behavioural,26,0.0037577684636508164,1.2672677426999903e-08,0.0037330768893186353,5.1977658086743256e-05,4
beiza,29,0.004191357132533603,6.739178128682408e-08,0.004428861124807477,6.525360194749762e-05,0
belakovskiy,48,0.006937418702124584,3.4519743591737046e-07,0.006289430914850758,8.362994851378945e-05,6
belief,42,0.006070241364359011,4.843599921809673e-07,0.005252403447228334,7.425361112502198e-05,4
believe,372,0.05376499494146553,0.00010429277555222552,0.020852897856789995,0.0002858297685064791,3
believer,30,0.004335886688827865,2.780178209934212e-08,0.004881170316858922,6.2274436992674e-05,4
bell,26,0.0037577684636508164,5.560514867054257e-09,0.0036712202315878025,5.0547009379529694e-05,0
belly,169,0.024425495013730307,1.0876425342064682e-05,0.013062127745872202,0.00015543791090564225,3
benchmark,29,0.004191357132533603,9.728870810572957e-08,0.004568261981526357,6.472348885322431e-05,4
bend,49,0.0070819482584188465,4.901042299076169e-06,0.005396966445836351,0.0001001430202050796,2
bendable,25,0.0036132389073565544,4.6656677438830857e-07,0.0035973922106158937,6.295297978396978e-05,2
beneath,82,0.011851423616129498,8.514542521117378e-06,0.008816517119187363,0.00012005179168324571,4
beneficial,407,0.058823529411764705,0.0001459629645832441,0.02314204848180324,0.000316115957131925,0
beneficiary,25,0.0036132389073565544,1.2472507850974214e-07,0.0033051634308857727,6.27716719410625e-05,6
benefit,1395,0.20161873103049574,0.0025900481825236075,0.03797568833256946,0.0007041585269884769,0
benefit.6,26,0.0037577684636508164,3.308015719056085e-08,0.0038133946984671837,5.986562951069979e-05,4
benign,227,0.03280820927879751,4.5666243421591606e-05,0.014404465659519096,0.0002094863764861833,5
bennett,26,0.0037577684636508164,3.318735604001767e-08,0.0033916255864921622,5.629959118425121e-05,3
bent,23,0.00332417979476803,6.358688591710192e-07,0.0025022425658124225,7.328682790202907e-05,2
benzoate,29,0.004191357132533603,3.399995736239754e-07,0.003856734125223965,7.437010293234999e-05,2
benzyl,29,0.004191357132533603,2.1284745675352418e-07,0.003917883681455858,7.523997483374777e-05,2
ben‐shlomo,30,0.004335886688827865,1.081665658949091e-05,0.0015333657220145968,0.00011228188685669349,8
berman,28,0.004046827576239341,3.662809155818004e-07,0.0024287828261454277,9.136515081845362e-05,8
berry,29,0.004191357132533603,2.915785804477178e-06,0.0023628550093139807,9.193587258140121e-05,7
bespoke,70,0.010117068940598353,1.3337538387953945e-06,0.007854447606325771,9.638071917046658e-05,4
bet,103,0.014886544298309004,9.035869445624379e-06,0.00988341488614882,0.0001345391970033216,0
better,47,0.0067928891458303225,1.3400308195089147e-06,0.006250622277460503,8.396863302387943e-05,0
bettie,27,0.003902298019945079,1.3095411977025498e-06,0.0033185290164753503,7.938328740774987e-05,0
bettoocchi,26,0.0037577684636508164,8.572006135293224e-08,0.0031878417153099886,6.799276901525555e-05,5
beware,82,0.011851423616129498,3.0377951561652097e-06,0.007671563803731073,0.0001085635308183598,0
bhasin,105,0.015175603410897529,5.501220541074801e-05,0.006796606300049924,0.00020053384068459358,8
bias,113,0.016331839861251626,1.1241324590215818e-05,0.010855344801100888,0.00015520809757085856,6
bibliography/,26,0.0037577684636508164,4.998372798478907e-07,0.0029581066604374264,6.575619302532936e-05,8
bicker,18,0.0026015320132967193,5.804245131586995e-09,0.0023656089411533193,5.185208459277233e-05,0
bidirectional,68,0.009828009828009828,2.0502338545777617e-06,0.006933352768558436,0.0001030751635537132,5
big,601,0.08686226333285157,0.00035770441380683426,0.027427376002848662,0.00042795199880725813,0
bilateral,37,0.0053475935828877,8.91566240935324e-07,0.0038800804757849047,8.544198078289759e-05,5
biliary,22,0.003179650238473768,3.1579016981278203e-07,0.002715859522489051,6.233545511380568e-05,5
bilirubin,28,0.004046827576239341,1.3440914398615891e-06,0.001990814171509217,9.534258264754045e-05,5
bill,50,0.007226477814713109,2.3268277524634064e-06,0.005547594159693992,8.589202412375408e-05,4
billboard,28,0.004046827576239341,2.515283732228118e-08,0.0044480376737321276,6.006502931727619e-05,0
billing,104,0.015031073854603266,2.2718637916899475e-05,0.00916944049138742,0.00016304234362085298,4
bimix,29,0.004191357132533603,1.8150062742096752e-07,0.003914439903235727,7.094371904572804e-05,3
bind,443,0.06402659343835815,0.0002240079584809199,0.018216658501341305,0.0003220877576431319,5
binge,46,0.00664835958953606,5.2452624125540426e-06,0.004474779000016154,9.732984243350615e-05,7
bioactive,25,0.0036132389073565544,4.944997743696717e-08,0.0030219330923092727,6.19890329623026e-05,7
bioactivity,24,0.003468709351062292,2.633358774410673e-07,0.0029977857731366734,6.150317447505778e-05,5
bioavailability,27,0.003902298019945079,3.857526666862906e-08,0.0037207632250041106,5.864362080094185e-05,5
bioavailable,264,0.03815580286168521,6.093702800187746e-05,0.0155305316297616,0.00022763960731917452,5
biochemical,297,0.04292527821939587,9.785520430214332e-05,0.018790376197787784,0.000296135477316511,4
biochemically,20,0.0028905911258852437,2.227233827059539e-08,0.0028070026998986614,4.6392380864897345e-05,5
biochemistry,28,0.004046827576239341,6.35366794249158e-07,0.003397854637605937,6.955482656593362e-05,4
bioequivalence,24,0.003468709351062292,7.302280797969928e-08,0.0033748529026380236,6.202130792445551e-05,2
bioidentical,40,0.005781182251770487,5.83202615379944e-07,0.004878945332405687,6.707732981808037e-05,4
biologic,50,0.007226477814713109,2.1170598332584233e-06,0.005849681430214599,9.398706097756603e-05,3
biological,306,0.044226044226044224,8.897228195843624e-05,0.01934013054312659,0.0002736125746747234,5
biology,19,0.0027460615695909813,3.7825570873690026e-08,0.002727812175812954,4.968931877320464e-05,6
biomarker,70,0.010117068940598353,1.1269521165739136e-06,0.007875695452514528,9.479299998199628e-05,3
biomedical,28,0.004046827576239341,1.9136298188157662e-07,0.003882937603398623,7.233683479206385e-05,0
biopsy,103,0.014886544298309004,4.633649961793537e-06,0.00968985902710145,0.00012247419130250202,5
biorepository,26,0.0037577684636508164,6.784637630226891e-07,0.0032797437974941457,6.725949496873469e-05,6
biosynthesis,29,0.004191357132533603,4.762665769694687e-07,0.003871198886040583,6.785493113113372e-05,5
biotech,29,0.004191357132533603,1.472472059452485e-06,0.003256945385945022,8.401540308588345e-05,6
biotin,48,0.006937418702124584,7.539470867895688e-07,0.005741219265805994,7.865351784035615e-05,5
bipolar,38,0.005492123139181963,2.8552477506844462e-06,0.00442493729838888,7.503404196833282e-05,7
birmingham,24,0.003468709351062292,6.996677569346965e-07,0.002418024557992357,7.783058692430907e-05,6
birth,249,0.035987859517271285,0.00020641917335998596,0.015368295411147368,0.0002567641209861335,5
bit,590,0.08527243821361469,0.0004470039485563689,0.028456256636898644,0.00046289849971459593,0
bitch,25,0.0036132389073565544,3.79694252222886e-08,0.0033458294059512277,5.785659816744434e-05,3
bittoun,30,0.004335886688827865,2.18601908259819e-06,0.002508505131627527,0.00010016052157850324,8
black,136,0.019656019656019656,9.578171812525885e-05,0.011337415942405343,0.0002210677279740579,7
bladder,164,0.023702847232258996,4.048706124917787e-05,0.012824063228249673,0.00020117926437364738,5
blah,53,0.007660066483595895,6.879978785185256e-07,0.006586771531403933,8.389469253293666e-05,0
blair,46,0.00664835958953606,4.603282040210911e-07,0.005436129399467994,7.123637707658948e-05,4
blame,142,0.020523196993785228,8.284730641193791e-06,0.011995564780204889,0.00015001333658854081,0
blanket,28,0.004046827576239341,2.0488191860217162e-07,0.0037237035379214557,5.9945796754353665e-05,0
ble,30,0.004335886688827865,2.523636309042822e-06,0.0018946925027956809,0.00010043901760756374,8
bleed,75,0.010839716722069664,5.5616368650494706e-06,0.0072065943790818095,0.00011318963688113763,2
bleeding,45,0.006503830033241798,1.8927298990986364e-06,0.005089739645551235,8.167875026831606e-05,2
blemish,26,0.0037577684636508164,9.312934223986686e-08,0.0032306112130707264,6.821667043381064e-05,3
blend,78,0.01127330539095245,6.480396833027085e-06,0.007846053557158741,0.00011665631975477831,2
bless,21,0.0030351206821795057,3.84531937546326e-08,0.003244447749384569,5.0730894883072115e-05,0
blind,53,0.007660066483595895,3.748423756724068e-07,0.006307203562363888,7.869917611121642e-05,3
blindness,22,0.003179650238473768,2.771140426829642e-07,0.002908815882905202,5.340148186133619e-05,5
bloat,36,0.005203064026593439,1.3828822496743526e-07,0.0051762443666887835,6.921857898387177e-05,3
block,225,0.03251915016620899,3.581296816476356e-05,0.01638582640288624,0.00022764907604614517,5
blockade,26,0.0037577684636508164,1.7112934878337055e-07,0.003470745122530903,6.195422249459208e-05,5
blockage,24,0.003468709351062292,1.3770698523065065e-07,0.003497261644831812,5.660685391067091e-05,2
blocker,46,0.00664835958953606,1.5561428150971388e-06,0.005969007516365011,8.399711570086836e-05,5
blog,91,0.013152189622777859,1.9308110969269495e-05,0.008303208048194705,0.00013269324948083706,6
blood,1859,0.2686804451510334,0.008030079284352641,0.03597030543164312,0.000820188943989219,5
bloodstream,381,0.05506576094811389,8.818252718267954e-05,0.02081938159079785,0.0002867245205737447,2
bloodwork,167,0.024136435901141784,9.730000030453401e-06,0.01426404672628655,0.0001608780724952972,4
blossom,29,0.004191357132533603,2.5960907176927876e-07,0.004056074312853013,7.010814559350955e-05,0
blue,28,0.004046827576239341,7.2521905105376545e-09,0.004009682752383082,5.832036262847733e-05,3
blum,43,0.006214770920653274,3.6398369021838694e-06,0.0032353837572255293,0.00010663843898841068,8
blunt,97,0.014019366960543431,2.1709390157816793e-06,0.01002644707503785,0.00011517617366442537,5
blunting,50,0.007226477814713109,4.909095793277132e-07,0.006066188473888817,8.28678246344708e-05,3
blvd,16,0.002312472900708195,1.0359545313744412e-08,0.0017471574886654567,5.365405809365574e-05,5
blye,15,0.0021679433444139326,2.0529010512870166e-08,0.001950891935034528,4.153948454208829e-05,0
bmi,214,0.030929325046972107,3.21778236513339e-05,0.013704792766299805,0.00019710633978433194,3
bmis,26,0.0037577684636508164,6.066135745924132e-08,0.0037299600275740863,6.214394512442708e-05,3
board,204,0.029484029484029485,0.00015856788008109885,0.013860097568571492,0.00023993621484482826,6
boast,22,0.003179650238473768,6.078247194051187e-08,0.0031519347921338168,5.85651154747515e-05,7
bodily,70,0.010117068940598353,4.190655823997816e-07,0.006563895743686087,7.667505575561331e-05,5
body,1951,0.2819771643301055,0.008330591279206462,0.0398257935085702,0.0008944644623900058,3
bodybuilde,26,0.0037577684636508164,1.1530604094736144e-08,0.003917652349504271,5.2831816450636736e-05,5
bodybuilder,69,0.009972539384304091,1.5499470691428669e-06,0.007829233114913306,9.775954784965728e-05,0
boil,76,0.010984246278363925,6.936279253187305e-06,0.00831873499047021,0.00012473079142988013,7
boiler,31,0.0044804162451221275,2.4391417021344505e-07,0.0036561586815706307,6.478511724014307e-05,5
bolster,27,0.003902298019945079,8.280321505862206e-09,0.004539025157914797,5.311111852125703e-05,2
bolt,28,0.004046827576239341,1.1163165363270043e-07,0.004026627630709701,6.35904766954815e-05,0
bolus,25,0.0036132389073565544,7.025952317899218e-08,0.0035579016099457437,5.638673635717765e-05,2
bombard,28,0.004046827576239341,4.876637230932721e-07,0.003274895872284392,8.243287312362823e-05,11
bone,949,0.1371585489232548,0.0011351927448904602,0.026563953156177465,0.0005096523529622881,3
boob,139,0.020089608324902444,6.2811541268561215e-06,0.012017983011847847,0.00014998972870829822,3
book,271,0.03916750975574505,0.00013106683674648945,0.01657611640273866,0.0002649469304712092,4
boom,75,0.010839716722069664,9.984066534478773e-07,0.008764404400309862,9.665738459260758e-05,0
booming,59,0.008527243821361469,2.5129445588766433e-06,0.0075008449858220555,0.00010227834225712463,0
boost,829,0.11981500216794334,0.0006715332545597443,0.02948394713102818,0.0004935968964273308,7
booster,280,0.04046827576239341,4.0783565956798054e-05,0.018021175310472683,0.0002325469412293265,0
bordal,22,0.003179650238473768,4.997205844303216e-08,0.002394364046261732,6.0178000500456534e-05,6
borderline,53,0.007660066483595895,2.979124558940599e-07,0.006795644847196477,7.826711849735783e-05,0
boron,29,0.004191357132533603,1.2652170956788043e-07,0.003736410971991196,6.110664265005917e-05,7
boston,89,0.012863130510189334,5.662466452753407e-05,0.005969723583565907,0.0001877014730699634,6
bot,32,0.00462494580141639,4.110205474331797e-06,0.00326901205464116,8.204032727508683e-05,4
bother,106,0.01532013296719179,7.676062677972972e-06,0.009017532171147653,0.00011835662405525299,0
bothersome,108,0.015609192079780315,3.7641237918309335e-06,0.010073313699881459,0.00011611793007359326,0
botox,33,0.0047694753577106515,1.636378585948484e-06,0.003420435962983183,8.296849929255379e-05,3
bottle,71,0.010261598496892614,1.5129681085511272e-06,0.007711681727972841,0.00010169364821554116,2
bound,110,0.01589825119236884,1.2936580394755064e-05,0.008264701458314254,0.00014756488239237383,5
bovine,26,0.0037577684636508164,2.3370047213148416e-07,0.0033339886112877205,7.393334692227025e-05,6
box,26,0.0037577684636508164,2.7573760534572762e-08,0.004085871572581945,6.06466189185793e-05,6
boxed,29,0.004191357132533603,4.962625885542142e-07,0.003997821982514501,7.25098960793353e-05,2
boy,274,0.039601098424627834,3.918434724977256e-05,0.015949303221446873,0.00021423562762105721,5
boyle,29,0.004191357132533603,1.4544565093182737e-07,0.003793428840872962,7.041771232371759e-05,6
bph,107,0.015464662523486054,1.0058684876391862e-05,0.00913587347272418,0.00012660227231849297,5
bph.59,27,0.003902298019945079,7.524937862683316e-08,0.0037763359880933676,5.727603764854246e-05,3
bradley,26,0.0037577684636508164,4.0677100570644707e-08,0.0034799058526599784,5.7264607531860986e-05,5
brag,26,0.0037577684636508164,3.598578950860195e-07,0.004036509188923983,5.617431711045284e-05,0
brain,811,0.11721347015464663,0.0009991810647715755,0.029293190616288284,0.0005486137611491609,5
brand,236,0.034108975285445875,5.2632551417029795e-05,0.018856354092088027,0.0002588181712194633,2
brannigan,66,0.009538950715421303,0.0001030491571877324,0.005286042167819982,0.0001574991787136853,8
brca,25,0.0036132389073565544,2.691781746293498e-07,0.002679485476020717,7.114463813628398e-05,1
bread,58,0.008382714265067205,1.4700815776782228e-05,0.00501973871032829,0.00012331582148089278,7
breadcrumb,26,0.0037577684636508164,5.853033973361059e-07,0.0034784975663572455,6.277960257271552e-05,0
break,253,0.03656597774244833,2.9938137329450695e-05,0.0171828561622996,0.00021456500100624373,2
breakage,25,0.0036132389073565544,1.457705579572543e-07,0.0037291576929559186,5.5381797510638885e-05,2
breakdown,69,0.009972539384304091,1.215752518008424e-06,0.007519797598270571,9.366893491796948e-05,9
breaker,25,0.0036132389073565544,1.2711950765251755e-08,0.0038907533685172964,5.52192572157585e-05,0
breakfast,53,0.007660066483595895,6.641707033073449e-06,0.006398102820691003,0.00010311743942195814,7
breakout,97,0.014019366960543431,1.0935296047212582e-05,0.009122555835626912,0.00013751329671607345,9
breakthrough,28,0.004046827576239341,2.7581093231569815e-07,0.0031654274611907507,8.048495184329962e-05,9
breakup,25,0.0036132389073565544,9.92054903413121e-09,0.004101582548544845,5.357138190984291e-05,0
breast,757,0.10940887411475647,0.0005216206922566588,0.027075635627195112,0.00044865387825558244,5
breastfeed,25,0.0036132389073565544,7.107843570581367e-08,0.003226634043163038,5.9947922233599655e-05,2
breath,86,0.012429541841306548,4.937631291575448e-06,0.008293622669293186,0.00012289264576016844,3
breathe,104,0.015031073854603266,1.4021154214998934e-05,0.009111336327011712,0.00013148388940779785,3
breathing,169,0.024425495013730307,3.5184680537313535e-05,0.013549752271966392,0.00019233571489288916,5
breathwork,29,0.004191357132533603,2.238995856947765e-07,0.003777625461993682,7.518400966581961e-05,4
breehl,29,0.004191357132533603,1.8965876935576688e-06,0.002858424922424528,9.261177061133406e-05,8
brenda,19,0.0027460615695909813,3.891840677801501e-08,0.002020127802850351,6.078916768322022e-05,8
brian,30,0.004335886688827865,1.4170849365701866e-05,0.001993226163841793,0.00010299058506748264,8
brief,60,0.00867177337765573,2.0723119947433406e-06,0.007008210712029643,9.324993569950921e-05,4
briefly,24,0.003468709351062292,1.5435430032268306e-08,0.0037088726870902772,5.14650697266451e-05,3
brigham,23,0.00332417979476803,6.532427635191319e-07,0.0023913662758245453,7.604669297064956e-05,6
brilliant,26,0.0037577684636508164,1.3728176051919446e-08,0.004036702956002217,5.350707581878272e-05,0
bring,668,0.09654574360456714,0.0004320128780890094,0.02876192417783139,0.0004534492442246104,0
brings,26,0.0037577684636508164,2.207129463442997e-08,0.003578468639230541,5.45841023629992e-05,3
brisk,28,0.004046827576239341,2.81029899241386e-07,0.003971449758709253,6.607755075186265e-05,0
british,176,0.025437201907790145,0.00020482825785376706,0.011653480507107053,0.00019385203800002142,8
brito,48,0.006937418702124584,1.3970461536126488e-05,0.0030297626168653887,0.00013146234854188052,8
brittle,98,0.014163896516837693,1.4118913707161755e-06,0.008821815521869197,0.00010581510953557821,3
broad,156,0.0225466107819049,7.687688211904284e-06,0.013639609421784096,0.00016114329075237423,3
broadcast,27,0.003902298019945079,1.4596434258515206e-07,0.0032901157336903027,6.85452546600754e-05,6
broadly,23,0.00332417979476803,7.720995240716821e-08,0.003707169658219509,5.583741095504189e-05,4
broccoli,29,0.004191357132533603,3.236984603142077e-07,0.002006700112486937,9.804437258922863e-05,7
brockport,24,0.003468709351062292,1.2405278524565258e-06,0.0019166616893958235,8.418888424646517e-05,9
broderick,85,0.012285012285012284,2.863843516241847e-06,0.008715607470139228,0.0001090089254106522,3
broken,28,0.004046827576239341,1.0062628830977773e-08,0.003936271113709552,5.820771363450508e-05,3
brother,17,0.002457002457002457,4.233805263550319e-08,0.0019729389353194725,5.55369943901966e-05,0
brown,49,0.0070819482584188465,1.9096816874864753e-05,0.004562139634407461,0.00010830342488619652,7
browse,114,0.016476369417545888,6.664772180303207e-06,0.010456799228402995,0.00013811585448404053,4
browser,28,0.004046827576239341,2.1971111676897709e-07,0.0034937213597706677,6.30749103162749e-05,0
bruce,29,0.004191357132533603,3.9889373258013565e-06,0.0016694019363254324,0.00010672549846421929,8
bruise,105,0.015175603410897529,6.11009312891672e-06,0.010189900438810238,0.0001336666832576061,2
bruising,25,0.0036132389073565544,6.754818454643642e-08,0.0030908985847047624,6.439762330452788e-05,2
brush,30,0.004335886688827865,2.2929974173808734e-07,0.004392828058497391,6.78555158101356e-05,2
bsc,29,0.004191357132533603,9.314228515084177e-07,0.002834324841618388,9.11574672260862e-05,6
bssm,124,0.01792166498048851,5.939002473796323e-06,0.011267225691496657,0.00014181291864715805,4
bubble,26,0.0037577684636508164,4.524718850792197e-08,0.0038937242644013783,6.385043151674717e-05,2
buccal,217,0.031362913715854895,4.219998778735853e-05,0.01648136161724426,0.00024217470433488778,2
buckle,30,0.004335886688827865,3.591546579083716e-07,0.003855539282321696,6.802909827570566e-05,2
budget,48,0.006937418702124584,7.092022904634927e-07,0.006313855621158264,7.797461054607597e-05,4
buff,19,0.0027460615695909813,4.868090510641262e-09,0.0027272928248985692,4.870566435220205e-05,3
buffer,44,0.006359300476947536,1.4314216612763134e-07,0.005716147058896782,7.415842898459999e-05,5
bug,29,0.004191357132533603,9.826342459810526e-08,0.004079762331709905,6.23456342724279e-05,0
build,578,0.08353808353808354,0.0003386129425230625,0.027883602271561246,0.0004047283413232642,3
builder,58,0.008382714265067205,1.2953643957899978e-07,0.006542576125417773,7.250737601688451e-05,3
building,127,0.018355253649371295,6.866272733652139e-05,0.01106812538585893,0.00015827037256985104,9
buildup,99,0.014308426073131956,4.2928806990525275e-06,0.009110144832973633,0.00012168392065508343,3
bulge,43,0.006214770920653274,9.348100623174297e-07,0.004660372914326592,7.984149097854358e-05,0
bulimia,18,0.0026015320132967193,3.5029474233709623e-07,0.00220095872883866,5.746299520244384e-05,7
bulk,54,0.007804596039890158,2.0066267442627334e-07,0.006123152199835387,7.63682245257576e-05,3
bullet,77,0.011128775834658187,3.048168795956882e-06,0.007979036240226934,0.00010961117851541833,0
bullock,68,0.009828009828009828,3.93911687015142e-06,0.006598138354242559,0.00011053521739081245,4
bullough,21,0.0030351206821795057,8.245362494750204e-07,0.0027594863458931997,6.570325443515656e-05,0
bump,24,0.003468709351062292,1.2681510456125295e-07,0.003515404321037752,5.891685090285659e-05,0
bunch,26,0.0037577684636508164,3.628640490197366e-08,0.003851397888377306,5.800061784558688e-05,0
bundle,39,0.005636652695476225,1.116115033217752e-07,0.004851197824890097,6.374116982269624e-05,4
bupki,35,0.005058534470299176,6.172286764063408e-07,0.004246755191568155,7.421719311654813e-05,0
burden,120,0.01734354675531146,1.4828341154898764e-05,0.010180091852001107,0.00015337585428535925,0
burlington,24,0.003468709351062292,5.380008989352097e-07,0.0026098769203987886,7.159129170800531e-05,8
burn,180,0.02601532013296719,2.33753852028368e-05,0.014356316882558734,0.00018519940599591604,0
burnett,94,0.013585778291660645,8.67241147675402e-06,0.008650648595362591,0.0001348091056748714,6
burning,26,0.0037577684636508164,1.2979907307895022e-08,0.004066209714665115,5.222381154330374e-05,3
burnod,30,0.004335886688827865,7.465859283088766e-07,0.0027144509354179655,9.642285767719655e-05,8
burns,24,0.003468709351062292,2.3508818923486934e-07,0.0026173622446496025,6.873588679565135e-05,5
business,143,0.02066772655007949,1.891945746380915e-05,0.013551041888156666,0.000178899237708415,0
bust,24,0.003468709351062292,1.2814591498052196e-08,0.003442199556208915,5.220405370224808e-05,0
busy,46,0.00664835958953606,1.637161757723032e-06,0.005743591017295644,7.26531621721379e-05,0
butt,91,0.013152189622777859,5.2524070707863595e-06,0.00791190996141291,0.00012411583184136014,0
butterfly,25,0.0036132389073565544,9.701608621713885e-08,0.002964878762761637,6.0528387311428955e-05,5
buttock,141,0.020378667437490967,1.5989086253297435e-05,0.012284144927893835,0.0001639246806035257,2
button,146,0.021101315218962278,3.9335282285260544e-05,0.0123185053184247,0.00019387374141775367,4
butts,29,0.004191357132533603,2.1138658168947497e-07,0.00305440997042739,6.732556712325279e-05,0
buy,180,0.02601532013296719,2.308504437277634e-05,0.015011935485381565,0.0001943232830320435,4
buyer,34,0.004914004914004914,2.7764782473771535e-07,0.0035465014124744887,6.870832304601174e-05,0
buzzsprout,53,0.007660066483595895,6.564939660320668e-07,0.0052936941259305375,8.785214022336857e-05,0
bypass,99,0.014308426073131956,3.775100209059953e-06,0.010861640218100169,0.00012978054995059848,2
byproduct,28,0.004046827576239341,3.640962526036643e-08,0.0038557958078295814,6.450234908599775e-05,3
byron,21,0.0030351206821795057,7.176213246822536e-07,0.002752706268121518,6.602556191658129e-05,0
c.n,52,0.007515536927301633,8.710662436869506e-06,0.003495425942603414,0.00015520005196538708,8
c.p.t,28,0.004046827576239341,2.1401118932306948e-07,0.0038437192354971745,7.04600551456982e-05,4
c1995,24,0.003468709351062292,1.8155536733908084e-07,0.0029087249803409834,6.795082300421104e-05,8
c2025,80,0.011562364503540975,1.601364352576673e-05,0.006020199977376139,0.00016358119860142065,8
caban,29,0.004191357132533603,2.0379930628336437e-06,0.0028590198091974365,9.217609034664779e-05,8
cac,31,0.0044804162451221275,1.1602767993651547e-07,0.0036425252264223923,6.152901821597881e-05,3
cad,62,0.008960832490244255,2.1460951507113684e-06,0.0064931146454247175,0.00010314562418188289,3
caffeine,24,0.003468709351062292,5.944941391665658e-08,0.0031318667006041165,6.01340302784838e-05,7
cag,24,0.003468709351062292,6.354278503004252e-09,0.0038813064808327826,5.181937842601973e-05,4
cah,51,0.007371007371007371,1.6479903371957734e-07,0.005360935143493519,7.413963917106464e-05,5
calcification,39,0.005636652695476225,2.7480081716097485e-07,0.004911967336901817,6.909708122055892e-05,3
calcium,158,0.022835669894493423,2.0747472303828473e-05,0.01215665506707289,0.0001810487375149278,3
calculate,141,0.020378667437490967,1.547708485169909e-05,0.012084548806817448,0.00016264118781663843,4
calculated,28,0.004046827576239341,3.767394667435456e-07,0.0038202309211320114,6.71184231965743e-05,6
calculation,27,0.003902298019945079,1.9337626814470816e-07,0.003429603112584231,6.965426601537483e-05,4
calculator,46,0.00664835958953606,1.6455606958085156e-06,0.0054690208618828635,7.908183308049766e-05,3
calendar,55,0.00794912559618442,9.192256576794754e-07,0.006506174522952004,8.919967894729418e-05,0
calgary,17,0.002457002457002457,6.014308519781842e-07,0.0016405280105326143,6.397474908067185e-05,6
calibrate,27,0.003902298019945079,2.990736479118273e-08,0.004237186868509688,5.4426386123566494e-05,4
calibration,30,0.004335886688827865,3.40568998288048e-07,0.0036996981375125495,7.399688774721463e-05,4
california,41,0.005925711808064749,5.217327668785205e-06,0.003847978165483413,0.00010415379341384137,6
calm,101,0.01459748518572048,8.206946944187445e-06,0.009372035310602812,0.00014070947702385066,3
calogero,27,0.003902298019945079,1.284048243946976e-06,0.0024087440095441896,8.345288610821064e-05,8
calorie,126,0.018210724093077033,7.4614143087148755e-06,0.011280178344284785,0.00013846133706952362,0
campaign,47,0.0067928891458303225,1.1361439810005262e-05,0.0049856446475941086,9.710720425771082e-05,4
campbell,30,0.004335886688827865,2.4120252792929276e-05,0.0016568851225406923,0.00010859075144356059,6
campus,54,0.007804596039890158,2.691020006614144e-06,0.005779606577344618,0.00010612430893764351,6
camry,21,0.0030351206821795057,1.5832546676847477e-06,0.002025014063950544,7.153104468873054e-05,0
canada,222,0.03208556149732621,0.00021639505482964043,0.012476859239939022,0.0002603976394507728,6
canadian,195,0.028183263477381124,5.646974705821789e-05,0.015186391611432955,0.0002423249687771181,4
canandaigua,21,0.0030351206821795057,9.158152460109973e-07,0.0014782324156835734,8.0429553375237e-05,9
canary,46,0.00664835958953606,7.608849367608537e-07,0.0057392033906504755,8.583905452768478e-05,3
cancer,1087,0.15710362769186298,0.002298760150200479,0.031097126926272336,0.0006500542645219583,5
cancerous,54,0.007804596039890158,9.136024780220395e-07,0.006286416971272054,8.039469966503343e-05,5
candidate,366,0.05289781760369996,4.281326483144528e-05,0.021011369587608644,0.0002460778281667383,4
candle,28,0.004046827576239341,5.722271114726255e-08,0.00446244623861315,6.060210198358134e-05,0
canine,28,0.004046827576239341,1.6132052029874487e-07,0.003443811041857995,7.580133445611234e-05,2
capability,25,0.0036132389073565544,1.8764298442561527e-08,0.00382842891964035,5.201985481843708e-05,3
capable,48,0.006937418702124584,3.366438091795867e-07,0.006050881799221476,7.368845003448093e-05,0
capacity,99,0.014308426073131956,4.150093804722783e-06,0.009781718092035773,0.0001203119576478246,3
capogrosso,24,0.003468709351062292,3.683654031717389e-07,0.002877126573114938,6.500485034058442e-05,6
capsule,210,0.030351206821795058,3.968952289023256e-05,0.016378695201079787,0.00022538388703638318,2
capture,76,0.010984246278363925,1.8358291172828988e-05,0.006896708115088695,0.00012204671424469018,11
car,119,0.0171990171990172,5.736529650361064e-05,0.009792165465235694,0.00016959419108601836,0
carb,70,0.010117068940598353,3.674742719913088e-06,0.007052881891418703,0.0001102096570204829,7
carbohydrate,37,0.0053475935828877,2.8631864600105635e-07,0.0046209016534221195,7.2935807473132e-05,7
carbon,24,0.003468709351062292,7.230418805383104e-09,0.0032299180425575755,5.7765375341619425e-05,5
cardiac,197,0.028472322589969647,3.4926390465942535e-05,0.014898631831986198,0.00021409268093196536,6
cardio,138,0.019945078768608182,1.3979973921247703e-05,0.012334911417086059,0.0001542700765880778,0
cardiologist,148,0.0213903743315508,7.188597376098591e-06,0.01223751625098197,0.0001543884549469182,6
cardiology,152,0.02196849255672785,3.61798975353776e-05,0.012342511177223113,0.00020827998281011957,4
cardiometabolic,27,0.003902298019945079,3.922520985535184e-07,0.0034739763009698937,6.393911399861896e-05,3
cardioprotectant,28,0.004046827576239341,1.412282569830674e-07,0.003703153813282974,6.639122305320779e-05,6
cardioprotective,48,0.006937418702124584,2.357183712548885e-07,0.006104196008681068,7.418724888080263e-05,3
cardiovascular,1025,0.14814279520161874,0.0015699154736028755,0.03331754774810953,0.0006623023858744386,6
care,1489,0.21520450932215637,0.005512655248465326,0.03802487338787989,0.0008717411182990626,4
career,126,0.018210724093077033,6.865517254910741e-05,0.010190677586301631,0.00020354568152525438,6
careful,286,0.04133545310015898,3.8849768207122515e-05,0.020280399453663757,0.0002517889074944626,2
carefully,419,0.06055788408729585,0.00012855526283200427,0.025705970034864373,0.00034026776026797417,4
caring,45,0.006503830033241798,1.0927313859725937e-07,0.0055497164611661145,6.809443159070239e-05,4
carlomagno,27,0.003902298019945079,4.932149317412793e-07,0.002288896899288616,9.361327356771266e-05,8
carolina,21,0.0030351206821795057,2.766344340951887e-08,0.0028162858067999753,5.6070654075907636e-05,0
carrier,99,0.014308426073131956,0.0002913285607606795,0.0077079888107422015,0.0001816508382439231,6
carrot,29,0.004191357132533603,1.4933468026177493e-06,0.0021111134048623524,9.597120366864656e-05,7
carry,468,0.0676398323457147,0.00015426200530219408,0.025339342133362395,0.000341072791257646,2
carson,26,0.0037577684636508164,1.517810484178226e-06,0.001994296834407988,9.070558049297019e-05,8
carswell,22,0.003179650238473768,3.346932656707508e-07,0.0028365691962371265,7.023639845097997e-05,0
carter,25,0.0036132389073565544,2.711875607546632e-08,0.00395593001200372,5.9723442972155726e-05,4
cartoon,26,0.0037577684636508164,1.8013980068838525e-07,0.003519596870524359,6.783122144257231e-05,7
carvalho,27,0.003902298019945079,9.868185415642354e-08,0.003329143011259117,6.894076441528433e-05,5
cascade,75,0.010839716722069664,3.7489230450378017e-06,0.007819928850500894,0.00010953733083528138,5
case,959,0.13860384448619742,0.0011137466083208922,0.03568219988636603,0.000586978586110334,0
cash,28,0.004046827576239341,5.208646503857321e-08,0.0037313083684945205,5.906905305288954e-05,0
casual,28,0.004046827576239341,2.0347409434153267e-08,0.00381153525154318,5.565987561856419e-05,0
catabolic,103,0.014886544298309004,6.7270266788611036e-06,0.010198512400017179,0.0001461644564657994,4
catalyst,26,0.0037577684636508164,3.504381337250567e-08,0.003776138463203317,5.831771370419671e-05,4
catch,145,0.020956785662668016,2.286313224468778e-05,0.012932062596135116,0.00016944140651817965,7
categorization,25,0.0036132389073565544,5.764096375213695e-08,0.0036415162185056403,5.8006697049953944e-05,2
categorizes,25,0.0036132389073565544,4.714775269603176e-08,0.003544034885361178,6.500936996445317e-05,4
category,81,0.011706894059835236,1.7563132849051345e-06,0.006546798541501969,9.466891564054259e-05,4
catheterization,28,0.004046827576239341,7.572660710920052e-08,0.003919352180308587,6.309091780202943e-05,3
cau,20,0.0028905911258852437,2.5694362837976235e-07,0.0020412094724830353,7.060344126858709e-05,8
causal,26,0.0037577684636508164,6.740467761611245e-09,0.0038553475405108716,5.4202652450963096e-05,6
causation,94,0.013585778291660645,6.423563787690621e-06,0.009636454696146093,0.00012952375757486196,4
causative,22,0.003179650238473768,3.3030046786464468e-09,0.0032481995933098663,4.505227544072307e-05,3
cause,1966,0.28414510767451945,0.008322819631421098,0.03736957480007238,0.000877537859348745,5
cause(s,45,0.006503830033241798,6.591111257241175e-08,0.005831315375863226,6.604343416252461e-05,4
cauter,77,0.011128775834658187,4.296263208140782e-06,0.007755819485888247,0.00011545316542620916,6
caution,263,0.038011273305390954,4.979851375368016e-05,0.018307984604260658,0.00024264595270228966,2
cautious,85,0.012285012285012284,5.543652482680049e-06,0.008904342828548666,0.00011758527877592112,2
cautiously,53,0.007660066483595895,1.0108107963444736e-06,0.0063474318870979695,8.835918273505314e-05,6
caveat,25,0.0036132389073565544,1.3248093651849646e-07,0.0038576524477008387,5.475057886114351e-05,0
caverject,28,0.004046827576239341,6.371223201737671e-08,0.004257983105307978,6.390349053155299e-05,2
cavity,35,0.005058534470299176,3.249638934604209e-07,0.004385546381442155,7.484374727343692e-05,2
cbc,109,0.015753721636074577,2.122824073410962e-06,0.009628261611384654,0.00011664321517039092,5
cbt,26,0.0037577684636508164,1.08854836868673e-07,0.0036045654727187206,5.1117704117232136e-05,4
ccjm.91a.23064,27,0.003902298019945079,3.144759782098874e-07,0.003572832915993468,6.936895839691576e-05,8
cdc,109,0.015753721636074577,8.300113713903392e-06,0.010109302371299827,0.0001441732943137633,4
cease,75,0.010839716722069664,1.5419949128270834e-06,0.00787361162998888,0.00010231313263653772,5
cecil,44,0.006359300476947536,2.3805685482693768e-06,0.00420963451413356,8.24759172024553e-05,8
cedars,120,0.01734354675531146,1.0793170205289514e-05,0.0092518738929867,0.00015076960660958782,6
celebrity,29,0.004191357132533603,1.7074974334020127e-07,0.004039842012834258,6.239623978515189e-05,0
cell,914,0.13210001445295563,0.001057000853838063,0.028000487232174198,0.0005408385902349229,5
cellular,79,0.011417834947246712,2.463252296923339e-05,0.007790693756985142,0.00013998610224081416,8
cent,48,0.006937418702124584,1.239410477079012e-07,0.005428107954452445,6.856656542619722e-05,5
center,630,0.09105362046538518,0.0009908135848422468,0.02567654234256585,0.0005256036913967796,4
central,253,0.03656597774244833,0.00018763952079261218,0.015514521340594174,0.0003045166912978795,8
centre,130,0.018788842318254083,5.124664578167511e-05,0.010944052335380788,0.00019773962898236166,4
century,26,0.0037577684636508164,4.193738214007803e-08,0.0033165577035919277,6.031458468488862e-05,0
cereal,30,0.004335886688827865,4.081491489709393e-06,0.0025855432817136013,8.933842792687139e-05,7
cerebellum,28,0.004046827576239341,6.186795116926123e-08,0.003708018696595004,6.274738485321057e-05,3
cerebrovascular,43,0.006214770920653274,4.84456064427466e-07,0.005508059777804389,7.958842430356168e-05,6
certain,866,0.12516259575083105,0.0007685393420096049,0.029784921075553642,0.0004945737787525381,5
certainly,266,0.03844486197427374,3.3322430539579625e-05,0.01930252508357546,0.00023240463429303194,0
certainty,36,0.005203064026593439,7.88293808362799e-07,0.004148202337812797,6.978656404696118e-05,4
certification,27,0.003902298019945079,2.337433710563274e-07,0.0038352533788452415,6.708827291606429e-05,4
certify,221,0.03194103194103194,0.0001051102571229052,0.0160711960499791,0.00024742645210941157,4
cervix,27,0.003902298019945079,1.718841648846745e-07,0.002794921753014665,7.154188301366768e-05,1
cessation,135,0.019511490099725394,7.842953041756089e-06,0.011872425055118386,0.00014614813349822641,1
chafing,23,0.00332417979476803,1.2739077116477691e-07,0.003244711759333134,6.029614478677966e-05,0
chain,71,0.010261598496892614,2.109363089287053e-06,0.007223729283709158,0.00010169214728468117,5
chair,127,0.018355253649371295,2.256372765251746e-05,0.011137005607776224,0.0001765328632223773,4
chalk,26,0.0037577684636508164,3.0168873632967955e-08,0.0035332256643340392,5.1249488913025465e-05,3
challenge,340,0.04914004914004914,0.0001562782971397518,0.02239386805759707,0.0003238089972158185,4
challenging,232,0.03353085706026882,1.870264739989534e-05,0.017910856297657294,0.0002026329516959245,4
chance,284,0.041046393987570456,5.8324591987478216e-05,0.019617509973666528,0.0002504744609109327,7
chandrashekar,29,0.004191357132533603,1.074563477924286e-05,0.0011897685648113668,0.00011703284626327857,8
change,1612,0.23298164474635064,0.004171590937341911,0.039517051677556356,0.0007766688813375807,0
changeable,27,0.003902298019945079,2.4761399451635053e-08,0.003480371990389726,5.2752729536685645e-05,3
changer,26,0.0037577684636508164,1.4653437839894744e-07,0.0037100834301041575,6.498380541989707e-05,0
"changes.5,16",27,0.003902298019945079,3.60259948996707e-08,0.0040046863474436905,5.714910787138868e-05,3
channel,23,0.00332417979476803,1.4212333705909102e-07,0.003406590637107451,6.28881302348548e-05,2
chap,112,0.016187310304957365,3.108143747556937e-05,0.007008988643516334,0.00019994270872632198,8
chapter,18,0.0026015320132967193,1.2243645224393405e-07,0.0024952447926801305,4.93751150812978e-05,4
character,26,0.0037577684636508164,1.833084378329132e-07,0.003483920589213297,6.788301490596771e-05,7
characterise,45,0.006503830033241798,2.2000405828507588e-06,0.004765134965133445,7.885618180421707e-05,5
characteristic,317,0.04581586934528111,5.732632355411576e-05,0.01887018320318298,0.00025285282562984,5
characterize,92,0.01329671917907212,2.4400827269646095e-06,0.009225925922634992,0.00011070327446434946,3
charge,135,0.019511490099725394,1.3193168651749915e-05,0.012050724834596316,0.00016191990780216762,4
charity,25,0.0036132389073565544,2.2643434963085976e-07,0.0027199665283014355,7.522985345729542e-05,4
charming,30,0.004335886688827865,6.366038737175681e-08,0.0038835337000815823,6.350747507197191e-05,3
chart,64,0.00924989160283278,3.6841346919290835e-06,0.006979326618680394,9.179128144345994e-05,0
chasing,28,0.004046827576239341,1.6753276839189666e-07,0.003755740969259858,5.7110611670449995e-05,5
chat,27,0.003902298019945079,6.647069538162875e-08,0.00418632962456571,6.270281179525885e-05,4
cheap,114,0.016476369417545888,7.471968606207611e-06,0.011252544636365344,0.0001484977468841894,0
check,909,0.1313773666714843,0.0009080507688298988,0.02882472100219653,0.0005013813147731014,0
checker,24,0.003468709351062292,7.259773700212984e-09,0.0035342887918685647,4.540812804729309e-05,0
checklist,58,0.008382714265067205,1.5888952222332038e-06,0.005726044363028163,0.00010061595648303817,1
checkup,52,0.007515536927301633,1.1679427790673638e-06,0.005676471747344155,7.581918114729409e-05,8
cheek,85,0.012285012285012284,3.762685962005986e-06,0.008393668350834457,0.000119237742499132,2
chemaitilly,30,0.004335886688827865,1.012765766785378e-06,0.002602979732917887,8.166203785123292e-05,8
chemical,286,0.04133545310015898,8.826865618150147e-05,0.0190815074602157,0.0002603265298268355,5
chemically,52,0.007515536927301633,2.4769697920809504e-06,0.005761860779486648,9.836007132440129e-05,5
chemistry,148,0.0213903743315508,0.00010084302160013322,0.011661795487704437,0.00021197199531983895,6
chemotherapy,328,0.04740569446451799,5.961534224924017e-05,0.01812502910025915,0.00026463849570037727,5
chen,49,0.0070819482584188465,2.1211757110745404e-06,0.0050637929911750154,9.185186194176693e-05,5
chest,188,0.02717155658332129,4.6293034554354914e-05,0.013733224660109553,0.00020403092750678994,3
chew,19,0.0027460615695909813,3.140900558806599e-08,0.002361651286661425,5.716965236610555e-05,2
chicago,97,0.014019366960543431,1.2190214970790142e-05,0.009374580869007564,0.00015553757516039454,6
chicken,48,0.006937418702124584,8.459745014634618e-07,0.005728458795632799,8.418316006265125e-05,7
chickpeas,30,0.004335886688827865,1.228505056836895e-06,0.00214204428916759,9.834123933616491e-05,7
chief,105,0.015175603410897529,6.066523073475105e-06,0.009585734603674085,0.00013491403489921766,0
child,632,0.09134267957797369,0.000552631903020883,0.026353687063153716,0.0004440048138969477,5
childbearing,42,0.006070241364359011,4.289705499482484e-07,0.0058800876327876825,7.007349510619785e-05,0
childbirth,26,0.0037577684636508164,2.1635540152664764e-07,0.0027323884248334224,7.290126678494524e-05,5
childhood,123,0.01777713542419425,3.532879332641999e-05,0.01020067227634291,0.0001718313538765139,5
chiles,29,0.004191357132533603,3.568622773945226e-06,0.0014663046637176042,0.00011026977135249914,8
chip,51,0.007371007371007371,4.392328101135777e-06,0.005091001858633077,0.00010798736045528824,7
chitchat,24,0.003468709351062292,1.47445362089741e-07,0.003454688832326515,6.091313764805058e-05,0
chlamydia,30,0.004335886688827865,5.5577529390181e-07,0.002617318129705392,8.030801275859563e-05,1
chloride,25,0.0036132389073565544,1.1981552644632188e-06,0.0022179272506069724,7.756472206422778e-05,5
chocolate,136,0.019656019656019656,5.8766325487391684e-05,0.010056651058488113,0.0001922752076323574,7
choice,366,0.05289781760369996,5.672319894050079e-05,0.023185470191146224,0.00026652677218943636,0
cholesterol,444,0.06417112299465241,0.00020444914551326641,0.019405284085624624,0.000307245831747161,5
choose,472,0.06821795057089175,0.00019653435836223195,0.026027503313858554,0.00035770125775387584,4
chorionic,247,0.035698800404682755,2.7541937236318356e-05,0.017121202098237174,0.00021581986126570558,5
choy,91,0.013152189622777859,3.037275965026036e-06,0.008729315809724586,0.00011678306140556238,5
chris,29,0.004191357132533603,5.25081822393401e-08,0.004098336800299726,5.7516301095054064e-05,3
christian,48,0.006937418702124584,0.00010906495713035666,0.0027631855980027385,0.00013754588073385486,8
christina,29,0.004191357132533603,1.3347171000774386e-06,0.0016530212212978017,0.00010252693055071229,8
christopher,14,0.0020234137881196706,5.107104346509879e-09,0.001814135053179152,4.413798417744264e-05,5
chromatography,27,0.003902298019945079,1.1129586059482586e-07,0.003508550550638855,6.731305462788133e-05,4
chromosomal,51,0.007371007371007371,8.418551601058962e-07,0.0055511367471006426,7.912145181797915e-05,5
chromosome,150,0.021679433444139327,2.5322006901122414e-05,0.010571986531396594,0.0001740241809509002,5
chronic,629,0.09090909090909091,0.0003340092384418206,0.02601119704413949,0.0004075301334041157,5
chronology,26,0.0037577684636508164,2.4608099916578247e-07,0.003814385427579353,6.0285348577171396e-05,3
chung,23,0.00332417979476803,5.540225938760156e-07,0.0027790025713199623,7.035841171264358e-05,8
cialis,78,0.01127330539095245,5.5751686175977575e-06,0.007752404347293298,0.0001104281908064951,2
cinematography,29,0.004191357132533603,8.149129868719344e-08,0.004296757700075903,6.391764092815704e-05,5
circadian,88,0.012718600953895072,6.216366758463241e-06,0.009088346029283965,0.000129307467086836,2
circle,25,0.0036132389073565544,3.463997601030704e-08,0.0037373755353229017,6.173084821554069e-05,0
circulate,279,0.040323746206099145,5.736656323392909e-05,0.018371417873960683,0.0002506947790140994,5
circulating,24,0.003468709351062292,1.3497759163216344e-08,0.003265689446808228,5.2997564816073273e-05,0
circulation,167,0.024136435901141784,1.4453443920507425e-05,0.013597113028939775,0.00018128663671110413,7
circumference,137,0.019800549212313917,7.419234313526728e-06,0.010809497720136299,0.00014863604978563756,3
circumstance,137,0.019800549212313917,8.14429085927687e-06,0.01138413545724461,0.0001307176283036621,4
cirrhosis,80,0.011562364503540975,1.977409950887414e-06,0.008135599776175027,0.00010555596755710795,5
citation,100,0.014452955629426218,1.6827385149115746e-05,0.008988121650279842,0.0001584530934927303,4
cite,312,0.0450932215638098,0.0002865555821063492,0.01721697764524075,0.0003743214621877806,8
cited,16,0.002312472900708195,6.545237642768892e-08,0.0019079624552271622,5.199732124491714e-05,6
citrate,104,0.015031073854603266,2.130857560192457e-06,0.01037295089164776,0.00011423042839490707,5
city,44,0.006359300476947536,5.887472679333403e-06,0.004451129698957676,9.628994041457523e-05,4
claim,201,0.029050440815146697,3.6919712126184305e-05,0.014785734030843111,0.0002104643693320391,0
clan,26,0.0037577684636508164,1.1465128966541226e-08,0.0040824373017028185,5.463381181368358e-05,0
clara,21,0.0030351206821795057,3.9255353688317163e-07,0.0013279720633632658,8.383045493586285e-05,9
clarification,24,0.003468709351062292,2.5993373611858944e-08,0.0036621954510229087,5.8681619240844626e-05,4
clarify,50,0.007226477814713109,1.2072467131940586e-06,0.005916777393068528,8.91003128608613e-05,0
clarity,178,0.025726261020378668,3.5066309386239067e-05,0.013012038752898702,0.00018466902767800606,3
clarus,23,0.00332417979476803,1.5765655032875874e-07,0.0023831056920287814,7.579316543553292e-05,6
class,99,0.014308426073131956,1.171426124856257e-05,0.009516755554859035,0.0001388035915929065,6
classic,24,0.003468709351062292,1.2155974899530418e-08,0.003588145314980914,5.231773787225522e-05,3
classical,41,0.005925711808064749,1.5079361133848232e-07,0.0046387652481362385,6.378301900501021e-05,5
classification,25,0.0036132389073565544,1.845521258046329e-08,0.0033991142652442944,5.2710034480816926e-05,3
classify,41,0.005925711808064749,4.910015855702544e-07,0.004942258677816607,6.813540651606054e-05,5
classmate,26,0.0037577684636508164,1.4590419210828e-08,0.0036327755676131453,5.5543501797745886e-05,5
clean,145,0.020956785662668016,2.493480809320907e-05,0.012571190598497881,0.00016374761862118315,2
clear,517,0.07472178060413355,0.0002927341928146667,0.025185624274578204,0.00037238822299231393,0
clearly,243,0.03512068217950571,3.1834712414544296e-05,0.017658368938343032,0.00022370960317573798,0
cleveland,443,0.06402659343835815,0.00024554324360084656,0.019742729307940472,0.00035087904996666775,0
clevelandclinic.org/cardiacconsultpodcast,27,0.003902298019945079,6.917596401358e-08,0.0037592048569134195,6.363177916925368e-05,0
clevelandclinic.org/loveyourheartpodcast,26,0.0037577684636508164,8.221214332904439e-08,0.003567852994182657,6.078933508681534e-05,0
clevelandclinic.org/menshealth,35,0.005058534470299176,1.590091083133179e-07,0.004376481437022938,7.039723321952306e-05,0
clever,24,0.003468709351062292,1.2859596368082546e-07,0.003377797962957679,6.203430166444867e-05,6
click,239,0.03454256395432866,8.984809190055788e-05,0.015576099351300816,0.00024615896874566627,4
clickable,26,0.0037577684636508164,1.0192068623930951e-07,0.0036989798156474587,6.317242272621644e-05,4
client,93,0.013441248735366382,1.0420461586739077e-05,0.009549363285384575,0.00014089447965120373,4
climacteric,48,0.006937418702124584,4.046212504915888e-06,0.0042712604792428995,0.000117902696587758,8
climb,29,0.004191357132533603,2.2721594046976927e-08,0.004271933434386441,5.8204047252534487e-05,6
clin,182,0.026304379245555717,0.00015666898288810318,0.009658311216620927,0.00033637005292378466,8
clinic,1324,0.19135713253360312,0.003368485521694156,0.03719522733811427,0.0007928634188138474,4
clinical,1247,0.18022835669894494,0.004567123549755794,0.0398443562715655,0.0009397764684385267,4
clinically,259,0.0374331550802139,4.503358275322253e-05,0.018210270069493013,0.00023421500074774073,4
clinician,504,0.07284289637230813,0.00019837874431772147,0.025668335276213587,0.00036158152100490386,4
clitoris,42,0.006070241364359011,1.4391495713912113e-06,0.004838080110807334,8.090199316866553e-05,5
clock,18,0.0026015320132967193,1.2824462492655806e-09,0.0024715928699265035,4.8916353972403266e-05,0
clog,50,0.007226477814713109,3.2746123479647963e-06,0.005714606520305791,0.00010009634718212062,7
clomid,255,0.036855036855036855,3.902953245500683e-05,0.017769654622024164,0.00022613787591557104,0
clomiphene,171,0.024714554126318834,1.3743338303802544e-05,0.013472222893062435,0.000166679169535994,5
close,436,0.0630148865442983,0.00017855327450698306,0.024860590236830026,0.00034317667381110755,2
closely,379,0.05477670183552537,9.644691369936822e-05,0.02237236335734137,0.00029214487472869333,4
clot,363,0.05246422893481717,6.295815816923113e-05,0.019949360156195643,0.00027101034822532756,5
clothing,72,0.010406128053186877,3.2951142626320957e-06,0.008154821164020202,0.00011592524679966961,2
clotting,26,0.0037577684636508164,3.2102491442602084e-08,0.003916845901097852,5.693122109723949e-05,5
cloud,28,0.004046827576239341,1.3790525063393306e-07,0.0041583501458170476,6.457365882265814e-05,0
cloudy,27,0.003902298019945079,3.186978694552238e-08,0.0036630170322244867,5.292372794449531e-05,3
clue,43,0.006214770920653274,1.4409162975144994e-06,0.004742891528692209,8.797342220280271e-05,4
clumping,24,0.003468709351062292,1.3526604395947676e-08,0.003908436032819405,5.080486134057645e-05,2
cluster,23,0.00332417979476803,5.738842764041925e-08,0.0032742120463392873,5.312239861082726e-05,3
cmaj.5,28,0.004046827576239341,7.74484121413266e-08,0.004152015135272455,6.672587138512029e-05,4
cmd,29,0.004191357132533603,7.287558789399127e-08,0.004096297332154693,6.567598765585967e-05,0
cmp,57,0.008238184708772944,2.3192611339587927e-07,0.00646133268622786,7.975666035858258e-05,5
coach,63,0.009105362046538517,2.374275755417169e-06,0.007842721132817887,0.00010403317253387198,4
coaching,30,0.004335886688827865,3.431901029715347e-08,0.004341333980969998,5.934357426636576e-05,2
coagulant,26,0.0037577684636508164,1.7042737643130913e-07,0.0035837031407203435,6.578603804416134e-05,2
coal,46,0.00664835958953606,7.524354438634765e-07,0.005711781024051562,8.558620972671172e-05,3
coarse,28,0.004046827576239341,9.803792610891591e-07,0.0033627541504592027,6.569896330008086e-05,5
coaster,25,0.0036132389073565544,1.789706391594361e-08,0.0036167262956975405,5.671443455690309e-05,2
cocaine,27,0.003902298019945079,3.0549549406917815e-08,0.0034493137268226666,5.704993897496408e-05,5
cochrane,46,0.00664835958953606,2.0422372692812455e-06,0.004981676900359513,9.182628301462496e-05,4
cocoa,47,0.0067928891458303225,9.831231192740241e-07,0.005444683932438543,8.76284041761886e-05,7
code,50,0.007226477814713109,7.370218157417715e-06,0.00529143443272513,8.94798150820816e-05,4
coefficient,22,0.003179650238473768,4.2879058921959783e-07,0.0025310529011246534,6.415051059521456e-05,4
coffee,53,0.007660066483595895,2.9016973361900087e-06,0.0060639674280243494,9.904116326634501e-05,7
cognition,242,0.034976152623211444,3.0509113630432777e-05,0.0167685178403649,0.0002159008224106656,3
cognitive,468,0.0676398323457147,0.0002480048463963727,0.023923612322701595,0.0003637393368227238,3
cognitive/,29,0.004191357132533603,1.2992257720490753e-07,0.0038312153608038345,6.651661222111682e-05,3
cohort,120,0.01734354675531146,7.527563859593857e-05,0.010100645844940642,0.00018134754239992784,8
coincide,53,0.007660066483595895,8.253037501581983e-07,0.006136660364474551,8.266931607800938e-05,5
cold,110,0.01589825119236884,7.454236758047241e-06,0.010040058559386226,0.0001388792323691033,2
collaborate,77,0.011128775834658187,4.917524323646788e-06,0.008578004415317276,0.0001266141109479863,7
collaboration,131,0.018933371874548344,3.111499988699386e-05,0.0107194703431686,0.00017457710003453047,6
collaboratively,52,0.007515536927301633,8.277136965350841e-07,0.006847891419591393,7.891445274291306e-05,4
collagen,27,0.003902298019945079,6.454763083198325e-07,0.0034100633346524933,6.972983947437608e-05,3
collate,25,0.0036132389073565544,1.371158475788651e-07,0.003586044771165815,6.838512919348091e-05,4
collateral,27,0.003902298019945079,3.347355046869243e-08,0.003554119904131655,5.9767122983374283e-05,5
colleague,135,0.019511490099725394,3.152612862072615e-05,0.011809553978778583,0.00018646551688602408,4
collect,175,0.02529267235149588,2.6903336745352902e-05,0.014827052635637602,0.00019507109989666055,2
collection,47,0.0067928891458303225,6.385968523335602e-07,0.005264219361047474,7.77917911783012e-05,3
collective,73,0.010550657609481139,1.2771157131525635e-06,0.007945421305852487,0.00010224051239135844,3
collectively,108,0.015609192079780315,1.8320408238177283e-05,0.010488562147158023,0.0001503631576603177,4
college,305,0.044081514669749966,0.00046537719172775764,0.016051980103146637,0.0003637775273658353,6
colon,96,0.013874837404249168,1.3587601708052514e-05,0.009422545889094946,0.00013687105418021833,10
colonography,25,0.0036132389073565544,1.7896989648680182e-06,0.0021627307522235424,8.451289040076876e-05,10
colonoscopy,29,0.004191357132533603,2.370433361357172e-06,0.002602392812133426,9.068056127889243e-05,10
coloplast,28,0.004046827576239341,1.3520030762816127e-06,0.002527786416644559,8.307503215831217e-05,6
color,111,0.016042780748663103,1.2704514165915098e-05,0.010040051182812244,0.00014603996205899086,1
colorado,29,0.004191357132533603,1.4751352063987025e-07,0.0036452101711644883,7.279691889603417e-05,6
colorectal,117,0.016909958086428676,3.3730446199723e-05,0.01026380971731124,0.0001604884058442265,0
colorful,52,0.007515536927301633,2.086295775541077e-05,0.005259188509481544,0.00010785444157277395,7
columbia,31,0.0044804162451221275,4.416649674903609e-06,0.0029721274368379384,8.382737600990173e-05,6
column,25,0.0036132389073565544,5.607274977167089e-07,0.003609312084623066,5.9222968136548045e-05,2
comb,27,0.003902298019945079,1.438568178983212e-07,0.004058070969166884,6.159525010438777e-05,0
combat,146,0.021101315218962278,1.278832912538862e-05,0.012945090605850728,0.00015556628933769575,4
combination,390,0.05636652695476225,8.519490045616144e-05,0.02209728915098721,0.0002796777015549032,3
combine,456,0.06590547767018355,0.00026949448078910255,0.024467648612628488,0.0003611746577080448,2
combined,29,0.004191357132533603,2.081871067031202e-07,0.0038320146846027806,6.700895071102133e-05,4
come,1272,0.18384159560630148,0.0023439401895414117,0.03762699675922937,0.000694517978344357,0
comfort,219,0.03165197282844342,3.0491623486502966e-05,0.017283120459021,0.00021679028631590714,2
comfortable,222,0.03208556149732621,4.573669981977978e-05,0.015351392707927135,0.00021289517292302814,0
comforting,23,0.00332417979476803,8.52365983849287e-08,0.003053307295212758,5.34000419240413e-05,3
commence,148,0.0213903743315508,8.206744409546128e-06,0.013229398568151295,0.00014889664261990326,4
commencement,69,0.009972539384304091,1.1000281352184142e-06,0.00742583902107083,9.032508281903219e-05,4
commences.2,22,0.003179650238473768,1.058518594232622e-07,0.002973188961957765,5.220943878193772e-05,4
commencing,28,0.004046827576239341,5.221507585034889e-08,0.004053538196319481,5.3822350912974474e-05,4
commensurate,26,0.0037577684636508164,7.703968611372798e-08,0.003721171847975694,5.317482115065922e-05,0
comment,187,0.02702702702702703,6.630190752069741e-05,0.01373987868704229,0.00021957130374871303,1
commercial,328,0.04740569446451799,0.00013249259130388853,0.02106280863483517,0.0003039219969476084,2
commercially,85,0.012285012285012284,1.7823750043974288e-05,0.007618626636951706,0.00013859403645540184,2
commission,50,0.007226477814713109,4.975622169000734e-07,0.0064576859291815385,8.744392938247192e-05,4
commit,271,0.03916750975574505,3.108260320536957e-05,0.019986387319673254,0.0002223240114598151,4
commitment,236,0.034108975285445875,3.4514038216870907e-05,0.01813044890849252,0.00022617790661214727,4
committed,63,0.009105362046538517,1.7040378363402817e-06,0.007093552055788747,9.02370246131665e-05,4
committee,86,0.012429541841306548,7.116815841341518e-06,0.009301442563848468,0.0001336069504290399,4
common,1223,0.17675964734788263,0.002026350410254784,0.03584457525234729,0.0006392591290695964,2
commonly,559,0.08079202196849256,0.0002502515975528879,0.027457453717497048,0.0003946462441775608,3
communicate,71,0.010261598496892614,5.516514126897626e-06,0.007932567987962049,0.00010624553780493811,2
communication,180,0.02601532013296719,2.9026165907911944e-05,0.014143872503463297,0.0001871404532703571,4
community,205,0.029628559040323747,0.00010967881795192763,0.014970465979721372,0.0002608630388353426,4
comorbid,49,0.0070819482584188465,1.746355988904187e-06,0.005856299443664554,9.156428981891989e-05,4
comorbiditie,70,0.010117068940598353,3.3688568728518067e-06,0.007786555817784071,0.00010526228265700451,5
comorbidity,26,0.0037577684636508164,1.2003120622830982e-07,0.003488172698354212,5.933921841673912e-05,5
comp,29,0.004191357132533603,1.3483715021621875e-05,0.0015514794385141487,0.00011138790857401624,8
companion,30,0.004335886688827865,5.737537166621071e-07,0.0038718779028366563,7.804965515636835e-05,4
company,289,0.04176904176904177,0.0001901251403548941,0.019116336388772255,0.00029621415249350485,4
comparable,45,0.006503830033241798,9.864931619742586e-08,0.00543611183761092,6.545506740414286e-05,3
comparative,50,0.007226477814713109,3.0013828739354257e-06,0.005962191920684314,0.00010074151698468091,2
compare,661,0.0955340367105073,0.0005959902488367787,0.029429709386360345,0.0004943143647806948,2
comparison,158,0.022835669894493423,1.6698080211916677e-05,0.013875123306164423,0.00017688618484687266,6
compassionate,84,0.012140482728718023,5.339039049481857e-06,0.007940819776174692,0.00011459663729292557,4
compatible,25,0.0036132389073565544,5.486727111239683e-07,0.0035197991773072475,6.065088063945513e-05,7
compensate,51,0.007371007371007371,5.088820887742062e-07,0.0059085719727047644,7.98082248408452e-05,2
compete,98,0.014163896516837693,2.6677163674543908e-05,0.00952189177139558,0.00013878148606650788,6
competition,28,0.004046827576239341,1.2459133052610372e-07,0.004011311578550965,6.23087162293779e-05,5
complain,76,0.010984246278363925,1.4408163031558971e-05,0.007272784856350873,0.00012464136075863798,0
complaint,174,0.025148142795201618,1.5187055456431194e-05,0.014094736141630763,0.00017551338564136774,3
complementary,25,0.0036132389073565544,4.157110781245121e-07,0.0029770726950098404,6.634554630152038e-05,5
complete,437,0.06315941610059257,0.00011950783961981097,0.02291318720613849,0.0003139590968097274,4
completely,339,0.04899551958375488,0.00010140188178366655,0.021279839207836868,0.0002887053980617194,0
complex,368,0.05318687671628848,0.0001688247692287413,0.02215644287876115,0.0003147624213217532,3
complexity,43,0.006214770920653274,4.511515311702764e-07,0.0050716022159054235,7.133870056952885e-05,4
compliance,116,0.01676542853013441,5.247926095443375e-06,0.01252638613408968,0.00013579545898543952,4
complicate,94,0.013585778291660645,2.2851618495867056e-06,0.009506490039628805,0.00011623935215161136,5
complicated,234,0.03381991617285735,3.0243123905313484e-05,0.01756001058435829,0.0002176001810141249,4
complication,358,0.05174158115334586,5.604084381213962e-05,0.02180484303218778,0.0002685521893143001,5
compliment,27,0.003902298019945079,4.2781257291661335e-07,0.0034772680534120525,6.578639708766188e-05,5
complimentary,80,0.011562364503540975,4.587466535067859e-06,0.009158453986172868,0.00011676172113422224,4
comply,48,0.006937418702124584,1.012461734373761e-06,0.006357575071895323,8.343525860361769e-05,4
component,120,0.01734354675531146,1.791007752677934e-05,0.011171538099114161,0.00016061099912766783,7
component.438,29,0.004191357132533603,4.5515226627712786e-07,0.0038442094990340384,7.353861626713085e-05,2
composition,403,0.05824541118658766,0.00019310167721714396,0.022036384956395816,0.000309923170345583,3
compound,338,0.048850990027460614,0.00012828788766980275,0.021407306285115557,0.00030954223563373035,2
compounded,23,0.00332417979476803,2.116668228387036e-08,0.0035834155657858122,5.461698285722449e-05,2
compounding,156,0.0225466107819049,3.072202939593656e-05,0.013363314112919002,0.00019570165127804186,2
comprehensive,550,0.0794912559618442,0.00018100961683346626,0.0275490105151278,0.0003629236122030881,4
comprise,55,0.00794912559618442,7.352033558691979e-07,0.00596606443622874,8.030106806257183e-05,3
compromise,26,0.0037577684636508164,2.6263980138179687e-08,0.0038054658496806033,5.586012419405334e-05,5
con,328,0.04740569446451799,3.68347329966189e-05,0.02096798900551147,0.00024128917195604513,2
conaway,18,0.0026015320132967193,1.635919785781674e-08,0.0018703754228181803,5.9128500986320646e-05,8
concede,28,0.004046827576239341,8.899872012533903e-08,0.0037548525415303144,6.279998042404214e-05,6
conceive,146,0.021101315218962278,6.898597378982438e-06,0.012484038504156558,0.00015054128854667328,5
conceiving,24,0.003468709351062292,5.6724254974051355e-08,0.003422863358595439,5.626097298842283e-05,0
concentrate,357,0.051597051597051594,0.00011434973575814206,0.01919653765918986,0.00028959142361861166,3
concentrated,49,0.0070819482584188465,3.071304571780308e-06,0.005195192396429871,9.547558350022499e-05,9
concentrating,27,0.003902298019945079,2.3713343495806602e-08,0.003683989201795779,5.589198769536854e-05,3
concentration,710,0.10261598496892614,0.0005964457961736907,0.02899810661615502,0.0004867223101266553,3
concept,231,0.033386327503974564,9.225093040065247e-05,0.016421314355916126,0.00026798806826908123,8
conception,25,0.0036132389073565544,6.240992332768324e-08,0.0035497927764639855,5.632165619897251e-05,5
conceptually,23,0.00332417979476803,5.121567758137006e-08,0.0034037086156794814,5.408280037703108e-05,2
concern,1021,0.14756467697644168,0.0012706112849239874,0.03400749393181408,0.0005984429284135887,0
concerned,205,0.029628559040323747,1.4650055686589861e-05,0.015229059404368693,0.00018181259204995482,0
concerningly,24,0.003468709351062292,1.072282601565838e-07,0.003418029536224499,6.09530737355817e-05,2
concert,24,0.003468709351062292,7.80993344063696e-08,0.0033495803393176603,5.4234317280507256e-05,0
concertation,25,0.0036132389073565544,9.847210577003553e-08,0.0037722439808075595,6.087790010638818e-05,7
concierge,49,0.0070819482584188465,2.861532175319564e-06,0.006252413127040705,8.72492812733472e-05,4
conclude,213,0.030784795490677842,2.9069464427289614e-05,0.015301065305378208,0.00019989443716366843,6
concluding,25,0.0036132389073565544,1.0196763728749815e-08,0.003922997066140939,5.086128738853227e-05,2
conclusion,189,0.02731608613961555,1.8885381022697642e-05,0.014718252823536577,0.0001752083986779772,4
concomitant,26,0.0037577684636508164,3.9024396369504425e-08,0.0038486862582203657,5.589567121748122e-05,5
concurrent,27,0.003902298019945079,8.789018551300074e-08,0.0038246985562076924,6.263677594529927e-05,6
concurrently,25,0.0036132389073565544,5.339023364065614e-08,0.0036183759314527995,5.9033715235352216e-05,4
condition,1531,0.2212747506865154,0.004229022669355153,0.03404761095952153,0.0007397844399716356,5
condition.3,30,0.004335886688827865,2.1776454309758238e-07,0.004509575088535534,6.794657609283472e-05,4
conditional,128,0.01849978320566556,7.807701156258374e-06,0.010780790535662202,0.00013990685865220622,4
"conditions.5,7",28,0.004046827576239341,3.764897309956085e-07,0.0036790230823650037,6.55779126481119e-05,5
condorelli,27,0.003902298019945079,1.2196315838208239e-06,0.002528922915046563,8.126743003623223e-05,8
conduct,443,0.06402659343835815,0.0002581506135061736,0.02399396796736965,0.0003690933071526452,4
coneeny,30,0.004335886688827865,5.729437364447577e-06,0.002087806770060895,0.00010131246724013896,8
confederacion,20,0.0028905911258852437,5.228182915541666e-07,0.0021209588341236573,6.779164015801608e-05,8
conference,54,0.007804596039890158,1.0755878600625976e-06,0.006704421731417406,9.273679476020471e-05,0
conferencing,27,0.003902298019945079,7.101088104018673e-08,0.00413923831548826,5.9728823531115854e-05,0
confidence,398,0.05752276340511635,0.00012806277422155603,0.023189600205579503,0.0003074673241030492,3
confident,144,0.020812256106373755,1.377050425319772e-05,0.012842677516628927,0.00016267272357708786,4
confidential,53,0.007660066483595895,3.1409004022792386e-06,0.006249214990487698,0.0001017939035498907,4
confidently,30,0.004335886688827865,1.1235287110310257e-07,0.004330305842978912,6.197553564866216e-05,3
confirm,519,0.07501083971672207,0.00023315340397048827,0.023992411011284222,0.0003518490652133366,4
confirmation,73,0.010550657609481139,2.300787377227299e-06,0.007695805066501313,0.00010710224001501132,4
confirmatory,49,0.0070819482584188465,2.842634038758257e-07,0.006089302889096039,7.400214154856077e-05,4
confirmed,25,0.0036132389073565544,1.0642725242272686e-07,0.003714559098954764,5.702355234011642e-05,5
conflict,148,0.0213903743315508,2.7813145473169883e-05,0.013002329157957638,0.0001889418878171922,6
conform,23,0.00332417979476803,1.5350267791274096e-08,0.003451552664671303,5.4615602457612746e-05,5
conformance,28,0.004046827576239341,1.2340786243811828e-07,0.004471342915596801,6.328026752928616e-05,4
confound,67,0.009683480271715566,3.5299509206084178e-06,0.007196526373959498,0.00011373207713001753,6
confounder,25,0.0036132389073565544,6.00298968227678e-08,0.0035685320830924137,5.9358922592531936e-05,6
confuse,43,0.006214770920653274,4.436065602450481e-07,0.005098724003928266,7.165607029099249e-05,5
confused,25,0.0036132389073565544,1.3095802708984336e-08,0.0035965078186244023,5.2835265826387817e-05,0
confusing,77,0.011128775834658187,3.995828957071444e-06,0.008141320976995688,0.00010601957530857272,2
confusion,55,0.00794912559618442,2.4068423217042847e-06,0.006379982136408018,0.00010091232895103362,4
congenital,232,0.03353085706026882,4.356313487639011e-05,0.01367566379985368,0.00020760835013642164,5
congestion,26,0.0037577684636508164,8.859485271467183e-08,0.003962711627674931,5.917047010934325e-05,2
congestive,21,0.0030351206821795057,1.7262031672307415e-09,0.0030366135845086846,4.400049834209645e-05,3
conjunction,144,0.020812256106373755,6.342462631501907e-06,0.01218532291843015,0.0001459814903633312,3
connect,244,0.035265211735799974,7.477336764412785e-05,0.016160796111357338,0.0002446665129442315,4
connection,215,0.03107385460326637,1.5076661441757332e-05,0.013776149728800197,0.00016987061352376415,5
connotation,25,0.0036132389073565544,2.3707259108507612e-08,0.0038766076925373385,5.3868206160683014e-05,0
consciousness,30,0.004335886688827865,2.0047349855720745e-08,0.004458112970581628,5.9266112685485385e-05,3
consensus,164,0.023702847232258996,3.6480717167274436e-05,0.013885899632481982,0.00020169483228171968,4
consent,72,0.010406128053186877,2.257293666047553e-06,0.007762307305615938,0.00010237040480752643,4
consequence,341,0.0492845786963434,8.521215395758194e-05,0.020778942647738337,0.00029062075967131945,3
consequently,42,0.006070241364359011,1.978218484537859e-07,0.005079852122414927,6.989848703875147e-05,5
conservative,55,0.00794912559618442,1.3042704013565105e-06,0.007092164605847848,9.681082391690146e-05,4
conservatively,24,0.003468709351062292,8.460551638903305e-08,0.003594952338670955,6.251270479894258e-05,2
conserve,21,0.0030351206821795057,1.962052089534823e-08,0.002964110830295998,5.137563216723321e-05,2
consider,1096,0.15840439369851134,0.0011899075603574645,0.03467452628024505,0.000583966847345227,4
considerable,90,0.013007660066483595,7.306275859507358e-06,0.00908976514581812,0.00013185709247086471,4
considerably,19,0.0027460615695909813,6.593755041329885e-10,0.002849386999929699,4.195676165287152e-05,3
consideration,314,0.04538228067639832,6.550518683633486e-05,0.020679427431834253,0.0002592765540747512,4
consist,229,0.03309726839138604,0.00014509573840123187,0.016128168343357657,0.00023714629559756185,6
consistency,204,0.029484029484029485,2.5890074166518644e-05,0.01723059497826419,0.00020871763027987666,2
consistent,361,0.05217516982222865,9.797245869217673e-05,0.02174358837027243,0.00028233528843726055,2
consistently,263,0.038011273305390954,6.695433970575832e-05,0.01723536906682368,0.00023463834354945883,4
constant,120,0.01734354675531146,8.344546041795647e-06,0.011287503186559317,0.00013171201356798176,0
constantly,122,0.017632605867899987,5.4032654312965675e-06,0.012227833601427538,0.00014096762366066687,0
constellation,58,0.008382714265067205,2.6105992492682305e-07,0.006561093076236585,7.376977088542816e-05,3
constipation,38,0.005492123139181963,5.651832485667946e-07,0.00420107741446213,6.782683267306427e-05,3
constitute,70,0.010117068940598353,7.085719419736793e-06,0.007449413383508188,0.00011514496168017752,4
constitutional,25,0.0036132389073565544,4.22520051800673e-08,0.00336300760555237,5.697553224880521e-05,5
constraint,26,0.0037577684636508164,5.7497475576300734e-08,0.003379410572206623,6.292233249831286e-05,4
constricted,24,0.003468709351062292,1.1746522923956963e-07,0.0030621038786930593,5.873067996986552e-05,7
constrictive,27,0.003902298019945079,1.2075022945934338e-07,0.0037922989988045243,6.247324363459837e-05,2
construct,27,0.003902298019945079,5.4443316906462593e-08,0.0041502737897338065,5.818607570405075e-05,0
consult,374,0.05405405405405406,0.00011397529762768559,0.02150310907034635,0.0002987334439522204,4
consultant,64,0.00924989160283278,1.459365290663039e-05,0.004549502872898191,0.00015613719620306404,6
consultation,464,0.06706171412053764,0.00015820652238784921,0.025231013306641438,0.0003449389292569028,4
consume,247,0.035698800404682755,8.037335006346682e-05,0.017286771687268523,0.0002627512563011192,7
consumer,208,0.03006214770920653,3.086554216586311e-05,0.01562285910035421,0.00021892398195625442,0
consumption,202,0.02919497037144096,1.7157025943706597e-05,0.01508294621786171,0.00017939573991858249,5
contact,623,0.09004191357132534,0.0006409613469832807,0.02356329172181228,0.0004188174882616372,2
contain,523,0.07558895794189911,0.0003953595685753707,0.02530179987020917,0.0004337763424957049,7
container,89,0.012863130510189334,6.700635048568743e-06,0.008412803304429093,0.00013207282005843138,2
contaminate,26,0.0037577684636508164,1.6367933165696836e-07,0.0035811741222282964,6.582081769597525e-05,0
contemporary,72,0.010406128053186877,4.7966594012147235e-06,0.007917099272312175,0.00011691409829171377,4
content,327,0.047261164908223734,0.00024172065054859582,0.01806856670430242,0.0003235647024581525,4
content.5,29,0.004191357132533603,4.3337685450820733e-07,0.0036966103578186835,6.714327031716453e-05,4
contentment,25,0.0036132389073565544,3.362115782816016e-08,0.003300965402263214,5.490259669051709e-05,3
contested,28,0.004046827576239341,1.0862450353393065e-08,0.004502958799035277,5.436264778338851e-05,4
context,152,0.02196849255672785,2.57776332103266e-05,0.013528209402734418,0.00018853528431633543,4
continually,54,0.007804596039890158,2.6562758061201554e-06,0.006934844665633256,9.57981791902818e-05,4
continue,584,0.08440526087584911,0.0002717882539419066,0.02880306275275724,0.0004076335870452775,4
continuous,93,0.013441248735366382,4.2840961054664584e-06,0.010002752218442693,0.00012801648015570667,4
continuously,79,0.011417834947246712,3.4825981814246007e-06,0.008916060206750556,0.00011157211914540202,2
contraceptive,105,0.015175603410897529,7.85746560975263e-06,0.00922429852928012,0.00012288858844368468,1
contract,62,0.008960832490244255,6.282562046834938e-06,0.006580464073329568,0.00011202916055803253,4
contradict,27,0.003902298019945079,8.50574735792669e-08,0.004223229813520972,6.726546843868621e-05,4
contraindicate,29,0.004191357132533603,5.531121322276349e-08,0.003700582381258222,6.379283881186746e-05,5
contraindication,231,0.033386327503974564,2.5540659840259003e-05,0.017231168513617872,0.00021805797243421712,4
contrary,69,0.009972539384304091,2.6133245064920933e-06,0.007386744731402875,0.00010452342072923531,3
contrast,211,0.03049573637808932,2.510463202257102e-05,0.015972194305715354,0.00019254634020735202,2
contribute,715,0.10333863275039745,0.0005324097347398696,0.028665673031855524,0.0004664812999376937,5
contributing,63,0.009105362046538517,2.404155646631579e-06,0.006097167107642229,9.552116764279587e-05,3
contributor,53,0.007660066483595895,2.2146345789154463e-06,0.0057113830995175995,9.727440883766188e-05,6
control,893,0.12906489377077612,0.0012865918719431385,0.03229742658090541,0.0005939214865229524,4
control=,26,0.0037577684636508164,2.006924237604233e-08,0.0037779960025389496,5.302702392657495e-05,4
controversial,111,0.016042780748663103,3.987929078749199e-06,0.011170325533113163,0.00013424957616773252,4
controversy,116,0.01676542853013441,1.8061729099358882e-05,0.010263103133405269,0.00016045714615566765,8
convenience,146,0.021101315218962278,2.3541307044229465e-05,0.013831089636986775,0.00018506691684858247,2
convenient,346,0.05000722647781471,0.0001012211349168954,0.021399610276756957,0.0002872777047388893,2
conveniently,27,0.003902298019945079,7.798095341069898e-09,0.0043512904270107036,5.5707882369318427e-05,4
conventional,28,0.004046827576239341,7.172349431408096e-08,0.0039151155868337,5.803491583370333e-05,3
conversation,467,0.06749530278942044,0.0001434756792848575,0.025538246252218948,0.0003455501122058728,0
conversely,124,0.01792166498048851,1.4444242251224248e-05,0.010749123612244643,0.00015756911662640632,6
conversion,131,0.018933371874548344,9.848685647634324e-06,0.01173586289549163,0.00015446411014479895,5
convert,359,0.051886110709640124,7.865702145167555e-05,0.020700906770829672,0.00027911124402343413,5
converter,24,0.003468709351062292,7.255705723492743e-08,0.003123323919668823,5.396551627589422e-05,0
converting,26,0.0037577684636508164,4.4020369385812835e-08,0.0036351141455057395,5.492392808071425e-05,5
convincing,26,0.0037577684636508164,7.106150600130986e-08,0.0038826884850725156,5.599042137198904e-05,0
con’t,27,0.003902298019945079,2.5514165165141254e-07,0.0026639408347374546,7.307093687699585e-05,1
cook,23,0.00332417979476803,4.031325580917246e-08,0.0034193003641468066,6.008706517205807e-05,7
cookie,98,0.014163896516837693,3.0594752320640226e-06,0.010202657940174546,0.00011848822195238889,4
coolidge,56,0.008093655152478682,1.0309559853463504e-05,0.005370527872213993,0.0001330142560669345,8
cooney,46,0.00664835958953606,2.357884695966044e-06,0.004316464451397379,9.080247204826123e-05,8
coordinate,21,0.0030351206821795057,1.602499111865011e-08,0.0021277083491892603,5.693749424110357e-05,9
coordinator,64,0.00924989160283278,1.6558228488040284e-06,0.007240414128604587,9.731022701596129e-05,4
copay,25,0.0036132389073565544,8.866350660268796e-08,0.0039538461806201955,5.277453891565889e-05,0
copd,84,0.012140482728718023,2.888150508775128e-06,0.008377899060618367,0.00011127977132624002,5
cope,85,0.012285012285012284,3.405687893895157e-06,0.0092842638721242,0.0001125896135679009,0
copper,29,0.004191357132533603,7.844429910782677e-08,0.003457158820948454,6.579302406070087e-05,7
copulate,26,0.0037577684636508164,3.987511602624047e-07,0.0033915940502060498,7.271753257216167e-05,3
copy,112,0.016187310304957365,1.945996335531508e-05,0.009768416935909893,0.00014772828977684701,4
copyright,64,0.00924989160283278,1.4963348360692585e-05,0.005493425315538934,0.00013263540030644365,6
coralville,26,0.0037577684636508164,1.7637121291715188e-07,0.003541844567527363,6.44835029581986e-05,4
core,147,0.02124584477525654,1.2444407903595068e-05,0.013582268623970209,0.0001594480872387341,0
cornerstone,28,0.004046827576239341,4.7965773171658115e-06,0.003101868816388016,7.232075503933089e-05,7
corona,138,0.019945078768608182,4.684024430978222e-05,0.010086201374488768,0.00022732551675264692,6
coronary,136,0.019656019656019656,1.1764076297961933e-05,0.01146637730678206,0.00015486859440064238,3
corporation,22,0.003179650238473768,1.9237581848843517e-07,0.0024138133826520306,6.918743356559253e-05,8
correct,433,0.06258129787541553,0.00013103070762691087,0.022219720507484678,0.0002954263127749097,4
correction,26,0.0037577684636508164,6.480864206450371e-08,0.0037451529313951076,5.666998594492283e-05,4
correctly,117,0.016909958086428676,2.3517972987931877e-06,0.011336999051581663,0.0001234215648199186,0
correlate,121,0.017488076311605722,8.084633672021286e-06,0.011026819033889787,0.00014600799922679313,7
correlation,143,0.02066772655007949,2.444003379456965e-05,0.011722762921610726,0.00017201297294816892,9
correspond,66,0.009538950715421303,6.30852550242699e-06,0.006701002831365095,0.00010157392405058437,3
cortex,71,0.010261598496892614,3.4865934372770158e-06,0.0070744832008962965,0.00011600823431279907,5
corticosteroid,55,0.00794912559618442,7.028168352162868e-07,0.00631998567732888,8.151975127061887e-05,5
corticotropin,21,0.0030351206821795057,8.994516015533237e-08,0.0025433788069462644,5.6679296963601974e-05,5
cortisol,309,0.04465963289492701,5.67059047697797e-05,0.017489615722305823,0.00024928679185174226,5
cosmetic,47,0.0067928891458303225,6.629792495520791e-06,0.005058920642183035,9.586584841790896e-05,3
cost,416,0.06012429541841306,0.00013104901245223193,0.023077210343902393,0.00032479779871766464,4
costly,117,0.016909958086428676,3.7938779429931665e-06,0.011660146476916601,0.00013355432483553044,2
cotton,52,0.007515536927301633,5.452825108705013e-06,0.005436724658307571,9.829582833021474e-05,2
cough,24,0.003468709351062292,8.442515725459831e-08,0.003733504711584427,6.145490087080918e-05,2
coughing,52,0.007515536927301633,3.400788822377001e-06,0.006310527800273275,9.514207282716699e-05,2
counsel,231,0.033386327503974564,2.291971149141029e-05,0.016502585774738794,0.00020323266512958704,4
counseling,198,0.028616852146263912,6.56789025266753e-05,0.014428466965819413,0.00019888660280734018,1
counselling,24,0.003468709351062292,1.3486219502813663e-07,0.0026233953516036227,6.352242352323251e-05,1
counselor,34,0.004914004914004914,5.921519033599977e-08,0.004652209898924398,6.478932306470826e-05,3
count,619,0.08946379534614829,0.00025543802087036726,0.0219496589136719,0.00033756157108491997,5
counter,312,0.0450932215638098,8.440236484053041e-05,0.01910538772780444,0.00026423626222941797,0
counteract,73,0.010550657609481139,2.3158108204468368e-06,0.007916440585346619,9.812021712296548e-05,3
counterintuitive,29,0.004191357132533603,2.3703846242672053e-08,0.0039332807177626505,5.675672721296068e-05,3
counterpart,27,0.003902298019945079,6.973271932182029e-08,0.004252980980110008,5.934394917765412e-05,2
counterproductive,26,0.0037577684636508164,9.134924281717927e-08,0.0037408321196918796,5.964402066654881e-05,7
countless,50,0.007226477814713109,8.682504112757723e-07,0.005693401152578578,7.618897146121727e-05,3
country,187,0.02702702702702703,0.00010789146893624418,0.01473841416041638,0.00021139606697618407,0
county,60,0.00867177337765573,3.432917626835349e-06,0.006556151071913171,9.537579520128874e-05,4
couple,353,0.05101893337187455,0.00022144380925959024,0.020883734736105934,0.00031170930523474435,0
course,369,0.053331406272582746,0.0001275226505500777,0.02089016576590974,0.0002953449499875118,0
courtesy,75,0.010839716722069664,2.383585958298603e-05,0.00686964287904943,0.00012282178376322872,8
cover,463,0.06691718456424339,0.00036884442826755825,0.025630775226546786,0.0003998613027243227,2
coverage,49,0.0070819482584188465,6.580718266653304e-07,0.006322647972962278,7.950818441086567e-05,0
covid,49,0.0070819482584188465,7.307420001047416e-06,0.00487990505188231,0.00010735727145089676,1
covid-19,206,0.029773088596618008,6.432915407567709e-05,0.013303461659653713,0.0002448951232039275,6
covington,29,0.004191357132533603,4.457092729474046e-07,0.0024147129059839648,8.964902007198765e-05,9
cow,49,0.0070819482584188465,4.579958236235884e-06,0.005621610173504607,9.233863021134307e-05,0
coward,27,0.003902298019945079,2.26035248870735e-06,0.0020971142959449137,9.10237646356371e-05,8
cpap,91,0.013152189622777859,4.134338347474135e-06,0.009200473841303259,0.00011216090766588695,5
cpt,24,0.003468709351062292,3.24208597660816e-07,0.00320864557101427,6.671273939351315e-05,4
cqc,106,0.01532013296719179,5.98656483440867e-06,0.010295418881803459,0.00013668263992964254,4
crack,27,0.003902298019945079,6.19854826667102e-08,0.0038643381963352234,5.5238200920888205e-05,0
craft,48,0.006937418702124584,1.3663688396606366e-07,0.0065543638398631214,7.096019925321484e-05,4
craniofacial,27,0.003902298019945079,4.0200364219617035e-07,0.002934021309465081,7.450577969724051e-05,5
craniopharyngioma,25,0.0036132389073565544,3.0087545037122114e-08,0.0032329294536260714,5.534995580062052e-05,5
crank,27,0.003902298019945079,1.4683963100266354e-07,0.003533563756542529,6.451051275598007e-05,5
crash,105,0.015175603410897529,1.204919134213464e-05,0.010933243470935525,0.00013952412634241074,0
crazy,51,0.007371007371007371,1.1670975288265942e-06,0.0068244127665935085,8.4162978447117e-05,0
cream,630,0.09105362046538518,0.000500334642775953,0.027401400376145617,0.0004507719057683668,2
creams,23,0.00332417979476803,1.2213390112332069e-08,0.003300906626109613,4.862480501401258e-05,2
creamy,28,0.004046827576239341,1.1077169637345978e-07,0.00399552630071538,6.659335983360033e-05,2
create,647,0.09351062292238763,0.0005246081984839494,0.0295022215953861,0.00048029713652510516,2
creatinine,26,0.0037577684636508164,1.4163341222396648e-06,0.0019261462872526113,8.72273635196813e-05,5
creation,54,0.007804596039890158,1.2856423213187924e-06,0.00661594655105231,9.116292716650218e-05,4
creativity,28,0.004046827576239341,6.992518833291576e-08,0.004295028131612915,6.320832035643894e-05,0
credential,52,0.007515536927301633,1.4876755526769617e-06,0.00646549947937599,9.247631683911992e-05,4
crisis,131,0.018933371874548344,1.0518088404851732e-05,0.012173133183195106,0.00016334259805074507,0
crisp,27,0.003902298019945079,3.948251742619404e-08,0.0038890559356376067,6.563346079292523e-05,7
criteria.411,24,0.003468709351062292,4.303385546717736e-08,0.00372956978516269,5.539858574686414e-05,2
criterion,305,0.044081514669749966,5.8348651725129055e-05,0.020154836631873178,0.0002642345930112667,4
critical,334,0.04827287180228357,9.141433267846899e-05,0.02049908766145511,0.0002845910107291824,7
critically,50,0.007226477814713109,5.28810062272005e-07,0.0062012714615431895,8.429792934454744e-05,4
critter,29,0.004191357132533603,1.729957980072617e-07,0.003988937632228249,6.598867294825664e-05,0
cross,88,0.012718600953895072,5.5354489139153435e-05,0.006901130998170968,0.00017215605259377812,8
crown,24,0.003468709351062292,2.0524130602430532e-07,0.0033623333499920773,6.226504953253058e-05,5
crucial,401,0.057956352073999136,7.971690603485912e-05,0.022923252037600934,0.00029760316748223193,4
crucially,22,0.003179650238473768,2.7620836639020214e-08,0.003165370474063331,5.053625960713946e-05,5
crude,26,0.0037577684636508164,8.807308721757752e-08,0.0035704090335938977,5.9801723404616976e-05,4
cry,26,0.0037577684636508164,3.0222884290971416e-08,0.003922184392234124,6.002180968082583e-05,0
cryptorchidism,89,0.012863130510189334,1.5001093971439028e-05,0.007601493838891846,0.0001424693333480914,5
crystal,27,0.003902298019945079,2.7693333025201024e-07,0.0032438620690567726,7.914837379460499e-05,11
crystalize,24,0.003468709351062292,1.3740079620286637e-08,0.0036366579585570932,5.1858502703885094e-05,2
crystalline,24,0.003468709351062292,1.2671638425296467e-07,0.003573719735908357,6.155593306069829e-05,2
crystallised,26,0.0037577684636508164,6.620440800294979e-08,0.00356601177197784,5.505668133254882e-05,2
crystallography,29,0.004191357132533603,1.0912213841945352e-06,0.003827381329521413,7.362153892437811e-05,11
cua,99,0.014308426073131956,1.0374405105713258e-05,0.009694846273047933,0.00014861399862285948,4
cuaj,167,0.024136435901141784,2.9733712555045812e-05,0.012354434512920707,0.00020781803116333208,5
cuban,28,0.004046827576239341,3.393728581130637e-08,0.004364420022935598,6.159443200843217e-05,0
cue,28,0.004046827576239341,3.407113125532634e-08,0.004281886852827202,5.7597462798072486e-05,4
cuff,29,0.004191357132533603,5.063196586286915e-08,0.004152637018114699,6.835160766683128e-05,4
cui,30,0.004335886688827865,1.340355182922612e-07,0.0037853267419747077,6.67915756327658e-05,4
culley,26,0.0037577684636508164,1.3523471343209192e-06,0.0018914742737219463,9.38459993007973e-05,8
culprit,46,0.00664835958953606,9.112517768820102e-08,0.005675399433561493,6.86407320766069e-05,5
cultivate,51,0.007371007371007371,2.227588913933847e-06,0.006060760055620842,0.00010074237311062708,4
cultural,72,0.010406128053186877,3.3137828081170738e-06,0.008001052638728069,0.00011467862267054238,3
culturally,28,0.004046827576239341,1.7337536145008304e-07,0.0038248545184791215,6.578501200069e-05,3
culture,110,0.01589825119236884,1.7641089247955417e-05,0.010404565098027112,0.00014868761450502946,0
cumbersome,26,0.0037577684636508164,5.720096565601698e-08,0.003655066109831632,6.259718427839529e-05,2
cumbria,26,0.0037577684636508164,3.448066566693342e-07,0.002902994089089454,7.679327264106165e-05,4
cumulative,71,0.010261598496892614,2.2605398538345073e-06,0.00793378153103797,9.766607213844745e-05,6
cunningham,120,0.01734354675531146,8.303919909702359e-05,0.007169641244012836,0.0002360042488794889,8
cup,24,0.003468709351062292,9.574908648128125e-08,0.003051599332764619,6.244430369632911e-05,7
cure,252,0.036421448186154066,2.4516932379663975e-05,0.01729084176141948,0.0002094369273211088,0
curiosity,72,0.010406128053186877,1.27745222342159e-06,0.008347645383222198,0.00010412561098615335,0
curious,117,0.016909958086428676,1.9043206420713842e-05,0.009826548307178338,0.00015704519727577525,0
curr,25,0.0036132389073565544,2.9827816802446445e-07,0.002113447927333337,8.277233316532233e-05,8
current,678,0.09799103916750976,0.0004364759425789331,0.033647904336381027,0.0004736030676218568,4
currently,408,0.05896805896805897,0.00014097381589566098,0.02385196443529616,0.0003307031898148681,2
curvature,47,0.0067928891458303225,6.133318136972854e-06,0.004918186813650419,0.00010194909090602912,2
curve,25,0.0036132389073565544,1.1115541486370306e-07,0.0031389711345111157,6.795015093921333e-05,3
cushe,29,0.004191357132533603,2.6736292734342962e-08,0.0039021755933461738,6.5254417956425e-05,5
cushing,23,0.00332417979476803,2.7648405808030436e-08,0.002856037424415918,5.19897707414696e-05,5
custom,50,0.007226477814713109,1.4856099866890522e-06,0.0063337174233264555,8.66084585372876e-05,2
customer,47,0.0067928891458303225,1.2178829704273352e-06,0.005894412446989392,7.793880508654951e-05,4
customise,26,0.0037577684636508164,1.198573907532693e-08,0.0040723222896837255,5.255809300440041e-05,4
customizable,30,0.004335886688827865,3.2772394622639507e-07,0.004260734792862087,7.43498617966418e-05,4
customization,89,0.012863130510189334,1.4312232966976112e-06,0.009746494178260548,0.00010359128379872404,4
customize,187,0.02702702702702703,8.959355152266564e-06,0.015317203742845854,0.0001644238389091872,4
cut,279,0.040323746206099145,3.946939477413986e-05,0.01857032841073461,0.0002347647909268113,4
cutoff,111,0.016042780748663103,6.831755335574285e-06,0.010612922234931267,0.00014752318927959806,4
cutter,98,0.014163896516837693,3.0214614217981942e-06,0.010276344258368679,0.00011849717301596682,4
cvd,138,0.019945078768608182,5.064253898818466e-05,0.011081422051332456,0.00018746106180354363,6
cycle,349,0.0504408151466975,7.519034099540603e-05,0.022309481688333414,0.0002881079840257196,2
cycling,22,0.003179650238473768,4.0797793206557384e-08,0.0029590109711389216,5.5213267902991215e-05,4
cyp3a4,25,0.0036132389073565544,2.570973142825814e-07,0.0037368981161264776,5.837885357803966e-05,5
cypinate,26,0.0037577684636508164,4.2255312733068076e-08,0.003970219666522583,6.0521128694363514e-05,2
cypionate,302,0.04364792600086718,4.756599816604187e-05,0.019974748129744105,0.0002528438338942873,2
cypre,27,0.003902298019945079,5.797158378743589e-08,0.0032595952665432377,6.242909387928187e-05,6
czub,58,0.008382714265067205,1.8477534970148485e-05,0.0056334632033413325,0.00013215571250035197,6
d.c,23,0.00332417979476803,1.2285506545128144e-07,0.002643560769360423,6.968929062291724e-05,9
d.c.—has,27,0.003902298019945079,8.71259574511574e-08,0.004113397666714703,6.253676198899717e-05,9
dab,28,0.004046827576239341,1.2296840735625553e-07,0.004111207164709203,6.65493542557e-05,0
dabaja,212,0.03064026593438358,2.6587457951931593e-05,0.015100343915404496,0.00018821707145297298,4
dad,25,0.0036132389073565544,3.567641088575366e-08,0.003659890964448181,5.2379653263472824e-05,0
daily,713,0.10304957363780894,0.0007035370159822984,0.03131839135492012,0.0005006406723836192,2
daily.432,28,0.004046827576239341,1.8775389775815812e-07,0.003669110894172679,6.947711057938275e-05,2
dairy,57,0.008238184708772944,7.303049888276667e-06,0.005944582696784804,0.00011057664441385654,7
dalhousie,15,0.0021679433444139326,1.1117668940834548e-07,0.0013966168072038476,6.114410744112584e-05,6
damage,401,0.057956352073999136,0.0001065193743770117,0.02097030904948359,0.00030496048826067837,5
damaging,65,0.009394421159127041,2.9832910644632365e-06,0.00694795024301206,0.0001029486737800598,5
dampen,25,0.0036132389073565544,1.3215391287401293e-08,0.003999739896524611,5.325874169602983e-05,5
dan,24,0.003468709351062292,1.7400886300270812e-08,0.0029300480791124373,5.72640042576791e-05,4
dane,23,0.00332417979476803,1.6647051440165015e-07,0.002606571105852879,6.263256942613139e-05,4
danger,151,0.02182396300043359,4.0091057450175015e-05,0.012587218511001001,0.00019944673656791675,1
dangerous,310,0.04480416245122128,7.603766440603169e-05,0.01948804287959979,0.00027507439573454793,0
daniel,54,0.007804596039890158,0.00012106683406624655,0.004233395214817511,0.0001367148946064343,6
dansville,20,0.0028905911258852437,4.538364414662088e-08,0.0011562846776163624,8.263629714875403e-05,9
dark,169,0.024425495013730307,7.521440460271105e-05,0.012604861037720561,0.0002190905408620158,7
darn,21,0.0030351206821795057,2.315829209888008e-07,0.0032166783757227894,5.0813694108123317e-05,0
data,50,0.007226477814713109,5.750986305271078e-07,0.0057350299812923815,7.471893619777093e-05,5
database,83,0.011995953172423761,1.2157293673216418e-05,0.007670911385013542,0.00014842864235736322,6
dataset,27,0.003902298019945079,1.0608855255711584e-07,0.003860789258283203,6.472435065284933e-05,6
date,346,0.05000722647781471,0.0003946841708125557,0.02038642061025821,0.00033173696947348745,4
datum,703,0.10160427807486631,0.0005904950692110563,0.03145125501772843,0.0005166936398953656,4
daunt,30,0.004335886688827865,7.740833861526449e-08,0.004131513606572694,6.098709134529543e-05,4
daviau,30,0.004335886688827865,5.769342561401691e-06,0.0019072206434148009,0.00010371765782442045,8
david,84,0.012140482728718023,5.7704214736865586e-05,0.006256885973134301,0.00017031984945545652,8
davisfor,21,0.0030351206821795057,1.566314430715361e-08,0.0026236997752282615,5.015458081707602e-05,3
day,1154,0.16678710796357854,0.0022730855192097522,0.036917164449479296,0.0006984421824656918,2
daytime,27,0.003902298019945079,1.6374085476934374e-08,0.0038446979268461994,5.24052036163437e-05,3
dc10,30,0.004335886688827865,5.997125722632843e-07,0.0030654328436200244,8.384019124631675e-05,8
dea,25,0.0036132389073565544,8.01910528760955e-08,0.0037535168524228117,5.849513018423977e-05,4
deactivation,54,0.007804596039890158,4.435572900500764e-06,0.006224780790600518,0.00010481867246385584,2
dead,23,0.00332417979476803,1.4522555579481037e-08,0.0036117431462045313,5.4458281068884475e-05,0
deadline,27,0.003902298019945079,3.0831820740029184e-07,0.004220110476626994,5.820421545963645e-05,0
deaf,26,0.0037577684636508164,1.313177494347506e-07,0.003516057987368646,5.699537833326633e-05,0
deal,266,0.03844486197427374,5.283084958275382e-05,0.0179146155868931,0.0002360928361833798,0
dear,59,0.008527243821361469,1.3771660316621994e-06,0.006771836957455003,9.163135462247492e-05,0
dearborn,23,0.00332417979476803,2.988528399900373e-07,0.0027129869948240397,5.5875361263865315e-05,4
death,173,0.025003613238907357,2.0804192700199418e-05,0.012900823380088015,0.00018799937651818135,6
death.64,43,0.006214770920653274,2.3723736858201564e-07,0.005889604609043752,7.355923857912746e-05,6
"death.70,71",28,0.004046827576239341,1.3566317483545375e-07,0.0038475830109201753,6.479646148397135e-05,6
"deaths/1,000",24,0.003468709351062292,5.023212912912651e-08,0.0034830469941991783,5.123157956291178e-05,6
debate,42,0.006070241364359011,6.752351508838592e-08,0.005492389053600588,6.015292011968624e-05,0
debilitate,70,0.010117068940598353,1.6501179169353023e-06,0.007446758343668352,9.429853879234799e-05,3
deborah,29,0.004191357132533603,2.5253926400541915e-06,0.0012928204402252227,0.00011421245132648775,8
debunk,62,0.008960832490244255,6.170633578160891e-07,0.0070926205957081,8.435009458045052e-05,0
decade,427,0.06171412053764995,0.00016345636940271765,0.024136228094749097,0.0003491124297148254,4
deceased,27,0.003902298019945079,8.001849471233818e-08,0.00363144487408337,5.6952823350032704e-05,3
december,57,0.008238184708772944,6.383241040991814e-05,0.0036679577624321264,0.0001551755767516043,6
decent,47,0.0067928891458303225,7.76881174716537e-07,0.0059050888472783145,7.939701177644173e-05,0
decide,521,0.0752998988293106,0.00016580764973490002,0.026482508919998763,0.0003455716799328372,0
deciliter,264,0.03815580286168521,3.635566012229025e-05,0.014959461205010224,0.00020172251054597268,2
decision,528,0.07631160572337042,0.00023307702902341268,0.027534340412476092,0.0003875733759631475,4
declaration,23,0.00332417979476803,2.4536910208355705e-07,0.00333532596186958,5.633495713436976e-05,6
decline,874,0.12631883220118514,0.0008363387422507592,0.027537093597128106,0.0005039591986010109,3
decrease,1188,0.17170111287758347,0.002226291639013441,0.03041897865947063,0.0006340727041750417,3
decreased,78,0.01127330539095245,2.917962711885916e-06,0.007751408059567479,0.00011779095271259529,6
dedicate,189,0.02731608613961555,2.2214935700736763e-05,0.014655098687006516,0.00019239327298731023,4
dedicated,72,0.010406128053186877,1.1788493328794775e-06,0.00860049876148156,9.111978060016397e-05,4
deduplication,25,0.0036132389073565544,2.3216817237444617e-08,0.004140546429803684,6.14317183564938e-05,4
deem,97,0.014019366960543431,4.882596321093516e-06,0.010604467154026754,0.00012975465873303987,4
deep,359,0.051886110709640124,0.00019307108849843428,0.021321336642276926,0.00031036248957574155,0
deepen,45,0.006503830033241798,3.5767976342852826e-07,0.004983900747657833,7.265093606276169e-05,5
deepening,151,0.02182396300043359,7.059994479220244e-06,0.011228363682586218,0.00014475409929670598,5
deeply,111,0.016042780748663103,5.001165789699041e-06,0.010834762547799994,0.00013338330409633003,4
default,24,0.003468709351062292,1.6637386168996777e-08,0.0037053833023291552,5.14636726347946e-05,2
defect,107,0.015464662523486054,1.5136728526234076e-05,0.008668665326963792,0.00013422355032255615,5
defer,27,0.003902298019945079,5.2584827143044646e-08,0.0036233686815150597,5.8087080845246745e-05,4
deficiency,1549,0.2238762826998121,0.005138960318628765,0.036835033815511724,0.0008351237644810398,4
deficient,277,0.04003468709351062,2.377194780464417e-05,0.01809056630813529,0.0002075486258558107,4
"deficient,2",23,0.00332417979476803,5.841637735149606e-08,0.0034113807074205704,5.160159693192866e-05,4
defied,26,0.0037577684636508164,1.1417984285535689e-06,0.0030293665244143625,7.232468736632154e-05,11
define,448,0.06474924121982946,0.00016473355371007903,0.02393273674366718,0.0003307756092042785,4
definite,32,0.00462494580141639,1.1550839857458375e-07,0.004328013834813457,6.593967747962987e-05,6
definitely,206,0.029773088596618008,1.9271070901675067e-05,0.016775939025268246,0.0001995443534040343,0
definition,179,0.02587079057667293,1.940637530767352e-05,0.013580268605001007,0.00017356058046276662,4
definitive,193,0.0278942043647926,2.1432281342138457e-05,0.015267110791826072,0.00019485763208403365,4
definitively,136,0.019656019656019656,5.4072317350801515e-06,0.012289822841122346,0.00014741023607456636,6
deformity,25,0.0036132389073565544,1.8235546358482101e-07,0.003195945237408207,6.731154358591007e-05,3
defy,575,0.08310449486920075,0.0003375604657980273,0.02651220441445745,0.0003997163487770143,4
degeneration,27,0.003902298019945079,1.746584205887616e-08,0.0038666224370494805,5.800258139026837e-05,5
degree,366,0.05289781760369996,0.00014441863659058355,0.020876316451903028,0.0003028411415948013,2
degroot,32,0.00462494580141639,2.7592219456060212e-06,0.003144413943297463,7.786368294826892e-05,8
dehydrate,28,0.004046827576239341,3.244497177140084e-07,0.003567686976000961,7.225028713020307e-05,0
dehydration,57,0.008238184708772944,4.613648811997745e-06,0.006194277167178057,0.00010457846195568456,0
dehydroepiandrosterone,122,0.017632605867899987,6.9487458519160564e-06,0.010210471346252692,0.00014288880604448428,5
delatestryl,56,0.008093655152478682,1.9473465121771948e-06,0.006445374751923883,0.00010496821353998415,2
delaware,25,0.0036132389073565544,2.423487032920602e-07,0.002859072435359516,7.346237302506137e-05,9
delay,367,0.053042347159994216,0.00016931994337612775,0.019746594876406624,0.00032436013836532716,5
delayed,87,0.012574071397600809,1.87405454448927e-06,0.008300614043624295,0.00010223830009170963,5
deleterious,21,0.0030351206821795057,1.2335268725516643e-08,0.0029496122904762072,4.631958765171177e-05,3
delicate,91,0.013152189622777859,3.4474275465449234e-06,0.009879648478556543,0.00011978626988770243,4
delicious,24,0.003468709351062292,1.0415689644660063e-07,0.003283290060820232,5.623348128539172e-05,7
deliver,610,0.08816302933949993,0.0004056188442516581,0.029445349762913672,0.00045444028809058114,2
delivery,528,0.07631160572337042,0.0002526612907034743,0.026572978850596257,0.00038487138433331567,2
delphi,26,0.0037577684636508164,2.7645817599239774e-08,0.004115509918723695,6.157820335275088e-05,4
delve,98,0.014163896516837693,6.628079136727591e-06,0.010896212333836126,0.00012524649824909346,0
demand,184,0.02659343835814424,2.1365592953863743e-05,0.015820783691372763,0.00020450672427640957,0
dementia,28,0.004046827576239341,4.4988863821722146e-08,0.004377027678780292,5.957759241768109e-05,0
demographic,71,0.010261598496892614,4.471120177915932e-06,0.007857132595983838,0.00011798052192588865,3
demonstrate,440,0.06359300476947535,0.0002872037649050402,0.024462105422288945,0.0004060452619435625,2
demotivate,27,0.003902298019945079,4.1891420690477714e-07,0.003803780029391292,6.715017101508799e-05,7
dennerstein,26,0.0037577684636508164,1.0962056276627662e-06,0.003046509608391293,7.497980122137885e-05,8
denote,47,0.0067928891458303225,1.898546259802681e-07,0.005708390276088685,6.948804603549216e-05,4
dense,56,0.008093655152478682,2.9341897884450536e-06,0.006776537344312435,9.112012850931724e-05,7
densitometry,24,0.003468709351062292,4.03024528264074e-09,0.00337423377751577,4.730065333915869e-05,5
density,636,0.09192079780315074,0.0003505056502875747,0.02375269593089253,0.00038153251495567865,3
dental,55,0.00794912559618442,3.6189320828362e-06,0.005918553873770025,0.00010366184543186127,5
deny,52,0.007515536927301633,9.66054911599838e-07,0.006268754784891513,8.755418032103749e-05,4
deodorant,19,0.0027460615695909813,2.61814732111238e-07,0.002331102882420529,5.4494840394761265e-05,2
department,403,0.05824541118658766,0.0005014123207634059,0.01827616030774249,0.0003959337971009286,6
depend,745,0.10767451943922532,0.00047346229861135175,0.028938789762784373,0.0004370870304651953,2
dependant,27,0.003902298019945079,4.700657116160309e-08,0.0036765426850388807,5.9785704873806456e-05,5
dependent,134,0.019366960543431132,1.635162750432156e-05,0.012508937787409663,0.00017127454373544405,2
depersonalisation,40,0.005781182251770487,1.935706094664242e-07,0.00475160699659125,6.929272644020148e-05,3
depo,51,0.007371007371007371,1.5440904016653422e-06,0.005968246083387153,9.493543380982558e-05,2
deposit,47,0.0067928891458303225,1.0726188599973902e-06,0.005382492288953936,8.759876224461417e-05,3
depot,70,0.010117068940598353,9.639609568849053e-07,0.00802697930571759,9.265163874516622e-05,2
depotestosterone,28,0.004046827576239341,1.0794563058966445e-07,0.004119582263462453,6.402100436006891e-05,2
depress,69,0.009972539384304091,2.103843225254001e-07,0.007727843498458845,8.161974701196606e-05,3
depressed,251,0.03627691862985981,2.9885549559549387e-05,0.016320435755022115,0.00021463773019874421,3
depression,758,0.10955340367105074,0.0005559198494908227,0.026161162268677887,0.0004373299381691912,3
depressive,153,0.022113022113022112,5.942163386821859e-06,0.011693939528464389,0.00014136487188011313,3
deprivation,121,0.017488076311605722,1.778755406546065e-05,0.010925604398827119,0.0001621270175228166,5
deprive,46,0.00664835958953606,7.139219800490209e-07,0.005584960534276248,7.941006296400922e-05,0
depth,245,0.03540974129209423,2.774259616144178e-05,0.01837562027347481,0.00021372098506549823,4
derail,48,0.006937418702124584,4.899549528868388e-07,0.005971723115381465,7.029511338281861e-05,4
derive,49,0.0070819482584188465,6.476373952923199e-07,0.006347797757852682,8.109696381152294e-05,4
dermatologist,45,0.006503830033241798,3.6481830457256176e-07,0.005999262008901458,7.77051204023934e-05,4
dermatology,93,0.013441248735366382,1.2767390395858212e-05,0.008502298196183589,0.00014893771341544526,5
desai,25,0.0036132389073565544,8.042206917881387e-08,0.00345811970578556,5.854094713896522e-05,4
descend,47,0.0067928891458303225,2.5076163971760643e-06,0.004935891538810294,8.88833564797306e-05,5
descent,24,0.003468709351062292,9.160693676549345e-08,0.0031586465897710326,5.976621882380995e-05,5
describe,294,0.04249168955051308,5.6509743565598685e-05,0.017897067365216034,0.00023378180806163796,5
"described.446,447",24,0.003468709351062292,1.0195549198349539e-07,0.00388281876404491,5.507503575381378e-05,2
description,37,0.0053475935828877,6.894946224563596e-06,0.004228622815943599,8.17302073229138e-05,0
deserve,54,0.007804596039890158,1.8239749562657998e-06,0.00662545984811206,9.014077127852717e-05,4
design,517,0.07472178060413355,0.000256051017708469,0.027233491520949837,0.00038507296537929075,4
desire,612,0.08845208845208845,0.00031327524681480575,0.027034543731489183,0.00040372924513891874,3
despite,520,0.07515536927301633,0.00030034008731057773,0.027078842463429686,0.0004183016600204341,9
dessert,65,0.009394421159127041,1.4799610337702828e-05,0.005476971894953165,0.00013616136598904992,7
destination,23,0.00332417979476803,4.012969153488284e-08,0.0030981157836951706,5.6250418646077574e-05,4
destruction,27,0.003902298019945079,2.3218718887992271e-07,0.0033454111302726177,6.802597718579559e-05,5
detach,24,0.003468709351062292,2.6231980437601133e-08,0.003556164000352892,5.4600548321893816e-05,2
detail,352,0.05087440381558029,0.00013693559613928223,0.021730065466269398,0.0002855026937980124,4
detailed,210,0.030351206821795058,2.548012500541741e-05,0.017203531395365845,0.0002068612981893125,4
detect,179,0.02587079057667293,1.9392315027017646e-05,0.013896615635053068,0.00018004679516068258,5
detection,77,0.011128775834658187,3.2576423025002406e-06,0.008649794031773829,0.00010482039771548728,5
deter,29,0.004191357132533603,5.370612975296682e-08,0.004235936026735167,5.87966879868346e-05,7
deteriorate,49,0.0070819482584188465,6.081718010194529e-07,0.005648458735271263,7.911332054253534e-05,3
deterioration,96,0.013874837404249168,6.3238269432309405e-06,0.00869525570109917,0.0001226380389625129,3
determinant,53,0.007660066483595895,2.924804627507764e-06,0.0053820555688049105,9.471764896257328e-05,1
determination,100,0.014452955629426218,6.422226061264788e-06,0.009741622489268305,0.00013117050973805757,6
determine,691,0.09986992339933516,0.0005197810965298789,0.027217285131562775,0.00042503963230432846,5
detrimental,54,0.007804596039890158,3.289959730416036e-07,0.006315545545768335,8.085421148560859e-05,4
detroit,15,0.0021679433444139326,8.858136802994664e-10,0.001873720510930414,4.4894296277506564e-05,4
detrusor,27,0.003902298019945079,9.96669376048732e-08,0.003753345797155615,6.067088395728957e-05,3
devastating,64,0.00924989160283278,3.2972203552035626e-06,0.007260833331091791,0.00010579295475204837,3
develop,893,0.12906489377077612,0.0010321509706430825,0.030895633811171913,0.0005376771922322014,5
development,763,0.11027605145252205,0.0007179365450811865,0.028668935428981284,0.0005039958741356718,5
developmental,85,0.012285012285012284,2.193491253221853e-06,0.00866006433880136,0.00010505748105460843,5
device,297,0.04292527821939587,0.00011794612632382172,0.01930528321505487,0.00029011300352747176,2
devise,29,0.004191357132533603,1.0731287419307265e-08,0.004276906626612491,5.1595025249572096e-05,3
devote,28,0.004046827576239341,4.7370041126291716e-08,0.004044178720757143,5.999739022690667e-05,4
dewitte,30,0.004335886688827865,3.983810647617772e-06,0.003054902693497523,9.047024021932319e-05,8
dhaliwal,70,0.010117068940598353,1.795207929131301e-05,0.006095670777014452,0.00014180790433246227,8
dhea,213,0.030784795490677842,2.2725251041959203e-05,0.014339780683085245,0.00019462692010525752,5
dheas,25,0.0036132389073565544,2.7729865190466913e-08,0.0031469291075549837,5.773197889317914e-05,5
dhindsa,25,0.0036132389073565544,5.045664949185613e-08,0.0029929494346922565,6.0676336404105594e-05,6
dht,399,0.057667292961410606,0.00010854155750690971,0.021950461741606992,0.00030923060384764394,5
diabete,613,0.08859661800838271,0.0007941633881010071,0.024014536950568863,0.00045304861414174343,5
diabetes,764,0.1104205810088163,0.000821505365842545,0.026921344558100004,0.0004935882594893763,5
diabetes.wang,30,0.004335886688827865,5.993173201279648e-07,0.003022562107119244,7.785820105789102e-05,8
diabetic,185,0.026737967914438502,2.3816259223402472e-05,0.01379215719965673,0.0001944731054806606,7
diagnose,879,0.12704147998265644,0.0007759351961669949,0.029564330655374754,0.0004923678966989889,4
diagnosis,938,0.1355687238040179,0.0015982259133375566,0.030878680465581707,0.000571537357320229,4
diagnostic,432,0.06243676831912126,0.0004603018564272349,0.024104644702351186,0.00038351051786658435,4
dial,48,0.006937418702124584,1.6565920802497271e-06,0.005502304489096202,8.741590404117577e-05,2
dialysis,73,0.010550657609481139,3.7726982973436052e-06,0.007612581309986917,0.00010770450055408575,4
diameter,27,0.003902298019945079,1.2032014066498877e-07,0.0038936456738763695,6.101396316493113e-05,3
dian,22,0.003179650238473768,7.337598684267484e-08,0.002211519865395231,7.574763934900746e-05,6
diana,30,0.004335886688827865,1.86449572164459e-06,0.0016663194794596802,0.00011298306642504844,8
diarrhea,28,0.004046827576239341,2.1017991582992397e-07,0.003118445691473182,6.99891474498794e-05,3
dictate,29,0.004191357132533603,5.624171648063859e-08,0.004626409536484455,6.312224887416219e-05,0
dictionary,28,0.004046827576239341,1.9665247430544917e-07,0.004104131256960229,6.526408780157226e-05,3
die,125,0.01806619453678277,7.545979519333548e-06,0.010754789209908668,0.00014068549555848166,0
diego,19,0.0027460615695909813,1.1610314407676632e-07,0.0018666118908827675,6.998361688096402e-05,6
diem,27,0.003902298019945079,3.189913614223694e-07,0.003519778057667352,6.982164200920377e-05,8
diet,883,0.1276195982078335,0.0011600730866083869,0.03189075239792273,0.0005657484046792607,7
dietary,233,0.03367538661656309,5.609213650806537e-05,0.01655536900586493,0.00023229658815759077,7
dietician,27,0.003902298019945079,3.186081642207493e-07,0.003749211852367416,6.389240407434864e-05,4
dietitian,122,0.017632605867899987,1.6752793328157153e-05,0.011013090214793696,0.00016620948830638869,4
dietry,27,0.003902298019945079,7.79355559010978e-09,0.003986248872516151,4.996921460692416e-05,4
differ,177,0.025581731464084406,2.2206762297332232e-05,0.01374173856743956,0.00017809105990307595,5
difference,703,0.10160427807486631,0.0005837122839978281,0.03150120522364013,0.00047621506685704447,0
different,1027,0.14843185431420725,0.001206948784479259,0.033792600617921484,0.0005473796532230709,0
differential,28,0.004046827576239341,9.772983257427927e-08,0.004121518178907523,5.597624106955717e-05,4
differentially,28,0.004046827576239341,3.8017981142965207e-07,0.00309854084676083,7.627953327615206e-05,5
differentiation,51,0.007371007371007371,3.2028463072532214e-06,0.005740382928173046,9.7362581223932e-05,5
differently,153,0.022113022113022112,4.233767533741637e-06,0.013112791310493482,0.00013816476421618483,4
difficult,469,0.06778436190200895,0.0001643443016113428,0.02394471992083464,0.0003251719359168011,0
difficulty,522,0.07544442838560486,0.00017278230524839133,0.02311630708168189,0.0003368730950140988,3
diffract,28,0.004046827576239341,2.542379461371809e-06,0.003165027106553635,7.749655676692643e-05,11
dig,29,0.004191357132533603,6.735609667834834e-08,0.0043361282968716365,6.599902047285836e-05,0
digest,28,0.004046827576239341,1.826128407668726e-07,0.003599930005193909,7.095911202125329e-05,3
digestion,25,0.0036132389073565544,2.678007177884668e-08,0.003408551148604187,5.357433949603098e-05,5
digestive,145,0.020956785662668016,4.385495813208063e-05,0.010854155295358891,0.00019871711488988287,0
digital,330,0.04769475357710652,8.178745988043562e-05,0.021016704210701807,0.00027674557522789365,0
dignify,28,0.004046827576239341,4.3829442347441126e-08,0.003879089755546605,5.809733620485616e-05,4
dihydrotestosterone,227,0.03280820927879751,1.284175009064077e-05,0.017455921827169842,0.0002056110443576093,5
dilate,42,0.006070241364359011,6.393094299649245e-07,0.005201413359526655,7.89181731469618e-05,7
dilemma,27,0.003902298019945079,8.964186838371774e-09,0.004429377507528022,5.468344113981767e-05,4
diligence,52,0.007515536927301633,1.908888955844624e-07,0.006983885257453815,7.725155436058806e-05,4
diminish,121,0.017488076311605722,5.452921659337421e-06,0.011193502617860727,0.00014035867076682486,3
diminished,25,0.0036132389073565544,1.9869964547827e-08,0.0036815897708412956,4.978109150352811e-05,3
diminution,27,0.003902298019945079,3.831028983863294e-08,0.0039427376998407695,5.802688510458762e-05,5
dinner,55,0.00794912559618442,9.758817036728767e-06,0.005099712162113775,0.00012155609841262123,7
dioxide,25,0.0036132389073565544,1.957014121766162e-08,0.003283150729040559,5.9909519222177215e-05,5
dip,190,0.027460615695909813,1.6952572748552473e-05,0.014479770651646807,0.00017975639721476368,5
dip.fipt,67,0.009683480271715566,5.964212266358398e-06,0.006973388060031284,0.00010795538378596407,6
direct,454,0.06561641855759502,0.00016611840255320722,0.02475624689447475,0.0003475825407933484,2
direction,164,0.023702847232258996,1.851702881869286e-05,0.014327624241317349,0.00018592428708850376,0
directive,29,0.004191357132533603,3.290767799881838e-07,0.0034094128561950776,6.688257421191631e-05,4
directly,562,0.08122561063737534,0.0002876711621722871,0.028072290254212113,0.0004035549474459094,2
director,215,0.03107385460326637,7.169174172203678e-05,0.013456679623063567,0.00022506199480984033,6
dirty,25,0.0036132389073565544,3.316265769894759e-08,0.0035038792740931758,5.618977077830994e-05,0
disability,97,0.014019366960543431,5.816502247867838e-06,0.009537499787639788,0.00013189483432999216,1
disadvantage,52,0.007515536927301633,1.6552477131798394e-07,0.0070249653373856595,7.708673874039445e-05,2
disagree,66,0.009538950715421303,6.694397739847465e-07,0.007228143603937815,8.335285563949903e-05,0
disappear,26,0.0037577684636508164,2.7184066374862794e-08,0.004128989173348466,5.92958102825916e-05,0
disappointed,22,0.003179650238473768,5.928287130847948e-08,0.0034876070793378143,5.4049819459661e-05,3
disappointing,27,0.003902298019945079,1.9149438711285937e-07,0.0037043625151690503,6.06431455116517e-05,4
discharge,47,0.0067928891458303225,8.783801563356016e-07,0.00516691715970652,7.854934313437188e-05,5
disciplinary,25,0.0036132389073565544,1.7751482640247664e-07,0.0037520721794598584,5.82588690993483e-05,4
discipline,63,0.009105362046538517,2.7259048593096214e-06,0.007393169838839253,0.00010338797490164535,4
disclaimer,52,0.007515536927301633,7.566942164860378e-06,0.005836600190749122,0.00010345292384537977,4
disclose,49,0.0070819482584188465,7.412960613362099e-07,0.005873993417747725,8.400753038982818e-05,0
disclosure,45,0.006503830033241798,6.495166321317951e-07,0.00647300890247857,7.546640210246901e-05,4
discomfort,150,0.021679433444139327,8.736579334295686e-06,0.013240306507156187,0.0001638154866854863,2
discontinuation,36,0.005203064026593439,2.574118548466784e-07,0.004519905517655554,7.020676876534256e-05,3
discontinuation.418,28,0.004046827576239341,1.6951605554878347e-07,0.004160217993607662,6.175855141480302e-05,2
discontinue,123,0.01777713542419425,5.304197309204748e-06,0.011487218911554064,0.0001418427576492244,5
discontinuing,28,0.004046827576239341,1.4430180610381122e-07,0.003983617968253034,5.875892153412185e-05,2
discount,79,0.011417834947246712,5.445327820056773e-06,0.007973527459359635,0.00011985414714997354,0
discourage,50,0.007226477814713109,2.6479351689070965e-07,0.006348681560463136,7.409289620428295e-05,0
discouraged,29,0.004191357132533603,4.892048969272171e-07,0.004126213656245267,6.442494618368603e-05,4
discover,138,0.019945078768608182,2.03295231897332e-05,0.012209123281007468,0.0001681743381849245,4
discovery,152,0.02196849255672785,3.9949833039969274e-05,0.012847243728725392,0.000207419406965211,4
discreet,68,0.009828009828009828,8.51605820744706e-07,0.006798735623178682,8.654677541054867e-05,2
discreetly,53,0.007660066483595895,2.0054755238018195e-06,0.006566368094234839,9.582280797803396e-05,4
discrepancy,27,0.003902298019945079,3.3387093022446757e-08,0.004174517358374526,5.6376160284415965e-05,4
discrepant,21,0.0030351206821795057,1.0599182552990447e-08,0.0031021125778053823,5.18264938153355e-05,4
discrete,30,0.004335886688827865,1.7321155027370558e-07,0.003916081636358554,6.408051623928314e-05,3
discretion,46,0.00664835958953606,1.8060916595315296e-07,0.0060080764486616575,7.080735767786591e-05,0
discretionary,25,0.0036132389073565544,7.612049132750823e-08,0.003489873540433271,5.922336399896271e-05,5
discrimination,26,0.0037577684636508164,7.417470908578817e-07,0.0025152711788343257,8.111527070452027e-05,4
discriminatory,23,0.00332417979476803,1.0369886538636443e-08,0.0037018784475590714,5.083611311445167e-05,4
discuss,944,0.1364359011417835,0.0009636019196594471,0.03253073208022454,0.0005315371694481535,4
discussion,355,0.05130799248446307,7.667301460516933e-05,0.022113128641304994,0.00027184187558817893,0
disease,1300,0.18788842318254084,0.003802201210835622,0.033325717652322465,0.0007841538859036386,5
disfunction,24,0.003468709351062292,2.610442286235658e-09,0.003145120848602156,4.8629303365982235e-05,3
dish,70,0.010117068940598353,4.41421176006251e-06,0.007270081917361133,0.00011379693197683157,7
disinfect,23,0.00332417979476803,1.9389684384593743e-07,0.0030084355056154395,6.424883226785347e-05,2
disintegrate,28,0.004046827576239341,1.921746714991601e-07,0.003935120499257074,6.889451968397785e-05,2
dislike,25,0.0036132389073565544,2.6268145575494755e-08,0.003832322841278815,5.717588799570973e-05,2
dismiss,56,0.008093655152478682,1.4161767959267075e-06,0.006613888875557903,9.66556793589558e-05,5
disorder,800,0.11562364503540974,0.0016862228992507878,0.025668515979590165,0.0006318204994728399,5
dispel,65,0.009394421159127041,6.085833835752217e-07,0.007875172403457836,9.488537978726434e-05,4
dispense,83,0.011995953172423761,6.856194036757756e-06,0.007939097907123969,0.00012522996372528312,2
dispenser,24,0.003468709351062292,7.613053590764494e-07,0.0023862804425433463,7.874996649845447e-05,2
disperse,22,0.003179650238473768,1.0639161545499686e-07,0.003179167176561565,5.68322885567376e-05,2
displacement,24,0.003468709351062292,4.896200758874847e-08,0.0032233510392316285,5.978638933072619e-05,2
display,61,0.008816302933949994,4.6693167954686375e-06,0.006281090170344135,8.852179962224533e-05,4
disproportionally,28,0.004046827576239341,5.493862881263376e-08,0.004259324779461083,5.63283881405261e-05,4
disrupt,226,0.03266367972250325,4.700105701601318e-05,0.016738364335175823,0.00022363070298869888,3
disruption,80,0.011562364503540975,7.934416009597205e-06,0.007698932134240215,0.00012609167526622878,3
disruptive,22,0.003179650238473768,1.3181614340561895e-08,0.002831585843138714,4.5881915659790656e-05,3
disruptor,28,0.004046827576239341,4.23295739845886e-07,0.003390500307496713,6.462630575052958e-05,6
disseminate,27,0.003902298019945079,2.85226404440539e-08,0.00405987694866642,6.048408246891809e-05,0
dissolve,52,0.007515536927301633,1.643596612410065e-06,0.0067698563301703185,9.618639416442757e-05,2
distance,51,0.007371007371007371,2.3326590384428026e-07,0.005693089831698999,7.389923603797406e-05,3
distinct,84,0.012140482728718023,3.6807541521022916e-06,0.008789243736455902,0.00010874122214604208,2
distinction,27,0.003902298019945079,4.8521318645941314e-08,0.003772857107603265,5.726715131589214e-05,5
distinguish,165,0.02384737678855326,2.244172088271459e-05,0.01263483246100147,0.00017648198893669903,4
distinguished,27,0.003902298019945079,4.044379790356368e-07,0.0036665968436391497,6.10341391718703e-05,4
distress,123,0.01777713542419425,9.574507105881226e-06,0.011523831588058269,0.0001437357414406839,5
distressing,52,0.007515536927301633,1.5056168673183604e-06,0.006962273313158809,8.849099984965064e-05,0
distribute,52,0.007515536927301633,3.429193313777608e-06,0.005262665025770977,0.00010646859819477682,9
distribution,179,0.02587079057667293,3.172921493513382e-05,0.012946075427697228,0.000178798203041886,3
disturb,96,0.013874837404249168,2.045890717276342e-06,0.009199281972887621,0.00010621274299479587,3
disturbance,150,0.021679433444139327,9.205664575255369e-06,0.012645082048243142,0.0001556568487745652,3
diurnal,80,0.011562364503540975,1.2697117840837227e-06,0.008866796496139171,0.00010813763649518139,4
dive,131,0.018933371874548344,3.3544700505380377e-06,0.0124962173741703,0.00013587620022312093,0
diverse,29,0.004191357132533603,1.296219774422534e-07,0.004153955412705951,6.130005467003833e-05,6
divide,51,0.007371007371007371,3.3339286194604125e-07,0.006544211762643448,7.902976486502394e-05,2
diving,21,0.0030351206821795057,3.7329533596435723e-07,0.0022420512115098974,7.06465119060547e-05,0
division,208,0.03006214770920653,0.00031960797063549816,0.011048149650853135,0.00026146120085317697,6
divorce,41,0.005925711808064749,9.393208027430218e-08,0.0053511443329076844,7.117815351520595e-05,3
diwan,47,0.0067928891458303225,9.180882376503486e-07,0.005256059553464269,8.491003328030605e-05,6
dizziness,125,0.01806619453678277,5.658354178856135e-06,0.011575130950155096,0.00014286926657960144,3
dl).437,19,0.0027460615695909813,3.3614001180893213e-09,0.0032614572904894235,4.596980600915326e-05,2
dl.181,23,0.00332417979476803,6.01302002041694e-07,0.0035307289730591006,5.5840026458963215e-05,2
dl.427,28,0.004046827576239341,2.1818637159059236e-07,0.003827409958607735,6.649578001490619e-05,2
dl.436,26,0.0037577684636508164,4.279475840913521e-07,0.003789185103091476,6.13095533671878e-05,2
dna,69,0.009972539384304091,2.842003684710541e-05,0.006404208633404014,0.00012670318845324756,10
dnv,25,0.0036132389073565544,5.482200194654463e-07,0.0027737622566085165,7.427131605337907e-05,4
doc,103,0.014886544298309004,6.656420176198315e-06,0.010124638792749647,0.00012929975580808437,0
doctor,1705,0.246422893481717,0.005556010985725938,0.03843889408524936,0.0008212788040356004,4
document,373,0.05390952449775979,0.00014531802609724987,0.02343695604023087,0.0003253247620100225,4
documentation,51,0.007371007371007371,6.832051369726745e-07,0.006669740833844164,8.328671881278906e-05,6
doesnâ€tmt,24,0.003468709351062292,6.732831835293672e-09,0.003174154036566972,4.688929295669942e-05,3
doi,210,0.030351206821795058,0.00036875030966088503,0.008741847723243469,0.0004332809183732014,8
doi:10.1016,26,0.0037577684636508164,1.121065681129619e-07,0.0031867250222531725,6.21468972221399e-05,4
doi:10.1056,25,0.0036132389073565544,3.0017302657411357e-07,0.002916821329741819,7.167408467720845e-05,8
doi:10.1111,22,0.003179650238473768,1.427776903196661e-07,0.0026824665326598764,5.994047747669989e-05,8
doi:10.1210,39,0.005636652695476225,2.388339609202753e-06,0.003705320568305282,8.85516473450362e-05,8
doi:10.3949,27,0.003902298019945079,3.145007240345144e-07,0.0036331360767099105,6.704249732596332e-05,8
doi:10.7326,50,0.007226477814713109,1.1136503909623777e-06,0.005290732156673413,9.032823799961027e-05,8
dollar,140,0.020234137881196705,9.817447806988898e-06,0.012933791232744192,0.00015620962145675905,0
domain,24,0.003468709351062292,3.782898763517677e-08,0.003726028677218008,5.826527812387805e-05,3
donate,121,0.017488076311605722,9.041209780934347e-06,0.011014407066477468,0.00014057306093822052,2
donation,95,0.013730307847954907,3.8053440708171947e-06,0.010145502033239514,0.00012523194079682186,4
donohoue,25,0.0036132389073565544,2.987239131673178e-07,0.0016560154969270122,8.387632340672728e-05,8
donor,49,0.0070819482584188465,1.3858327397875914e-06,0.006077174868942585,8.58738813783681e-05,2
don’t,24,0.003468709351062292,3.174652351884247e-08,0.003738050927731804,5.524841299709969e-05,0
door,126,0.018210724093077033,1.3109983778258936e-05,0.011029066341735708,0.00015277171637854037,4
doorstep,51,0.007371007371007371,6.812410291461686e-07,0.006298939960537942,8.880175414036674e-05,4
dopamine,190,0.027460615695909813,1.8010686022412558e-05,0.015250625614421748,0.0001955965131117838,3
dopaminergic,26,0.0037577684636508164,1.3581170327722465e-07,0.0035575400379075635,6.423011596325427e-05,5
dosage,461,0.06662812545165486,0.00018608694466147154,0.02632117926349234,0.0003570473169428001,2
dose,1103,0.1594161005925712,0.0016984426938263558,0.039156710415695024,0.000696382195475566,2
dosing,395,0.05708917473623356,0.00014497435589292122,0.024229770194810183,0.0003471838052700873,2
dosing.221,21,0.0030351206821795057,1.1347371396862171e-07,0.0032007397341100702,5.6008805648152395e-05,2
dot,16,0.002312472900708195,2.5019481869468655e-08,0.0019931716481509875,4.083246547615399e-05,3
double,105,0.015175603410897529,2.9156360672372563e-05,0.010069232596395644,0.00014125823727507877,0
doubt,101,0.01459748518572048,9.491619059347837e-06,0.010180170326412842,0.00014319446182474405,0
downhill,23,0.00332417979476803,8.439126896463059e-07,0.002171394515980523,7.641539807663217e-05,0
download,73,0.010550657609481139,3.98438614235353e-06,0.006914717058121288,0.0001129258084709696,0
downplay,51,0.007371007371007371,2.005723189375227e-06,0.005916400285336601,8.823466596171151e-05,5
downregulation,24,0.003468709351062292,3.304934393381128e-08,0.0034093066937265263,5.805897621277691e-05,5
downside,185,0.026737967914438502,1.8435747564475054e-05,0.014392155948718025,0.00017641506805637667,0
downstream,53,0.007660066483595895,2.1778794640814634e-06,0.005707108502421862,9.497095724015618e-05,3
downward,84,0.012140482728718023,2.3778582441850224e-06,0.008376305527345165,0.00011700718164288972,3
dps,29,0.004191357132533603,1.0563161362066147e-06,0.0028609877370383177,9.181605160720881e-05,6
drag,64,0.00924989160283278,4.010286621044009e-06,0.007162316225766365,0.0001035741590964152,0
drain,26,0.0037577684636508164,2.844813080059612e-07,0.0038723956831278293,6.584889100672216e-05,0
dramatic,146,0.021101315218962278,7.345281776169814e-06,0.012290132779806595,0.0001480847957105796,5
dramatically,63,0.009105362046538517,1.3211947356858284e-06,0.006595785554228304,8.792116649513283e-05,3
drastic,89,0.012863130510189334,3.4363018660320194e-06,0.008916003131195213,0.00011469877917882627,0
drastically,146,0.021101315218962278,9.07494874637768e-06,0.013019991486819605,0.0001568611590361302,0
draw,370,0.053475935828877004,0.00010039564185153498,0.021298796842228816,0.00028576480684053333,2
drawback,125,0.01806619453678277,3.287511636778628e-06,0.012083167349089341,0.0001289847613954328,2
dre,126,0.018210724093077033,1.2630907374386539e-05,0.011098294121108455,0.00015558818047918532,5
dread,20,0.0028905911258852437,1.3256372982954342e-08,0.002927420945123296,4.810799546203537e-05,3
dream,26,0.0037577684636508164,4.7340789547722906e-08,0.0038660307793426953,6.21475812159085e-05,4
dress,46,0.00664835958953606,1.385942992912948e-07,0.00597116223555398,7.120841686078167e-05,2
dressing,47,0.0067928891458303225,3.1929874321262853e-06,0.005397445408447066,9.255867639887974e-05,2
dribble,26,0.0037577684636508164,2.2498989141519467e-07,0.003147808727714464,6.610753252300303e-05,5
drill,50,0.007226477814713109,2.979321540593723e-07,0.006424281400943154,7.758296322104544e-05,0
drink,244,0.035265211735799974,6.467869557361304e-05,0.01584390169898217,0.000222559826399504,7
drinking,125,0.01806619453678277,1.0521740109324587e-05,0.012137281372223585,0.00015307389568100911,5
drip,26,0.0037577684636508164,2.82816931383068e-07,0.003250567394226725,6.999124442196731e-05,0
dripping,29,0.004191357132533603,2.621764612485378e-08,0.003973799928790405,5.9623143316830864e-05,3
drive,1027,0.14843185431420725,0.0015936185423473018,0.027600037823994936,0.0005566626709857176,3
driver,64,0.00924989160283278,4.554640712560528e-07,0.007453989959801191,8.653131024176949e-05,3
drop,660,0.09538950715421304,0.000405597242760136,0.023485584149034094,0.00041396461824180173,0
drug,952,0.1375921375921376,0.0014720513695810314,0.03399691050396694,0.0006335814094288651,5
drug.430,26,0.0037577684636508164,1.20527495054516e-07,0.0040857430601643745,6.152835278508853e-05,2
drugmaker,27,0.003902298019945079,5.2343718646375936e-08,0.004225048316731505,5.876360152848248e-05,4
dry,226,0.03266367972250325,4.1591867975433086e-05,0.01583172615524039,0.00021568337377824695,2
dryness,44,0.006359300476947536,5.435042082405821e-08,0.0052438859755249536,6.704175550619315e-05,5
dubious,28,0.004046827576239341,4.141009246568303e-07,0.0035776539045961715,6.64018657271665e-05,4
duca,28,0.004046827576239341,1.3233682900932059e-06,0.0028214843669784285,8.006256412703798e-05,8
ducharme,94,0.013585778291660645,6.426951446553584e-06,0.00902258491285444,0.00011890032054437116,3
dugdale,26,0.0037577684636508164,5.766640511752482e-07,0.0026511336514133716,7.395830585800826e-05,8
duke,24,0.003468709351062292,3.0694475478287084e-07,0.0036587542613443933,5.398773023740303e-05,3
dull,26,0.0037577684636508164,1.613754554009047e-07,0.0033071186617713534,6.66279388436104e-05,3
duplication,23,0.00332417979476803,7.439794511185899e-08,0.0026471539827305182,6.864235185759976e-05,6
duration,275,0.0397456279809221,3.4989258681115726e-05,0.019628388437775045,0.0002359795488736945,2
duration.443,24,0.003468709351062292,4.43091374566684e-08,0.003589271406474839,6.311089388951313e-05,2
durland,30,0.004335886688827865,1.1734953070790816e-06,0.002878234814769458,9.70726868996671e-05,8
dutasteride,49,0.0070819482584188465,1.8431571599246247e-06,0.005901632647920638,9.377098405447673e-05,5
dwindle,25,0.0036132389073565544,7.712417299387897e-09,0.003806911704452716,4.845767559067021e-05,3
dynamic,56,0.008093655152478682,1.990854714651124e-06,0.007754350275476232,9.873418037554826e-05,2
dysfunction,1327,0.19179072120248591,0.003117384769478074,0.03259080113528695,0.000712449295813272,3
dyslipidemia,24,0.003468709351062292,2.3494879185660497e-08,0.0035873377931813083,5.1265037717053e-05,6
dysmorphia/”bigorexia,27,0.003902298019945079,2.50572736290183e-07,0.003021557693953164,6.78916675012464e-05,1
dysmorphic,26,0.0037577684636508164,5.2320360772505e-07,0.0028149527614350143,7.029281291989905e-05,1
dysmorphophobia,25,0.0036132389073565544,2.0574786456858937e-07,0.003184722379669754,6.660738354779907e-05,2
dystrophy,54,0.007804596039890158,1.946011968422846e-06,0.005478757737208552,0.00010212170371233941,5
d’etre,26,0.0037577684636508164,3.3427212784089114e-07,0.0034973646879081365,7.027094737392038e-05,0
e.g.,350,0.05058534470299176,0.00010135263588297848,0.021508927852087457,0.0002926433862790365,2
e2348692,25,0.0036132389073565544,7.419331375995998e-08,0.0031364247228404057,6.73757890455569e-05,6
e235,20,0.0028905911258852437,4.289493955142637e-08,0.002991555224798177,5.1583629537353356e-05,4
e236,29,0.004191357132533603,5.204189322511297e-07,0.00351668159788499,6.742031575980891e-05,3
e237,29,0.004191357132533603,6.769152425594758e-08,0.0037875289339546233,5.9084371688234965e-05,5
e238,29,0.004191357132533603,2.6651979255316415e-07,0.003809288562055166,6.78767787834975e-05,5
e239,27,0.003902298019945079,2.71643303739207e-07,0.0034239961172616,6.585199686216042e-05,2
e240,29,0.004191357132533603,2.234452446656141e-08,0.004424558294818335,5.8491522458508876e-05,4
e241,30,0.004335886688827865,2.0044772765512822e-07,0.004052652244069454,6.724154556158656e-05,6
e242,27,0.003902298019945079,5.8426762413403815e-08,0.003738612133445818,6.206401028775313e-05,5
eaa,24,0.003468709351062292,1.3013115036551486e-07,0.0028573895133420595,7.089075758082085e-05,8
eager,26,0.0037577684636508164,1.3406174267432843e-07,0.0034169562967521078,5.9919040889376676e-05,3
eaif,26,0.0037577684636508164,2.6712008765818406e-07,0.003504724873177212,6.033545286076589e-05,0
ear,117,0.016909958086428676,1.8722656669360193e-05,0.009973832492641457,0.00015355863875331655,0
early,809,0.1169244110420581,0.0006971890463861844,0.030419449618775164,0.0004955139930967095,3
earn,108,0.015609192079780315,1.4177442473685392e-05,0.011591563038409063,0.00015252685343592823,4
earth,24,0.003468709351062292,2.6503056485540223e-08,0.0034373650761710087,5.222898345190268e-05,0
ease,272,0.03931203931203931,3.816153298544475e-05,0.0166247557179006,0.00020921132566807598,2
easily,251,0.03627691862985981,5.4185368508189164e-05,0.016902527270426838,0.00021269923186720158,2
east,19,0.0027460615695909813,1.4526393839987987e-07,0.0011580347346008685,7.908989964919622e-05,9
easy,609,0.08801849978320567,0.0004725922530960738,0.02949983690097183,0.0004474035649243803,0
eat,668,0.09654574360456714,0.0007080119055051008,0.02884824728513519,0.000502348032794228,7
eater,27,0.003902298019945079,7.464384076777304e-08,0.004263491351331087,6.019750438409667e-05,0
eating,207,0.02991761815291227,4.8125168288974415e-05,0.015699372579278215,0.00023988766206377212,7
eau,117,0.016909958086428676,1.3734915329760125e-05,0.009934920652763446,0.00015036007741587597,4
eau;2025,30,0.004335886688827865,2.5513054612283635e-07,0.0036506936314280422,7.393736832426705e-05,5
ebb,25,0.0036132389073565544,3.061559489605142e-08,0.003286276197205605,5.3080228135976866e-05,5
ecchymose,27,0.003902298019945079,4.013047637576453e-07,0.003817532118596174,6.77633310148442e-05,2
ecchymosis,25,0.0036132389073565544,8.772244917375192e-08,0.003671379528227305,6.228601145000465e-05,2
ecdysterone,27,0.003902298019945079,1.692168862132598e-06,0.003685992441071558,6.32612843042004e-05,7
eckel,175,0.02529267235149588,1.2099843552523913e-05,0.013725551738303964,0.00016624323639805817,6
ed).52,24,0.003468709351062292,8.011580244394672e-08,0.0032836426120218605,5.851793344214806e-05,6
ed)will,22,0.003179650238473768,1.4038683864128077e-09,0.003139115518764534,4.315841810645595e-05,5
edema,92,0.01329671917907212,3.994741153027682e-06,0.008755956138626949,0.00011477221473993637,5
edex,28,0.004046827576239341,3.484645543025518e-08,0.004254344431028376,6.431614415867547e-05,2
edge,83,0.011995953172423761,1.9803879290614936e-06,0.00945207183765634,0.00011286599000024863,4
edit,71,0.010261598496892614,3.824440190831893e-05,0.005764380753222961,0.000156105035682482,8
edith,22,0.003179650238473768,2.858717119145878e-08,0.0025349475983291172,5.938625811312388e-05,4
edition,24,0.003468709351062292,1.3710041446916602e-08,0.0034280881859987907,5.2547985119186024e-05,0
editor,23,0.00332417979476803,9.211978111365448e-09,0.0032927479096431767,5.10725263411512e-05,4
editorial,80,0.011562364503540975,1.5251018155365947e-05,0.006684524989293752,0.00012169164628931907,9
eds,102,0.014742014742014743,2.4998751452955617e-05,0.00646569356473027,0.0001861370788307251,8
educate,243,0.03512068217950571,4.9431528680494295e-05,0.01821554613245358,0.000243619972864156,0
education,218,0.03150744327214915,7.265695724396006e-05,0.015525084140922931,0.0002565890069445723,4
educational,157,0.02269114033819916,0.00010126324410216618,0.012251849046906607,0.00020544919007850162,4
edwards,29,0.004191357132533603,2.9566258150996994e-08,0.0037695888732529295,5.8366508954319393e-05,5
effect,1742,0.2517704870646047,0.006082451116216743,0.0417738284856073,0.0008697399303748815,2
effective,842,0.12169388639976875,0.0006702273687169431,0.03351094617574242,0.0005069253787946656,2
effectively,351,0.050729874259286024,0.00010558651969383716,0.02178485687671525,0.0002781978025602579,4
effectiveness,230,0.0332417979476803,3.756479953085616e-05,0.018070885971318416,0.00023034745028404488,4
effects:-,25,0.0036132389073565544,3.607844078710306e-08,0.0036437969409879147,5.425498530476151e-05,5
efficacy,421,0.060846943199884373,0.00018641965985334414,0.025721651134671855,0.0003767715777591144,2
efficacy.40,23,0.00332417979476803,5.94355835688826e-09,0.00378952693003979,5.2215593938175064e-05,2
efficiency,23,0.00332417979476803,4.853441079829493e-08,0.0036078336907845623,5.277877871106555e-05,5
efficient,48,0.006937418702124584,2.9223623797921533e-07,0.0065420207661183736,7.674678361458219e-05,2
effort,351,0.050729874259286024,0.00013284958378002577,0.023034314370729427,0.0003333257062154208,4
egg,255,0.036855036855036855,0.00012822377807221693,0.015911340414548728,0.00027213875042109934,7
eggs,55,0.00794912559618442,3.105183951485716e-05,0.005019834262407,0.00011692168893006934,7
ehrmann,30,0.004335886688827865,4.6599053086727706e-07,0.003517593576110571,7.016253095176336e-05,8
einstein,26,0.0037577684636508164,7.349393765317749e-07,0.0032180730142327466,7.317669501148978e-05,6
eisenberg,55,0.00794912559618442,1.2178275500567785e-06,0.006270847752202556,9.708449469742633e-05,3
ejaculate,116,0.01676542853013441,5.94309442185442e-06,0.00986723004915939,0.00012777440896384428,3
ejaculation,215,0.03107385460326637,6.309436624849521e-05,0.013244517157414419,0.00023041302356382556,3
ejaculatory,25,0.0036132389073565544,3.317967228545481e-07,0.00322448949268877,6.089260495964279e-05,3
eje-11,19,0.0027460615695909813,6.646428992285567e-07,0.0015999752267119283,6.615155707292883e-05,8
elastic,23,0.00332417979476803,8.13178021694688e-08,0.0030009907424524817,6.304568639551579e-05,2
elasticity,50,0.007226477814713109,3.5629897769609388e-06,0.005238290463278823,9.497247878762458e-05,3
elbow,26,0.0037577684636508164,2.757527136395019e-07,0.003334290595541497,6.793224050521672e-05,2
eld,28,0.004046827576239341,1.2355294794122342e-07,0.003744502475070395,6.43583682878301e-05,3
elder,23,0.00332417979476803,4.6961510356415196e-07,0.002771580441859297,6.537178731788578e-05,5
elderly,52,0.007515536927301633,1.0137333152499018e-05,0.004999861452115476,0.00012136422977863172,8
elect,21,0.0030351206821795057,2.20973252520357e-07,0.0033325700279026992,5.195317191064309e-05,2
election,27,0.003902298019945079,3.743792219762632e-07,0.0029974810727309118,7.65807486147442e-05,9
electrode,27,0.003902298019945079,8.189644093851657e-08,0.004029366924088926,5.908674870937954e-05,5
electrolyte,87,0.012574071397600809,2.1500018970907013e-05,0.007526964367024599,0.00014118662649719048,5
elegant,15,0.0021679433444139326,4.467574472853822e-10,0.002110949665769353,4.437782439955837e-05,4
element,98,0.014163896516837693,1.0246693568268945e-05,0.007954033449370953,0.00012715700265536993,3
elevate,374,0.05405405405405406,8.464149634735228e-05,0.022463067617450608,0.00029850640529476837,5
elevated,481,0.06951871657754011,0.00013960780514221354,0.024880904638597174,0.0003412906473318133,5
elevation,110,0.01589825119236884,7.176459591243101e-06,0.010091919633859536,0.0001351737445480668,3
eligibility,53,0.007660066483595895,7.308809800866237e-07,0.006759237854464417,8.795688338428499e-05,4
eligible,64,0.00924989160283278,2.7006216638604863e-06,0.007257598667327663,9.47579119737776e-05,4
eliminate,220,0.03179650238473768,9.330304871648454e-05,0.016429393281435077,0.00022451142340289775,7
elimination,29,0.004191357132533603,3.743426120200999e-08,0.004229042819482151,5.753985551153972e-05,5
elixir,41,0.005925711808064749,3.4270983365388535e-07,0.004743373211048525,7.028874289983943e-05,0
elizabeth,28,0.004046827576239341,3.014571949643546e-05,0.0013456759917075526,0.00010738016624011878,8
elizabethtown,29,0.004191357132533603,7.482903842729941e-07,0.0027317963458772195,9.241865006920568e-05,6
elmwood,13,0.0018788842318254082,0.0,0.001052441962523275,5.588677260473545e-05,9
elsevi,28,0.004046827576239341,3.359502887046381e-07,0.0026856762278984884,8.302677425796713e-05,8
elsevier,112,0.016187310304957365,3.08852957302038e-05,0.0071209241765179615,0.00019471117133565484,8
elyse,15,0.0021679433444139326,2.0529010512870166e-08,0.0019894929255146604,4.178155590183162e-05,0
email,302,0.04364792600086718,9.810534528743381e-05,0.017555406831106003,0.00026764868083020444,4
emas,23,0.00332417979476803,1.8417464166183815e-07,0.0030098666196484965,5.5207887687730155e-05,5
emasculate,24,0.003468709351062292,1.185103089212047e-07,0.0034377869796032813,5.508878829238482e-05,3
emasculating,24,0.003468709351062292,2.0025859009923143e-07,0.0034672990081902073,5.9477614227556444e-05,0
embark,29,0.004191357132533603,1.504925816753338e-07,0.004363395743792115,6.817681547880513e-05,4
embarrassed,35,0.005058534470299176,6.778538403352207e-08,0.00473014752983501,5.9918780736527936e-05,0
embarrassing,71,0.010261598496892614,2.017824687454714e-06,0.007361244137195436,9.14963179655183e-05,0
embarrassment,48,0.006937418702124584,9.780331648839755e-07,0.00617747750284353,7.674333279620354e-05,0
embase,67,0.009683480271715566,6.753638375647274e-06,0.006732650790116088,0.00011737957733841005,4
emboli,27,0.003902298019945079,5.4157805420090684e-08,0.0036334930918847205,6.598192377867925e-05,6
embolism,42,0.006070241364359011,4.674885424123852e-07,0.004985978280965395,7.376032471243606e-05,5
embrace,101,0.01459748518572048,5.200901361856115e-06,0.010185352246007738,0.0001231170724046943,5
embryo,33,0.0047694753577106515,1.0472558711956982e-07,0.0038289090956114724,6.524304459614667e-05,0
emerge,153,0.022113022113022112,1.0593482873669327e-05,0.01384835631050719,0.00016315226040971353,4
emergency,176,0.025437201907790145,6.898180128126246e-05,0.012736052698819519,0.0002308239133119748,0
emeritus,29,0.004191357132533603,3.9231704862568253e-07,0.0034690484814265867,6.79076281028409e-05,6
emily,58,0.008382714265067205,5.927230151839113e-05,0.0032907719272571322,0.00017171782752071487,8
emory,65,0.009394421159127041,4.201709975371689e-06,0.007209167139157357,9.589326245051343e-05,4
emotion,178,0.025726261020378668,7.093764735476494e-05,0.014227315907806156,0.00021812263629218827,0
emotional,389,0.056221997398467984,0.000105681701710099,0.021258341084860143,0.0002883735885604223,3
emotionally,69,0.009972539384304091,2.9236643329927386e-06,0.007422068889555652,0.00010308814622278955,3
emphasis,54,0.007804596039890158,1.0770814839278914e-06,0.006871442411990493,8.856500008660381e-05,4
emphasize,75,0.010839716722069664,2.276742348632428e-06,0.008253364650120698,0.00010810422920331114,4
empire,20,0.0028905911258852437,4.1013823182238697e-07,0.0019298716818593959,6.998311533294085e-05,0
employ,56,0.008093655152478682,2.9599460765435128e-06,0.0065343624097916626,0.0001072818260564325,4
employee,28,0.004046827576239341,7.409045112311859e-08,0.003742673137163926,5.9878397217413175e-05,3
empower,95,0.013730307847954907,3.3186267073035706e-06,0.009639951593831448,0.00011620249814035885,4
empt,28,0.004046827576239341,3.0054534292956066e-07,0.0041238855358055855,6.776303325690576e-05,4
emptying,24,0.003468709351062292,1.5466539268679063e-08,0.0030395712470530026,6.327617733180054e-05,5
emulsion,24,0.003468709351062292,2.825316701327277e-07,0.0032786431575678103,6.32128579073155e-05,2
enable,53,0.007660066483595895,2.244784110204668e-06,0.006581910833235414,9.103340596957167e-05,4
enantate,26,0.0037577684636508164,4.222031159820106e-07,0.0029164858735735285,7.649587951721673e-05,2
enanthate,300,0.043358866888278655,5.3848247858902765e-05,0.019641228034645148,0.0002588141222919772,2
enclomiphene,245,0.03540974129209423,1.4448257310898435e-05,0.01727290596705119,0.00019604626290619019,2
encompass,61,0.008816302933949994,4.5214621667397715e-07,0.00792690787528577,8.988153151834915e-05,4
encounter,48,0.006937418702124584,8.717635257519452e-07,0.00525264442069185,7.579534811706735e-05,3
encourage,472,0.06821795057089175,0.0002019223153849429,0.025699155732278905,0.00037150158374686497,4
end,755,0.10911981500216794,0.0006836417450680323,0.03202317934758951,0.0005218043849299863,0
endeavor,21,0.0030351206821795057,8.087834793628811e-09,0.0032277871808431176,4.8471472354279745e-05,3
endeavour,29,0.004191357132533603,2.3158412289596207e-08,0.004204916459709714,5.709769300187999e-05,5
endo,70,0.010117068940598353,1.908442494451982e-05,0.006982780441101693,0.0001279032527212992,6
endocrine,425,0.06142506142506143,0.00041308622558672764,0.01984881571945931,0.00043539993295316177,8
endocrinol,172,0.024859083682613095,0.00015176187373701916,0.009232031540581432,0.000313507182312242,8
endocrinologist,355,0.05130799248446307,7.52781140103655e-05,0.020100029169910646,0.0002858032954809101,4
endocrinology,497,0.0718311894782483,0.0013702671065096046,0.019950819269886892,0.0006431187463927125,8
endogenous,250,0.03613238907356554,3.355567353320814e-05,0.01773512007967477,0.00023210258757543352,5
endorphin,28,0.004046827576239341,1.553499565849433e-07,0.004280814012828659,6.81228489010438e-05,0
endorse,100,0.014452955629426218,4.9154142210220004e-05,0.007046443806664032,0.0001335747783468981,8
endorsement,54,0.007804596039890158,4.140898546967371e-06,0.005972160069783371,0.00010329763570826977,6
endothelial,28,0.004046827576239341,9.090397565033052e-08,0.003786593718925827,6.606145328200263e-05,6
endpoint,150,0.021679433444139327,1.4095870681747317e-05,0.012997759708103419,0.0001735525492391809,6
endurance,156,0.0225466107819049,7.2314173465791045e-06,0.012258329646241465,0.00014950531682957557,3
endure,29,0.004191357132533603,1.469827023293571e-07,0.0043934432429830195,6.680779920545438e-05,4
energetic,65,0.009394421159127041,1.019867800508815e-06,0.007365606607101685,9.521665913516112e-05,0
energised,22,0.003179650238473768,2.49241418038321e-08,0.0031722079056753292,4.575139066246797e-05,3
energize,30,0.004335886688827865,1.358553771899515e-07,0.00408250585943805,6.659106197383005e-05,4
energy,1127,0.16288480994363347,0.001530807134479229,0.03208740785228135,0.0005887759476311567,3
enforce,22,0.003179650238473768,4.578522648299057e-08,0.003049977283298345,6.056112578915973e-05,4
engage,359,0.051886110709640124,0.00013466204184037206,0.022777133421962043,0.00030934956295259415,4
engaging,31,0.0044804162451221275,2.6392915449305005e-07,0.0037180590480073855,7.442604944688298e-05,0
engelman,30,0.004335886688827865,5.829703850589414e-06,0.002162706140266197,0.00010008175181907053,8
engine,24,0.003468709351062292,5.031912251789081e-08,0.0034965746450699923,6.051530537442392e-05,0
engineer,55,0.00794912559618442,3.436766517924747e-06,0.006797445310380407,9.706826539777235e-05,0
england,134,0.019366960543431132,1.1546740691754256e-05,0.011060721685326192,0.00015446625879882685,8
english,52,0.007515536927301633,1.944286501250042e-05,0.0047272655743294855,0.00011670604321697562,6
enhance,561,0.08108108108108109,0.0002983608352330022,0.028441522569395992,0.00042110676405456325,7
enhanced,29,0.004191357132533603,9.756375292448454e-08,0.003776836911227702,6.453880029274799e-05,3
enhancement,30,0.004335886688827865,3.981214561575502e-07,0.004213579317236439,7.017760075038398e-05,4
enhancer,28,0.004046827576239341,3.483975185712603e-07,0.004005301607745095,6.848478669229033e-05,2
enjoy,265,0.03830033241797948,7.548909870052923e-05,0.018755333845712742,0.00026152848681073053,0
enjoyable,28,0.004046827576239341,2.518028947405877e-08,0.0041917947196701616,6.105358097722854e-05,3
enjoyment,52,0.007515536927301633,1.4412075291609267e-06,0.00598592838178569,8.722309615773954e-05,3
enlarge,253,0.03656597774244833,4.598849067185572e-05,0.015215578780868697,0.00021806078881636998,3
enlarged,194,0.028038733921086863,3.088507120467052e-05,0.014026456974431018,0.00019467734505103845,5
enlargement,290,0.04191357132533603,3.0170235511849962e-05,0.01747372867762773,0.00021633272775725923,5
enlarging,25,0.0036132389073565544,1.695532494873534e-08,0.0034962290859637123,5.495260621097721e-05,5
enlist,45,0.006503830033241798,8.075762526868421e-08,0.005494867966142545,6.38494087770835e-05,5
enquire,26,0.0037577684636508164,4.382911275113001e-08,0.0036899397603983135,5.441474690503474e-05,4
enrol,84,0.012140482728718023,2.9804188507308466e-06,0.00870467676427199,0.00011042824313510276,4
enroll,45,0.006503830033241798,9.050326437057828e-08,0.006205171971695533,7.252200283259148e-05,4
ensure,668,0.09654574360456714,0.0003581657329236783,0.030565349156971167,0.0004306243160189727,4
enter,290,0.04191357132533603,6.516026134099143e-05,0.0176000331868001,0.000247758044859305,0
enthusiasm,93,0.013441248735366382,4.181298902989543e-06,0.009140948838690812,0.00012118521001675853,3
entire,243,0.03512068217950571,0.00010228810849050433,0.0177493347326669,0.00027596215903658987,2
entirely,86,0.012429541841306548,5.247932926708177e-06,0.008564927588940457,0.00011410408881438558,0
entitled,27,0.003902298019945079,1.837334355014968e-07,0.0037471739238045363,6.732146874859826e-05,0
entity,28,0.004046827576239341,8.514721118588369e-09,0.004117323270145726,5.176748072229839e-05,0
entry,50,0.007226477814713109,3.897787698992503e-07,0.006532070914036493,7.883093199626325e-05,0
environment,171,0.024714554126318834,3.985553702368818e-05,0.012498819593964958,0.00019853692541403265,4
environmental,129,0.01864431276195982,2.7351305598546888e-05,0.010470709025118466,0.00015731325842324278,3
enzyme,289,0.04176904176904177,5.350942483236502e-05,0.018516821424361764,0.0002480331166796948,5
eosinophil,18,0.0026015320132967193,9.63415038147951e-07,0.0019846072850832476,5.499341943777368e-05,7
epic,52,0.007515536927301633,9.918434275626159e-07,0.00571225280777604,9.185334540213298e-05,0
epidemiology,102,0.014742014742014743,2.835586154257378e-06,0.010342415255228762,0.00012750283310203944,4
episode,343,0.049573637808931925,0.0001411598719066818,0.020275899126458025,0.00032845064258953225,0
epistaxis,24,0.003468709351062292,6.263255000418052e-08,0.0036344728919013047,6.227932075926163e-05,2
epo,22,0.003179650238473768,1.92998146526915e-08,0.003131236303967521,5.07021751236899e-05,5
epub,45,0.006503830033241798,8.540051216546427e-06,0.0033080167113705115,0.00010998734507221467,8
equal,137,0.019800549212313917,2.38205768481072e-05,0.011556516834457374,0.00016916672254982962,2
equally,25,0.0036132389073565544,4.851823812928654e-08,0.003945057924830453,5.779345456877762e-05,4
equate,28,0.004046827576239341,8.048073624627597e-08,0.003686397288594339,6.423978896148888e-05,0
equation,25,0.0036132389073565544,1.001023691778121e-08,0.003717848234393975,5.034284484003792e-05,2
equilibrium,49,0.0070819482584188465,1.0137358114354898e-06,0.00577217744553916,8.628637018803521e-05,4
equine,26,0.0037577684636508164,1.9393965119387308e-06,0.0033698128265553977,6.76914113527101e-05,6
equip,57,0.008238184708772944,2.1882717374576914e-06,0.007607304062527925,0.00010027394945998518,4
equipment,51,0.007371007371007371,2.3788843728874557e-06,0.0062459148656835595,9.664559756189273e-05,4
equivalent,68,0.009828009828009828,6.549354455721496e-07,0.0075416559254003965,9.006635451295926e-05,0
equivocal,70,0.010117068940598353,4.062913763616676e-06,0.007078906547912747,0.00011504518674359218,5
er.2017,14,0.0020234137881196706,7.119173839158091e-10,0.0014791960876721201,4.923728321737103e-05,4
erect,51,0.007371007371007371,5.021746436519987e-07,0.00611775712751669,7.986794695880246e-05,5
erectile,1264,0.18268535915594739,0.002369697432130908,0.03177555761535839,0.0006552114006970231,3
erection,766,0.11070964012140483,0.0010564995347191355,0.0281688382682896,0.0005198050695616732,3
eric,16,0.002312472900708195,6.890149333360501e-09,0.0023666430143448663,4.4663666629782655e-05,4
err,24,0.003468709351062292,1.1776922862928498e-08,0.003833504223096421,5.020698827800743e-05,0
erratum,27,0.003902298019945079,1.0103216930695089e-07,0.0039033505570582367,6.338706463409129e-05,6
error,114,0.016476369417545888,6.923827173519844e-06,0.009814176831061838,0.00012664343875893298,6
erroremail,23,0.00332417979476803,6.056723683798956e-08,0.0036814589766341844,5.824605895591961e-05,4
errorinclude,23,0.00332417979476803,5.224061147635869e-08,0.003659493575136381,5.84568219995005e-05,4
ershler,28,0.004046827576239341,2.3382031387563687e-06,0.001760471151890781,9.589109287060771e-05,8
erythema,77,0.011128775834658187,7.907576376646649e-06,0.008359497903156753,0.00012134986767580305,2
erythrocyte,21,0.0030351206821795057,4.312915082047634e-08,0.002868431194262492,5.131153381676621e-05,5
erythrocytosis,110,0.01589825119236884,3.4864482322617156e-06,0.010802129804288458,0.00012379980510320382,5
erythropoiesis,82,0.011851423616129498,5.273421066912543e-06,0.008008848219529604,0.00011869209830944954,5
erythropoietin,30,0.004335886688827865,7.466178380629494e-08,0.0039120478027122735,5.668531916983672e-05,5
escalation,25,0.0036132389073565544,1.1415986539374047e-07,0.004014282800275745,5.471872408830303e-05,4
escape,52,0.007515536927301633,7.07310489267707e-07,0.006522422779520887,8.10766910210015e-05,0
español,40,0.005781182251770487,1.2701471344940301e-05,0.003352645318496034,0.00010195232493729151,8
especially,620,0.08960832490244255,0.0002354797020184704,0.02703978065312629,0.0003708874838628207,5
essence,24,0.003468709351062292,1.9509319105993824e-08,0.0031921013645571194,4.9695952736603204e-05,3
essential,639,0.09235438647203353,0.00024105118885362506,0.029705732712864516,0.00039926418562003066,4
essentially,318,0.04596039890157537,0.00010485517917643076,0.021115645022826094,0.0002999291967786707,0
establish,462,0.06677265500794913,0.00017885756025244826,0.025601521844374434,0.00035054395609158967,4
established,26,0.0037577684636508164,9.410623229267322e-09,0.004008923560710097,4.9907608834573924e-05,4
establishment,29,0.004191357132533603,5.1145445976696663e-08,0.004193586255637184,6.152831139525009e-05,4
esteem,123,0.01777713542419425,3.7162221015141203e-06,0.010654410704173724,0.00012576242654137104,3
ester,307,0.04437057378233849,7.277651070652386e-05,0.01884062239160377,0.0002622509990636271,2
estimate,258,0.03728862552391964,0.00015739197995662648,0.016313164784883396,0.00026521487219416086,2
estimated,27,0.003902298019945079,1.505365451464201e-07,0.003180255956159657,4.868982810519776e-05,3
estradiol,323,0.04668304668304668,5.848673258328343e-05,0.017809175722756646,0.00024567672863412305,5
estrogen,675,0.09755745049862696,0.0004497641123703957,0.026206404636862708,0.00044108610114682137,5
etc,283,0.0409018644312762,9.629185843924774e-05,0.018452795766531953,0.00025599699723194354,0
ethan,30,0.004335886688827865,2.6591182442462505e-05,0.0023283222164329994,9.392461031994378e-05,6
ether,30,0.004335886688827865,5.226054899164368e-07,0.0035648081380196864,7.784336227393654e-05,7
ethically,26,0.0037577684636508164,2.322843884429812e-08,0.003773693250342112,5.458961857005163e-05,4
ethnic,21,0.0030351206821795057,1.0001553564730216e-08,0.0030156511439494433,4.762859200219755e-05,3
ethnicity,28,0.004046827576239341,2.8970192450622776e-07,0.0034549901143658412,6.696298403045906e-05,3
ethos,53,0.007660066483595895,1.1289264853281062e-06,0.0066736059143798765,8.879234049534453e-05,0
etiology,77,0.011128775834658187,1.562988231765249e-06,0.007734791341373951,0.00010251223242059522,5
eugonadal,43,0.006214770920653274,4.018774986001403e-07,0.005697824863849276,7.393676906701082e-05,2
eugster,18,0.0026015320132967193,3.1433944545040705e-08,0.0020911204717605626,6.0194542291695287e-05,8
eur,67,0.009683480271715566,1.4069995714352762e-05,0.004981001231401994,0.0001455696647115903,8
eureka,28,0.004046827576239341,6.909964166907779e-07,0.003706181416850564,7.017165075381988e-05,0
european,139,0.020089608324902444,7.895171637503367e-05,0.00978466171283206,0.0002107920370338646,8
eurycoma,23,0.00332417979476803,4.2782971053746365e-08,0.002935036632976302,6.265558452371227e-05,6
eurycomanone,29,0.004191357132533603,4.340530800055767e-07,0.003534073441124835,6.750889270091806e-05,6
evaluate,494,0.07139760080936551,0.0001418374558242312,0.0243451212304911,0.0003345700294149979,4
evaluation,540,0.07804596039890158,0.0003642665444765235,0.026496503591264,0.0004029028448969186,4
evan,28,0.004046827576239341,1.2979079605630064e-07,0.003710770771967941,6.583390110370917e-05,6
eve,43,0.006214770920653274,1.4115223756265652e-06,0.005268589612391001,8.120788067032444e-05,6
evening,152,0.02196849255672785,3.44608648078e-05,0.012151987993561627,0.00017924335383546038,2
evenly,28,0.004046827576239341,3.062233124849523e-07,0.0030045122023547974,8.272336504251756e-05,9
event,796,0.1150455268102327,0.0009396394106291702,0.032294286226255686,0.0006093461162934062,6
"events,363",23,0.00332417979476803,8.07445702173079e-07,0.0028404110393384337,6.314669133250159e-05,6
"events.72,73",29,0.004191357132533603,6.954766320176611e-08,0.004329335715161203,6.080490244241986e-05,6
eventually,103,0.014886544298309004,4.784138796708972e-06,0.009675122262880668,0.00012070818181740329,5
everybody,107,0.015464662523486054,3.3764787055609534e-06,0.010708879756721594,0.00012716822695784207,0
everyday,163,0.023558317675964734,1.1315473542443506e-05,0.013494580270670603,0.00016307955965663262,3
evidence,951,0.13744760803584333,0.0016688330202344866,0.03132723087554147,0.0006142008364645702,4
evidence).10,24,0.003468709351062292,9.596378255064634e-08,0.0033719057289391123,5.968999641465298e-05,4
evident,65,0.009394421159127041,1.0668948701246108e-06,0.007191698682999794,9.530196816215758e-05,3
evoke,29,0.004191357132533603,1.9242648541160676e-07,0.004084176195873693,6.675141030019685e-05,3
evolution,50,0.007226477814713109,2.06770147533124e-06,0.005706169210883938,9.283184578001115e-05,9
evolutionarily,29,0.004191357132533603,7.49714572166259e-07,0.003378325677152218,7.488077111965018e-05,3
evolutionary,26,0.0037577684636508164,5.472807711040301e-08,0.0037742741519841373,5.4479644822412837e-05,3
evolve,155,0.02240208122561064,1.7491087153972237e-05,0.014121038680431927,0.00018733749773064686,4
exacerbate,69,0.009972539384304091,9.38528105640461e-06,0.006971204143086753,0.00010744325306125656,7
exacerbated,27,0.003902298019945079,6.089498029877584e-09,0.0038856928822329833,4.998789794872465e-05,3
exacerbation,29,0.004191357132533603,1.3499777766195139e-08,0.004051801465964098,5.978083147411951e-05,5
exact,145,0.020956785662668016,1.323718014195986e-05,0.012270340933378584,0.00015320520879633475,0
exactly,360,0.05203064026593438,9.024946396308438e-05,0.02108001159358691,0.0002932128287036263,0
exam,345,0.04986269692152045,5.0762373985419184e-05,0.0189860763000507,0.00024017776885166566,5
examination,394,0.056944645179939295,0.00012011752287816575,0.02159760412525894,0.0003069255048293427,4
examine,239,0.03454256395432866,3.342651064502445e-05,0.016831355610665392,0.00022201287869268573,6
example,730,0.10550657609481139,0.000551821380006451,0.030027319920940893,0.00046684800809286146,1
exceed,73,0.010550657609481139,1.0916800762018446e-06,0.008325715001727258,0.00010013509748829421,5
excellence,36,0.005203064026593439,1.3245796551947073e-07,0.0048974889673937955,7.061696922349338e-05,4
excellent,115,0.01662089897384015,2.3724460646543413e-05,0.011380762107640531,0.00015295889414790925,2
exception,97,0.014019366960543431,9.676625574132345e-06,0.010309448803728105,0.00013233750067857464,2
exceptionally,52,0.007515536927301633,2.583327540417272e-06,0.006034110575830029,9.274363945328763e-05,3
excerpt,28,0.004046827576239341,3.48774605418553e-08,0.004395953522356815,5.755687559563769e-05,4
excess,573,0.08281543575661222,0.0003080905384631594,0.026784811189040747,0.0004036655444088428,5
excessive,328,0.04740569446451799,5.589415840853175e-05,0.02033652208396291,0.0002511984964805084,5
excessively,73,0.010550657609481139,1.1822412046186882e-06,0.00802545568508594,9.976562546861721e-05,4
excipient,26,0.0037577684636508164,3.468554197689182e-08,0.004053101460125101,6.332641177863208e-05,2
excision,26,0.0037577684636508164,3.330037627537132e-08,0.0036926075184402943,5.402149690368887e-05,5
excitatory,26,0.0037577684636508164,3.5030915933509797e-07,0.003042813396180638,6.584614321856158e-05,3
excite,28,0.004046827576239341,4.899792110935487e-07,0.004088669424808681,6.55047981174152e-05,4
excited,121,0.017488076311605722,1.065817784553699e-05,0.011562067843316072,0.0001546334575971015,0
exciting,30,0.004335886688827865,3.981076007836024e-08,0.004755062359664443,6.137324014341931e-05,4
exclude,205,0.029628559040323747,2.6856666572688832e-05,0.01598032599121801,0.00020569266883197046,4
exclusion,75,0.010839716722069664,1.6793198734667704e-06,0.00886553601371084,0.00010240083445107014,4
exclusive,53,0.007660066483595895,9.478420107529929e-07,0.0062293051171019714,8.313028720622869e-05,3
exclusively,26,0.0037577684636508164,1.9861318109180532e-08,0.003555035429265128,5.380134153104434e-05,4
excrete,28,0.004046827576239341,2.7906830498756864e-08,0.0042321189599498045,6.302986903456292e-05,5
excuse,21,0.0030351206821795057,1.238196738544734e-08,0.003304528160752616,4.6120975879677095e-05,0
executive,26,0.0037577684636508164,2.0049492191888104e-05,0.0024398872060289035,8.342198941705645e-05,8
exemestane,26,0.0037577684636508164,5.5285975503230934e-08,0.003766714702183303,6.0327911172781276e-05,5
exercise,995,0.14380690851279088,0.0011507507900449915,0.032925377404008534,0.0005568278375020242,0
exert,46,0.00664835958953606,2.709766920540242e-07,0.00585064595617279,7.696445632719107e-05,4
exertion,50,0.007226477814713109,1.377574303818704e-06,0.005877867205810271,8.762954705589979e-05,2
exhaust,107,0.015464662523486054,7.750818645003898e-06,0.010407276765662754,0.00012268269817048208,0
exhaustion,51,0.007371007371007371,1.7568759695267184e-06,0.0060130558866719865,8.716875211505745e-05,0
exhibit,97,0.014019366960543431,1.7336827328967268e-05,0.009446849850967741,0.00013875744347187783,2
exist,404,0.05838994074288192,0.0001332154385156852,0.023677588201026247,0.00032008449815828236,4
existing,66,0.009538950715421303,1.726419136904265e-06,0.007238917906309691,9.924302930456387e-05,6
exogenous,501,0.07240930770342535,0.0001665727770808652,0.025306862252272546,0.00035745945878323457,5
expand,83,0.011995953172423761,6.623621695004136e-06,0.009243860313850525,0.0001224164868553544,4
expansion,55,0.00794912559618442,9.489761965675995e-07,0.006553709359009082,9.941119681614857e-05,4
expect,468,0.0676398323457147,0.00015416284378961333,0.024917230207036484,0.00033898096774200503,4
expectancy,84,0.012140482728718023,3.931820253447149e-06,0.008581165814963394,0.00011910675818031727,0
expectation,253,0.03656597774244833,7.006844100073236e-05,0.018700803789518387,0.0002577892971149461,3
expected,27,0.003902298019945079,6.061237800947239e-08,0.003894090476665623,5.699236502193641e-05,5
expense,48,0.006937418702124584,2.5115997680982634e-07,0.006318318799348483,7.845284552782877e-05,0
expensive,180,0.02601532013296719,1.5771774711409406e-05,0.014753310198984723,0.0001750851435978909,0
experience,1459,0.2108686226333285,0.003134966427913206,0.03728294661317065,0.0007153754939942924,3
experienced,253,0.03656597774244833,3.139857401626096e-05,0.019228115590829407,0.0002312091963660101,4
experiment,27,0.003902298019945079,8.25849351083592e-08,0.003575300507658795,7.042347855009912e-05,6
experimental,16,0.002312472900708195,5.17894669273596e-09,0.0025933552017441833,4.593603206086046e-05,4
expert,913,0.13195548489666137,0.001239139089912855,0.031399150309386496,0.0005821511958891714,4
expertise,329,0.04755022402081226,9.206660894069756e-05,0.020929902341949056,0.00028253199237396575,4
expertly,70,0.010117068940598353,6.268934528781029e-07,0.008091539969707892,8.65652926481709e-05,4
explain,463,0.06691718456424339,0.0001398177228963261,0.023939420203125592,0.0003389784657158933,7
explainer,25,0.0036132389073565544,5.190195630221054e-08,0.003491956670760327,5.578495237954065e-05,4
explanation,73,0.010550657609481139,2.7347634448000637e-06,0.00831986813705781,0.00011254329538353829,4
explanatory,27,0.003902298019945079,2.534696217063485e-08,0.003753739133710891,5.508176779467816e-05,5
explicit,61,0.008816302933949994,1.1055711961406458e-06,0.0072959659573249135,9.786655993830627e-05,4
explicitly,64,0.00924989160283278,2.5544490972606576e-06,0.007400517406436463,9.573039960400809e-05,4
exploration,25,0.0036132389073565544,3.575419793387953e-08,0.003773789978432219,5.51986217379934e-05,6
explore,404,0.05838994074288192,0.00013963145674424267,0.02327644452542684,0.0003262429402239732,4
explosion,52,0.007515536927301633,3.6446066499185837e-07,0.006963214476720758,8.376487441568651e-05,0
expose,51,0.007371007371007371,1.7391929175156178e-06,0.006617910684011912,9.347109784674427e-05,2
exposure,206,0.029773088596618008,4.4715235215795715e-05,0.013867288819582123,0.00021033122319131072,5
express,100,0.014452955629426218,1.546815252242979e-05,0.0081444080922064,0.00012984345558066028,0
ext,29,0.004191357132533603,4.819633055053884e-07,0.0024062706170237813,8.958465583036758e-05,9
extend,55,0.00794912559618442,1.296968203554147e-06,0.00650242911245452,8.008230329688206e-05,4
extensive,149,0.021534903887845066,8.518873862609646e-06,0.013051558062456574,0.00015868362919395883,4
extensively,47,0.0067928891458303225,5.070082793858418e-07,0.0058001291478540625,7.70151713612466e-05,4
extent,183,0.02644890880184998,2.0528789915090177e-05,0.01443171570744575,0.00018100664394621321,0
external,312,0.0450932215638098,0.0001300330259641925,0.01887718628213329,0.0002730472747979432,2
extra,348,0.050296285590403236,0.00014257693014969622,0.01920636968456142,0.000304419778550968,5
extract,48,0.006937418702124584,1.409339076082982e-06,0.006398871752618906,8.580480132934124e-05,4
extraction,25,0.0036132389073565544,1.7128856986233678e-08,0.004084872300880865,5.6431316524203334e-05,5
extraneous,30,0.004335886688827865,2.8216561320197465e-07,0.00438235332002246,6.881668186781381e-05,2
extrapolate,25,0.0036132389073565544,1.5708609166579709e-07,0.0037800828064371945,6.206486633466199e-05,6
extreme,120,0.01734354675531146,7.639351128430186e-06,0.010940782801562729,0.00014594606143040733,5
extremely,177,0.025581731464084406,2.2020126983105216e-05,0.014287274277954518,0.00018555133840415789,7
extremity,28,0.004046827576239341,2.3871491826015856e-08,0.003943711558433712,5.510078568830283e-05,5
extrusion,66,0.009538950715421303,5.3642738369737965e-06,0.007512270433247141,0.00011133416446616176,2
eye,262,0.03786674374909669,6.43007958263555e-05,0.01814374856496926,0.00024274348370300418,5
eyebrow,26,0.0037577684636508164,2.898754738118099e-07,0.0030946066175315573,6.306536893565987e-05,3
f.c,52,0.007515536927301633,1.1625086179371099e-05,0.004286710516693321,0.00013086005325261567,8
fable,28,0.004046827576239341,3.493318037808873e-07,0.0031801781376612622,8.077281553536174e-05,8
face,326,0.04711663535192947,0.00010513200867310863,0.019759085578038984,0.00028047646720304756,0
facebook,42,0.006070241364359011,4.837725841810663e-06,0.004221259306220391,8.213838407940137e-05,0
faced,27,0.003902298019945079,4.294761421872128e-08,0.0037648882755158364,5.953203332386312e-05,3
facial,323,0.04668304668304668,9.884645437515132e-05,0.016706381414674138,0.00025227992099142234,3
facilitate,125,0.01806619453678277,1.3132133030321358e-05,0.01226319930148083,0.00015214413403581725,4
facility,26,0.0037577684636508164,2.596607167224324e-07,0.003487400774629243,6.636278030965874e-05,0
facs,27,0.003902298019945079,4.458803221163487e-08,0.00388848775326849,6.535704817382482e-05,4
facsm,51,0.007371007371007371,5.591729709330873e-07,0.006086618662520369,9.110297299070664e-05,6
fact,643,0.09293250469721058,0.0005391567889538279,0.026977091233943283,0.0004499561183555543,0
factor,1178,0.17025581731464084,0.0019438333785149046,0.0358686991407697,0.0006688542669711809,3
factorial,27,0.003902298019945079,4.339780165701399e-08,0.003992682065850716,5.461640063636876e-05,5
factory,22,0.003179650238473768,5.520732923588765e-08,0.0031672681829379057,5.2921774754324555e-05,0
factual,25,0.0036132389073565544,9.82328924259681e-08,0.0037595279466361192,5.334862892302537e-05,4
faculty,25,0.0036132389073565544,6.933761998730516e-07,0.0030988454177521135,6.27816470138225e-05,6
fad,26,0.0037577684636508164,8.403206520777875e-08,0.004106618219567109,6.077200286536606e-05,0
fade,24,0.003468709351062292,2.8794970099117662e-08,0.003540906673943597,5.4657478580218575e-05,2
fail,387,0.05593293828587946,0.0001953175664194904,0.021516743708055053,0.00032902329838330153,5
failure,370,0.053475935828877004,0.00010353196453191982,0.019467858298735267,0.0002841935710384099,5
fair,27,0.003902298019945079,1.3514386374992585e-08,0.004094562197370583,5.339176045134883e-05,4
fairly,109,0.015753721636074577,3.903728744141247e-06,0.010445895403133017,0.00011942378014804154,0
fall,537,0.0776123717300188,0.0004299724842886958,0.02473236719261822,0.0003950554092304074,3
false,21,0.0030351206821795057,6.430702255068252e-09,0.003011786838621333,4.523709812735367e-05,4
falsely,49,0.0070819482584188465,6.797379252501066e-07,0.005814772588002756,7.849436029438979e-05,0
familiar,69,0.009972539384304091,3.4376396081225144e-06,0.007365715996694097,9.968032089528987e-05,0
family,563,0.0813701401936696,0.0003929860905658331,0.028301039667906033,0.00042586273744431237,0
famous,49,0.0070819482584188465,2.8369044653251356e-06,0.00498308292894213,9.916189248216498e-05,7
fantastic,182,0.026304379245555717,0.00013188703726049053,0.013317966094648984,0.00024948391364853443,0
fantasy,85,0.012285012285012284,3.4121148755724517e-06,0.009658192310158428,0.00011809425037761707,3
faqs,78,0.01127330539095245,3.3791966636779872e-06,0.00807374707428323,9.720748190313498e-05,4
far,347,0.05015175603410898,0.00012309546316932352,0.02111350387521228,0.00028773781412895293,0
fare,21,0.0030351206821795057,6.904951806149683e-08,0.0027555958795422333,5.900927812642805e-05,6
fashion,64,0.00924989160283278,6.454330810657793e-07,0.0076038449546018076,9.050936481964899e-05,4
fast,553,0.07992484463072698,0.0003599040798529848,0.027855131616032106,0.0004179637138179634,2
fasted,62,0.008960832490244255,2.1489686964126766e-06,0.006564321571399121,9.67186414218521e-05,7
fasting,21,0.0030351206821795057,3.753342014137661e-08,0.002989284979205264,4.921300776790793e-05,3
fat,940,0.13585778291660644,0.0010037742948867795,0.030112090527966033,0.0005309256185364198,3
fatal,48,0.006937418702124584,9.382138553162337e-07,0.005573424957912833,9.103609492545554e-05,6
fate,26,0.0037577684636508164,2.1186626562009382e-07,0.003400165801049989,6.287238571242076e-05,5
father,224,0.03237462060991473,5.465054390952736e-05,0.015705403202243968,0.00023524428161784234,5
fatiguability,26,0.0037577684636508164,1.643959289817572e-08,0.003838519874546879,5.381275356911373e-05,2
fatigue,801,0.115768174591704,0.0006740973701254845,0.02771108177309757,0.00046643473166449017,3
fatigued,86,0.012429541841306548,3.890870001605724e-06,0.008547818910503052,0.00011349044517653904,0
fatty,207,0.02991761815291227,3.9140584572610094e-05,0.015548918651651917,0.0002177991972794015,2
favor,24,0.003468709351062292,1.1598545793988654e-07,0.0032111600040158924,6.845663523869916e-05,6
favorable,74,0.0106951871657754,2.6921357391107802e-06,0.008581757275584797,0.00010636188674907835,4
favorite,113,0.016331839861251626,7.80219341922478e-05,0.008515269911091786,0.00019308967227714055,0
fda,591,0.08541696776990895,0.00043792738628296846,0.027506537048544073,0.0004537156230999301,2
fda‐registered,30,0.004335886688827865,1.6050311110494621e-07,0.004042929472817539,6.984927294356669e-05,4
fear,73,0.010550657609481139,8.456438197519511e-07,0.00868159333995316,9.731261499328256e-05,0
feasible,25,0.0036132389073565544,7.571827825788387e-08,0.0033302940618371536,5.990097530325551e-05,4
feat,18,0.0026015320132967193,2.0748669289063556e-09,0.0028116935893734117,4.763421543278791e-05,0
feature,188,0.02717155658332129,7.250536907959654e-05,0.013231878930184533,0.00020063501117766107,6
feb,157,0.02269114033819916,0.0001043950109798871,0.010929361969497274,0.00022975312812211095,6
feb;9(2):249,24,0.003468709351062292,4.7522044288000196e-08,0.003327819720636056,6.290240530847739e-05,8
february,156,0.0225466107819049,7.718253045121184e-05,0.012614466820501453,0.00022440730618838864,4
fecal,28,0.004046827576239341,2.102761290197173e-06,0.0027559470475507788,8.409272626426607e-05,10
fee,114,0.016476369417545888,5.941420264251612e-06,0.011598925804479505,0.000144790125948616,4
feeble,26,0.0037577684636508164,5.021171364249134e-08,0.003252301759792183,5.426491491483421e-05,3
feed,49,0.0070819482584188465,1.7555921168020906e-06,0.005317145650725287,8.589215065558192e-05,5
feedback,280,0.04046827576239341,7.423607093090713e-05,0.01714207608057717,0.0002474010874972595,5
feel,1385,0.20017343546755312,0.0033486031195410506,0.037571438345231224,0.0007719656827771209,0
feeling,368,0.05318687671628848,0.00012296496208426982,0.02086501532563344,0.0003035753344159477,3
feinberg,24,0.003468709351062292,7.19963339223129e-07,0.0023983587117851132,7.805140039619346e-05,6
feldman,28,0.004046827576239341,6.948078032039565e-08,0.003983649123820375,5.733527546162658e-05,3
felix,18,0.0026015320132967193,5.385350047869709e-08,0.0016373800611064562,6.913014328833959e-05,6
fella,24,0.003468709351062292,1.2104278851839263e-08,0.003525238620956945,5.325530153157463e-05,3
fellow,52,0.007515536927301633,1.497366695629425e-06,0.00589671563680167,9.276112424681091e-05,3
fellowship,100,0.014452955629426218,1.1537877531927194e-05,0.00978747619365731,0.00014712314589151196,4
felson,12,0.001734354675531146,1.2041390274900974e-10,0.0013984785534468783,4.787026337379371e-05,7
female,576,0.08324902442549502,0.00030561458188614106,0.023238237484136854,0.0003666118196752217,5
females,24,0.003468709351062292,1.1074848694214923e-08,0.003142515507513194,5.3688271097361456e-05,5
fenugreek,26,0.0037577684636508164,2.1389922055568816e-08,0.004142853273461131,5.739636091164896e-05,7
fernández,30,0.004335886688827865,1.1141296395272557e-06,0.002852420070903313,9.566934560740921e-05,8
ferreira,25,0.0036132389073565544,8.007546517661908e-08,0.0030082239792782856,6.992745902647903e-05,6
ferritin,54,0.007804596039890158,1.6718449961707296e-05,0.004439335405874178,0.00012334557894349386,5
ferrucci,30,0.004335886688827865,2.112250077965558e-06,0.002142238691628257,9.659651633949316e-05,8
fertile,26,0.0037577684636508164,7.025877910449054e-08,0.0037296969435650714,5.86915996125827e-05,5
fertility,933,0.1348460760225466,0.0008404470986858938,0.031208261565559628,0.0005248995082522985,5
fertilizer,27,0.003902298019945079,1.265256809451596e-07,0.003656877435810145,6.595458628148926e-05,5
fetal,131,0.018933371874548344,1.6492141301432473e-05,0.0104686939283264,0.00016254878963475064,5
fetus,43,0.006214770920653274,7.782688972875538e-07,0.004688451689086766,8.235663850192098e-05,5
fever,23,0.00332417979476803,3.004282799174134e-08,0.003301598770479226,5.503454014079818e-05,5
fiber,65,0.009394421159127041,3.2836230881285136e-06,0.006807910048683358,0.00010316595530227287,7
fibrillation,77,0.011128775834658187,2.371828898547699e-06,0.007800963522786122,0.00010883069539964126,6
fibrous,80,0.011562364503540975,6.203231902416054e-06,0.008990649675395087,0.00012529541574345294,5
field,309,0.04465963289492701,7.493224714167878e-05,0.019453139097040766,0.00026030203011204623,4
fig,70,0.010117068940598353,4.326245911206611e-06,0.006841727631074102,0.00011595499165618593,5
fight,138,0.019945078768608182,2.5922213250710385e-05,0.011612147624656472,0.0001765202527732643,3
figure,236,0.034108975285445875,3.19617524291683e-05,0.014697383838151775,0.00019167228367308162,0
fill,159,0.022980199450787685,2.574106571513515e-05,0.013372638714633019,0.00019046085342057573,0
filter,26,0.0037577684636508164,3.592181759703341e-06,0.002721749608684809,7.274792370107544e-05,6
filtration,26,0.0037577684636508164,1.2085774786294456e-06,0.0021074881398881183,8.350555424118376e-05,5
final,172,0.024859083682613095,0.0002053082705485005,0.01227529407725858,0.0002423589305551462,8
finalize,24,0.003468709351062292,2.4223056593695593e-07,0.003640594349588117,6.470765917301395e-05,4
finally,287,0.041479982656453245,0.0001380477884678449,0.020056773799470504,0.00028012509653055904,0
finance,49,0.0070819482584188465,3.8816010313152733e-07,0.00675551519738149,8.205555533153278e-05,4
financial,166,0.023991906344847522,4.6872411010053616e-05,0.013969647960230484,0.000201693482114161,4
financially,48,0.006937418702124584,2.5617931866082744e-07,0.0064351653480350796,7.936272842281809e-05,0
financing,40,0.005781182251770487,5.163938916816204e-07,0.005157014162894657,7.934866736544597e-05,4
finasteride,208,0.03006214770920653,3.30283695277443e-05,0.015477738350683926,0.00021638220857234688,5
find,1518,0.21939586645468998,0.004148719713283702,0.03953788821098178,0.00083011606171347,0
finder,21,0.0030351206821795057,1.2140446297147188e-07,0.00282411545505205,4.867496799543198e-05,5
finding,465,0.06720624367683191,0.0004703851070760705,0.02485152172470277,0.0004275895234170046,6
fine,245,0.03540974129209423,4.939003148112449e-05,0.018016303498418183,0.0002333787941174526,0
finer,26,0.0037577684636508164,2.169245259041724e-08,0.004083311545445874,5.849994153709976e-05,5
finger,27,0.003902298019945079,3.905220943780127e-07,0.0034913753522509503,6.497222405273416e-05,2
finish,25,0.0036132389073565544,2.2600435697407032e-07,0.003351066910122547,6.456292894593672e-05,2
finite,29,0.004191357132533603,3.8405608351794656e-07,0.0036516495264041506,6.900358827711882e-05,6
finkle,27,0.003902298019945079,2.403672197800983e-07,0.0035526549071515628,6.563267417005841e-05,6
fire,41,0.005925711808064749,2.6239220554848206e-07,0.005273141291720107,7.250314616465242e-05,2
firm,105,0.015175603410897529,1.288976060375186e-05,0.010260229995986034,0.00013807471020469352,2
firmly,28,0.004046827576239341,4.339925378558826e-08,0.004431941457090338,5.874068326481766e-05,2
firmness,27,0.003902298019945079,1.431031015574335e-07,0.0035154161989524196,6.825390370727268e-05,2
firsthand,28,0.004046827576239341,4.0153599329131136e-07,0.003601596599184221,6.506888168653176e-05,2
fish,86,0.012429541841306548,9.258171460644104e-06,0.008721249172452754,0.00013570883804126966,7
fit,365,0.05275328804740569,0.00015781131506362566,0.02258532100617138,0.00030351498425892036,4
fitness,190,0.027460615695909813,2.3113721576248626e-05,0.015852267581333204,0.00020553359813724135,4
fitzpatrick,30,0.004335886688827865,9.145338075328362e-06,0.001329601857646636,0.00011516150051281777,6
fix,346,0.05000722647781471,7.239143004020107e-05,0.019861477842587075,0.0002554523526816438,0
fixate,30,0.004335886688827865,6.221389553990893e-08,0.004641202951118155,6.228480727639322e-05,4
flag,28,0.004046827576239341,5.1174438502220465e-08,0.0038481215829769704,6.103182422230245e-05,0
flagging,29,0.004191357132533603,4.0448228247597486e-07,0.004203533144985751,6.173843158994333e-05,4
flammable,26,0.0037577684636508164,2.695440192393543e-08,0.003767249350591529,5.6135105247624584e-05,2
flank,24,0.003468709351062292,2.2133232878328327e-07,0.0029911099051136624,6.417710226653685e-05,3
flare,25,0.0036132389073565544,2.180163182992099e-08,0.003391491539186138,5.6230173100254625e-05,5
flash,322,0.04653851712675242,6.543748937746716e-05,0.018239258370627707,0.0002634356129683552,3
flashy,20,0.0028905911258852437,8.622466354685915e-08,0.002919165023941044,4.767340928933317e-05,0
flat,24,0.003468709351062292,1.1737299543181365e-08,0.0037116569963953116,5.3223216312332875e-05,4
flatten,52,0.007515536927301633,1.8020960628776746e-06,0.005807793403073287,8.144049791841206e-05,3
flavonoid,46,0.00664835958953606,5.719992363102718e-07,0.004813787391081639,8.419073979155114e-05,7
flavor,26,0.0037577684636508164,5.106875985399387e-08,0.0035377541454915356,5.9306016647933796e-05,7
flawed,28,0.004046827576239341,3.0811206565909174e-08,0.004140198049605479,6.0023650538782136e-05,0
flexibility,22,0.003179650238473768,2.351211177894634e-08,0.003585424873040203,4.990867375230206e-05,4
flexible,50,0.007226477814713109,1.290529399313025e-05,0.005299498916016036,0.0001104444130807796,10
flight,72,0.010406128053186877,3.234186176803028e-06,0.007598037303039874,0.00011371384570557046,3
flip,41,0.005925711808064749,6.316870650361489e-07,0.005337554693681124,7.477556529662737e-05,0
float,41,0.005925711808064749,5.022568621656103e-07,0.004956684491770303,7.212960765828189e-05,5
flood,47,0.0067928891458303225,8.375909853215893e-08,0.005666836385678052,6.566484526319612e-05,5
floor,72,0.010406128053186877,6.414112928323036e-05,0.004867341939603476,0.00015299643461637622,9
florence,24,0.003468709351062292,3.171459474862072e-07,0.0027132695073637464,7.836614440505635e-05,0
florida,48,0.006937418702124584,4.640939385519457e-07,0.006038450592899397,7.621244859689908e-05,6
flow,308,0.04451510333863275,7.301672397354524e-05,0.01931233417952925,0.00027489779681974557,7
flu,15,0.0021679433444139326,0.0,0.0017512346109159786,4.581994675248272e-05,5
fluctuate,176,0.025437201907790145,9.773044182700494e-06,0.013794235310913821,0.00016066887785261193,4
fluctuation,257,0.03714409596762538,2.074399662014041e-05,0.018984759266334767,0.00022227750077385373,2
fluid,147,0.02124584477525654,9.272062126978247e-06,0.011806630353507363,0.00015119966528868482,5
fluoride,26,0.0037577684636508164,1.198010148929951e-07,0.0037719800302352595,6.088809407180837e-05,7
flush,122,0.017632605867899987,1.6491088163571277e-05,0.010021947102969173,0.00014592078716989186,3
fly,29,0.004191357132533603,1.8976081090511156e-07,0.004126481042328694,7.002325092953474e-05,0
fnp,12,0.001734354675531146,0.0,0.0013584610223797346,5.4954068439991876e-05,7
foam,54,0.007804596039890158,1.2151920817683118e-06,0.0061434291172033015,9.671959012753715e-05,5
focus,740,0.10695187165775401,0.0005864677877819965,0.032714030022856846,0.0005035652204602789,4
focused,47,0.0067928891458303225,8.888563120291489e-07,0.0057119873818939,7.384652273395138e-05,0
foetus,25,0.0036132389073565544,1.0258160380434709e-07,0.0034561716287309185,6.247377907491356e-05,5
fog,257,0.03714409596762538,4.319902625931261e-05,0.01747836428201106,0.0002292333858974553,3
folate,47,0.0067928891458303225,7.795589921505139e-07,0.0053299445915006025,7.708611238793362e-05,5
fold,45,0.006503830033241798,3.5639951978169303e-07,0.005451857019187181,7.332882350720314e-05,3
fold.415,27,0.003902298019945079,2.877949281785053e-07,0.003935348947309639,6.641171947874081e-05,2
folk,228,0.032952738835091776,2.741707348132039e-05,0.01704129619942219,0.00021203060701207704,0
follicle,419,0.06055788408729585,0.00011357102690366742,0.020617393513002357,0.0003008101174290044,5
follow,1233,0.17820494291082525,0.002390403697964466,0.03879798987300395,0.0007146007510130341,4
following,159,0.022980199450787685,1.4071638883338785e-05,0.012896443580989039,0.00016064863847137798,0
followup,27,0.003902298019945079,1.2221426171973787e-08,0.004260659442807378,5.390118059310472e-05,4
food,740,0.10695187165775401,0.0011770470448371389,0.03096557171421724,0.0006008281672288473,7
foot,46,0.00664835958953606,3.8815508197665376e-07,0.006135284529266919,7.72542837549148e-05,0
football,24,0.003468709351062292,3.29180230129953e-07,0.003294468310703414,6.198508864246008e-05,0
force,81,0.011706894059835236,1.0405160062464784e-05,0.008343420651401992,0.00013925584347666283,0
ford,110,0.01589825119236884,9.831540149075015e-06,0.008555715248524635,0.00011726990255596838,4
forecast,23,0.00332417979476803,4.434902202347028e-08,0.003304686028058384,5.4255226224035586e-05,3
forehead,22,0.003179650238473768,1.3764901226997048e-07,0.0028937514303475106,6.261488344034873e-05,5
foreign,20,0.0028905911258852437,2.3986109386102673e-08,0.0026997980848619913,5.437166897720894e-05,5
foremost,25,0.0036132389073565544,2.1802779351097052e-08,0.003857757197734237,5.7695272622236156e-05,0
foretell,24,0.003468709351062292,3.366619286583008e-08,0.003426478390643769,5.971563262324091e-05,3
forever,52,0.007515536927301633,9.323946324919676e-07,0.006166045435824245,8.138253235529079e-05,0
forgetfulness,30,0.004335886688827865,1.0476303635077284e-08,0.004394548120544229,5.8271283783720615e-05,3
form,968,0.13990461049284578,0.0017785359189610743,0.03382561831607722,0.0005998817583672612,2
formal,47,0.0067928891458303225,1.9302977784192556e-07,0.006345992374173436,7.262815118084075e-05,4
formally,27,0.003902298019945079,4.6394293443418084e-08,0.003473126198236632,5.5974303994217145e-05,4
formation,120,0.01734354675531146,3.8101862745164838e-06,0.010398312360329445,0.00011192413656643708,5
formula,150,0.021679433444139327,4.878463592831352e-05,0.012808337573874902,0.00017345071777936965,2
formulate,107,0.015464662523486054,8.9725373512102e-06,0.011656428781362266,0.000135532803925588,4
formulation,470,0.06792889145830322,0.00026436246997918396,0.027043810071759957,0.0004117308446590334,2
fortesta,25,0.0036132389073565544,6.9654368670768e-08,0.003221060835434142,6.412893370848936e-05,2
forth,27,0.003902298019945079,9.085482354052867e-07,0.0035089844836254736,7.617374142757158e-05,0
fortify,19,0.0027460615695909813,1.0944008152867103e-08,0.002960589979323769,4.9181058417327794e-05,0
fortunately,75,0.010839716722069664,4.525100789998465e-06,0.008059690369146277,0.00011396932639040001,0
forward,232,0.03353085706026882,5.392026643717666e-05,0.01760709738132164,0.0002387661935481609,4
forwards,28,0.004046827576239341,5.13318151941892e-08,0.004206800437399349,5.663000769602027e-05,4
foundation,197,0.028472322589969647,6.355911848259711e-05,0.013343127529734164,0.00021476306201570117,4
foundational,50,0.007226477814713109,1.72748164583132e-06,0.005869061469003002,9.450281035207635e-05,4
founder,52,0.007515536927301633,6.832727165693261e-07,0.006148159429616571,8.575310313284557e-05,4
fountain,42,0.006070241364359011,6.108713738343757e-07,0.00489001330324117,8.049039745138121e-05,0
fraction,61,0.008816302933949994,4.321213826520108e-06,0.00677356429735198,0.00010589609292917968,2
fracture,219,0.03165197282844342,1.643141106224408e-05,0.015290346950979675,0.00019112571945693977,3
fragile,49,0.0070819482584188465,3.679561491920309e-07,0.005628296826132089,7.22004555177716e-05,5
frailty,55,0.00794912559618442,3.7575080349620026e-06,0.005864980171520693,9.248165681022403e-05,3
frame,72,0.010406128053186877,4.661211191451545e-06,0.0076747382151041346,0.00011977262715706947,3
framework,27,0.003902298019945079,2.032042973837174e-07,0.0035028081482256918,6.824345001487438e-05,4
france,55,0.00794912559618442,1.656295664482835e-05,0.0046982225917840065,0.00012913900757294836,8
francisco,46,0.00664835958953606,3.224537908616695e-06,0.0048437450251242,0.00010264614614418824,6
frank,27,0.003902298019945079,2.1332726773582325e-08,0.004293383857205408,5.668680487453194e-05,0
frederick,57,0.008238184708772944,2.8147269100409287e-05,0.0035793692955969603,0.00016182043788035358,8
free,841,0.1215493568434745,0.0011713253359782502,0.025615884168208404,0.0005129695061161487,5
freedom,24,0.003468709351062292,3.1999954620833335e-08,0.003753034738150424,5.3455893248283536e-05,2
freely,42,0.006070241364359011,1.3933840412142999e-06,0.0050548175456700635,7.97362012172997e-05,5
frequency,348,0.050296285590403236,0.00011353820627825347,0.022560495374802227,0.00030453714964421137,2
frequent,249,0.035987859517271285,3.1100109574969965e-05,0.019003265645421544,0.00023340210276119936,2
frequently,444,0.06417112299465241,0.000147248024018677,0.024624005948613536,0.00031519684428831256,10
friday,25,0.0036132389073565544,1.5758699929120412e-07,0.0033183849110132286,6.313165744263911e-05,0
fried,42,0.006070241364359011,1.968734438457053e-06,0.004350077797125555,9.287097914818981e-05,7
friend,248,0.03584332996097702,3.905966507786429e-05,0.017198032017756274,0.00021983224550514528,0
friendly,98,0.014163896516837693,5.470873103097679e-06,0.01065287242258307,0.00012843665989603688,4
frisky,24,0.003468709351062292,1.7126274287498036e-08,0.0035051492812262883,5.307343254136344e-05,3
frog,23,0.00332417979476803,1.188985319167342e-08,0.0038532253015657113,5.276792924675762e-05,0
frontal,28,0.004046827576239341,1.6276108331835465e-07,0.0036116504119280157,6.839708639560081e-05,3
frontier,58,0.008382714265067205,2.073540249677067e-05,0.003731518636842297,0.0001618877373979137,8
frsa,29,0.004191357132533603,1.4202525727620235e-06,0.0028292543296763854,9.115110335829827e-05,6
fruit,158,0.022835669894493423,8.53527019743492e-05,0.01211225838053162,0.00021266817846432606,7
frustrated,21,0.0030351206821795057,1.6266875712636025e-08,0.0028343316802035504,5.3968908114010526e-05,0
frustrating,108,0.015609192079780315,5.451767705110622e-06,0.010670022525576795,0.00013022355803792417,0
frustration,28,0.004046827576239341,7.197921160871499e-09,0.004438082403916233,5.170407521142274e-05,0
fruzzetti,30,0.004335886688827865,2.7945377110750143e-06,0.0030800288171890784,8.598525273921241e-05,8
fsh,444,0.06417112299465241,0.00014605043571578043,0.020291579465474947,0.00033139306221443627,5
fsig,26,0.0037577684636508164,1.5600805466043786e-06,0.0027098844359664774,7.870890044892852e-05,10
fuel,160,0.02312472900708195,2.8747348407415542e-05,0.01335908284096188,0.00018429098494410844,3
fugh,29,0.004191357132533603,3.7651592601347426e-07,0.0025096611729749007,9.224818746318335e-05,8
fulfil,26,0.0037577684636508164,2.420693040643288e-07,0.002941953209197571,7.760702490201496e-05,6
fulfill,27,0.003902298019945079,1.1864617168520303e-07,0.003933586266372769,6.540238873059952e-05,4
fulfilling,42,0.006070241364359011,1.3344128659795268e-07,0.0057176426409906835,6.617294773619871e-05,4
fullness,23,0.00332417979476803,6.928777365113124e-08,0.00312184434067992,5.2171822635883986e-05,4
fully,292,0.042202630437924556,7.824405447766728e-05,0.01797039560286928,0.00025130728611161366,2
fun,124,0.01792166498048851,2.603139377114088e-05,0.010480457922139036,0.00017296133298810685,0
function,1368,0.19771643301055067,0.003426530308045065,0.034788645511516565,0.0007449713856452999,3
"function.59,60,62,63",27,0.003902298019945079,1.0625162804348547e-07,0.00376388004941444,6.065737591516874e-05,3
functional,205,0.029628559040323747,0.00020051417420070974,0.013552077023370574,0.00031232406510852616,8
functioning,78,0.01127330539095245,1.360932772939115e-06,0.00836613048205632,0.00010511389908951624,3
fund,117,0.016909958086428676,3.229540099286051e-05,0.010491968284421777,0.00016791041325748605,6
fundamental,111,0.016042780748663103,2.0495875397962197e-05,0.010213202565317537,0.00015525343848850356,4
fundamentally,27,0.003902298019945079,8.44910532915556e-08,0.003909911569849047,5.984294504080981e-05,5
funding,87,0.012574071397600809,1.769736965690957e-05,0.008124257064687751,0.0001345836306359705,6
funk,23,0.00332417979476803,3.521902163905403e-08,0.003581579269587155,4.81284852056434e-05,0
furthermore,49,0.0070819482584188465,6.17383876731277e-07,0.006056460039766218,8.568849720779287e-05,6
future,358,0.05174158115334586,6.90288185616598e-05,0.021660347070293736,0.0002701505506469676,4
fuzz,29,0.004191357132533603,1.0843076303404131e-07,0.0036530472440771955,6.357539678479395e-05,3
fuzzy,26,0.0037577684636508164,1.3191070896202577e-08,0.003588501783361937,4.8420239367622756e-05,3
g-100,22,0.003179650238473768,7.956125170626922e-07,0.0018713293460260183,8.001778523981111e-05,9
g.diabetes,30,0.004335886688827865,5.374143924422771e-07,0.003114008750152572,8.024750234553865e-05,8
g.r,30,0.004335886688827865,2.19928687569833e-06,0.0022840243367397476,9.715398703888142e-05,8
gaba,30,0.004335886688827865,5.248228746286904e-08,0.004133714153840259,6.160213536752708e-05,3
gabrielsen,68,0.009828009828009828,1.7733880225094871e-06,0.007384501339068189,0.00010421571301250545,2
gabrielson,24,0.003468709351062292,8.70928588801681e-08,0.002885414696046771,5.918498227015853e-05,5
gain,568,0.08209278797514091,0.00018313060063329876,0.025336967739574823,0.000344614293955208,3
gainswave,48,0.006937418702124584,1.9411102287862577e-06,0.00585787728539928,8.787292835439771e-05,2
game,91,0.013152189622777859,6.588757862387376e-06,0.009359799224420512,0.00012048254897028915,0
gamma,28,0.004046827576239341,1.9197785401962193e-06,0.002073651458407219,9.24836321582497e-05,5
gao,30,0.004335886688827865,2.6716681670686225e-07,0.0036237288983510985,6.865747714199526e-05,4
gap,151,0.02182396300043359,6.691299541945724e-05,0.0127455135199522,0.0002076315402665019,8
garage,29,0.004191357132533603,1.5512780800640617e-07,0.0041735052889841934,6.824800016919341e-05,0
garbage,26,0.0037577684636508164,4.527385015785891e-08,0.004045553346972695,5.5562986638378115e-05,0
garcia,66,0.009538950715421303,6.877243487942197e-06,0.006172750773299676,0.00010266262633520382,0
garibaldi,30,0.004335886688827865,1.006814518740701e-06,0.0025443638814549143,8.303727586612812e-05,8
garlic,96,0.013874837404249168,3.2940000591331115e-05,0.007548021579680924,0.0001537405299670967,7
garner,28,0.004046827576239341,3.441617160477846e-08,0.004240773500848449,5.8552949429520074e-05,6
gary,84,0.012140482728718023,3.1226874381595376e-05,0.007215447940184578,0.00015136738947669494,8
gas,26,0.0037577684636508164,8.314828002080606e-08,0.0037244949392770967,6.397103222021867e-05,0
gascon,25,0.0036132389073565544,4.517823813385983e-08,0.003559501465269144,6.111073740311909e-05,0
gasoline,24,0.003468709351062292,8.942657503236017e-08,0.0033843815756730918,5.699696716524532e-05,0
gasp,25,0.0036132389073565544,2.2855370862887778e-07,0.003178355943844409,6.99225828646249e-05,3
gastroenterologist,26,0.0037577684636508164,7.289361939074908e-07,0.0031812932624473624,7.131471901003578e-05,10
gastroenterology,27,0.003902298019945079,3.571176111243002e-08,0.0034511859679397764,6.1017021937924176e-05,3
gather,51,0.007371007371007371,9.724991602377385e-06,0.005464026050081642,0.0001019277229605389,2
gathering,28,0.004046827576239341,3.7204022073520283e-07,0.0039574217022728085,6.814789167963708e-05,7
gauge,48,0.006937418702124584,4.993168782694214e-07,0.0058595931146522675,8.36751621111471e-05,4
gauze,24,0.003468709351062292,6.917131135315917e-07,0.002982679345815844,6.708434237931068e-05,2
gear,26,0.0037577684636508164,2.6179309033778752e-08,0.0037369686400499998,5.427281347212035e-05,0
gel,951,0.13744760803584333,0.001565047120557874,0.03147165584837255,0.0006137403869571858,2
gelatinous,50,0.007226477814713109,2.0315444713423627e-06,0.005765557723638703,0.00010087348770818759,2
geme,43,0.006214770920653274,3.541592097537076e-06,0.003161017639663268,0.00010852684421576674,8
gender,169,0.024425495013730307,3.0325493050909605e-05,0.01383094214108467,0.00019644505552620395,0
gene,208,0.03006214770920653,5.6157129069996794e-05,0.014445135397128848,0.00021713468723644333,5
general,744,0.10752998988293105,0.0007835903122490361,0.031459253518181816,0.0005022216617887451,4
generalizability,43,0.006214770920653274,9.337189105086854e-07,0.005254658947806738,8.387665380865288e-05,4
generalizable,25,0.0036132389073565544,5.415489485567304e-08,0.0034743972602732753,6.434595700858344e-05,4
generalize,28,0.004046827576239341,7.105367871096484e-08,0.004148919535128008,6.499068365383684e-05,4
generally,622,0.08989738401503107,0.0002954875931210091,0.028712265471862886,0.0004039592200785209,0
generate,92,0.01329671917907212,2.4723397469572946e-06,0.0096585247093192,0.00010877631348076851,4
generation,104,0.015031073854603266,9.354500166340533e-06,0.009849318480862311,0.00013458111627852188,4
generative,36,0.005203064026593439,3.3233328200275384e-06,0.004042149893892845,9.220381171004919e-05,4
generic,107,0.015464662523486054,9.874179867654185e-06,0.011027658706442048,0.00014800184371540782,2
generous,26,0.0037577684636508164,5.345392723205766e-07,0.0036022483891464314,5.9331902041031366e-05,4
geneseo,20,0.0028905911258852437,1.4894595437691408e-07,0.0011995740048995852,8.164805934776806e-05,9
genetic,543,0.07847954906778436,0.000302858888074274,0.02330592914782173,0.00038834920054668697,5
genetically,66,0.009538950715421303,3.967629893803068e-06,0.007073954763091841,0.00010099044713990462,5
genital,155,0.02240208122561064,2.898496807744184e-05,0.011866914321646023,0.00017831102578896353,5
genitalia,51,0.007371007371007371,2.0400528931834193e-06,0.006074219287669985,7.819085749863877e-05,0
genitourinary,27,0.003902298019945079,2.599651889800092e-07,0.0032755785624320032,6.8060481760059e-05,5
genius,29,0.004191357132533603,1.364712670633386e-07,0.00421090415926134,6.401007779550747e-05,0
genotype,26,0.0037577684636508164,1.8595800911679606e-08,0.0035335884495083657,5.6546870978787435e-05,3
genotypically,24,0.003468709351062292,6.921954022168133e-08,0.0026728657164669083,6.768366988007298e-05,5
gent,22,0.003179650238473768,1.677000183524024e-07,0.0029709771355623618,5.75896685586796e-05,0
gentle,25,0.0036132389073565544,1.3166860804432535e-08,0.0036677231032286096,4.94918388201345e-05,2
gentleman,53,0.007660066483595895,1.041525423399809e-06,0.00644604297153364,8.626979824818778e-05,0
gently,27,0.003902298019945079,3.8029032376937096e-07,0.004225087011219063,5.992405598126642e-05,4
geographic,45,0.006503830033241798,4.224601384088237e-07,0.005697394881957773,7.940751564078362e-05,3
geography,26,0.0037577684636508164,4.814660034345099e-08,0.0041105987952147465,5.7671135774700196e-05,6
george,80,0.011562364503540975,1.7035743182883754e-06,0.006742962588988394,9.72346131613966e-05,4
geriatric,53,0.007660066483595895,1.6168089300548946e-06,0.006181057677372374,9.645245614033005e-05,0
geriatricians,30,0.004335886688827865,1.5793257215169928e-07,0.004427499129548107,6.446705903492471e-05,4
gerontology,55,0.00794912559618442,1.9043976165290512e-06,0.006422286650637501,0.00010009884635666592,4
gestational,23,0.00332417979476803,1.2597120789286767e-07,0.0030516358483764086,5.7953019840942005e-05,3
getting,171,0.024714554126318834,8.914436101334228e-06,0.014002022342004176,0.0001566747750968198,0
gfobt,21,0.0030351206821795057,1.9676605515011668e-07,0.0017930192015987436,7.960378042131482e-05,10
gianfrilli,26,0.0037577684636508164,4.810716286370411e-07,0.002171445485171914,9.213255861434027e-05,8
giant,27,0.003902298019945079,1.7946396514162463e-07,0.003648840111892849,6.077602189582695e-05,0
gilbert,30,0.004335886688827865,2.2071404284124194e-07,0.003572741548825894,7.21116815284447e-05,8
gimmicky,26,0.0037577684636508164,2.0044588735745998e-07,0.0031163153534988046,6.820325952525805e-05,0
gip,24,0.003468709351062292,1.1194819214144832e-08,0.003618328093676638,5.197702471163487e-05,5
girl,45,0.006503830033241798,7.967527354863391e-07,0.005113185148281704,6.92182513581437e-05,5
girlfriend,21,0.0030351206821795057,5.063010995949433e-08,0.0033262610511048387,5.478857985396021e-05,0
glad,128,0.01849978320566556,2.085183011412248e-05,0.011463537993386298,0.00016293585201148674,0
gladly,23,0.00332417979476803,8.396445789397529e-08,0.003066771405920035,5.9239725316277816e-05,4
gland,770,0.11128775834658187,0.0007174646193088112,0.024303558062247092,0.00047799321311763537,5
glass,54,0.007804596039890158,1.5431982527122242e-05,0.004985844690431301,0.00011853885870419492,7
glenn,30,0.004335886688827865,8.202581353442508e-06,0.002143937659549085,9.487321357366908e-05,8
global,44,0.006359300476947536,9.608047930080429e-07,0.0050833123165789805,7.411705453647562e-05,4
globally,16,0.002312472900708195,4.381503018287889e-09,0.0023418716308329407,4.379515238388273e-05,4
globe,22,0.003179650238473768,2.8634285817011934e-08,0.002930020814237221,5.036592216137433e-05,3
globulin,297,0.04292527821939587,6.20184307434434e-05,0.01540897775629232,0.00023774814684625583,5
glomerular,26,0.0037577684636508164,1.3967316025784305e-06,0.0020667431569687633,8.484091969432027e-05,5
glp-1,50,0.007226477814713109,8.878720472855042e-07,0.005995639060932712,7.941595915478069e-05,5
glucagon,28,0.004046827576239341,2.1009616291580743e-07,0.0039016957046128834,5.921853496582769e-05,5
glucocorticoid,127,0.018355253649371295,1.1493968383989779e-05,0.010876730875395582,0.00016098855613383734,5
glucose,130,0.018788842318254083,1.818660906042631e-05,0.010975555122513804,0.00015436945295563257,5
glut,27,0.003902298019945079,1.3146875807629565e-08,0.004210277418606789,5.825815051619941e-05,5
glutamyltransferase,28,0.004046827576239341,1.924187448267626e-06,0.0019885974066421114,9.413305701398085e-05,5
gluteal,63,0.009105362046538517,8.717505133231289e-07,0.008038140878810548,9.270859036223995e-05,2
glutron,30,0.004335886688827865,1.8992793754783487e-06,0.002565367714333048,9.877535193862356e-05,8
glycemic,64,0.00924989160283278,1.4568575267070788e-06,0.00686726326647974,9.395099512654796e-05,3
glycoprotein,60,0.00867177337765573,5.817382317576179e-07,0.007075126400853944,8.942668803696099e-05,5
gm117080,21,0.0030351206821795057,1.0634633789847458e-07,0.002595267708783361,6.373223041034203e-05,6
gm117325,21,0.0030351206821795057,2.757378931332565e-07,0.0023164710549072967,6.821979805916517e-05,6
gm118619,21,0.0030351206821795057,1.0120582039064771e-07,0.002385603263588902,6.675204535226231e-05,6
gmc,45,0.006503830033241798,1.0692342762069658e-06,0.005115120604655655,7.568318707954504e-05,4
gmt+0000,25,0.0036132389073565544,1.1679548872859085e-07,0.00256382911909309,5.964531653408565e-05,9
gnrh,125,0.01806619453678277,1.369525402504035e-05,0.009130430932112866,0.00013952982316587934,5
goal,596,0.08613961555138026,0.0004122629810674508,0.02866552405302928,0.0004176072346299243,4
gold,178,0.025726261020378668,1.4665822379568057e-05,0.01563765846163866,0.00018669059038420028,4
golden,30,0.004335886688827865,2.4252587236070587e-08,0.004946513575084638,6.036388754713017e-05,7
goldfine,49,0.0070819482584188465,5.898478206480651e-06,0.003844897116253117,0.00010801798023309275,8
goldman,49,0.0070819482584188465,2.4739190155812554e-06,0.004538568082434955,9.297742097331384e-05,8
golf,25,0.0036132389073565544,3.232873113323433e-08,0.003428447585540739,4.979432437025651e-05,4
gomez,28,0.004046827576239341,2.5321671254841387e-08,0.003563246182692368,5.403715207389155e-05,3
gonad,146,0.021101315218962278,9.439476442325089e-06,0.010437508965398894,0.00014470515371493086,5
gonadal,179,0.02587079057667293,4.097317314979613e-05,0.01334905943995928,0.00021000441203017562,5
gonadatrophin,28,0.004046827576239341,2.0028348592419278e-07,0.0038954994030400572,5.991524896706154e-05,2
gonadotrophin,103,0.014886544298309004,9.796576967646376e-06,0.008459597649531062,0.00014293982274874096,5
gonadotropin,408,0.05896805896805897,0.00011773188873619411,0.021026821994454416,0.00030278553170553796,5
gone,21,0.0030351206821795057,1.682973738341601e-08,0.002657975420317971,4.737168825759682e-05,3
gonorrhea,30,0.004335886688827865,5.661683182293424e-07,0.002523982873369422,8.15809274058593e-05,1
good,1546,0.2234426940309293,0.004605842238690696,0.042601687917000725,0.0008297142976160151,0
goodbye,20,0.0028905911258852437,2.7770591578587e-08,0.002733373523807485,4.934706700256882e-05,4
goodrx,29,0.004191357132533603,6.748873009232068e-08,0.0041387845146748465,6.379458402103487e-05,0
google,190,0.027460615695909813,3.3229280701362656e-05,0.01585558657499146,0.00021797241397385664,0
gooren,29,0.004191357132533603,5.616779613696576e-07,0.0030783300962458123,8.197546184449926e-05,8
goserelin,30,0.004335886688827865,2.2597638240449613e-07,0.00401752901644137,6.992323905229952e-05,5
gout,27,0.003902298019945079,2.950677853282001e-07,0.0033359969651078503,7.432779832941987e-05,7
government,28,0.004046827576239341,5.827136325012684e-08,0.004526147454689698,6.549995239442085e-05,4
gps,45,0.006503830033241798,6.283153877685092e-07,0.005463671578838005,7.939423802736256e-05,4
graciela,30,0.004335886688827865,1.6567801559322416e-06,0.0017944159234328867,0.00011067845665682462,8
grade,289,0.04176904176904177,5.403779350355083e-05,0.016383541644668743,0.00022910745219905908,4
gradual,298,0.04306980777569013,4.095549960657558e-05,0.018175309161838335,0.0002344598726375185,3
gradually,347,0.05015175603410898,4.7199516417514464e-05,0.018879848360556433,0.0002443156750889626,3
graduate,54,0.007804596039890158,2.1263861474107245e-06,0.0065485017933765936,0.00010091931293601448,4
graft,15,0.0021679433444139326,2.941929132683459e-09,0.0020747079165634396,5.072557878483438e-05,2
grafting,22,0.003179650238473768,4.333863022698073e-07,0.002430552238545147,6.9610790059958e-05,2
grain,130,0.018788842318254083,6.772115047345043e-05,0.010504881380440747,0.0001844310583950149,7
gram,55,0.00794912559618442,2.879649250004583e-06,0.005865441364721927,0.00010041951112280517,7
grant,73,0.010550657609481139,2.979428459016155e-05,0.005587265719323001,0.00015397011413107947,6
grantmyre,30,0.004335886688827865,1.0022685522122796e-06,0.0009521703681693948,0.00012276696057732887,6
grapeseed,44,0.006359300476947536,1.2834904838042052e-06,0.005382928719045806,8.487591627722514e-05,2
graph,38,0.005492123139181963,4.409330952954572e-07,0.004812337473446788,7.611292088266767e-05,1
grapple,29,0.004191357132533603,6.389909993927642e-08,0.003959460754593092,5.612993810748104e-05,3
grass,24,0.003468709351062292,1.1429713830012419e-08,0.003390093036259958,4.960580889896685e-05,4
grave,42,0.006070241364359011,9.858419128086602e-07,0.004401663597298834,7.753100378875604e-05,5
great,880,0.1271860095389507,0.0011452016734333059,0.03431451976842884,0.0005898411845264972,0
greatly,110,0.01589825119236884,3.6317152409568433e-06,0.009979666853753242,0.0001210687425834038,3
green,121,0.017488076311605722,8.056889697386005e-05,0.010089420811013137,0.00017630975686541426,7
gregory,28,0.004046827576239341,2.3526826451578117e-07,0.0037275805955196786,5.844301884980039e-05,6
grin,27,0.003902298019945079,8.744051227127352e-09,0.004072097358007343,5.2013266371193025e-05,4
grip,49,0.0070819482584188465,1.3032328646501711e-06,0.005687953789805349,9.45364413413579e-05,1
grober,169,0.024425495013730307,0.00027545059159705726,0.011819506293568538,0.00024783575726470235,6
groin,68,0.009828009828009828,4.163487959096939e-06,0.007111250423768192,9.2016933468057e-05,5
groot,29,0.004191357132533603,6.708503500655761e-07,0.002824547051732996,7.854501336456964e-05,8
grossly,30,0.004335886688827865,5.708313905329408e-08,0.004027680202849044,6.409313678876015e-05,5
grossman,28,0.004046827576239341,1.4443768969687435e-06,0.002691509822321936,8.711365676818059e-05,8
grossmann,30,0.004335886688827865,1.5328528435646852e-06,0.003070060640344368,8.836507967031921e-05,8
ground,96,0.013874837404249168,5.993206589291818e-05,0.007838025384112206,0.0001720818663374355,9
groundbreake,30,0.004335886688827865,3.3949347134583315e-07,0.003434577069800118,8.412598280435423e-05,9
group,553,0.07992484463072698,0.00036863920600423654,0.025568697261358766,0.0004274090929141588,6
groups.435,25,0.0036132389073565544,9.175437625637191e-09,0.0040001196221085295,5.217699955734192e-05,2
grow,488,0.07053042347159995,0.0002565516465462678,0.02426524903216014,0.00036795081801544507,0
growth,839,0.12126029773088597,0.0008130438056074662,0.028658601847655844,0.000508543024131181,5
grubhub,23,0.00332417979476803,5.531899572163664e-08,0.0032909961381890505,6.489910981475575e-05,0
grumpy,25,0.0036132389073565544,7.763997807545461e-08,0.0035678398229286234,6.155002795796421e-05,3
gso,23,0.00332417979476803,1.464193567953574e-07,0.0029275073787330772,6.432306016218524e-05,2
guaiac,24,0.003468709351062292,1.0425684641503076e-06,0.002433155138667458,7.81524448455002e-05,10
guarantee,193,0.0278942043647926,2.8098554901681023e-05,0.015622825992898558,0.00021135950558587925,4
guasti,30,0.004335886688827865,1.0191284048760737e-06,0.0028862361104813306,9.465074154190631e-05,8
guess,150,0.021679433444139327,1.2877725761306097e-05,0.013657082309122472,0.0001693419311331159,0
guesswork,25,0.0036132389073565544,6.607652293787571e-08,0.0036170434108455055,5.468145671739783e-05,3
guest,104,0.015031073854603266,1.0008192032709285e-05,0.008759074187810467,0.00014575932284574357,0
guidance,435,0.06287035698800404,0.00014132362502184654,0.0251834684511081,0.00033718318802422733,4
guide,515,0.07443272149154502,0.00020179173822979383,0.025514927622915837,0.00036755611584088425,4
guideline,1071,0.1547911547911548,0.003078560299745029,0.03624291022315075,0.0008059314711631183,4
guilt,27,0.003902298019945079,4.461147990227432e-08,0.003867260446381404,6.303790347124764e-05,3
gulf,27,0.003902298019945079,6.232392342202211e-07,0.0033357807467717295,6.220839152172014e-05,4
gum,248,0.03584332996097702,7.653549101386437e-05,0.01550692416533137,0.0002500784209938592,2
gumline,26,0.0037577684636508164,1.0466074268666258e-07,0.003624214646029529,6.0874755603025556e-05,2
gupta,30,0.004335886688827865,2.5630790286272108e-06,0.0030413974065184447,8.460259619514585e-05,8
guralnik,29,0.004191357132533603,2.3705634341666507e-06,0.0017747675726212133,9.963491646914313e-05,8
gurney,30,0.004335886688827865,1.2077573577473483e-06,0.0026637618234591036,9.754203657296969e-05,8
gut,126,0.018210724093077033,1.5227550730661696e-05,0.009581487517519974,0.00015950945464680372,0
gutter,28,0.004046827576239341,5.402395039854631e-08,0.0038044761839506553,5.930498805374684e-05,0
guy,660,0.09538950715421304,0.0004949208644455014,0.028668345835605995,0.0004692843653391942,0
gym,190,0.027460615695909813,3.60134686539246e-05,0.015008425241462916,0.00019231131142134165,0
gynaecomastia,119,0.0171990171990172,5.549528063370176e-06,0.010867270890108638,0.00014034986450577947,3
gynecological,23,0.00332417979476803,1.4451314526664207e-07,0.0029304973498671606,6.487135625491627e-05,5
gynecomastia,416,0.06012429541841306,0.00010916294571359008,0.022263311180592896,0.00030443700125601934,5
h.s,28,0.004046827576239341,1.4772048989883564e-06,0.0027233249171851595,8.698035558943444e-05,8
habit,348,0.050296285590403236,9.799687277480164e-05,0.02106500730563444,0.0002933885939888743,7
habituation,28,0.004046827576239341,5.619766036973143e-07,0.003968433062389939,6.809205241701905e-05,3
habitus,53,0.007660066483595895,6.621574253173892e-07,0.006450487836193672,8.169631343898615e-05,3
hackett,30,0.004335886688827865,2.3738089781952184e-06,0.003364751722420634,7.29897320578328e-05,8
haddad,18,0.0026015320132967193,1.5666029222653362e-08,0.0020893405336972312,6.092884671160663e-05,8
hadley,27,0.003902298019945079,1.1892696562383464e-07,0.003550210218822213,6.494822472705745e-05,6
haematochromatosis,27,0.003902298019945079,7.749197135948275e-07,0.0030658755312530906,7.04819673639158e-05,5
haematocrit,185,0.026737967914438502,1.965819108187478e-05,0.014328354010598378,0.0001926965380186961,5
haemochromatosis,44,0.006359300476947536,5.140078967268121e-07,0.00510979155502357,7.021830968624388e-05,5
haemoglobin,77,0.011128775834658187,5.997437912746826e-06,0.006567929118939372,0.00010765947800661527,5
hage,56,0.008093655152478682,1.883353313670044e-05,0.0047755908679576985,0.00013503937848237776,6
hair,921,0.13311172134701546,0.0011640354539212436,0.028617036919422436,0.0005428137488340387,5
hairline,51,0.007371007371007371,8.813901145493096e-07,0.005711701521888086,8.601902142835806e-05,5
hairy,97,0.014019366960543431,7.899029414769748e-06,0.008813631809936662,0.00013512096771983246,0
half,427,0.06171412053764995,0.00014070295842959015,0.02246122225272131,0.00031448759730037747,2
halfway,46,0.00664835958953606,2.1979553706386296e-07,0.005688067651226977,7.70799550178516e-05,3
halifax,15,0.0021679433444139326,1.443883708811513e-07,0.001447616544768007,6.0863015492869794e-05,6
hallmark,93,0.013441248735366382,5.4423790871942185e-06,0.009027260056393992,0.00011113582010097896,0
halt,21,0.0030351206821795057,3.793010766052547e-09,0.0033011098320293916,4.460469017291222e-05,5
halting,26,0.0037577684636508164,1.438040038119018e-07,0.0034380171479301944,5.54251677266267e-05,4
hamper,25,0.0036132389073565544,3.217623006031297e-09,0.003515804623818108,4.563976012901095e-05,5
hand,341,0.0492845786963434,9.871237143488297e-05,0.02022106304521419,0.00027446787027337027,2
hand-,26,0.0037577684636508164,2.898476409337252e-08,0.0036678492903467062,6.0568787640503336e-05,2
handbook,30,0.004335886688827865,1.7878456111048155e-06,0.003484621246436837,8.324047454555825e-05,8
handing,30,0.004335886688827865,9.684669718434477e-07,0.0027472671411276103,9.856120212180457e-05,6
handle,29,0.004191357132533603,2.657995481499881e-08,0.004764723257824717,6.273581275433496e-05,4
handout,27,0.003902298019945079,2.9917708283611416e-08,0.0040357695443146244,6.044353958930716e-05,0
handpicke,25,0.0036132389073565544,1.0641583126414446e-08,0.003790482355402434,4.865186194350903e-05,4
hang,136,0.019656019656019656,7.721861826634943e-06,0.012062304433013836,0.00014068174001393306,0
hany,30,0.004335886688827865,4.104428660184159e-06,0.0020141380372777538,0.00010594031669357747,8
happen,666,0.0962566844919786,0.0003470555215575432,0.02889155205159827,0.00042478785664082304,0
happiness,78,0.01127330539095245,2.318274656902297e-06,0.007993445474102051,0.00010819334329128312,3
happy,303,0.04379245555716144,6.754624695480541e-05,0.01972269784211738,0.0002622074225768627,0
harbor,49,0.0070819482584188465,1.2296839992020485e-05,0.005006119485363827,9.591759681431278e-05,6
hard,397,0.05737823384882208,0.00017051233536070562,0.02268205916784585,0.00034237529486135594,0
hardening,46,0.00664835958953606,1.0668451329861637e-06,0.00547195410151637,8.333781999027053e-05,3
hardly,26,0.0037577684636508164,9.31121885190078e-08,0.00390865909281934,5.822777928730737e-05,0
hardness,29,0.004191357132533603,1.7771131594172588e-07,0.0038636697838581695,6.427181224448689e-05,3
hardy,30,0.004335886688827865,1.5835579583588156e-06,0.001897690312193974,0.00010992706934937826,8
harm,146,0.021101315218962278,1.0945654338496661e-05,0.010884986513324535,0.00014189526234871207,5
harmful,119,0.0171990171990172,8.38812171491255e-06,0.01136436746216229,0.00015509738690227637,4
harmonization,28,0.004046827576239341,1.5576926793510628e-07,0.0036949826015145746,7.059450572299653e-05,4
harvard,139,0.020089608324902444,5.187062413757881e-05,0.01099677547458668,0.0001800822366081483,7
hashimoto,26,0.0037577684636508164,3.1858802859077593e-07,0.0032321358233988575,6.085191566194131e-05,5
hassan,28,0.004046827576239341,6.876995647813178e-07,0.0008750444008413609,0.00011717415222098144,8
hassle,48,0.006937418702124584,4.4295214612040127e-07,0.006478880861250124,7.652873611720488e-05,0
hasten,27,0.003902298019945079,2.5411024512834294e-08,0.003810526838709801,5.750129769140399e-05,5
hate,23,0.00332417979476803,1.6616825289191874e-08,0.0036814347239030225,5.7200987215250636e-05,0
haul,18,0.0026015320132967193,3.4879179561391904e-09,0.0030292570865850877,4.141542365907294e-05,0
haven,25,0.0036132389073565544,1.0830732583163134e-07,0.0033555371191538357,6.349931764113968e-05,6
having,78,0.01127330539095245,1.127790969073095e-06,0.008067493718283757,0.00010088765717210293,5
havoc,28,0.004046827576239341,2.157277277127899e-07,0.0037166755380978866,6.398229633677147e-05,4
haye,26,0.0037577684636508164,7.742597580613865e-07,0.0031178451732741157,7.314274070559038e-05,8
hayes,29,0.004191357132533603,8.855680840663626e-07,0.0021110168282653004,9.860827855288309e-05,8
hays,21,0.0030351206821795057,1.6866698467754518e-07,0.00260854801199556,5.403610229133619e-05,6
hazard,45,0.006503830033241798,1.0945414826336713e-06,0.005911656124668891,8.604676626223916e-05,6
hazlett,29,0.004191357132533603,1.723152539829897e-06,0.0032014497016442955,8.067549364076712e-05,8
hba1c,87,0.012574071397600809,5.141569478477922e-06,0.007979469745006308,0.00011900018147161319,5
hcg,646,0.09336609336609336,0.00036906326740598883,0.02850768211110315,0.00044664225934139935,5
hct,123,0.01777713542419425,1.1458691774584169e-05,0.011880797770637505,0.00015635378038312235,2
hdl,84,0.012140482728718023,9.196979084784613e-06,0.006865178076157677,0.0001130873525720753,5
head,231,0.033386327503974564,5.109070402206955e-05,0.01567895193993859,0.00022487333987766562,5
headache,245,0.03540974129209423,3.1474758299301705e-05,0.01722555013432186,0.00022221209972574766,3
headline,30,0.004335886688827865,3.967245558484283e-06,0.0025619328953183146,9.467088004575181e-05,8
headquarter,25,0.0036132389073565544,8.349427051759564e-08,0.0030203823370896685,6.51307932479629e-05,9
headspace,24,0.003468709351062292,8.001118970581245e-09,0.003711518196847313,4.751238360983056e-05,0
heal,93,0.013441248735366382,9.128640298245448e-06,0.008915328335857498,0.0001280782250537403,3
healing,42,0.006070241364359011,1.981079127273813e-06,0.005102880298738808,8.15466782383485e-05,4
health,2700,0.39022980199450785,0.02830331615246171,0.045559920784576394,0.001245914242494034,4
healthbeat,59,0.008527243821361469,5.902857930477087e-07,0.0053295385149215516,8.014287702037592e-05,0
healthcare,835,0.12068217950570892,0.0008247897130784051,0.03142824273997229,0.0005022236847575022,4
healthdirect,37,0.0053475935828877,5.462113155103424e-07,0.004088468743231943,7.050833666786947e-05,4
healthful,25,0.0036132389073565544,5.175358290725304e-08,0.003627459288541857,5.7423210099762114e-05,4
healthier,42,0.006070241364359011,7.075849996226045e-08,0.005823386844081711,6.503735257312107e-05,0
healthy,1337,0.19323601676542854,0.003173940582083836,0.037578956156743545,0.0007291201007671363,7
hear,420,0.060702413643590115,0.00020027797548695137,0.023006767210979287,0.0003562655269217626,0
hearnshaw,24,0.003468709351062292,1.5585804714799154e-07,0.003153105405426264,5.7125739901907165e-05,4
heart,1045,0.151033386327504,0.001427137801054517,0.031502820357609575,0.0005892011322952169,3
heart@ccf.org,34,0.004914004914004914,9.323754083210832e-07,0.004237560066989928,7.158139120414702e-05,0
heartbeat,53,0.007660066483595895,1.8369948207657423e-06,0.005521680896608823,9.192959601167629e-05,3
heartburn,25,0.0036132389073565544,4.971115797405444e-07,0.0031366861342903797,6.046315329618191e-05,0
heat,96,0.013874837404249168,1.4906022075020271e-05,0.009147520300410179,0.0001395275677308416,7
heating,24,0.003468709351062292,7.907371672137661e-08,0.0029437873068691948,5.789271685708351e-05,5
heavily,171,0.024714554126318834,4.065695651556034e-05,0.013759853754669513,0.0002024011776908034,9
heavy,148,0.0213903743315508,1.8793873211042442e-05,0.01256369431633976,0.00016485148365307553,2
heck,25,0.0036132389073565544,4.804151647759893e-09,0.004232918006924366,5.248716239260304e-05,0
height,197,0.028472322589969647,2.835292417899646e-05,0.014235390702711802,0.00020016633012789415,3
heighten,80,0.011562364503540975,3.313608155365235e-06,0.008165116230846169,0.00011449890783026524,6
hello,19,0.0027460615695909813,2.787709805333814e-07,0.002619712414630712,5.201102581152457e-05,0
hello@thescoperadio.com,80,0.011562364503540975,1.2465224431588873e-05,0.006613881986847143,0.00012722104452723705,0
help,2014,0.291082526376644,0.008643513243475303,0.04024818123645827,0.0008928694048582643,0
helped,26,0.0037577684636508164,8.13106546796235e-08,0.0035635393015882462,5.8978224233473874e-05,5
helpful,364,0.052608758491111435,0.00010568292321954036,0.020630632200563458,0.0002783094726629144,0
helping,29,0.004191357132533603,1.958926305092374e-06,0.003638117475964212,7.90543087347163e-05,6
helps,95,0.013730307847954907,4.9273730260121505e-06,0.009051923399181807,0.0001076952530083257,3
hematocrit,357,0.051597051597051594,6.679676966292376e-05,0.020722307912418636,0.0002573491095578962,2
hematology,24,0.003468709351062292,2.2424157860719547e-07,0.002936255123060268,6.86779959979771e-05,5
hematoma,27,0.003902298019945079,3.4835477253252984e-07,0.0036057188168686543,7.108585076532975e-05,2
hemochromatosis,167,0.024136435901141784,1.5687058929868717e-05,0.012062136880438496,0.00018983421311886183,5
hemodialysis,25,0.0036132389073565544,1.9096846825902552e-08,0.0034969431745408997,5.379023712829631e-05,5
hemoglobin,266,0.03844486197427374,2.5576575273769112e-05,0.017193465802651457,0.00020192758320997307,4
henceforth,20,0.0028905911258852437,3.2540558580096727e-09,0.003023950013379863,4.461301371188119e-05,4
henry,133,0.01922243098713687,1.6824268649463176e-05,0.009811038499361244,0.00013679120957033638,4
henryford.com,27,0.003902298019945079,7.188620600573124e-07,0.003692594451995924,5.852585587054693e-05,4
hepatitis,96,0.013874837404249168,2.0984186008528785e-05,0.007882239145181415,0.0001586356771013112,1
hepcidin,47,0.0067928891458303225,2.263514329462459e-07,0.005661101418480188,7.627585850788894e-05,5
herald,28,0.004046827576239341,5.566677374721471e-07,0.0026518204059710676,8.770459448490622e-05,6
herb,96,0.013874837404249168,2.135573035097377e-05,0.008545230768631033,0.00015700195669563944,7
herbal,65,0.009394421159127041,6.35497071678203e-07,0.00767806690447375,9.046997901302667e-05,4
hereditary,23,0.00332417979476803,7.061924301002648e-09,0.003071652980354248,4.6662241910060866e-05,3
hernia,16,0.002312472900708195,4.059851644333048e-09,0.002225410691362494,4.911950998909577e-05,5
hesitant,28,0.004046827576239341,1.1286326132763583e-07,0.00396089478942543,6.018679534136092e-05,0
hesitate,140,0.020234137881196705,2.128264835164523e-05,0.011399178491648801,0.00017284005073338947,9
hesitation,50,0.007226477814713109,7.12702899517475e-07,0.006494553012604746,8.268522700911777e-05,3
heterogeneity,90,0.013007660066483595,4.333695558355093e-06,0.009905982046502199,0.0001298138582750434,4
hey,319,0.046104928457869634,7.004398194437051e-05,0.020557053827201986,0.00028792963731300367,0
hgh,91,0.013152189622777859,2.742514008397605e-06,0.008462481552984884,0.00011420456521460599,5
hhsn272201200026c,28,0.004046827576239341,6.314889601100223e-07,0.0031650989234538927,7.688228964928839e-05,6
hhsn272201700060c,28,0.004046827576239341,7.348565305778241e-07,0.00325381268716607,7.545769250498145e-05,6
hidden,50,0.007226477814713109,1.5037143186168404e-05,0.005411919146747403,9.626629713728524e-05,0
high,1741,0.25162595750831046,0.005576608634395714,0.038220332859461414,0.0008417273231192385,5
highest,22,0.003179650238473768,9.568960387967603e-09,0.0032422639429484086,4.718521319001689e-05,6
highland,20,0.0028905911258852437,6.000233988539455e-07,0.0017513555962442333,7.399623722834768e-05,9
highlight,283,0.0409018644312762,6.835468924763663e-05,0.01999215819148337,0.0002630590877193117,4
highly,304,0.0439369851134557,0.00020919366306017766,0.01888769230693176,0.0003094992310236892,4
hiit,27,0.003902298019945079,1.717678284237149e-08,0.0044412943419031604,5.987493915740906e-05,7
hike,27,0.003902298019945079,1.070079022079483e-07,0.0034900370710518615,7.313503665452982e-05,0
hill,30,0.004335886688827865,5.791149746073896e-07,0.0023732750428050284,9.545744250315477e-05,8
hinder,22,0.003179650238473768,2.3588440423337118e-08,0.0031100789282180203,4.944088494891246e-05,5
hint,26,0.0037577684636508164,7.435161432041879e-09,0.0039086809380037,5.1434855266604604e-05,3
hip,138,0.019945078768608182,9.709145257218586e-06,0.012115534308928113,0.00015093897374031666,2
hippocampus,29,0.004191357132533603,6.45248591505224e-08,0.0038391792132189697,6.41169778737252e-05,3
hirsch,30,0.004335886688827865,5.57736989744894e-07,0.0025225441534227643,9.40673517453913e-05,8
hirsutism,44,0.006359300476947536,1.8919237726051238e-07,0.004860954666441486,6.914423717249006e-05,5
histiocytosis,24,0.003468709351062292,3.016117853990906e-08,0.0031643766899200976,5.424875962288193e-05,5
historical,21,0.0030351206821795057,1.2028947151684207e-07,0.002731894328698262,5.5806117186663965e-05,6
historically,125,0.01806619453678277,1.351272371593844e-05,0.012335044397166872,0.00015847634442080782,2
history,668,0.09654574360456714,0.0003720038993926742,0.028410914766368645,0.00042455310525984385,5
hit,142,0.020523196993785228,6.262745008784379e-06,0.012644816233401893,0.00013962664298098696,0
hitter,41,0.005925711808064749,1.7349872237810618e-06,0.0052748580285389675,8.499258647798987e-05,0
hiv,317,0.04581586934528111,0.00011135484412491102,0.018159279683778954,0.0002798737921468389,5
hmg,25,0.0036132389073565544,1.1357899595876562e-08,0.003797654599081674,5.216659847655358e-05,0
hobby,52,0.007515536927301633,3.988116267174362e-06,0.006624999912648,8.91432373298941e-05,0
hocking,29,0.004191357132533603,1.81374658986963e-07,0.004016384135754871,6.627299577385472e-05,0
hodis,29,0.004191357132533603,5.168552040033732e-07,0.0020579335683400075,9.999279133341675e-05,8
hogenmiller,30,0.004335886688827865,6.335260427781901e-07,0.0025465994010755214,9.355874282551945e-05,8
holahan,51,0.007371007371007371,7.516355749490603e-07,0.0067124772916739,8.912326268477537e-05,0
hold,354,0.05116346292816881,0.00021277576657324632,0.020658102335380592,0.00034523133251523197,2
holding,22,0.003179650238473768,1.9645711438479636e-07,0.0023868868946394146,6.958145870487555e-05,8
holiday,82,0.011851423616129498,8.792147527765266e-06,0.008879655042917017,0.0001253025073951925,7
holistic,173,0.025003613238907357,1.0566664242331825e-05,0.015574913126909264,0.00016732572936351757,4
hollow,38,0.005492123139181963,8.001479301569288e-07,0.004770048302310479,7.308957313049996e-05,2
holmes,51,0.007371007371007371,4.081652587814968e-05,0.00314777332020339,0.00015480251936872427,6
holy,28,0.004046827576239341,1.645997489459274e-08,0.004375601782735086,5.71154665640448e-05,0
homa,16,0.002312472900708195,3.642865254743876e-09,0.0023494240065625176,4.517457174771334e-05,4
home,491,0.07096401214048273,0.0003055124848783888,0.026193627752140056,0.0003863579773787206,4
homeostasis,76,0.010984246278363925,1.405240536120791e-06,0.008796043540656471,0.00010576010698942327,2
homogenous,25,0.0036132389073565544,2.8273298384318515e-07,0.0034030632567438024,6.578854616881493e-05,6
homologous,26,0.0037577684636508164,1.0653334851290951e-07,0.003589205213760019,6.117298672091533e-05,5
hon,29,0.004191357132533603,9.263899944946456e-07,0.002894475034349612,9.060137418444193e-05,6
honest,248,0.03584332996097702,3.5830607197426434e-05,0.01821826830824893,0.00023106124647596438,0
honestly,45,0.006503830033241798,8.980093445395152e-07,0.006052034547678385,8.177626031386711e-05,0
honeymoon,25,0.0036132389073565544,1.5358875824790215e-07,0.0038023345761918443,5.8342871847897064e-05,0
honoraria,55,0.00794912559618442,1.1211389715347341e-05,0.0044284637028175,0.00013811115477318283,6
hoop,25,0.0036132389073565544,1.7724540740965937e-08,0.0035098461858662556,5.53658861881246e-05,4
hop,25,0.0036132389073565544,3.6769289535659016e-08,0.0033675020863257956,6.878742674134054e-05,0
hope,245,0.03540974129209423,6.0500896734048474e-05,0.01770741772308457,0.0002539869784898549,0
hopeful,30,0.004335886688827865,4.249345263105911e-07,0.004230442972628985,7.275870831369498e-05,0
hopefully,93,0.013441248735366382,6.029062944233328e-06,0.009111275078771148,0.00012220340931514881,0
hopelessness,47,0.0067928891458303225,7.61044256088983e-07,0.005533256378990347,7.908392991138326e-05,3
hopkin,26,0.0037577684636508164,6.08004456352833e-08,0.003625627467454679,5.57320023604891e-05,3
hopkins,57,0.008238184708772944,1.0798728527803933e-06,0.006744888661929168,8.648717770590068e-05,3
horizon,49,0.0070819482584188465,7.394339707961448e-07,0.006339912027000017,8.40140456081129e-05,0
horm,36,0.005203064026593439,2.3842706663085786e-06,0.002488805589189752,0.00011695874982801655,8
hormonal,843,0.12183841595606301,0.00044273903767445193,0.0323235849917756,0.0004704526712173017,5
hormonal/,22,0.003179650238473768,2.0636034441117326e-08,0.003035524377354539,5.011549648156486e-05,5
hormone,2354,0.34022257551669316,0.014932819575522102,0.03863371830205307,0.0009956776466572901,5
hormones,48,0.006937418702124584,3.685455678407397e-06,0.004909521848819292,0.00010018014132514768,4
hormones-,30,0.004335886688827865,7.91367666162874e-09,0.004043807384699558,5.332555263851874e-05,5
hornell,22,0.003179650238473768,1.0902753606018121e-07,0.0019563122983897482,7.741617013898484e-05,9
horny,33,0.0047694753577106515,9.465082680233101e-07,0.003701371272424754,7.137084329229117e-05,0
hospice,24,0.003468709351062292,4.899195682701479e-07,0.0029036128769771236,6.655977041958463e-05,5
hospital,330,0.04769475357710652,0.0006705436757220153,0.015485482669085213,0.0004050490493251958,9
hospitalization,26,0.0037577684636508164,7.905678590748682e-08,0.003208119874600109,6.012409415727251e-05,6
hospitalize,27,0.003902298019945079,7.634223729660855e-08,0.0036627919604036597,5.967777140461608e-05,6
host,150,0.021679433444139327,3.551504762750658e-05,0.011872219793153626,0.00019751903761657455,0
hostile,25,0.0036132389073565544,1.482033368198749e-08,0.0038386896533395025,5.627926792200821e-05,5
hot,406,0.05867899985547045,0.00014357434290724846,0.02027340506082994,0.0003122014370671554,3
hotale,65,0.009394421159127041,2.2129747304526047e-06,0.006840935150626333,9.335801041083387e-05,0
hotaling,230,0.0332417979476803,2.4880464913005946e-05,0.014941161192130731,0.00019208057314818103,0
hour,708,0.10232692585633762,0.000666132522859926,0.029998984185732373,0.00048067732815358237,2
hourglass,25,0.0036132389073565544,1.0672050675476022e-07,0.0031670499385445237,6.72651718679605e-05,3
hours.424,27,0.003902298019945079,2.078397658966068e-07,0.003557365629874867,6.88352770992978e-05,2
house,51,0.007371007371007371,4.922423400519808e-06,0.00576086443741406,9.769759962051335e-05,0
household,27,0.003902298019945079,2.8648779956361956e-07,0.0033474226492370943,6.530630810664359e-05,3
houston,67,0.009683480271715566,8.593952607666283e-06,0.006147116114575339,0.00010099638955122947,3
howard,107,0.015464662523486054,5.5711426429084564e-05,0.00882501911478405,0.00015551559655898654,8
hpg,147,0.02124584477525654,1.74392257993984e-05,0.012104759019715399,0.00017047975327050843,5
hpta,146,0.021101315218962278,3.45544167607473e-06,0.011562825937423015,0.0001318164020716329,5
hpv,23,0.00332417979476803,3.785913479762674e-07,0.002488813408164268,7.113321848673668e-05,1
hr=0.84,27,0.003902298019945079,1.195977146364377e-07,0.0036221685306070126,6.443789905308345e-05,6
hr=2.02,23,0.00332417979476803,2.367540697951756e-08,0.002922080933053696,5.6058363711101626e-05,6
hrt,273,0.039456568868333576,8.870107528421127e-05,0.017014815990033665,0.00026238548057117754,4
hse,15,0.0021679433444139326,2.392173693295357e-09,0.0019572942027965287,4.486072174376209e-05,2
html5,28,0.004046827576239341,2.4844172087070954e-07,0.0033130783110630903,6.521930282350309e-05,0
http://dx.doi.org/10.5489/cuaj.7252,27,0.003902298019945079,2.7236064481747043e-07,0.0034013175243560747,7.118511858444134e-05,4
https://medlineplus.gov/ency/patientinstructions/000722.htm,17,0.002457002457002457,1.88535086251552e-08,0.0022429217053505975,4.9630092791032823e-05,4
https://my.clevelandclinic.org/health/articles/24101-testosterone,16,0.002312472900708195,3.1000099403765176e-08,0.00231418371104557,4.6963540618040864e-05,8
https://my.clevelandclinic.org/health/diagnostics/24215-testosterone-test,28,0.004046827576239341,1.3743744270233112e-06,0.0028475737660183962,7.961371534217682e-05,8
https://my.clevelandclinic.org/health/diseases/24897-low-testosterone-in-woman,18,0.0026015320132967193,5.088846124223236e-08,0.0023867985424910164,4.9088517617253775e-05,8
https://themenshealthclinic.co.uk/microdosing-trt-the-future-of-testosterone-replacement-therapy/,14,0.0020234137881196706,1.0835330855026341e-08,0.001854728198184559,4.0425813076143855e-05,4
https://thescoperadio.com,18,0.0026015320132967193,9.00532161903444e-08,0.0018399468200840157,5.99690232066168e-05,0
https://whocaresmenshealth.com,16,0.002312472900708195,1.3801006455536975e-08,0.0015745271602538356,5.445611613464176e-05,0
https://www.auanet.org/guidelines-and-quality/guidelines/testosterone-deficiency-guideline,27,0.003902298019945079,1.1965333375483948e-06,0.0032306412385398717,7.616359779581537e-05,8
https://www.cdc.gov/labstandards/hs_standardization.html,30,0.004335886688827865,2.3987834723560744e-07,0.0036601406399863617,7.505489955138292e-05,4
https://www.clinicalkey.com,29,0.004191357132533603,3.2133013504581865e-07,0.0031361839134051257,7.928122535998236e-05,8
https://www.endocrine.org/patient-engagement/endocrine-library/hormones-and-endocrine-function/reproductive-hormones,23,0.00332417979476803,7.666185897513253e-07,0.0023455350877801396,7.408312118171661e-05,8
https://www.endocrine.org/patient-engagement/endocrine-library/hypogonadism,17,0.002457002457002457,8.434439073536407e-08,0.002102043088960901,5.594329384964446e-05,8
https://www.facebook.com/whocaresmenshealth,14,0.0020234137881196706,0.0,0.0013468726465610157,5.0508283072708663e-05,0
https://www.hormone.org/diseases-and-conditions/low-testosteronetestosterone-associate,21,0.0030351206821795057,8.18663177161975e-08,0.002634482005864573,5.4504958482283564e-05,7
https://www.hormone.org/your-health-and-hormones/glands-and-hormones-a-to-z/hormones/testosteronelow,21,0.0030351206821795057,7.031978202354366e-08,0.002583903254608906,5.335612688682373e-05,7
https://www.labcorp.com/tests/004226/testosterone-total,23,0.00332417979476803,3.899250649369694e-07,0.00245817352823122,7.402314392374213e-05,8
https://www.mayomedicallaboratories.com/test-catalog/clinical+and+interpretive/8508,28,0.004046827576239341,3.5209570531371265e-07,0.0036055967098970777,7.169026312118374e-05,8
https://www.ncbi.nlm.nih.gov/books/nbk513278/,30,0.004335886688827865,1.356385532817971e-06,0.0027655295236183076,9.698569957575881e-05,8
https://www.ncbi.nlm.nih.gov/books/nbk534827/,30,0.004335886688827865,2.2459687437135126e-06,0.003053107770898762,9.001054300163246e-05,8
https://www.ncbi.nlm.nih.gov/books/nbk549843/,30,0.004335886688827865,2.72688767395281e-06,0.0032402935736759826,7.72130725492298e-05,8
https://www.ncbi.nlm.nih.gov/pmc/articles/pmc1476110/,30,0.004335886688827865,1.2194548203815017e-06,0.003107059505849451,8.8862388415844e-05,8
https://www.ncbi.nlm.nih.gov/pmc/articles/pmc2645631/,26,0.0037577684636508164,2.8955861453602967e-07,0.002640774377331191,7.698334468497416e-05,8
https://www.ncbi.nlm.nih.gov/pmc/articles/pmc6266690/,23,0.00332417979476803,5.277627907779911e-08,0.002984855554081547,5.329433936093513e-05,7
https://www.ncbi.nlm.nih.gov/pmc/articles/pmc6571549/,30,0.004335886688827865,2.1815504290563405e-06,0.0020138722808910707,9.928397136282624e-05,8
https://www.ncbi.nlm.nih.gov/pubmed/15638872,29,0.004191357132533603,3.2596523464310015e-07,0.003134389709447071,7.041786669296085e-05,5
https://www.ncbi.nlm.nih.gov/pubmed/18270261,25,0.0036132389073565544,3.5132247382516226e-07,0.002586070840677546,6.81271126852758e-05,5
https://www.ncbi.nlm.nih.gov/pubmed/23482592,26,0.0037577684636508164,5.164741634723015e-07,0.002914631348848344,7.219250007447258e-05,8
https://www.ncbi.nlm.nih.gov/pubmed/25384570,28,0.004046827576239341,1.7812764940188867e-07,0.0034814166187061386,6.705546312476453e-05,8
https://www.ncbi.nlm.nih.gov/pubmed/25523084,26,0.0037577684636508164,4.771257485439433e-07,0.002723039602689093,7.724211761073761e-05,8
https://www.ncbi.nlm.nih.gov/pubmed/28434676,25,0.0036132389073565544,6.404877062702123e-08,0.002977220347484955,6.075838418601169e-05,8
https://www.ncbi.nlm.nih.gov/pubmed/30862651,28,0.004046827576239341,3.5701936141597467e-07,0.00343397131307937,6.57001382782681e-05,5
https://www.ncbi.nlm.nih.gov/pubmed/31496147,27,0.003902298019945079,4.35003489411089e-07,0.0028597093615223526,7.763944697376751e-05,8
https://www.ncbi.nlm.nih.gov/pubmed/37589949,15,0.0021679433444139326,2.4370678175616254e-08,0.0015108896434211981,4.269973818802998e-05,8
https://www.testing.com/tests/testosterone/,27,0.003902298019945079,5.752443967449043e-07,0.0033771881812260504,7.410918572807226e-05,8
https://www.upmc.com/health-library/article?hwid=abo6506&locale=en-us,18,0.0026015320132967193,4.343613586496697e-08,0.0023246619049504882,5.0277730811198924e-05,4
https://www.uptodate.com/contents/search,41,0.005925711808064749,1.3051409844047174e-06,0.004529211341605421,8.27451774713322e-05,4
https://www.urologyhealth.org/urologic-conditions/low-testosterone,20,0.0028905911258852437,2.10232645327983e-07,0.002136685631019201,6.4735938113966e-05,4
https://www.womenshealth.gov/a-z-topics/polycystic-ovary-syndrome,25,0.0036132389073565544,2.1360427485280357e-08,0.0037429739023572446,5.727156368953968e-05,4
hub,45,0.006503830033241798,2.434969193115892e-06,0.0052819682171762715,8.024931100275798e-05,0
hudson,28,0.004046827576239341,1.982540565922917e-08,0.003643638378274098,5.7468585289183506e-05,5
huge,202,0.02919497037144096,1.9689256386222366e-05,0.015857454031854866,0.00018900161897085626,0
huh,25,0.0036132389073565544,2.72312668094906e-08,0.003873527273038507,5.484660025551844e-05,0
hum,21,0.0030351206821795057,2.3178821225648076e-08,0.002757536382218234,5.560727388908254e-05,0
human,603,0.08715132244544009,0.0008354714880737758,0.027286099930938376,0.0004797329049530896,5
hump,25,0.0036132389073565544,3.670133236453695e-08,0.003752904117508131,5.1363264480520766e-05,0
hunt,28,0.004046827576239341,3.942070850416069e-08,0.0043913090107679425,6.592358527212033e-05,3
huo,30,0.004335886688827865,6.151022377874121e-07,0.00242752106138999,9.37256073295625e-05,8
hurt,104,0.015031073854603266,4.814451805283701e-06,0.010382112798151532,0.000125770732834881,0
hwy,30,0.004335886688827865,9.521475113091804e-07,0.002566794850862489,9.040211238322567e-05,9
hydrate,28,0.004046827576239341,4.0338821745664817e-07,0.003723266352973277,6.870591839887611e-05,2
hydrated,118,0.017054487642722937,2.0852565781581754e-05,0.01113303577465617,0.00016617659084868855,0
hydration,27,0.003902298019945079,2.4954685992032835e-07,0.0034647627810375048,6.902055815509719e-05,2
hydro,43,0.006214770920653274,2.7730605151446193e-07,0.006147315607265332,7.688481858708474e-05,2
hydroxylase,27,0.003902298019945079,3.8987532136311896e-07,0.0032262882400873284,6.129821775118238e-05,5
hygiene,52,0.007515536927301633,3.997223716978461e-06,0.005546947623541156,0.00010163175519459332,1
hypercholesterolemia,27,0.003902298019945079,5.503799567475632e-08,0.0037490142264876313,6.540770209186428e-05,1
hyperestrogenemia,28,0.004046827576239341,1.373849791205279e-07,0.0039277730029063755,6.585549759800521e-05,6
hyperestrogenism,25,0.0036132389073565544,1.1882493613519233e-08,0.004005557975824487,5.872530141485097e-05,2
hypergonadotropic,57,0.008238184708772944,2.3548799087051115e-07,0.006321213448779508,7.805052105433195e-05,5
hyperlipidemia,24,0.003468709351062292,2.648477345637412e-08,0.003442629170257376,5.022547934038709e-05,3
hyperplasia,186,0.026882497470732764,3.432511020748955e-05,0.012026565812294715,0.00018033935456159808,5
hyperprolactinemia,69,0.009972539384304091,2.1466360168919084e-06,0.007056615201651091,0.00011858921966221498,5
hypersensitivity,26,0.0037577684636508164,9.799217910998033e-08,0.0034753872570078654,5.872203608469132e-05,4
hypertension,197,0.028472322589969647,2.839670640507347e-05,0.01484070866233898,0.00020372558591676403,1
hyperthyroidism,158,0.022835669894493423,1.78277553305468e-05,0.010606153215774588,0.0001670894114673835,5
hypertrophy,23,0.00332417979476803,7.909908568498394e-08,0.003017794579842992,5.8015111181662326e-05,5
hypo,47,0.0067928891458303225,2.189558826260509e-06,0.005468468586769116,8.438912073900562e-05,5
hypoactive,21,0.0030351206821795057,1.230811651483582e-07,0.0028490616989884335,5.5852269084416715e-05,2
hypoallergenic,26,0.0037577684636508164,3.740528471264075e-07,0.0034012736719183537,7.109136907836286e-05,2
hypofunction,25,0.0036132389073565544,2.212601665236642e-06,0.0015230022793901452,8.298681901674878e-05,8
hypogonadal,388,0.056077467842173725,0.00010684425187781816,0.022135054274581144,0.0003286330070736477,5
hypogonadism,1483,0.2143373319843908,0.005903867308030533,0.03047978548130259,0.000815910335890137,5
hypogonadotropic,132,0.019077901430842606,6.37374502713864e-05,0.00950960326194784,0.0001921669260420682,5
hypoparathyroidism,36,0.005203064026593439,1.2109225322848314e-07,0.004216556311255028,6.452379068811851e-05,5
hypopituitarism,29,0.004191357132533603,2.2019969951668909e-07,0.0036648280552308028,6.350409851455604e-05,5
hypoplasia,25,0.0036132389073565544,2.0985652013237863e-07,0.0029860723733056817,6.392933034789817e-05,5
hypotension,24,0.003468709351062292,1.1870179437859253e-07,0.003472868460861872,5.672676481177371e-05,5
hypothalamic,256,0.03699956641133112,5.703046900713573e-05,0.015967345182304724,0.00024172755210471607,5
hypothalamicpituitary,25,0.0036132389073565544,1.3821889696272687e-07,0.002916279774115791,6.26841305172444e-05,5
hypothalamus,462,0.06677265500794913,0.00021590775213906586,0.019796949240113895,0.0003539664731965349,5
hypothalmus,41,0.005925711808064749,7.068755568074596e-07,0.00498462658685657,7.949968758990875e-05,5
hypothyroid,29,0.004191357132533603,2.047441181109539e-07,0.003925499588056276,6.381622726198797e-05,4
hypothyroidism,272,0.03931203931203931,7.151401053874241e-05,0.015703891463309146,0.00025388919434279596,5
i-80,26,0.0037577684636508164,1.5358250024124167e-07,0.0034882396041210984,6.562200011455377e-05,4
i.e.,242,0.034976152623211444,8.051836463020937e-05,0.017018875857697166,0.00025444590011949273,3
iatrogenic,29,0.004191357132533603,2.82031103598192e-07,0.003244826103887568,7.288453378294359e-05,5
icd9,23,0.00332417979476803,3.323725038637423e-07,0.0030552722211617963,6.57422527927853e-05,4
ice,52,0.007515536927301633,3.690691071162411e-06,0.0057809752794396145,0.00010349602203181306,4
icon,26,0.0037577684636508164,1.6019139069047446e-08,0.0033783682590316395,5.4832976603846694e-05,0
ict,18,0.0026015320132967193,1.3333617397271683e-08,0.0021462416971019197,5.7602128251955966e-05,6
idaho,27,0.003902298019945079,8.056410954435131e-07,0.0026678330828308603,8.151295658531221e-05,9
idea,285,0.04119092354386472,3.087101353229812e-05,0.01922071987450827,0.00022069846916838423,0
ideal,245,0.03540974129209423,3.76341035501255e-05,0.0187378869557732,0.00021965661290778077,2
ideally,167,0.024136435901141784,7.791523764877837e-06,0.014504865649544898,0.00016368008309749002,4
identical,45,0.006503830033241798,2.26651367099367e-06,0.005391894634715263,8.578681814877297e-05,4
identifiable,26,0.0037577684636508164,2.2500835601959744e-08,0.00425213593779831,5.637345614962092e-05,4
identification,28,0.004046827576239341,6.112532283906632e-07,0.0042630526968326045,6.823186287540332e-05,2
identify,708,0.10232692585633762,0.0004534973841230725,0.03129694829967944,0.00045481070180458406,4
idiopathic,54,0.007804596039890158,5.243872074516324e-07,0.005661240247224228,7.504057010879614e-05,3
igf-1,86,0.012429541841306548,2.300514139980194e-06,0.00795315222285341,0.0001073764801602528,5
ignore,109,0.015753721636074577,4.350846586296407e-06,0.00959653430472172,0.00012584734532471119,3
iief,27,0.003902298019945079,4.1636230465208676e-08,0.003915536914779842,6.0005248225281874e-05,6
iijima,30,0.004335886688827865,1.6623297799855142e-06,0.0029316115006373907,9.306000546101874e-05,8
ill,107,0.015464662523486054,2.627873415750636e-05,0.008232567778704153,0.00015314902907144292,0
illegal,66,0.009538950715421303,1.485076912827522e-05,0.0065591615114498885,0.00011893433935790698,7
illegitimate,22,0.003179650238473768,4.452988153933449e-08,0.0031674569190644664,4.7235961496600726e-05,4
illicit,95,0.013730307847954907,4.749092207923964e-06,0.009380287274002419,0.00011966212036129616,5
illness,363,0.05246422893481717,9.843017221086359e-05,0.020181354280083545,0.00029261869351389277,5
illuminate,28,0.004046827576239341,7.141147483053084e-08,0.003978555626967053,5.2886181066195737e-05,5
illustrate,49,0.0070819482584188465,2.741925632032364e-07,0.006587910852127603,7.690951351682457e-05,0
illustrative,27,0.003902298019945079,1.2391117900071325e-07,0.0038487857878711056,6.549266131989678e-05,4
image,156,0.0225466107819049,3.8169671665710375e-05,0.011812890006359331,0.0001829394153424172,5
imagen,29,0.004191357132533603,2.1354027203443346e-06,0.003407887888529753,8.190790889047154e-05,6
imagine,24,0.003468709351062292,3.281989534064599e-07,0.002825001183358736,6.225389366382636e-05,3
imaging,141,0.020378667437490967,4.4098012728413637e-05,0.010495783881989816,0.00017456831700658052,8
imbalance,363,0.05246422893481717,5.235829000002137e-05,0.020522044578970673,0.0002628317649172273,5
imitate,51,0.007371007371007371,1.0216836756658728e-06,0.006387083381895157,8.604139174097408e-05,5
immediate,169,0.024425495013730307,8.451871765086054e-06,0.012752909019996676,0.00014814047202328808,3
immediately,185,0.026737967914438502,2.8381402671751393e-05,0.014633790316414146,0.0001851176841004039,3
immensely,41,0.005925711808064749,4.497990818282127e-07,0.005136698905804606,7.47718913879585e-05,0
immersive,34,0.004914004914004914,3.565571311582241e-07,0.004095523543926072,7.536388472570568e-05,0
immune,150,0.021679433444139327,2.3284253755818908e-05,0.011995062957710252,0.000182233001928034,5
immunity,30,0.004335886688827865,1.611203260998431e-07,0.0039381761927221245,6.168334026865251e-05,5
immunoassay,96,0.013874837404249168,5.301639811261524e-06,0.010122840731648156,0.000141153169564751,4
immunochemical,21,0.0030351206821795057,1.1512331988961018e-06,0.002505671608506637,6.546316817243344e-05,10
immunodeficiency,45,0.006503830033241798,6.752550660200786e-07,0.005301597001584913,8.348070463892981e-05,5
immunology,23,0.00332417979476803,2.8739847405653184e-07,0.0023992185977053855,6.935586495450818e-05,5
impact,976,0.1410608469431999,0.0010085348308372635,0.033274841306072965,0.0005560524902196751,3
impactful,26,0.0037577684636508164,2.8416470516053032e-08,0.0039091696166879165,5.494849289854487e-05,4
impair,188,0.02717155658332129,1.0155939187623004e-05,0.014617568023210048,0.00017562518629925288,3
impaired,67,0.009683480271715566,3.62097285153537e-06,0.0069285986421216235,9.639246249198592e-05,5
impairment,52,0.007515536927301633,1.6542080965120923e-06,0.005608004714224811,8.88686678359858e-05,3
impairs,78,0.01127330539095245,1.954767124301996e-06,0.007922045181834307,0.00011099537397767355,5
impart,29,0.004191357132533603,1.272098529960169e-07,0.00412789464934647,6.828783481797022e-05,4
imperative,121,0.017488076311605722,6.585941656503684e-06,0.011700763579782199,0.0001468199299916336,4
impersonation,31,0.0044804162451221275,3.0462089702626e-08,0.004471458018373265,5.748647408238943e-05,0
impetus,38,0.005492123139181963,3.085795935693014e-08,0.004947029607031953,6.0888403310519954e-05,6
implant,357,0.051597051597051594,0.0001478413266168583,0.020333467278080306,0.0002995134681574814,2
implantable,100,0.014452955629426218,2.2669941250854256e-06,0.010303802457644439,0.00011718466160087622,2
implantation,75,0.010839716722069664,2.2268389993505727e-06,0.008435482612610451,0.00011474086418583215,2
implement,151,0.02182396300043359,8.69340909018383e-06,0.012966762900413665,0.00014835075937174984,4
implication,144,0.020812256106373755,9.802633235810773e-06,0.01297449288313716,0.00016270001647420595,6
imply,74,0.0106951871657754,3.7021016071420234e-06,0.0084185220744133,0.00010640480881453883,0
importance,253,0.03656597774244833,4.9615419288420334e-05,0.018542279659143752,0.00025092041177498874,4
important,1412,0.2040757334874982,0.002699256611128289,0.03897603137540795,0.0007073349823803002,5
importantly,169,0.024425495013730307,1.874188570017083e-05,0.01398471414501616,0.00018488367087048088,4
impossible,144,0.020812256106373755,2.1860346516195638e-05,0.01298225756205652,0.00017416525669453084,3
impotence,52,0.007515536927301633,2.5176213047495225e-07,0.005418055071937496,7.050810820601447e-05,3
impression,85,0.012285012285012284,3.5067944795695187e-06,0.008951639988791223,0.00011430589400930465,0
improperly,29,0.004191357132533603,2.2580208323134294e-07,0.0037398890730555353,7.031660938184882e-05,4
improve,1289,0.18629859806330396,0.002427400494287655,0.03523471797813458,0.0006577007653333245,3
improved,200,0.028905911258852435,2.450862485995047e-05,0.016330842261177616,0.00020213647577549754,2
improvement,704,0.10174880763116058,0.00040232989553831006,0.029498936576120988,0.0004454641286669098,3
improvement.297,27,0.003902298019945079,4.099384446488778e-08,0.004295720599163131,5.600028501759063e-05,6
impulsive,25,0.0036132389073565544,1.2717146332376583e-08,0.003925199815535018,5.357981325554667e-05,5
inability,218,0.03150744327214915,2.160013423888021e-05,0.014493648088440999,0.00018228527922870314,3
inaccurate,72,0.010406128053186877,3.9243063138520425e-06,0.007504256980815946,0.00010849378184153351,3
inactive,38,0.005492123139181963,5.744534060166123e-07,0.004570912226453687,7.41656155097833e-05,6
inactivity,46,0.00664835958953606,1.1531792390654375e-06,0.0054162754122849864,7.533357545871286e-05,3
inadequacy,21,0.0030351206821795057,1.230784900659611e-08,0.0030685971167049905,4.627579122140839e-05,3
inadequate,227,0.03280820927879751,3.0471161763779157e-05,0.01601997374025792,0.00020005147379829582,5
inadvertent,26,0.0037577684636508164,8.55671809005916e-08,0.00368481263443168,6.62785946926484e-05,2
inadvertently,25,0.0036132389073565544,1.7171651128000553e-08,0.0037267767827230303,5.2513727003764186e-05,5
inappropriately,26,0.0037577684636508164,5.654954403940967e-08,0.0036514777049593224,5.522210539084042e-05,9
inbody,45,0.006503830033241798,7.850128160711028e-07,0.006183942495876942,8.444604166844128e-05,4
inbox,75,0.010839716722069664,2.785391502922663e-06,0.007598647500261155,0.00010554640655451809,4
inc,57,0.008238184708772944,5.136569176755234e-06,0.00597348754599951,0.00011082067033798273,6
incentive,50,0.007226477814713109,1.7693064158849343e-06,0.005714149132438748,8.759990075034279e-05,5
incessantly,27,0.003902298019945079,2.337219065812536e-07,0.003470184115644726,7.177217407064734e-05,0
inch,30,0.004335886688827865,1.3816467101073523e-07,0.003957964408267533,6.560846736686575e-05,3
incidence,150,0.021679433444139327,1.6932710333943114e-05,0.012240899450746669,0.00016736643571651128,6
incident,28,0.004046827576239341,1.2122681902199733e-08,0.004452005302777841,5.657916181795444e-05,0
incision,70,0.010117068940598353,2.2397317523954093e-06,0.008465064583199696,0.00010372190124502994,2
incisor,26,0.0037577684636508164,1.0227047428267152e-07,0.003405330587003094,6.718113492344903e-05,2
incl,26,0.0037577684636508164,2.0789417691050486e-07,0.0032251543281643837,6.240124131170808e-05,5
include,2176,0.3144963144963145,0.01300528479248269,0.04362408210837125,0.0010379577993773754,5
include:5,27,0.003902298019945079,2.1974899363816219e-07,0.003538527421090995,6.154601233961185e-05,4
inclusion,81,0.011706894059835236,3.3442627587881655e-06,0.008772774648403397,0.00011589788232118949,4
income,27,0.003902298019945079,3.0522327613477104e-07,0.003355589556117995,6.408370782876904e-05,3
incomplete,73,0.010550657609481139,7.953377945785631e-06,0.007432121426206319,0.0001200656872484173,5
incompletely,25,0.0036132389073565544,3.4719701218291736e-08,0.003614512973283678,5.370400321215961e-05,3
inconclusive,74,0.0106951871657754,9.415294990047294e-07,0.007655450285508714,8.790787246078036e-05,3
inconsistence,23,0.00332417979476803,6.135383630935498e-08,0.0032431236828588395,5.625880985165415e-05,4
inconsistent,161,0.02326925856337621,1.0480510985356922e-05,0.014225338459031697,0.00016397042635645512,4
incontinence,92,0.01329671917907212,2.3132044476597526e-06,0.009290568487473607,0.00011342689927415916,4
incorporate,267,0.038589391530568,7.884525172128539e-05,0.019055182961454496,0.0002590902446561637,7
incorrect,48,0.006937418702124584,1.3637243671941632e-06,0.004841267673629893,7.398656493149894e-05,0
incorrectly,41,0.005925711808064749,1.2847014534627557e-06,0.004897176065863426,6.925324209171162e-05,0
increase,1974,0.2853013441248735,0.008639689263321485,0.03992694551705247,0.0009525754309557404,3
increased,27,0.003902298019945079,1.0656135577422816e-08,0.004148598722513152,5.2217369855267565e-05,4
increasingly,223,0.032230091053620465,3.428196193430336e-05,0.01620432953245125,0.0002221233268730241,0
incredibly,133,0.01922243098713687,2.4411742470122612e-05,0.012323229676510863,0.00016357034314427608,0
independence,49,0.0070819482584188465,1.3000882094516053e-06,0.0057042165970133145,9.057975156109536e-05,3
independent,188,0.02717155658332129,4.6317229964281366e-05,0.014480365845780316,0.00021345524220097985,6
independently,52,0.007515536927301633,1.7855066419583853e-06,0.00701056802816883,9.21026768108573e-05,4
indeterminant,24,0.003468709351062292,8.907380706742758e-08,0.0035335555830629424,5.848628665748561e-05,2
index,213,0.030784795490677842,0.000189489546298076,0.013642699334657397,0.00022868784582408293,3
indexed,30,0.004335886688827865,9.923987445009011e-08,0.004119289577115332,6.771713819344074e-05,4
india,28,0.004046827576239341,1.6999411655107787e-07,0.0034276526351471595,7.455729287555272e-05,7
indian,30,0.004335886688827865,9.620470083156825e-08,0.004192568611604336,6.546472238434578e-05,8
indicate,510,0.07371007371007371,0.0001835387256319433,0.02190184917657539,0.0003170235305373331,3
indication,102,0.014742014742014743,8.653641371771788e-06,0.010284325227383406,0.0001428866165998801,4
indication.1,26,0.0037577684636508164,9.877178694737972e-08,0.0037714396063286077,5.694529995390456e-05,4
indicative,56,0.008093655152478682,1.2291011900348322e-06,0.006564547966006349,9.108083994590385e-05,3
indicator,235,0.03396444572915161,2.9830922048763903e-05,0.01595325391065516,0.00020720828838170912,3
indirect,72,0.010406128053186877,1.0852871085065797e-06,0.007971833633476475,9.918437997317761e-05,3
indirectly,41,0.005925711808064749,3.5052663082116277e-07,0.005329451592863567,7.012759890852701e-05,5
individual,863,0.12472900708194826,0.0007350308090737562,0.03411482106100351,0.0005240277515514219,4
individualised,28,0.004046827576239341,2.8739908446341816e-08,0.004332251805766708,5.901065122932629e-05,4
individualization,21,0.0030351206821795057,3.578416314116635e-08,0.0033059979784350875,5.1392880863116984e-05,2
individualize,50,0.007226477814713109,2.194293599209764e-07,0.006464418670640596,7.523822158570112e-05,4
individualized,325,0.04697210579563521,5.3149308508535445e-05,0.020319398340152964,0.00025613977935910173,4
individually,72,0.010406128053186877,7.769706615843546e-07,0.007857023256795005,8.542239661172311e-05,4
indoor,27,0.003902298019945079,1.5144470884736193e-07,0.004230190049627217,6.264878988261662e-05,0
induce,154,0.022257551669316374,0.00014591064875400987,0.01119860693111162,0.0002044683181697217,8
indulge,50,0.007226477814713109,1.5558900666268406e-06,0.006206790592708942,9.827581677938291e-05,7
induration,21,0.0030351206821795057,1.74031405432156e-08,0.002981992933980793,4.972375362220043e-05,5
industry,243,0.03512068217950571,6.267631861753662e-05,0.017352783689762265,0.00025614147211290377,0
inefficient,23,0.00332417979476803,3.2788067770909494e-08,0.0033487358921644446,5.165954166327554e-05,3
inevitable,107,0.015464662523486054,3.893022386384811e-06,0.009851516227312807,0.00011787572258071623,3
inevitably,104,0.015031073854603266,1.9582461153477038e-05,0.009291051206799496,0.00015960448831453604,3
inexpensive,77,0.011128775834658187,4.321552395463121e-06,0.007843200313872471,0.00011602522339823691,0
inexperienced,29,0.004191357132533603,2.2528533114137894e-08,0.004290136736406652,5.5346549994131206e-05,4
infant,80,0.011562364503540975,4.324825835198337e-06,0.007272569312551213,0.00011125168933298717,5
infarction,183,0.02644890880184998,2.586703088797707e-05,0.013724250305783869,0.00021681799956586815,6
infect,26,0.0037577684636508164,4.141818914095716e-08,0.0037147270134774155,5.37318255919147e-05,3
infection,525,0.07587801705448764,0.0004362818730816814,0.023472563271675927,0.00042412967789253814,5
infectious,63,0.009105362046538517,1.26234095074696e-05,0.00544424018818434,0.0001326303750471605,5
infer,26,0.0037577684636508164,2.596437129790305e-08,0.0037064480446384615,5.532312412018899e-05,5
inferiority,46,0.00664835958953606,9.277978108433269e-07,0.005524254314494636,8.16701286173769e-05,6
infertile,103,0.014886544298309004,6.04226221883958e-06,0.009411654159429681,0.00012956029326214016,5
infertility,715,0.10333863275039745,0.0005840039830089452,0.02582177584756346,0.0004466345895060237,5
"infertility.33,34",25,0.0036132389073565544,9.957234945019435e-08,0.003417606616840492,6.069972187284223e-05,5
infiltrative,65,0.009394421159127041,4.100883814744549e-06,0.006239433019767563,0.00011098859701737953,5
inflammation,245,0.03540974129209423,9.878993760022059e-05,0.01558250385842811,0.00026851973508542834,5
inflammatory,71,0.010261598496892614,1.8441585470851807e-06,0.0070787652291289605,0.00010465311719142752,5
inflatable,28,0.004046827576239341,4.9376725842673045e-08,0.004219713133797414,6.340782758650468e-05,2
inflate,21,0.0030351206821795057,2.5294878120967604e-07,0.0030855884279381526,5.933595829703949e-05,2
influence,603,0.08715132244544009,0.0003477880197852289,0.027835404060969342,0.0004318590809441856,3
influencer,54,0.007804596039890158,1.0316004391327536e-06,0.0068193423853527245,9.72373752540218e-05,4
influenza,27,0.003902298019945079,1.0246749263041407e-06,0.002493350356414267,8.664247949946314e-05,1
info,56,0.008093655152478682,3.79006923428141e-06,0.007007942375654662,9.592354099910688e-05,0
infographic,15,0.0021679433444139326,7.380526256403517e-09,0.0019377032823707596,4.335710082706443e-05,0
inform,244,0.035265211735799974,4.420015795064296e-05,0.016437731086845295,0.00022008080338332739,4
information,824,0.11909235438647203,0.0011315954406818055,0.03239414894494108,0.0005867355844390448,4
informed,190,0.027460615695909813,1.3773393583273542e-05,0.015823895817399885,0.00018427719810229485,4
infrastructure,26,0.0037577684636508164,3.183324424628801e-06,0.0029993871619512723,7.452578804848576e-05,4
infrequent,50,0.007226477814713109,6.201673615795313e-07,0.006772314841394111,8.091041363916462e-05,2
infrequently,52,0.007515536927301633,7.135288531583689e-07,0.006581700268274315,8.06210029450581e-05,3
ingredient,294,0.04249168955051308,0.00010824604691117062,0.019831996042303283,0.00028610338122971084,7
inherent,45,0.006503830033241798,6.666398543737276e-07,0.0057722350064979755,8.109970917528504e-05,4
inherently,25,0.0036132389073565544,3.039540552880907e-08,0.003917297014213042,5.4138219447913294e-05,0
inherit,179,0.02587079057667293,2.1751122855520515e-05,0.013462598281039491,0.00018174486186546524,5
inhibit,219,0.03165197282844342,5.804464476298597e-05,0.015663704964491543,0.00023059385545239183,5
inhibition,53,0.007660066483595895,1.2506809064509499e-06,0.005712491054935792,9.244154467262032e-05,5
inhibitor,414,0.05983523630582454,0.0002266824688088381,0.022271082265606895,0.00035546257039759566,5
inhibitory,66,0.009538950715421303,3.136307038578518e-06,0.007085445820230256,0.0001127276499186465,5
initial,461,0.06662812545165486,0.0001873774215030748,0.026389913004870175,0.00036523229465527165,4
initially,234,0.03381991617285735,6.274383058211127e-05,0.017134681136753645,0.00024330973362772604,0
initiate,226,0.03266367972250325,9.006436356291191e-05,0.015380258387274574,0.00021501724062680246,6
initiation,116,0.01676542853013441,9.944783660694219e-06,0.010378009097660285,0.00015929149471918976,3
inject,430,0.06214770920653274,0.00016114416753288473,0.024295733405581492,0.00034943266679147793,2
injectable,474,0.06850700968348027,0.0002332353398654997,0.02550005444989229,0.0003719081843508349,2
injection,1157,0.16722069663246134,0.002428272855234555,0.03511336234434889,0.0006924187551129984,2
injection).445,27,0.003902298019945079,6.108642046603146e-08,0.004252598802012448,5.7126489851460184e-05,2
injure,90,0.013007660066483595,4.443619274170912e-06,0.00811102673796255,0.00010770290077307315,5
injury,474,0.06850700968348027,0.000775984950834004,0.020674369565833805,0.00040109335811865565,5
inner,176,0.025437201907790145,2.746820515710011e-05,0.014205973220243714,0.000203056768813439,2
innovate,26,0.0037577684636508164,6.879967479822346e-08,0.003705937004845224,6.52872340240963e-05,4
innovation,57,0.008238184708772944,7.66414999846314e-07,0.006172217092453641,8.088599262669561e-05,2
innovative,83,0.011995953172423761,1.0460485295503588e-05,0.008096364350936148,0.0001273624339127057,4
inordinate,28,0.004046827576239341,1.235911688876014e-07,0.004396739003251386,6.363923490075175e-05,3
input,23,0.00332417979476803,1.3083412508432823e-08,0.0029946045512728213,4.637573173677462e-05,6
inquire,24,0.003468709351062292,5.6784421572876545e-08,0.0031698198020347263,5.229009068679773e-05,3
inquiry,29,0.004191357132533603,5.684929780736329e-08,0.004448296709864278,6.19941752173564e-05,4
insensitive,24,0.003468709351062292,1.2036754418161842e-07,0.0030062986217724535,6.394071896956306e-05,5
insensitivity,25,0.0036132389073565544,4.5961031176928976e-07,0.0032556155215418664,5.810553573320853e-05,5
insert,251,0.03627691862985981,8.263512888044357e-05,0.017452660253771297,0.0002540945661246956,2
insertion,150,0.021679433444139327,2.597126091263421e-05,0.013327979617394785,0.00017477670260105887,2
insertion.446,43,0.006214770920653274,9.638167486679583e-07,0.005662576790924187,8.393371275677772e-05,2
inside,293,0.04234715999421882,0.00015950765200811785,0.018685541195135644,0.0003075122925726806,2
insight,240,0.03468709351062292,3.059539039759126e-05,0.017408698622707393,0.00021173864784377025,4
insignificant.366,23,0.00332417979476803,4.1072278789458266e-08,0.00316074404715611,5.551704588601332e-05,6
insist,26,0.0037577684636508164,2.8863078007503723e-08,0.003937609456478028,5.267282869974434e-05,4
insomnia,235,0.03396444572915161,3.1074782725718266e-05,0.014981504702202601,0.00019927148355359256,3
inspect,29,0.004191357132533603,1.521035712876355e-06,0.0036272876881748768,7.670442678505858e-05,11
inspection,27,0.003902298019945079,1.2896236852303128e-07,0.004057815484412189,6.036237424312042e-05,4
inspiration,47,0.0067928891458303225,9.251292976859429e-07,0.005404548301289924,7.975861737578868e-05,0
inspire,67,0.009683480271715566,3.2964217278386266e-06,0.0066866735567039995,0.0001024262175044039,4
instability,52,0.007515536927301633,2.5951260098773865e-07,0.006648400662945134,8.316582178329503e-05,5
instance,217,0.031362913715854895,2.097806604984972e-05,0.015881831227157472,0.0001953567666428033,5
instant,27,0.003902298019945079,6.007612338287954e-08,0.0037809053887042057,6.4741386267433e-05,7
instead,389,0.056221997398467984,0.00015650355378616734,0.02353255347231116,0.00032130818280495197,5
instigator,26,0.0037577684636508164,1.1597440031244588e-07,0.0038784947440962665,6.406297598886285e-05,3
institute,325,0.04697210579563521,0.00029420359564996613,0.01661831179501423,0.000344235126321861,6
institutes,142,0.020523196993785228,8.903168597393611e-05,0.00995118512045441,0.00019592466363113577,6
institution,58,0.008382714265067205,2.7849374602491447e-06,0.005901002142317007,8.948048598481923e-05,0
institutional,46,0.00664835958953606,5.52056444703035e-07,0.006370493940315271,8.412151821219756e-05,2
instruct,26,0.0037577684636508164,5.167140899286129e-08,0.0035955955316512144,6.0994750291913416e-05,3
instruction,165,0.02384737678855326,1.2229313789072355e-05,0.014688641171329453,0.00016789260759879604,2
insufficiency,47,0.0067928891458303225,3.915666462008179e-07,0.005095646600691376,7.570295664108587e-05,5
insufficient,117,0.016909958086428676,9.709436796180092e-06,0.010982920217111693,0.0001483022696917121,2
insulin,409,0.05911258852435323,0.0001536624948796746,0.02166261217141899,0.00031423310078613424,5
insult,29,0.004191357132533603,1.1697907098622778e-07,0.003837798294543108,7.286382648898373e-05,7
insurance,419,0.06055788408729585,0.00016616933129350045,0.023276304707498245,0.00034677613668278816,0
insurer,29,0.004191357132533603,4.908821495343215e-07,0.0031519781263268714,7.899757546336476e-05,9
intact,20,0.0028905911258852437,1.8783359648261455e-08,0.0029724737879217697,4.693458181433606e-05,0
intake,217,0.031362913715854895,3.430546036872407e-05,0.01616980257103523,0.0002075382454626825,7
integr,29,0.004191357132533603,1.201857724860967e-05,0.001414133789037032,0.00011433016582902853,8
integral,29,0.004191357132533603,1.3569792014761048e-07,0.004372932892033669,6.567732420417039e-05,4
integrate,27,0.003902298019945079,8.817806446772348e-08,0.003848183700504673,6.652968930496491e-05,4
integrated,28,0.004046827576239341,1.9345135217726566e-07,0.003753239011190249,6.02526369978631e-05,4
integrity,52,0.007515536927301633,7.438993126588739e-07,0.006830076985829428,7.881827783687005e-05,4
intellectual,27,0.003902298019945079,2.7134015117737125e-07,0.003523069979427162,6.528834321786127e-05,5
intelligence,30,0.004335886688827865,1.2922503184512709e-06,0.0031446584505181708,8.609172911940507e-05,4
intend,121,0.017488076311605722,1.2319159214641552e-05,0.010945593220365538,0.00014622667298953853,4
intense,23,0.00332417979476803,3.0286649377355205e-09,0.003669280287535582,4.8639058831391195e-05,5
intensity,178,0.025726261020378668,2.0535352024303034e-05,0.013810717844837119,0.0001685119574737788,3
intensive,67,0.009683480271715566,1.9272274106834184e-06,0.006769430575411231,9.753716903301328e-05,0
intent,24,0.003468709351062292,1.0695362323537764e-08,0.0037559890644684817,4.980376838370856e-05,0
intention,27,0.003902298019945079,2.708955127149658e-07,0.003918539510678485,5.957488220457481e-05,0
inter,51,0.007371007371007371,5.926811487038574e-06,0.00543525296570959,9.953716976062033e-05,4
interact,117,0.016909958086428676,5.968866611325407e-06,0.010959479692655266,0.00013393424689896267,5
interaction,53,0.007660066483595895,1.474050574635753e-06,0.006224968206966149,8.995989783754445e-05,2
interactive,27,0.003902298019945079,9.479153547900118e-08,0.0037543675996084915,6.619900580205043e-05,4
interchangeably,22,0.003179650238473768,3.551673806425099e-08,0.003089991169477849,5.2990785884094406e-05,0
interconnect,29,0.004191357132533603,1.4930265919331145e-07,0.004242369357533348,6.233273245452231e-05,4
intercourse,128,0.01849978320566556,1.4690891201047907e-05,0.01178737043667362,0.00015951836501456394,3
interdisciplinary,48,0.006937418702124584,1.117629230102433e-06,0.005682198743726305,9.10437498707498e-05,4
interest,659,0.09524497759791878,0.0007003144341472127,0.029383305091859987,0.0004927524884363957,9
interested,334,0.04827287180228357,0.00011475452987126547,0.019678300633435772,0.0002753555021257903,0
interesting,180,0.02601532013296719,2.929128918236397e-05,0.014623341149894187,0.00019863580777825657,0
interestingly,53,0.007660066483595895,5.45297999899674e-06,0.005717100141766,0.00011367833619437592,9
interfere,254,0.03671050729874259,2.496796191149051e-05,0.017498045304252977,0.00021561473642651315,5
interlink,23,0.00332417979476803,4.664563005533151e-07,0.003179532489769199,5.492071569928911e-05,5
intermittent,45,0.006503830033241798,3.508520587827502e-06,0.004817769538425252,8.288668363535974e-05,3
intermittently,26,0.0037577684636508164,5.282788021320702e-07,0.003672578040102414,6.123304978153251e-05,3
intern,30,0.004335886688827865,1.0351920037302887e-06,0.0024018543146636815,8.891509545761464e-05,8
internal,349,0.0504408151466975,0.00014796901635394017,0.020271740199685938,0.000324188386021135,8
international,269,0.03887845064315652,0.00014173404502475234,0.01777151670195751,0.00031473931772353723,4
internationally,88,0.012718600953895072,1.2274741229161676e-05,0.008658255083716721,0.00012680066797543911,4
internet,334,0.04827287180228357,0.0001991281651522062,0.01960881444758706,0.000331845266591415,0
internist,26,0.0037577684636508164,1.993570427694926e-08,0.004387839007967804,5.836414622578835e-05,0
interplay,27,0.003902298019945079,7.526992473659633e-08,0.003468319381346216,6.295463197703735e-05,5
interpret,146,0.021101315218962278,1.4561923031496024e-05,0.013052842810797174,0.00016305192812396345,4
interpretation,144,0.020812256106373755,1.3037776529301404e-05,0.012384316456593812,0.00015661545689407122,0
interpreter,56,0.008093655152478682,2.419119777030184e-06,0.0062386115495211645,0.00010261449872191062,0
interpretive,28,0.004046827576239341,3.133729498748691e-07,0.00352725720731892,7.245420940658897e-05,8
interprovincial,29,0.004191357132533603,4.6696121532348305e-07,0.0038075349488391834,6.81065746939219e-05,4
interrelated,50,0.007226477814713109,3.635393241300628e-07,0.006103432881147435,7.445727004254687e-05,3
interrelationship,23,0.00332417979476803,7.554717140127345e-09,0.003235266679694037,4.90879634124792e-05,3
interrupt,105,0.015175603410897529,1.2879417006536584e-05,0.009879266963943617,0.00014024756170536956,3
interrupted,26,0.0037577684636508164,7.252476648870906e-08,0.003338457578977508,6.17354769277564e-05,5
intertwine,28,0.004046827576239341,4.5416832737339014e-07,0.003717066805515356,7.192961328670732e-05,9
interval,291,0.04205810088163029,5.8950452887813565e-05,0.020177236768504973,0.00025181248449299376,2
intervene,27,0.003902298019945079,1.6997669954919754e-08,0.0038636779467950333,5.588673891204639e-05,3
intervention,242,0.034976152623211444,4.450632467540843e-05,0.017490243524944882,0.0002333912246251089,4
interview,97,0.014019366960543431,3.016422495034845e-06,0.009923864855639546,0.00011520849814696556,0
interviewer,357,0.051597051597051594,8.585011191068847e-05,0.02045565404405352,0.0002811852274416488,0
intimacy,221,0.03194103194103194,0.00012107116866061524,0.015885764871498162,0.0002629653369726223,8
intimate,53,0.007660066483595895,2.4074986035346975e-06,0.006195630537907983,8.598147321516705e-05,2
intimidate,26,0.0037577684636508164,9.483874772851231e-08,0.0037040543625187668,6.512689221425927e-05,0
intra,35,0.005058534470299176,8.414367733039386e-07,0.004096497965472195,8.23987143789705e-05,4
intracranial,27,0.003902298019945079,1.828185118742879e-07,0.0031368145837826103,7.125149706347038e-05,5
intramuscular,311,0.044948692007515535,8.346424315198382e-05,0.019505301401600932,0.00027045247971804753,2
intramuscularly,102,0.014742014742014743,3.5393709323688515e-06,0.010713184657969319,0.00012829118184072883,2
intranasal,94,0.013585778291660645,4.682345187382108e-06,0.00948101854152723,0.0001266468894776511,2
intratesticular,65,0.009394421159127041,6.827458776077127e-07,0.007434920321197391,9.250231428145868e-05,5
intricacy,28,0.004046827576239341,5.813288849153485e-07,0.003968494768955158,7.204047136611274e-05,3
intricate,15,0.0021679433444139326,4.467574472853822e-10,0.0020010026144819536,4.369247252158378e-05,4
intricately,26,0.0037577684636508164,5.2220063003299416e-09,0.0036107354212823917,4.747655037720318e-05,3
intrinsic,26,0.0037577684636508164,1.2094963389796853e-07,0.003489860577360681,5.755955908298937e-05,5
introduce,187,0.02702702702702703,2.0344225308104226e-05,0.015233821298580167,0.00019652217469976046,0
introduction,98,0.014163896516837693,7.98771832176797e-06,0.009620394333279636,0.00013456963908108188,4
intubation,20,0.0028905911258852437,1.1703228610028677e-08,0.0027156072329574104,4.863141679228318e-05,0
intuitive,53,0.007660066483595895,1.0200978697024673e-06,0.0066704803094817505,9.668031249634284e-05,0
intuitively,38,0.005492123139181963,1.5873048785967385e-06,0.004848701699292201,7.362813930684642e-05,0
invaluable,27,0.003902298019945079,1.576168958231612e-07,0.0038491143640280406,6.537947013759903e-05,4
invasive,211,0.03049573637808932,3.395477536360704e-05,0.016424354100225753,0.00021702245558378116,2
inventory,29,0.004191357132533603,2.328512875347417e-07,0.0037919305821345075,6.41011926417801e-05,3
inverse,91,0.013152189622777859,5.431427688124724e-06,0.008822424791954423,0.0001265905627275142,6
inversely,22,0.003179650238473768,2.4689407851458242e-08,0.003196310523632231,5.150112826252603e-05,7
invest,28,0.004046827576239341,5.655202181534547e-07,0.0034623304124292843,6.788650336097514e-05,8
investigate,174,0.025148142795201618,3.397274510559311e-05,0.013352975140717952,0.00018693667554570457,6
investigation,192,0.027749674808498336,4.355281774324148e-05,0.012086528783506655,0.00018264983209922959,8
investigational,39,0.005636652695476225,1.4127182445163131e-06,0.005112273419416284,7.425567819834777e-05,4
investigator,111,0.016042780748663103,4.864238491581701e-05,0.009277025635725659,0.00017228047308457412,6
investor,24,0.003468709351062292,7.034629801928316e-06,0.0025862860211096884,7.221600870082575e-05,6
invigor,135,0.019511490099725394,1.648133523546907e-05,0.01233140946354011,0.000171002977906984,4
invite,120,0.01734354675531146,8.116594194357617e-06,0.00923279397570134,0.00012203483134123904,4
involve,750,0.10839716722069663,0.0004975160639246219,0.03268351579016707,0.0004762569854811815,2
iodine,41,0.005925711808064749,1.4870026681698856e-06,0.004230065207677968,8.076735455430612e-05,5
iodothyronine,25,0.0036132389073565544,6.641825210722113e-07,0.002264706039193921,7.730664730873142e-05,5
iowa,58,0.008382714265067205,2.1535774172444814e-06,0.006393305215784589,9.141034493944924e-05,4
ireland,16,0.002312472900708195,6.627252631285906e-08,0.0020916814881282975,4.5791470775373236e-05,2
iron,328,0.04740569446451799,7.839013035419346e-05,0.018579609600835035,0.0002823026570008396,5
irregular,172,0.024859083682613095,1.898457717541807e-05,0.012403414544602833,0.0001765350362399037,5
irregularity,22,0.003179650238473768,2.890006953544662e-08,0.002846484067656805,4.949143130131907e-05,5
irrespective,66,0.009538950715421303,2.1335403372771683e-06,0.007386727596661441,0.00010014509664825058,3
irreversible,29,0.004191357132533603,2.7128062768519457e-07,0.003837142591482512,5.897915653882401e-05,3
irritability,354,0.05116346292816881,7.36454765818975e-05,0.01992839745452617,0.0002808107334399013,3
irritable,80,0.011562364503540975,6.247314861407993e-06,0.007088791871906717,0.0001081469792003516,3
irritate,117,0.016909958086428676,1.39868731927891e-05,0.011264987824041627,0.00014929178590627419,2
irritation,284,0.041046393987570456,5.979098599661944e-05,0.01863861501166684,0.0002569831532999944,2
ischemia,30,0.004335886688827865,4.567992838765602e-06,0.001999929188381925,0.00010496575891264392,8
isidori,52,0.007515536927301633,4.9611373026987436e-06,0.004897010686001199,0.00012082317097688107,8
island,24,0.003468709351062292,1.6185383508566468e-07,0.002696205997936104,7.224594663498596e-05,9
islander,23,0.00332417979476803,6.477350025933919e-07,0.0027342176778865123,7.053314164963358e-05,4
isnâ€tmt,29,0.004191357132533603,1.3607552934778536e-08,0.0038818044881493365,5.503264602345406e-05,5
isocaproate,24,0.003468709351062292,8.534124448694379e-07,0.0024912525821785734,7.258978716487536e-05,2
isolate,60,0.00867177337765573,1.7104624131158418e-06,0.006234280239762939,8.667220977676429e-05,5
isolated,51,0.007371007371007371,2.1911463839342443e-07,0.005940534470598624,7.452877513685655e-05,5
issac,30,0.004335886688827865,1.5895147595070012e-06,0.002711755107404593,9.629853967393485e-05,8
issm,26,0.0037577684636508164,9.739316438120661e-08,0.003667668992781303,6.076405355732545e-05,4
issue,1305,0.18861107096401214,0.0024434131110351535,0.03709411758670459,0.0006777018153552078,0
italian,28,0.004046827576239341,6.766257534764357e-07,0.0033841251808166793,7.012831806975867e-05,8
italy,24,0.003468709351062292,3.236751046840995e-07,0.0026287398238571923,7.906632997699288e-05,0
itching,56,0.008093655152478682,1.3871623908126224e-06,0.006553023514941758,9.216277041609469e-05,2
item,65,0.009394421159127041,2.6801290777958106e-06,0.006434564258652763,0.00010837170796997305,1
itâ€tms,51,0.007371007371007371,2.7508303348421675e-07,0.006032415715231462,7.088099138055715e-05,2
ius,26,0.0037577684636508164,2.922178649280565e-07,0.0033617386117475376,6.144189309891964e-05,7
ivan,29,0.004191357132533603,2.615579407188534e-06,0.0021870810178746167,0.00010107430810362538,6
izumi,30,0.004335886688827865,1.1530567913909225e-06,0.002830739452552404,9.432280180022613e-05,8
j.a,26,0.0037577684636508164,1.8614606661179483e-07,0.003156778170722167,7.06951660692768e-05,6
j.beem.2010.11.004,16,0.002312472900708195,6.611494627685265e-08,0.0013356060527870072,6.264525510168292e-05,8
j.h,27,0.003902298019945079,2.373489161722558e-06,0.0020900207937143227,9.003539516316246e-05,8
j.ucl.2016.01.004,29,0.004191357132533603,1.7827258576692992e-06,0.0025241802201368367,8.292046820678064e-05,8
j.urology.2016.12.066,26,0.0037577684636508164,2.4536557080212273e-07,0.003092930753064146,6.572337721941824e-05,4
j.yhbeh.2011.01.009,28,0.004046827576239341,3.0445620015655158e-06,0.002340060295361725,9.15123817987388e-05,8
jack,23,0.00332417979476803,7.070680789344254e-09,0.0036425046012695584,5.121942206215298e-05,0
jackson,30,0.004335886688827865,5.799821534547479e-07,0.003014411369564201,7.813071308292958e-05,8
jacobs,29,0.004191357132533603,2.80243261415724e-06,0.0030464566878845327,8.725214604045184e-05,8
jam,25,0.0036132389073565544,2.4731604273080794e-08,0.003389905455907475,5.689896313884343e-05,3
jama,90,0.013007660066483595,1.0258763633300893e-05,0.00839190825079658,0.0001421538484245288,6
jame,26,0.0037577684636508164,1.558483261144041e-06,0.0018407771200116439,9.446349373944234e-05,8
james,90,0.013007660066483595,3.90977254975289e-05,0.007475357895640759,0.00011564141738666576,9
jameson,30,0.004335886688827865,7.213347444690913e-07,0.0028413764030135536,8.117799266810707e-05,8
jan,51,0.007371007371007371,4.989248580552881e-06,0.00497587362719495,0.00010114738935108048,8
jane,29,0.004191357132533603,1.738617068130164e-06,0.0014628132734794254,0.00011657569963417247,8
january,75,0.010839716722069664,7.935552127989663e-06,0.0075319961462953985,0.00011274889525076607,4
jar,57,0.008238184708772944,3.110470020319512e-06,0.005986230453375757,0.00010047041060692473,2
jatenzo,22,0.003179650238473768,2.263506526501611e-09,0.0031570591869888665,5.4474097857137345e-05,2
jay,30,0.004335886688827865,2.2406746264838054e-06,0.0011433996390365526,0.00011951302351475646,6
jayasena,52,0.007515536927301633,8.405956181417683e-06,0.0034922762817925918,0.00015567020686209937,8
jc.2018,26,0.0037577684636508164,6.560619950006757e-07,0.003051720749900257,6.63503379256909e-05,8
jcem,24,0.003468709351062292,4.831969756370155e-06,0.0019581439751998365,7.616326813899065e-05,8
jcm8050732,29,0.004191357132533603,5.758940596970909e-07,0.001786439293246095,0.0001105861761938251,8
jealous,26,0.0037577684636508164,1.6723857037781418e-07,0.0037631443284868926,6.025448371617913e-05,0
jean,27,0.003902298019945079,3.7477429653404573e-07,0.0035813696597825355,6.446759753781687e-05,4
jeauveau,22,0.003179650238473768,1.790363767364068e-07,0.0027095820954705927,5.99445859901036e-05,3
jefferson,30,0.004335886688827865,9.895391985740301e-07,0.0025803720734297554,9.14551713924679e-05,9
jeffrey,30,0.004335886688827865,2.314864639065107e-05,0.0014927844314250136,0.00011097610906322502,6
jeremy,27,0.003902298019945079,1.0140244012307389e-07,0.0034697064964894445,5.8394636882112475e-05,5
jeuveau,19,0.0027460615695909813,3.433793113660699e-07,0.002204447257533896,6.085315633529189e-05,3
jewish,25,0.0036132389073565544,5.1428046200403314e-08,0.0032445860834760054,5.55454114324613e-05,6
jews,24,0.003468709351062292,1.4606110128125726e-07,0.003316255077866218,5.466560443562993e-05,5
jim,60,0.00867177337765573,1.1645045716554063e-06,0.006523248456870103,8.712924028229707e-05,0
job,216,0.03121838415956063,3.1358635754110564e-05,0.016968442803109936,0.00021503247894613683,0
jog,26,0.0037577684636508164,1.229629416825572e-07,0.003872416624821046,6.026972081894273e-05,0
john,305,0.044081514669749966,0.0013875251322135215,0.018060254354017934,0.0003407386681997209,0
johns,74,0.0106951871657754,2.517647739028728e-06,0.007706660034904459,0.00010212402535942318,3
johnson,22,0.003179650238473768,1.1736304919676061e-07,0.0025233968304594523,6.069670386860662e-05,4
join,105,0.015175603410897529,3.399732328265046e-05,0.008853200119558709,0.00014471650986500032,0
joint,263,0.038011273305390954,7.86555115860269e-05,0.01759973455699691,0.00024958559811934136,3
jointed,24,0.003468709351062292,7.411648104775029e-07,0.002912557473509262,6.965018534318501e-05,0
jointly,29,0.004191357132533603,3.1283744013874554e-08,0.004643402364921896,5.774521942775976e-05,4
joke,65,0.009394421159127041,7.65292634088903e-06,0.006492281953053816,0.0001166396044238612,0
jolt,25,0.0036132389073565544,4.048908798356412e-09,0.0038807231093932336,5.0946998106550504e-05,3
jones,70,0.010117068940598353,3.453888060422838e-05,0.005258981741447022,0.00015284573676742797,9
jordan,27,0.003902298019945079,2.3490220935220206e-08,0.0040744343085860136,5.731764244563596e-05,0
jorgez,100,0.014452955629426218,1.1375584419481718e-05,0.009344683261097107,0.00014218455089768961,3
joseph,43,0.006214770920653274,8.965669732756333e-07,0.005367170481587681,8.782385573221466e-05,4
josh,20,0.0028905911258852437,2.7156501902285323e-09,0.0024744358802094068,4.913008586266871e-05,3
journal,431,0.062292238762826996,0.0005594203957257753,0.02144474811319799,0.00046011193329599103,8
journalist,51,0.007371007371007371,3.401680689066699e-06,0.0048903374463568515,0.00011694771944374074,6
journey,286,0.04133545310015898,5.906928713479163e-05,0.020552290778133375,0.00026545777344861806,4
joyful,28,0.004046827576239341,2.891698521876275e-07,0.0042371503069205405,6.346496144133624e-05,4
juan,28,0.004046827576239341,7.527618905458413e-06,0.00212940362020867,8.797655458210685e-05,8
judgment,113,0.016331839861251626,1.2782571357431625e-05,0.01102481400509248,0.0001412047459377606,4
judith,30,0.004335886688827865,1.5286444358665255e-06,0.001819933023274427,0.00011000259542170326,8
juice,28,0.004046827576239341,4.2652110311848293e-07,0.0022959211236826486,8.735158422532045e-05,7
jul,43,0.006214770920653274,6.803180317340671e-06,0.003036469336964026,0.00010996945035100614,8
jul;34(7):1669,30,0.004335886688827865,5.392286879443177e-07,0.003015897315271761,8.198756501167576e-05,8
julie,16,0.002312472900708195,2.904805075942742e-09,0.0018505180266389653,5.190763954936988e-05,0
july,141,0.020378667437490967,0.00013173201551840583,0.010634694133765993,0.00020065598796911914,8
jump,46,0.00664835958953606,3.776589105089086e-07,0.005439288876917807,7.168568886854575e-05,4
jun,30,0.004335886688827865,1.9168849066921694e-06,0.0030152359500774145,8.944144798595657e-05,8
juncos,29,0.004191357132533603,1.438138636573211e-06,0.001209619216306524,0.0001208042129699776,8
june,149,0.021534903887845066,0.0002747538518350041,0.01012659403892032,0.0002483334352528344,8
junior,26,0.0037577684636508164,3.252348814414677e-07,0.0034093535541389343,7.332828926929043e-05,0
junk,27,0.003902298019945079,7.381088818225423e-08,0.0037188479999651146,6.302733884245456e-05,7
jury,23,0.00332417979476803,2.0423864217065773e-08,0.003420213665542701,4.893224058687785e-05,3
justify,23,0.00332417979476803,2.564341917420176e-07,0.0030487676441161593,6.61344536740576e-05,4
justin,49,0.0070819482584188465,3.5811312215151007e-07,0.006176754581699798,7.85692478955673e-05,4
juxtapose,27,0.003902298019945079,9.850756815649981e-08,0.0038379819386064793,5.4646224915806836e-05,0
k.m,53,0.007660066483595895,8.162824174382291e-06,0.004134612203597821,0.0001253742537025381,8
kadali,16,0.002312472900708195,5.2238976318761237e-08,0.001969174278788804,5.570064202722275e-05,7
kadono,29,0.004191357132533603,8.7409553257133e-07,0.002833289370660738,9.067831585637491e-05,8
kallman,29,0.004191357132533603,2.2888349352524128e-07,0.0032564517709574503,7.364219121892725e-05,5
kallmann,121,0.017488076311605722,5.02660412202628e-06,0.01026307406716263,0.00013558519698912938,5
kaltsas,28,0.004046827576239341,1.436869198700361e-06,0.0025250112434696734,9.007489773402712e-05,8
kaminetsky,42,0.006070241364359011,3.7323885950770357e-07,0.005873587769356127,7.645988187379339e-05,2
karkowsky,20,0.0028905911258852437,1.534266339782989e-07,0.0019182744630811118,7.253602984568189e-05,6
karlye,28,0.004046827576239341,6.761780890574099e-07,0.002101653117670052,9.80991849560923e-05,8
karolina,30,0.004335886688827865,1.0688357044181748e-06,0.002686882039686128,9.98401365809412e-05,6
karyotype,41,0.005925711808064749,3.7952047244447865e-07,0.004863115843423532,7.155027469937467e-05,5
katarzyna,30,0.004335886688827865,1.0377947161631417e-06,0.0027682850140525995,9.839497847664952e-05,6
kathi,27,0.003902298019945079,6.29843490331886e-08,0.003164209911204351,6.1562228851791e-05,6
kato,30,0.004335886688827865,1.1354758010447741e-06,0.0029889112963517226,9.357547436975056e-05,8
kawaguchi,30,0.004335886688827865,1.4087284839388639e-06,0.0028159229360053104,9.523842802136667e-05,8
keck,53,0.007660066483595895,6.705642086635963e-07,0.0057818272804680895,8.25135396309026e-05,0
keevil,30,0.004335886688827865,1.2626234399028884e-05,0.001976842156849373,0.00010335495285886513,8
keith,26,0.0037577684636508164,1.1226725431751665e-06,0.0031843570667605017,7.277925416434638e-05,4
kelly,30,0.004335886688827865,3.7049103908856895e-06,0.001536293021442418,0.00011241360772771564,8
ken,30,0.004335886688827865,1.1653798351739086e-05,0.0016458304453554052,0.00010954825952316074,8
kenner,30,0.004335886688827865,8.622662879281095e-07,0.002506022274397244,8.957020058130021e-05,9
ketoconazole,132,0.019077901430842606,1.448677760448457e-05,0.011136914096951616,0.00017052553253341557,5
kettle,30,0.004335886688827865,1.5313268564472105e-07,0.004391708238303333,7.063363242235307e-05,2
key,777,0.11229946524064172,0.0006177065933150871,0.0323246797325985,0.0005011212799704343,4
keyword,51,0.007371007371007371,3.3010965243768447e-06,0.005898083849543971,9.521845974952623e-05,4
khan,30,0.004335886688827865,2.212148879245936e-06,0.002518682497753076,8.957571251097826e-05,8
khera,129,0.01864431276195982,0.0003973182861023331,0.007288919276297264,0.000269123801170895,6
khurram,24,0.003468709351062292,2.9598597088868318e-08,0.0031708016678100195,5.371490487212815e-05,3
kian,31,0.0044804162451221275,2.6438555289793896e-08,0.003937287677451932,5.5214480271710236e-05,0
kick,71,0.010261598496892614,1.9796053966642858e-06,0.007971310101384754,9.242560879339911e-05,0
kid,160,0.02312472900708195,2.8499140703389985e-05,0.013630783083563264,0.0001777740873234945,0
kidney,600,0.08671773377655731,0.0015435355718290834,0.024122764974657176,0.0005345919154476973,5
kill,27,0.003902298019945079,1.5938191576256677e-07,0.0035704420692707385,6.115414551582114e-05,3
killer,75,0.010839716722069664,2.9187681239278966e-06,0.008242004499722125,0.00011487141300468082,0
kilogram,54,0.007804596039890158,1.127322744412047e-06,0.006077792315635301,8.122614573551798e-05,0
kim,143,0.02066772655007949,9.020307358397399e-06,0.011709384744264821,0.0001521194500503569,0
kind,702,0.10145974851857205,0.0005777841956328772,0.02864840389325026,0.0004930776776074069,0
kindly,27,0.003902298019945079,9.805037421503553e-08,0.004226284123831237,6.016828096256827e-05,2
kinetic,24,0.003468709351062292,4.215847025093903e-07,0.003242198971914946,5.9704699170956045e-05,3
kiran,29,0.004191357132533603,1.0685332462148769e-05,0.0011962647294001944,0.00011681145442955416,8
kiss,19,0.0027460615695909813,7.981139730740601e-08,0.0024303615700238686,5.231423587093349e-05,0
kit,72,0.010406128053186877,1.5799304040346062e-06,0.007664781451675179,9.878049231510189e-05,4
kliegman,43,0.006214770920653274,3.4256679515393203e-06,0.0030798993355962362,0.00011042854894304172,8
klinefelter,256,0.03699956641133112,7.835050712367452e-05,0.014919413244206826,0.00023632834343112924,5
knock,24,0.003468709351062292,1.286262881022156e-08,0.0036244204759702894,5.0673746147891385e-05,0
know,1557,0.2250325191501662,0.004897567645007238,0.038613716438668726,0.0008295337941400237,0
knowledge,286,0.04133545310015898,0.00013670406548076537,0.02042699509436443,0.0003196602786522293,4
knowledgeable,166,0.023991906344847522,4.049105398540616e-05,0.013638534036078918,0.0001802817630291514,4
known,105,0.015175603410897529,2.6241761808126224e-06,0.010294223219211765,0.00010927269432415513,3
kocsis,69,0.009972539384304091,1.8518179727813017e-06,0.0056679233788718445,9.26462899490689e-05,4
kopp,48,0.006937418702124584,5.9451215763962416e-06,0.003650604115432805,0.00010847350723986933,8
kovler,25,0.0036132389073565544,1.1437175642685942e-07,0.003921930470600114,5.7984638574031224e-05,4
kprice@auanet.org,24,0.003468709351062292,1.0296979589309348e-06,0.0028917657227312842,6.97824851004145e-05,4
krakowsky,57,0.008238184708772944,8.220574094017558e-05,0.004075687255698564,0.00014579793588846276,6
kretser,28,0.004046827576239341,5.728306669283998e-07,0.002716075992061547,7.791168214677795e-05,8
kristen,29,0.004191357132533603,5.1904707993750915e-08,0.004446984703649659,6.542443440609653e-05,0
kryptonite,24,0.003468709351062292,1.7777352548786546e-08,0.003579274564732419,5.151286137090141e-05,0
kudo,28,0.004046827576239341,2.6509161543032443e-07,0.003774014847898647,6.052523703838479e-05,0
kuh,30,0.004335886688827865,1.9419277496429134e-06,0.0016033402804709158,0.0001146323176472367,8
kumar,39,0.005636652695476225,5.047289612818958e-07,0.003980782186241324,7.428256747639517e-05,5
kurtz,29,0.004191357132533603,4.663484439395798e-06,0.0018221697654671313,0.00010442581076705247,8
kyrou,28,0.004046827576239341,1.5291346867851042e-06,0.0024234195881661495,9.226612215364079e-05,8
kyungah,29,0.004191357132533603,1.859599511659535e-06,0.0025262080376320007,9.619579062220462e-05,6
kyzatrex,67,0.009683480271715566,1.7357870984017377e-06,0.007469573746751833,9.727346091339445e-05,2
l.c,30,0.004335886688827865,1.069569297288483e-06,0.0033050648643403674,7.821677727143137e-05,8
lab,836,0.12082670906200318,0.0011475446889660872,0.032111567247522496,0.0005155481147224309,4
labcorp,66,0.009538950715421303,8.93208110422861e-06,0.0066083267829054,0.00011127454607815956,4
label,347,0.05015175603410898,9.682325654941723e-05,0.02162260304153121,0.00029528887257310676,2
labeling,84,0.012140482728718023,2.709527095072655e-06,0.008940309067793991,0.00012852606328419864,6
laboratories,17,0.002457002457002457,1.7576110493191144e-08,0.002058761707169644,5.487168164391461e-05,6
laboratory,517,0.07472178060413355,0.00046279324793162095,0.02551025833555104,0.00040274371822145356,4
laborde,15,0.0021679433444139326,9.120649266568684e-10,0.0022063098751498606,4.268482473635369e-05,4
labs,20,0.0028905911258852437,1.4134764382125136e-07,0.001970822636897117,7.227393959858236e-05,6
labwork,52,0.007515536927301633,4.16287920285758e-07,0.007099117664654111,8.06206402205986e-05,4
lack,677,0.0978465096112155,0.00037933967368720484,0.026980868549165992,0.0004152932949405613,3
lacking,23,0.00332417979476803,3.1157163554443146e-07,0.0030561143443303385,5.955415129478355e-05,3
laden,29,0.004191357132533603,6.974909259440672e-08,0.00409000356071604,7.08443672068428e-05,7
lady,40,0.005781182251770487,1.4394285495746363e-06,0.004461025952959266,7.808979688354837e-05,0
lagos,28,0.004046827576239341,4.324248163933089e-07,0.003244352871542323,8.039554479728777e-05,8
lake,21,0.0030351206821795057,4.374752778054342e-07,0.0019939384925121654,6.89652288746125e-05,4
laksham,24,0.003468709351062292,6.706951315642033e-08,0.0033085243512441134,6.265889168309262e-05,8
lakshmi,28,0.004046827576239341,3.2321855962993814e-05,0.001985102758849951,9.795002022866081e-05,8
lalitha,17,0.002457002457002457,1.7088453982970316e-07,0.0021107984140014972,5.659957149331859e-05,7
lambert,29,0.004191357132533603,1.085785018579454e-06,0.0026055367698309215,8.238732030664747e-05,8
lancet,29,0.004191357132533603,5.73436135439666e-07,0.002249238353087631,0.00010320870265284695,8
landing,50,0.007226477814713109,1.3463028695973201e-05,0.004181705331887109,0.00012447286812873105,9
landmark,26,0.0037577684636508164,5.647762805195535e-08,0.0034575018013367665,5.961132233267209e-05,6
landon,27,0.003902298019945079,1.829295693462347e-05,0.00210455857432818,9.289895710149408e-05,8
landscape,50,0.007226477814713109,7.976119736061763e-07,0.006606122330647342,8.846405795548541e-05,4
language,91,0.013152189622777859,6.594834329658772e-05,0.007138431373458979,0.00017690564760133973,4
lankveld,29,0.004191357132533603,2.2197672408891433e-06,0.0030488793860595745,8.73270700060825e-05,8
large,593,0.08570602688249747,0.0004885576396518584,0.027815264691082753,0.0004478105743017222,3
largely,96,0.013874837404249168,1.0354486060707602e-05,0.008996010541155758,0.00013227737752237809,3
laryngologist,28,0.004046827576239341,1.8907409332524584e-07,0.004163632911208136,6.249525942543657e-05,7
las,18,0.0026015320132967193,1.1789355248540554e-07,0.002017763196940921,5.65041863570664e-05,5
lashen,30,0.004335886688827865,3.5552263368708715e-06,0.001859298662406343,0.00010855772616427327,8
latanoprost,41,0.005925711808064749,5.424094006880547e-07,0.005202629526145621,7.571103331214988e-05,5
late,706,0.1020378667437491,0.001388209180305677,0.026374217107904444,0.0005226605935765512,4
late-30s,24,0.003468709351062292,1.5105820175959778e-08,0.003444136455832004,5.394776450640038e-05,3
lately,71,0.010261598496892614,1.9003340357110377e-06,0.00865688875841646,9.746219589316666e-05,0
later,410,0.05925711808064749,0.00013004331291254813,0.021720691166894,0.0003021221262443075,5
lateral,24,0.003468709351062292,1.3569163345244846e-07,0.003423782865094422,5.891743320228014e-05,2
lattimore,25,0.0036132389073565544,6.584570382449353e-07,0.0022124170778807057,8.299057604786378e-05,9
laugh,43,0.006214770920653274,3.201866213842997e-06,0.004720727348333947,8.947180543439969e-05,0
launch,29,0.004191357132533603,2.2004214859239805e-07,0.003556115913589214,6.817198416415593e-05,0
lauren,30,0.004335886688827865,1.4601746800032379e-06,0.0036140254754959515,8.234484774771188e-05,0
lauretani,30,0.004335886688827865,2.612627211762487e-06,0.0019713349232827813,9.784020294768746e-05,8
lauryl,30,0.004335886688827865,4.591648813032027e-07,0.0034744947760584444,7.873470657890237e-05,7
law,64,0.00924989160283278,8.843875021805207e-06,0.0067963383903703505,0.00011742375759731917,0
lay,69,0.009972539384304091,3.2111011889592493e-06,0.00806807284456118,0.00010163230499743134,0
layer,105,0.015175603410897529,4.201887764951186e-06,0.010446755582209272,0.000123699215018692,2
layperson,25,0.0036132389073565544,1.3185911256948968e-08,0.003711674205812557,5.263287313715208e-05,0
laziness,37,0.0053475935828877,1.3581139929557484e-07,0.004803813033341587,6.166113229642404e-05,3
lazy,25,0.0036132389073565544,4.0582533555055026e-08,0.003679061846142314,6.0385944225811605e-05,5
lcms,66,0.009538950715421303,2.087096081195862e-06,0.007432435517145904,0.00010662903918465864,4
ldl,48,0.006937418702124584,2.678192641931334e-07,0.005752809120129308,7.342715938868266e-05,5
leaching,27,0.003902298019945079,1.9063140746439757e-07,0.0036693273533282443,6.574351222626626e-05,5
lead,1378,0.1991617285734933,0.0027041246771016417,0.03820089345094553,0.0007447861030784947,5
leader,131,0.018933371874548344,2.9007569266350027e-05,0.011154887958728103,0.00017612291055156163,4
leadership,23,0.00332417979476803,1.6892566156758414e-08,0.003671560340211535,5.552749585848661e-05,4
leaf,25,0.0036132389073565544,2.601915992098576e-07,0.0025428360982936065,7.8848859914057e-05,6
leafy,54,0.007804596039890158,1.60393114192841e-05,0.0050678539009490165,0.0001194348251606493,7
lean,459,0.06633906633906633,0.00034247167381954303,0.022522690274263898,0.00035422932573532566,3
leaning,28,0.004046827576239341,5.628041640096242e-07,0.003594953367670325,7.111033408303641e-05,9
learn,675,0.09755745049862696,0.0007358881002527378,0.02678912261386298,0.00048261593038975546,0
learning,85,0.012285012285012284,4.255280868145372e-05,0.007258537021340884,0.00016795594584293754,8
leave,338,0.048850990027460614,0.00016431730573609297,0.01996549041417067,0.0003116289224860976,0
lee,54,0.007804596039890158,3.507762090546393e-05,0.0029728253376107277,0.00016655728301007125,6
left,61,0.008816302933949994,1.188411268977415e-06,0.006356276351429342,8.708504902363679e-05,4
leg,183,0.02644890880184998,1.7212241608698516e-05,0.014442381681556609,0.00018146992112895829,5
legal,72,0.010406128053186877,2.451124477116766e-06,0.0080125217279864,0.00011011011419000375,4
legally,47,0.0067928891458303225,6.194954320365783e-07,0.0056285393575439685,7.869173381773222e-05,4
legitimate,64,0.00924989160283278,1.0244643616150038e-06,0.007177053071366831,8.7600955127092e-05,4
legro,30,0.004335886688827865,3.8687131062202305e-07,0.0035711839929650296,6.949345957947506e-05,8
legume,53,0.007660066483595895,8.24754476053906e-06,0.004900005155307632,0.00012311261199374887,7
length,143,0.02066772655007949,1.5305889146482746e-05,0.012280856149402275,0.00016085560842987105,4
lengthen,22,0.003179650238473768,4.333863022698073e-07,0.002534853741318342,7.173680288294576e-05,2
lengthy,25,0.0036132389073565544,2.4217218084864957e-08,0.0038486640622551875,5.633204962038114e-05,4
lentil,30,0.004335886688827865,1.2106529012484412e-06,0.0020686128385710464,9.963500093921491e-05,7
leproult,33,0.0047694753577106515,3.60659899580133e-07,0.003937245932929711,7.647425765245951e-05,6
lessen,41,0.005925711808064749,1.8945781316616644e-07,0.005226086042671502,7.146900696792834e-05,5
lessened,26,0.0037577684636508164,6.460449348905529e-09,0.0034402253601949575,4.7563077028696225e-05,3
lesser,22,0.003179650238473768,7.083068763484538e-08,0.0029501536477552636,4.971738123660061e-05,5
lesson,16,0.002312472900708195,9.394893455213505e-08,0.0016985150131866302,5.40241261363015e-05,4
lester,22,0.003179650238473768,1.2299052391510137e-07,0.0027190538588527297,6.225881711193683e-05,0
let,610,0.08816302933949993,0.00036875697234567596,0.02768581297426532,0.0004160681700800761,0
lethargic,20,0.0028905911258852437,4.263483728268457e-09,0.0032934152463862673,4.654951611814294e-05,0
lethargy,145,0.020956785662668016,5.080966784794491e-06,0.01200516247307596,0.00014311209243170482,3
letrozole,30,0.004335886688827865,9.404849018778044e-08,0.003908621827818796,6.953785865537972e-05,5
letter,78,0.01127330539095245,7.600126365688833e-06,0.008774028907573462,0.00012173493353435837,4
leuprolide,30,0.004335886688827865,1.1967639804190683e-07,0.003996678198639782,7.140187506102954e-05,5
level,3064,0.4428385604856193,0.02825164045242614,0.038925857661927424,0.0010284305316298177,5
levels.41,24,0.003468709351062292,1.072282601565838e-07,0.003426368357015723,6.0953207291437607e-05,2
levels.433,27,0.003902298019945079,2.1462968168991476e-07,0.003741598339804411,6.551617221982621e-05,2
"levels.46,47",26,0.0037577684636508164,1.5064193705549997e-07,0.003411908171071787,6.539314890564975e-05,5
"levels.48,49",24,0.003468709351062292,5.8819036532118396e-08,0.003488284583026127,5.820129036676246e-05,5
"levels.5,6,12",27,0.003902298019945079,2.4542813470284647e-08,0.004013947160907032,6.072127464331786e-05,4
levels.6,47,0.0067928891458303225,1.0789046302936795e-06,0.005714875936597362,8.513996245637985e-05,5
leverage,25,0.0036132389073565544,4.4532960786203457e-07,0.0032946468266246186,5.9592810163451836e-05,4
levitra,44,0.006359300476947536,9.298277045761804e-08,0.005554641904516429,7.194794208904413e-05,2
levothyroxine,28,0.004046827576239341,1.3194336955228408e-08,0.004188283954599334,5.6327411527177005e-05,3
lewis,27,0.003902298019945079,3.062335585257505e-05,0.00242768410261843,8.699229555054966e-05,8
leydig,211,0.03049573637808932,4.3618724208318926e-05,0.013644353306253942,0.00022450273239068582,5
"lh).5,6,12",19,0.0027460615695909813,6.287901929800466e-09,0.0027820939086160017,4.554864923209497e-05,5
liability,27,0.003902298019945079,1.5480054781093342e-08,0.0036421399782447586,6.0857044337411255e-05,6
libido,1078,0.15580286168521462,0.0015070257311079977,0.0314307972664642,0.0005945673350537612,3
library,178,0.025726261020378668,6.765570697734254e-05,0.011526378932430676,0.00021863280597146369,9
licensable,26,0.0037577684636508164,4.099610145504554e-07,0.003298939532678064,7.502220806524646e-05,4
license,75,0.010839716722069664,8.098759077893994e-06,0.007936172176145163,0.00012310487763472004,4
licensed,112,0.016187310304957365,5.329048440308824e-06,0.010905407099340885,0.00013083758530026487,4
lie,100,0.014452955629426218,7.636862214409962e-06,0.01003990910948169,0.00012677458935764902,0
life,1478,0.21361468420291949,0.003708768360642218,0.03964079302553435,0.0007750480820540195,3
"life.5,12",29,0.004191357132533603,5.933427525823027e-08,0.004408516444739848,6.310693222575818e-05,4
lifeblood,27,0.003902298019945079,1.1546529993398984e-08,0.003957829327488306,5.253255452633515e-05,5
lifelong,197,0.028472322589969647,6.085213755355876e-05,0.014897959674026613,0.00018690398323300205,6
lifesave,28,0.004046827576239341,5.806064601453028e-08,0.0040091710630405005,5.7068658973036474e-05,3
lifespan,46,0.00664835958953606,2.824911331612881e-07,0.005785359218750264,7.20428929454185e-05,3
lifestyle,949,0.1371585489232548,0.0007522595577183727,0.0321217784704202,0.00049735252960065,4
lifetime,49,0.0070819482584188465,1.3621269525844381e-06,0.006334047675466858,8.768194435569673e-05,0
lift,128,0.01849978320566556,1.557977253182819e-05,0.011653046595807622,0.00014836062914500676,0
lifting,47,0.0067928891458303225,4.894198543367436e-07,0.006096118191232518,7.813528824924665e-05,4
light,142,0.020523196993785228,3.481424556097588e-05,0.012231532593229484,0.0001843892973315483,11
lightheaded,26,0.0037577684636508164,1.1909931872532372e-07,0.0032116053228119263,6.429632920646299e-05,2
lightheadedness,25,0.0036132389073565544,4.868562703945032e-08,0.00324051047992271,6.122964180566504e-05,3
lightner,28,0.004046827576239341,1.7157373236494474e-06,0.0011368151837352573,0.00011307749852317912,8
like,2121,0.30654718890013005,0.012448036690208757,0.04400881544403353,0.0010584843945157401,0
likelihood,107,0.015464662523486054,4.695080474964045e-06,0.010249602208235432,0.0001310630099031096,3
likely,838,0.1211157681745917,0.0006425235461431267,0.030909996547067282,0.0004750206163234732,0
likewise,75,0.010839716722069664,3.873707752397216e-06,0.008983048055457358,0.00010656039974037457,2
limb,47,0.0067928891458303225,1.8460429052464686e-07,0.005621652250165823,7.339398003368254e-05,5
limit,409,0.05911258852435323,0.00014221871460766108,0.024007533732372154,0.0003186035390480005,2
limitation,176,0.025437201907790145,2.8825102329356996e-05,0.015198945808428727,0.00020895402721393983,4
limited,168,0.024280965457436045,1.1377379700191934e-05,0.015151429647824673,0.00017832707928674334,9
lincoff,54,0.007804596039890158,9.253608415967774e-06,0.004267698680122233,0.00013544719655367022,8
lincoln,28,0.004046827576239341,3.0584715159531883e-07,0.003643409541707361,7.075536454836575e-05,6
line,305,0.044081514669749966,0.00012176789928338166,0.019527910718588858,0.0002857675701605019,0
linger,24,0.003468709351062292,3.794359253168937e-08,0.00334895766094531,5.447934315163888e-05,6
lining,68,0.009828009828009828,1.5880509548371236e-06,0.008307274236479135,9.93813247193981e-05,2
link,750,0.10839716722069663,0.0008429122094587823,0.027425776667784424,0.0005199456305550134,3
linthicum,27,0.003902298019945079,2.658261035819698e-07,0.0031951647168270143,7.703778002082373e-05,8
lip,64,0.00924989160283278,2.767555580995317e-06,0.006881679856815118,0.0001091208761676204,2
lipid,260,0.037577684636508166,0.00013001793194571145,0.01591200783442517,0.0002477843292780229,5
lipids,26,0.0037577684636508164,2.0553714248196948e-07,0.0032401322941948453,6.25616673574343e-05,5
lipoderm,44,0.006359300476947536,4.382261864940711e-06,0.004753880176736528,0.00010100547277410586,2
lipoprotein,27,0.003902298019945079,1.2902149302961304e-06,0.0026437999559494863,7.106874317069854e-05,5
liquid,185,0.026737967914438502,6.018522849057898e-05,0.014276322186408029,0.00022501972062435969,2
lisa,23,0.00332417979476803,2.3222496483456076e-08,0.002855311501212176,4.834883826303607e-05,6
list,434,0.06272582743170979,0.00022787208306687744,0.023539799076073873,0.0003453184489554894,4
listen,421,0.060846943199884373,0.00030795982805730123,0.022755854572917105,0.00038380675485334296,0
listener,108,0.015609192079780315,2.580593790190871e-05,0.009354434024955435,0.0001535212162498177,0
listening,36,0.005203064026593439,4.6877408092591216e-07,0.004314415371645391,7.521100663384149e-05,0
liter,40,0.005781182251770487,7.000068339179728e-07,0.00496511228814365,6.914392075508693e-05,2
literally,42,0.006070241364359011,1.6927880248209008e-06,0.00528881920500944,7.928260409482919e-05,0
literature,462,0.06677265500794913,0.00024228061144876496,0.026901580853570792,0.00039221444492483303,4
little,859,0.12415088885677121,0.0009898448086473307,0.03328629999311959,0.0005790429719496036,0
liu,29,0.004191357132533603,1.676450602962987e-06,0.0014113623298974635,0.00011801342032440833,8
live,541,0.07819048995519584,0.0004966835418989022,0.026360976258777948,0.0004024984454855063,0
lived,49,0.0070819482584188465,8.346859781401773e-07,0.005918871142026384,7.718644566521295e-05,7
liver,652,0.09423327070385894,0.000729083296656294,0.0276000486654776,0.0004838821968239575,5
livery,28,0.004046827576239341,6.490617251625934e-08,0.004312582582005138,6.0866989804933636e-05,2
living,72,0.010406128053186877,5.7547292664348254e-06,0.0077902861450954205,0.00010924021654915058,4
llahana,28,0.004046827576239341,2.267383849956173e-06,0.002297030435200242,9.239976675797448e-05,8
load,26,0.0037577684636508164,6.209721045632028e-08,0.003096964138429529,6.402258580396867e-05,7
loading,20,0.0028905911258852437,2.075682403827401e-08,0.003150878835551176,5.135381838094401e-05,2
lobido,23,0.00332417979476803,9.621261562386597e-08,0.0032698805192700182,4.985503700844824e-05,3
local,177,0.025581731464084406,2.161388696390291e-05,0.014991436539822219,0.00019035512782868746,4
localize,27,0.003902298019945079,5.447975721183253e-08,0.0038210052805237316,6.276595036888206e-05,5
locate,129,0.01864431276195982,2.5366439583444102e-05,0.011050563159787802,0.0001594595898321944,1
location,293,0.04234715999421882,0.0001529198775546135,0.017413552025598248,0.0002908688750963962,2
locations13,24,0.003468709351062292,6.115672308058673e-07,0.0028794024138369106,7.082322240144071e-05,9
locationswe,27,0.003902298019945079,4.815854451110352e-07,0.003651396375932525,7.097021000352091e-05,9
lodge,24,0.003468709351062292,3.521681935883067e-08,0.0033199468443507454,5.488077754746114e-05,5
loh,192,0.027749674808498336,2.228965458513187e-05,0.013527676836668256,0.00017817255478370142,5
london,19,0.0027460615695909813,1.117527088104614e-06,0.0017894591874301668,6.666231400060307e-05,6
long,1492,0.21563809799103917,0.003494179586731798,0.04070121870203923,0.00076139278770547,2
long-,29,0.004191357132533603,9.011221491741331e-08,0.004258533897048045,6.0529618406744625e-05,2
longevity,120,0.01734354675531146,1.2823892305961088e-05,0.010861202996013179,0.0001555593506928551,4
longifolia,24,0.003468709351062292,5.709054402535491e-08,0.0030393594694782056,6.353078112679185e-05,6
longo,29,0.004191357132533603,2.3705634341666507e-06,0.001773782593643017,9.963076414922313e-05,8
longstanding,28,0.004046827576239341,1.1592090231548777e-07,0.0037214540994781253,5.89091443735517e-05,3
look,1094,0.15811533458592283,0.0018053726700673041,0.03466988251784489,0.0006443132305629868,0
loop,109,0.015753721636074577,8.945435693186463e-06,0.00915422262254604,0.00013632593013115766,5
loose,75,0.010839716722069664,2.1145207764725044e-06,0.008182069949662406,0.00010140403815718473,5
loosely,42,0.006070241364359011,1.8860185690160186e-06,0.003970079496179126,8.591417901821138e-05,5
lopez,30,0.004335886688827865,1.0777533699088965e-05,0.0011924758772771616,0.00012019973753759551,8
lose,707,0.10218239630004336,0.0005119278608093421,0.028575561940672154,0.0004597219000755836,0
loss,1170,0.16909958086428675,0.00208670481203168,0.03184265596419429,0.0006323177275740601,3
lot,988,0.14279520161873102,0.00118237002790348,0.03427075375150045,0.0005913366927118165,0
lotion,101,0.01459748518572048,9.391796601399826e-06,0.01000498082150087,0.0001424368744226815,2
loud,53,0.007660066483595895,3.855763876580748e-06,0.005921287581887961,0.00010571713028668605,3
louder,28,0.004046827576239341,2.1026615816125395e-07,0.0036936105434650594,7.363518022326168e-05,3
louis,83,0.011995953172423761,1.1314790355258173e-05,0.00718725180307963,0.0001260737469405205,6
louisiana,54,0.007804596039890158,4.3226040703983025e-06,0.006084187908966612,0.0001136579630305538,9
love,330,0.04769475357710652,0.00019293898653253812,0.020562583446369007,0.0003167299983914735,0
lover,24,0.003468709351062292,1.539167349681591e-08,0.003447869134967361,5.246656968535913e-05,0
low,2757,0.3984679867032808,0.02235189747033004,0.03491315132830931,0.000960078438497565,3
lower,669,0.0966902731608614,0.0004636935165217429,0.028330571101821855,0.0004552632480352444,5
lowering,26,0.0037577684636508164,2.3501232981825864e-08,0.003835145283016976,5.346056703679982e-05,0
loyola,30,0.004335886688827865,5.882959794344603e-07,0.003875041809402262,7.249269205034274e-05,0
ltd,30,0.004335886688827865,2.7718290519905067e-06,0.002905917920268327,8.692919155627837e-05,8
lucia,30,0.004335886688827865,3.390030728779051e-06,0.0023216244934047953,9.28204243075701e-05,8
luck,25,0.0036132389073565544,2.1473525556272313e-08,0.003516140645999436,5.083222247871171e-05,4
luckily,101,0.01459748518572048,2.174130008448169e-06,0.010768947301921898,0.000113971392360636,2
luis,29,0.004191357132533603,1.8349985055650408e-06,0.0013442321301830131,0.00011842692891830455,8
lump,81,0.011706894059835236,6.199616352880476e-07,0.008456060556597964,9.444675847824909e-05,5
lunch,79,0.011417834947246712,1.9556606773101667e-05,0.007940511479747139,0.00012817856843419384,7
lundy,251,0.03627691862985981,0.00021232718516029468,0.015897398533881075,0.00026256210566973396,0
lung,218,0.03150744327214915,6.717808951526717e-05,0.015318958733472405,0.00022317894107025255,5
lure,27,0.003902298019945079,2.2792985061225158e-07,0.004067122188710078,6.108730232101208e-05,0
lustful,26,0.0037577684636508164,1.1187996968052273e-08,0.0037043730172581766,5.661593271068599e-05,0
lut,37,0.0053475935828877,3.0923692308644134e-07,0.004357636039250677,7.279106258122094e-05,5
luteinise,175,0.02529267235149588,1.1531942890296988e-05,0.013515074929910444,0.0001771854267278695,5
luteinize,305,0.044081514669749966,3.7111478910055816e-05,0.015677270552589204,0.00021667027905149098,5
luteinizing,124,0.01792166498048851,3.862897704316384e-06,0.010494500713154331,0.0001287997991463544,5
lutenise,97,0.014019366960543431,2.30672012221119e-06,0.008927410436030118,0.00011230214503048084,5
lutenize,26,0.0037577684636508164,1.0653030179714538e-07,0.0035822406533353095,6.063180409937664e-05,5
lymph,23,0.00332417979476803,3.471460566231509e-08,0.0032556120606876925,5.510373006439634e-05,2
lymphatic,61,0.008816302933949994,4.6928716121557075e-07,0.00793227967036146,9.225625800483617e-05,2
lymphocyte,21,0.0030351206821795057,1.0012365386303552e-06,0.0023414035777492106,5.896686346618475e-05,7
lyon,28,0.004046827576239341,3.970566202693826e-07,0.0034821663153734943,6.60863718792751e-05,6
m.a,30,0.004335886688827865,2.724438638020842e-06,0.0024254712382784567,9.007808986676263e-05,8
m.b.a,27,0.003902298019945079,1.161327618583677e-07,0.0035737715274373034,6.73516774648404e-05,4
m.d,266,0.03844486197427374,7.39025739969545e-05,0.016879292688507328,0.00027358191762073456,6
m.o,27,0.003902298019945079,5.674657508161732e-07,0.0027255386354259007,8.817589091396677e-05,8
m.s,77,0.011128775834658187,1.3641737490465981e-05,0.007175702250326125,0.00014015077693233096,8
m19,51,0.007371007371007371,1.2456740034687714e-06,0.0052833010670164954,9.292666057678325e-05,8
mace,99,0.014308426073131956,7.085280639656313e-06,0.009112402754198732,0.00013687272389057117,6
machine,91,0.013152189622777859,1.8739988773854797e-05,0.008738379265325714,0.00013228016985394056,4
mackenzie,27,0.003902298019945079,2.6219722797659194e-06,0.0021791226267716107,8.902404977736972e-05,8
madsen,44,0.006359300476947536,7.892064270892241e-07,0.004907158705218974,8.790757672593319e-05,0
magazine,25,0.0036132389073565544,2.286371445409772e-08,0.004001416266071206,5.7286813011434915e-05,0
maggi,27,0.003902298019945079,1.9849639977467452e-07,0.0036511288671006773,6.975813083924453e-05,8
maggio,30,0.004335886688827865,2.5510448035056276e-06,0.002196202603519373,9.326591579717419e-05,8
magic,169,0.024425495013730307,1.4215508588330745e-05,0.013263584894949455,0.00017759249676615,0
magnesium,119,0.0171990171990172,1.0200750184836581e-05,0.010578740407900418,0.00015902513060544397,7
magnetic,30,0.004335886688827865,2.910506677442193e-06,0.002693126443430783,9.118248893092951e-05,8
magnify,23,0.00332417979476803,1.226516492674244e-08,0.0034967936654838484,4.984151386542818e-05,6
magnitude,23,0.00332417979476803,2.2472409136104738e-07,0.0031401538311092436,5.9111040108746616e-05,4
mail,95,0.013730307847954907,7.18054307173954e-06,0.009892407598490475,0.0001359028999683304,0
main,449,0.06489377077612371,0.0005620807277525426,0.02094110321624115,0.0003315714666565044,9
mainly,211,0.03049573637808932,1.239532471510341e-05,0.014132119611146923,0.00016939710380271285,5
maintain,967,0.1397600809365515,0.0008271187063280851,0.03371720724864719,0.0005364529474465358,3
maintenance,154,0.022257551669316374,1.4062868283425653e-05,0.013029883634043709,0.00016070571090584995,2
major,395,0.05708917473623356,8.182611575199408e-05,0.02217985394121632,0.00029582835525412173,6
majorek,30,0.004335886688827865,1.043289494721621e-06,0.00272135235624379,9.906819306648247e-05,6
majority,242,0.034976152623211444,3.2046967398621873e-05,0.017383256000340408,0.0002153760369542109,0
maker,46,0.00664835958953606,1.9544065757595605e-07,0.005992073890672888,7.455330612252314e-05,2
makeup,22,0.003179650238473768,1.0867293607658953e-08,0.0030262797357498007,4.799169921488079e-05,5
making,146,0.021101315218962278,3.245190985839559e-05,0.011642209000797609,0.0001636152307189563,5
malaria,28,0.004046827576239341,8.099992846275971e-08,0.003915100878526014,6.400526621655528e-05,2
male,1884,0.27229368405838994,0.011647664983455066,0.03526731102366773,0.0009777037733842775,5
malfunction,23,0.00332417979476803,1.849543512039225e-09,0.003350470605170779,4.613357304446683e-05,5
malnutrition,49,0.0070819482584188465,4.150665054906708e-07,0.005643839294450328,7.645352176273444e-05,5
man,3346,0.48359589536060127,0.042261421688770645,0.04288799052380602,0.0012722182676001782,3
manage,810,0.11706894059835236,0.0007307957932738715,0.03277648904761776,0.0005098011882199265,4
manageable,51,0.007371007371007371,1.608879532918422e-06,0.006001102857143506,8.845325696982313e-05,7
management,682,0.0985691573926868,0.0010638397426726628,0.029947350605701785,0.0005234058499151427,4
management.4,26,0.0037577684636508164,2.2868441504485354e-08,0.004162767693971337,5.608104431815102e-05,4
manager,26,0.0037577684636508164,9.628909423884874e-08,0.0039066104431282524,5.9172673399529615e-05,4
mandate,114,0.016476369417545888,1.0226445240006226e-05,0.011259716342459251,0.00015231993565675077,4
mane,26,0.0037577684636508164,2.2122265103392812e-07,0.003758559551339127,6.302103187993972e-05,0
manif,25,0.0036132389073565544,1.7566909072763838e-08,0.00418889637544976,5.588871599054176e-05,6
manifest,155,0.02240208122561064,1.7477902993681235e-05,0.012644324610512904,0.00016666679880643622,3
manifestation,98,0.014163896516837693,4.589654605521766e-06,0.010053210221294346,0.00012727254023721978,3
manitoba,17,0.002457002457002457,5.49175523575897e-07,0.001663204438159749,6.384623915375021e-05,6
manliness,19,0.0027460615695909813,5.959593826301536e-09,0.0026502110052963653,4.794367712590676e-05,3
manly,52,0.007515536927301633,2.1320207568484737e-06,0.0060540930605094585,9.247112054207837e-05,0
manmade,27,0.003902298019945079,5.9162243694387544e-08,0.0040771772080664195,5.649384089489011e-05,5
manner,185,0.026737967914438502,2.7880270850897755e-05,0.01541409513999562,0.00020926218700737854,2
manopause,46,0.00664835958953606,4.002775388881783e-07,0.005072193904572063,7.656381967598422e-05,5
manufacture,85,0.012285012285012284,3.4028353646804684e-06,0.00845369750456726,0.00011441872356752118,2
manufactured,23,0.00332417979476803,7.383755440846947e-09,0.00305069253221752,4.505042205677604e-05,5
manufacturer,82,0.011851423616129498,2.316867566291351e-06,0.009194550631176112,0.00011069359382758669,6
manuscript,42,0.006070241364359011,6.034850353587591e-06,0.0027325072114802664,0.00013204680075261979,8
map,42,0.006070241364359011,2.102604047861657e-06,0.004462263623065262,7.774981536032867e-05,4
mar,56,0.008093655152478682,1.8231386124494885e-05,0.00391656474798004,0.00013922846357093186,8
maranon,29,0.004191357132533603,1.0508863646964848e-05,0.00116329740836302,0.00011841558544885295,8
marathon,20,0.0028905911258852437,2.683730766029621e-08,0.003046024284906227,5.377802229862761e-05,0
marc,25,0.0036132389073565544,2.381160893877599e-07,0.0030707396761448574,6.1518928222427e-05,0
march,63,0.009105362046538517,2.5620050329865098e-05,0.005299126189329126,0.00011905709834854556,8
marco,44,0.006359300476947536,1.7176902478681276e-07,0.005517456815700454,7.524212860853883e-05,3
maria,28,0.004046827576239341,4.5024310931244376e-07,0.0019593535339036705,9.714990710006198e-05,8
marijuana,70,0.010117068940598353,1.724081064267874e-06,0.0074127154668848765,0.00011099177078427515,5
marius,28,0.004046827576239341,5.606120265101024e-07,0.0031925255148624715,8.19449728937357e-05,6
mark,194,0.028038733921086863,0.00011245281856092445,0.014396183756349257,0.00022870712884661678,8
marked,26,0.0037577684636508164,7.905927547420615e-08,0.0037724466524672842,5.4017164451338406e-05,4
marker,299,0.04321433733198439,6.427515063718365e-05,0.020191593675526098,0.0002625583246110463,8
market,267,0.038589391530568,5.724050236042823e-05,0.019833566542732467,0.0002657251691836916,0
marketing,140,0.020234137881196705,1.144971662135629e-05,0.01206337886950414,0.00015531397628950087,0
marketplace,27,0.003902298019945079,7.217401246646742e-08,0.004394014731763324,6.861579140313327e-05,2
marrow,85,0.012285012285012284,4.606732480899018e-06,0.007967267950779499,0.00011349649913529386,5
marshall,29,0.004191357132533603,7.55766473458712e-08,0.004092904301577603,6.704278950641986e-05,4
martin,28,0.004046827576239341,1.287636987995573e-06,0.001013257551468385,0.00011428492446369061,8
mary,29,0.004191357132533603,5.527561275659112e-08,0.004111058336963072,6.456977251549317e-05,0
maryland,29,0.004191357132533603,6.050538800874138e-07,0.0033691014457033664,7.886236790138205e-05,9
masculine,146,0.021101315218962278,1.2657008811764086e-05,0.01182626718439343,0.0001559811836851976,3
masculinity,101,0.01459748518572048,1.1512041821423489e-05,0.009666630459990402,0.00015003575449363627,3
masculinize,46,0.00664835958953606,2.1497116801217184e-07,0.005827042062449737,7.40104394900759e-05,5
mask,76,0.010984246278363925,2.9511805244515366e-06,0.007964445188203098,0.00011043572992822632,0
mass,975,0.14091631738690563,0.0010823886453183336,0.027415224945691822,0.0005044045285884151,3
massachusetts,62,0.008960832490244255,3.5116382608215727e-06,0.0057952608818909734,0.00011301046092526711,5
masse,22,0.003179650238473768,2.861798951616978e-08,0.00312659677120989,4.877630560633059e-05,0
massive,25,0.0036132389073565544,2.8478624749874336e-07,0.0034963147272907094,6.0897253520890164e-05,5
massively,29,0.004191357132533603,3.1197101513551774e-07,0.004196838200827125,6.940604746172301e-05,3
masterson,168,0.024280965457436045,1.7002909935161576e-05,0.012920168640750193,0.00016575309075294025,6
masturbation,25,0.0036132389073565544,2.1931890255987472e-07,0.0032604600410500455,5.8440963713264954e-05,9
match,99,0.014308426073131956,3.720080415801065e-05,0.008549707196816449,0.00015290429006283943,2
mate,23,0.00332417979476803,1.8674119873786127e-07,0.0031245792884865664,6.556178934787399e-05,3
material,49,0.0070819482584188465,1.596718640762607e-06,0.005540899261435031,9.433962494511582e-05,4
mateusz,29,0.004191357132533603,1.7831177078061649e-07,0.0038422892497571135,7.048470453129074e-05,6
matrix,50,0.007226477814713109,1.9560744367611517e-06,0.005665754490755502,0.00010059194906906722,2
matsumoto,107,0.015464662523486054,5.194560606651063e-05,0.007303198707039475,0.0001820014823712611,8
matter,383,0.055354820060702414,0.00010393466762556006,0.022113861684171208,0.00029900314622237356,0
maturation,85,0.012285012285012284,5.292375758896099e-06,0.007576698704255981,0.00012354432172138335,5
mature,75,0.010839716722069664,1.3809582280255565e-06,0.007949706615811397,9.382008323199884e-05,5
maturing,28,0.004046827576239341,8.225276545284912e-09,0.0038661164298139945,5.132638508228821e-05,3
maturita,26,0.0037577684636508164,4.395539685903287e-07,0.003282674442848137,7.07096177260907e-05,8
maturity,98,0.014163896516837693,1.178744326857911e-05,0.010018267641213423,0.00014363011508862386,7
maximal,49,0.0070819482584188465,5.460131759180223e-07,0.006681518030068867,7.536274548800245e-05,2
maximize,104,0.015031073854603266,6.4285597075116285e-06,0.010463382739481627,0.00013303483967291678,4
maximizing,19,0.0027460615695909813,9.069610990536041e-09,0.002813256759122341,4.728104420982448e-05,3
maximum,139,0.020089608324902444,2.8740261578749796e-05,0.011713717233911982,0.00018222781021914563,2
may;43(2):185,29,0.004191357132533603,1.5327289501891352e-06,0.002291090523820964,8.867076696140243e-05,8
maybe,525,0.07587801705448764,0.00026010209005061406,0.026340240310713282,0.00039247174866330163,0
mayo,298,0.04306980777569013,0.00014206618243247195,0.016664732485079863,0.000296336446436408,4
mba,26,0.0037577684636508164,3.364279520287996e-08,0.0033797445690481437,5.592291515896525e-05,4
mbchb,86,0.012429541841306548,1.836969398643935e-05,0.008162101288874327,0.0001355055406396966,6
mbcs,29,0.004191357132533603,1.743141594351159e-06,0.0028715888818320254,8.98945634582309e-05,6
mcbride,26,0.0037577684636508164,1.2011685693480662e-06,0.001851392664851598,9.458526251335901e-05,8
mcdonald,26,0.0037577684636508164,3.587881744089634e-08,0.004095896350983777,5.7869055534543365e-05,0
mcgarvey,30,0.004335886688827865,6.006518003376331e-07,0.0023362844062434283,9.660345325946571e-05,8
mcgill,27,0.003902298019945079,1.2733260585866603e-06,0.002524243679891202,8.23719296253654e-05,6
mclachlin,29,0.004191357132533603,8.886451808221519e-07,0.0029811019760154498,7.462751637710015e-05,8
"md,1",29,0.004191357132533603,8.801933386426189e-07,0.0018105154060870118,0.00010125533134824259,8
"md,2",30,0.004335886688827865,1.4008926260297636e-06,0.0016699469025168185,0.00010517763712172123,8
md1,30,0.004335886688827865,4.384272536005758e-05,0.002021746208062026,9.916713907062773e-05,6
md10,30,0.004335886688827865,2.4559788952521294e-05,0.0017442379500661374,0.00010700313604596279,6
md11,30,0.004335886688827865,2.042450986996193e-05,0.0018812279829204296,0.00010318718686368243,6
md12,28,0.004046827576239341,1.2093576895207334e-05,0.0019358383484545832,9.487448394827749e-05,6
md2,30,0.004335886688827865,2.839683777803522e-05,0.0017809144615560531,0.00010739616149272131,6
md3,30,0.004335886688827865,1.1351833601516496e-05,0.0015207161981123847,0.0001133634996933543,6
md4,30,0.004335886688827865,1.0174585884944265e-05,0.001305037325524135,0.00011676127194950269,6
md5,30,0.004335886688827865,1.2847544849939985e-06,0.0009211200058489321,0.00012330406561029348,6
md6,30,0.004335886688827865,8.513228808567019e-07,0.0008667537108772519,0.00012426043224188864,6
md7,30,0.004335886688827865,1.0811949500914004e-06,0.0008992796719260111,0.00012388400080555188,6
md8,30,0.004335886688827865,7.1784361571687064e-06,0.001164710300812206,0.00011833448056236003,6
md9,30,0.004335886688827865,9.316543549987064e-06,0.0013834825273122628,0.000114022437784924,6
mds,26,0.0037577684636508164,3.811003011452295e-08,0.0037272356242117406,5.589209996225356e-05,4
"md‡†,3",29,0.004191357132533603,1.1076181815056162e-06,0.0018864977917605302,9.807708817815631e-05,8
meagan,30,0.004335886688827865,5.763435394470892e-06,0.0019324051812614448,0.0001034660932635311,8
meal,171,0.024714554126318834,9.70287564151307e-05,0.013413364440103012,0.00021843008356755759,7
mean,1297,0.18745483451365805,0.0028809390663819515,0.03714868759409234,0.0007313210649107254,0
meaning,83,0.011995953172423761,5.915809564375111e-06,0.008475108261424532,0.00011371261895563489,7
meaningful,76,0.010984246278363925,3.173550033256927e-06,0.008330360888110459,0.00011851227388031744,4
means,74,0.0106951871657754,6.581104314817246e-06,0.008013151412227162,0.00010963422807986049,3
meantime,78,0.01127330539095245,3.272012660494382e-06,0.008825316929916168,0.00010630625075302061,6
measure,926,0.13383436912848679,0.0009211738143797438,0.030144664306525307,0.000520946627239823,4
measured,65,0.009394421159127041,2.835536158728586e-06,0.007127990381445727,0.0001007138028994511,2
measurement,435,0.06287035698800404,0.00019449661890313672,0.023110563717745263,0.0003593336846322373,4
meat,48,0.006937418702124584,1.8660773401385288e-06,0.005631283486313899,8.637385185523743e-05,7
mechanism,166,0.023991906344847522,4.100419963688522e-05,0.013314005053348173,0.00018773611739796115,8
mechanistically,26,0.0037577684636508164,1.2924172123764643e-07,0.0035521778235331324,6.002921901146385e-05,5
med,83,0.011995953172423761,2.4511782740895235e-05,0.0073161416249185336,0.000169229211884904,8
med.0000000000000086,30,0.004335886688827865,1.4086425872130834e-06,0.002521288004664907,9.128176927734173e-05,8
medial,28,0.004046827576239341,2.7403059607876103e-08,0.004051264168876995,5.8602222748311745e-05,4
median,81,0.011706894059835236,3.184468796458364e-06,0.008524603265407809,0.000113141489700596,2
medical,1800,0.2601532013296719,0.009611989837337789,0.041636703193447366,0.0009850662549403387,4
medically,270,0.03902298019945079,8.354998128169641e-05,0.015443741979341133,0.00025007621520979433,9
medicare,25,0.0036132389073565544,1.7455872249300138e-07,0.0031585797872197363,6.53678783102913e-05,6
medicate,70,0.010117068940598353,1.2131098640831925e-06,0.007502103699038712,9.61060132494258e-05,4
medicated,52,0.007515536927301633,2.604899951191047e-06,0.006048260755565637,9.725333710750097e-05,2
medication,1555,0.2247434600375777,0.0038340194360041648,0.042209648389319204,0.0008030125448379451,2
medicine,1203,0.1738690562219974,0.00416330718616292,0.033202976076856426,0.0008040166350737503,6
medicine.net,16,0.002312472900708195,8.207502804768976e-09,0.0022767486893265727,4.67523854315508e-05,3
meditation,99,0.014308426073131956,3.064943999682776e-06,0.010150682125927296,0.0001210622684765194,7
mediterranean,49,0.0070819482584188465,8.74276437002472e-07,0.006499753880813622,8.132884613767888e-05,7
medium,221,0.03194103194103194,7.42096114943688e-05,0.01581893791526604,0.0002538208798766371,9
medline,73,0.010550657609481139,5.180894640452042e-06,0.0074326873386844974,0.00011837928030216833,4
medlineplus,45,0.006503830033241798,8.856351765094947e-07,0.005073343956930273,8.255795922611155e-05,4
medlineplus.gov,14,0.0020234137881196706,6.16752624318437e-10,0.0021688300796134474,4.123275440324026e-05,6
meet,488,0.07053042347159995,0.00022464356983997784,0.025788169929819686,0.00038643213217148825,4
meeting,54,0.007804596039890158,3.679039281945717e-06,0.005726214860667501,0.00010382177991552067,6
meikle,35,0.005058534470299176,2.4682246997392673e-07,0.0036782031742349543,6.605886656526887e-05,5
melatonin,49,0.0070819482584188465,1.099696404203411e-06,0.006466038469300141,8.727223250863656e-05,5
melish,24,0.003468709351062292,4.774581518667607e-07,0.002841702176370424,5.716398111692309e-05,5
mellitus,72,0.010406128053186877,3.0778492720443333e-06,0.00724909876561285,0.00011060262939061993,5
melme,69,0.009972539384304091,1.3442246735543619e-05,0.00537147798345682,0.00012855553994499085,8
member,425,0.06142506142506143,0.000783726553790599,0.023276946133285275,0.0003956960491517794,4
membership,73,0.010550657609481139,6.105834618009461e-06,0.008222551140378412,0.00011176114146658979,4
membrane,50,0.007226477814713109,1.7916470562390227e-06,0.006171853064478352,9.293127651249379e-05,2
memorial,39,0.005636652695476225,6.898713672211799e-06,0.0024596971254804323,0.00012119786531371243,9
memory,380,0.054921231391819626,0.00025470208596800056,0.020734172542461595,0.00033443082308240294,3
men,28,0.004046827576239341,2.923231539100117e-07,0.0037494924407488798,6.680107614029218e-05,2
"men.29,32",27,0.003902298019945079,6.421611915920923e-08,0.0038670742212277096,6.346367884192023e-05,4
men.436,24,0.003468709351062292,4.768717046773224e-08,0.0037135496317819636,5.98839523181082e-05,2
men.438,23,0.00332417979476803,8.066240285803936e-09,0.003778807984372044,5.07703101257655e-05,2
men.65,24,0.003468709351062292,4.040509274476272e-08,0.003162508243879611,5.393719744143871e-05,3
men5,28,0.004046827576239341,7.604657416674899e-08,0.0036636700685510446,6.107293279825488e-05,4
mendonça,25,0.0036132389073565544,1.1084564919692142e-07,0.003008712502940779,6.971168660120242e-05,6
meno,26,0.0037577684636508164,1.900773176459094e-07,0.00359595958881947,7.122083258282666e-05,0
menopausal,111,0.016042780748663103,3.3837399371044e-06,0.00969046504897937,0.000118784814474095,3
menopause,768,0.11099869923399334,0.0007289508933030899,0.02457254007870734,0.0004712714474763892,3
mens,26,0.0037577684636508164,2.4629210927766904e-07,0.002733767371179125,7.851543642567732e-05,8
menstrual,129,0.01864431276195982,1.253748001197276e-05,0.010434047690177452,0.00015009045231942412,5
menstruate,24,0.003468709351062292,1.2049249238979288e-08,0.0032261483391333185,4.84804837369221e-05,5
menstruation,148,0.0213903743315508,1.1921216664585422e-05,0.011054272641711459,0.0001604339756069481,5
mental,745,0.10767451943922532,0.0007436966402336926,0.02903888290444798,0.0005075648233178241,0
mentally,183,0.02644890880184998,2.7829691163038424e-05,0.014741389428017225,0.00019455343339526266,0
mention,270,0.03902298019945079,5.3637961662549616e-05,0.018200353517954293,0.00023616832549095174,0
mentor,26,0.0037577684636508164,8.998487720021805e-08,0.003429261265593416,6.295888062391029e-05,5
menu,111,0.016042780748663103,6.668225462591665e-06,0.01145051123026691,0.0001476949628448781,0
mercury,27,0.003902298019945079,3.4060595650099974e-07,0.003595184381698324,7.076851867263755e-05,7
merely,55,0.00794912559618442,1.6087834817041341e-06,0.006840357522887886,0.00010129555819549694,0
merit,22,0.003179650238473768,5.903453992592274e-08,0.0033080225975008724,5.4955422370801045e-05,0
merkle,23,0.00332417979476803,1.1642053406325435e-08,0.0030603563092321453,5.4318931947026336e-05,5
merschel,19,0.0027460615695909813,3.424899345607022e-08,0.002381159203629368,4.696817271527878e-05,3
mesotherapy,26,0.0037577684636508164,9.21476646268084e-08,0.003504361243770964,6.218966616859794e-05,5
mess,28,0.004046827576239341,1.2053622740608628e-08,0.004229208415862285,5.542018271867874e-05,7
message,206,0.029773088596618008,4.2815345867920305e-05,0.01571602507870506,0.00020711455888653953,0
messaging,27,0.003902298019945079,8.6848330822579e-08,0.003851622573853098,6.662887949897964e-05,3
messenger,62,0.008960832490244255,6.766955808766456e-07,0.00711696337185261,8.85997880703695e-05,4
messy,24,0.003468709351062292,2.2348742080669437e-08,0.0035004874433233676,5.532012012050785e-05,2
meta,335,0.048417401358577826,0.0001550200512416122,0.020211938880020635,0.00034076715695370574,6
metab,100,0.014452955629426218,5.127267743996831e-05,0.006156899100818384,0.00020017264562051864,8
metabolic,498,0.07197571903454257,0.000277330580956768,0.023883371807994203,0.00039421900121928483,5
metabolise,48,0.006937418702124584,3.9263599545837334e-07,0.005650321069896401,7.74638710242394e-05,5
metabolism,428,0.061858650093944215,0.0002687707393028111,0.02210939970048219,0.0003700880346689872,8
metabolite,79,0.011417834947246712,3.95529187483063e-06,0.00855826395976635,0.00011382603974067484,5
metabolization,25,0.0036132389073565544,2.5970304570117185e-08,0.003938448437341811,5.421702336676386e-05,2
metabolize,115,0.01662089897384015,2.6707696692430653e-06,0.011350129701124432,0.00012740609964892276,2
metal,55,0.00794912559618442,1.565819001596725e-06,0.006529980427433983,9.855796166223919e-05,4
metastatic,98,0.014163896516837693,4.831685471503798e-06,0.009246920545240572,0.0001183915259073108,5
metered,46,0.00664835958953606,4.004061124153649e-06,0.005090993034771203,0.0001053665779495684,2
method,594,0.08585055643879173,0.0002724553329569759,0.028766406927994002,0.00039511750101008786,2
methodist,46,0.00664835958953606,4.236406206974219e-07,0.005347462461107969,7.412502841895244e-05,3
methodological,29,0.004191357132533603,2.0334589429575358e-07,0.0038694429679890794,6.846863449744877e-05,6
methodologically,27,0.003902298019945079,1.912992102848983e-08,0.004005114557316795,5.859759529438045e-05,0
methodologist,25,0.0036132389073565544,2.7733066102739606e-08,0.00400486125201639,5.8377823423054175e-05,4
methodology,213,0.030784795490677842,3.718820142925606e-05,0.01653528388637159,0.00023099350806287807,4
methotrexate,27,0.003902298019945079,2.028350534227084e-07,0.003313891107135736,6.175708924010395e-05,5
metoclopramide,30,0.004335886688827865,1.8415531370214436e-07,0.004009075679628639,7.116021268974867e-05,5
metronome,24,0.003468709351062292,1.1338241218846696e-07,0.0036606958495036934,5.412395195893061e-05,0
metropolitan,50,0.007226477814713109,2.6652332931566845e-06,0.005963980046857298,9.52918190913223e-05,4
metros,30,0.004335886688827865,1.470436739692053e-07,0.004279785548556801,6.73440343233574e-05,4
metuchen,23,0.00332417979476803,1.915756828737398e-07,0.0023768746606478972,7.685910260166108e-05,6
mg/5,28,0.004046827576239341,8.647127445702835e-07,0.002559487618775475,8.523070314718881e-05,2
mhb,23,0.00332417979476803,2.203285371465847e-06,0.002601489300502114,7.231035502496357e-05,6
mhc,27,0.003902298019945079,4.16425860481679e-07,0.003672000733010296,5.8732837935599684e-05,4
miami,73,0.010550657609481139,6.2518543444035026e-06,0.0063917766851998275,0.00013288563832070737,6
michael,70,0.010117068940598353,3.734079135991007e-06,0.007033180866918874,0.00010875701161976281,3
michelle,42,0.006070241364359011,1.009058594141094e-06,0.004265140732547259,8.553111961408375e-05,3
michigan,70,0.010117068940598353,1.5559682479049187e-06,0.007729531222674916,0.00010578028964008945,6
micro,30,0.004335886688827865,1.367721825420491e-08,0.004792909262900243,5.8366293407842025e-05,2
microbiome,29,0.004191357132533603,1.6085134097004387e-07,0.0038241896669366283,6.783626157452921e-05,0
microdose,113,0.016331839861251626,7.5576334125790215e-06,0.011476822025299344,0.0001478443107816465,2
microdosing,122,0.017632605867899987,5.783793230832689e-06,0.012626577080714713,0.0001468459565836015,2
microemboli,29,0.004191357132533603,4.830779449904397e-07,0.003920855364637485,7.314035612801806e-05,2
microneedle,16,0.002312472900708195,6.24464059691842e-08,0.0020226739890642545,5.2720462111478366e-05,3
microneedling,48,0.006937418702124584,2.540549820783198e-06,0.005245769155762519,9.936593137571664e-05,3
microphone,20,0.0028905911258852437,2.042137214214443e-07,0.0027132922685687614,5.346738500281017e-05,0
microporous,24,0.003468709351062292,1.0668628769365727e-07,0.0031856328770755206,6.30515261645275e-05,2
microprocessor,19,0.0027460615695909813,1.5380109271513157e-08,0.0023859440219345896,5.1455543628351835e-05,5
microscope,26,0.0037577684636508164,1.0514404392256312e-06,0.0029450108414684497,7.401627706403677e-05,11
microsurgery,27,0.003902298019945079,3.1867275566234093e-07,0.0036268911464338786,6.187008923260689e-05,0
mid,151,0.02182396300043359,1.1871911353284563e-05,0.013442342278381175,0.0001658858829758861,2
mid-,24,0.003468709351062292,1.611618702674597e-08,0.0034050309830073607,5.3853539336953015e-05,3
mid-20,30,0.004335886688827865,1.551683043361125e-07,0.004109674289545728,7.296339389918967e-05,7
mid-30s,28,0.004046827576239341,1.2788750195148837e-07,0.004053810602602957,6.075281987085566e-05,3
middle,420,0.060702413643590115,0.00021389909198506104,0.022576475610827637,0.000339784918150919,0
midlife,87,0.012574071397600809,3.291433181498975e-05,0.008101960131312988,0.00013887008861598882,8
midsection,46,0.00664835958953606,2.521127694646639e-07,0.005640344194673488,7.194130271447417e-05,5
midwest,27,0.003902298019945079,1.2690791256556637e-07,0.0038468350048286195,6.233495880564198e-05,0
mike,67,0.009683480271715566,1.8244524694157925e-06,0.005769465021929166,9.488106210220184e-05,4
mild,324,0.046827576239340946,5.6940426763871855e-05,0.019937457846004567,0.00024958575091683206,2
milestone,92,0.01329671917907212,1.1936494163393523e-05,0.006905133903932435,0.0001422812288308081,1
milk,107,0.015464662523486054,2.480076537050862e-05,0.008581218820565858,0.000149312130959808,5
milky,25,0.0036132389073565544,1.3525938569998111e-08,0.003286429454152347,5.532301994074712e-05,5
mill,27,0.003902298019945079,3.365959064754446e-08,0.004160771883407712,6.152255638321532e-05,0
millar,27,0.003902298019945079,5.7071103809779073e-08,0.003651819997017645,6.527319535631131e-05,4
miller,62,0.008960832490244255,1.2817345343467584e-06,0.006471680881723206,0.00010077032140482575,0
millimeter,27,0.003902298019945079,1.106168793046435e-07,0.003898617804828938,6.150786653639497e-05,3
million,95,0.013730307847954907,6.958499514667349e-07,0.008875910676161699,9.12097437195746e-05,5
milman,29,0.004191357132533603,6.846945174775493e-07,0.002530551701233275,8.309275614211055e-05,8
mimic,228,0.032952738835091776,4.661999346965922e-05,0.01729114928857418,0.000218428775575633,2
mimicking,29,0.004191357132533603,1.6956330257017036e-07,0.004440000805101251,6.861641961406243e-05,2
mimics,27,0.003902298019945079,1.9149438711285937e-07,0.0036869522758661505,6.062603114759484e-05,4
mind,393,0.05680011562364504,0.0002466801921794261,0.0206676284116969,0.00032702146999955613,0
mindful,28,0.004046827576239341,5.030552650568017e-08,0.004486265844455625,6.147131865256632e-05,4
mindfulness,29,0.004191357132533603,2.2672173374051384e-07,0.003787555794690705,7.519157707065009e-05,4
mindset,73,0.010550657609481139,4.455826045504163e-06,0.008200171053089312,0.0001197554040038087,4
mindy,23,0.00332417979476803,3.637301691196024e-07,0.002964379970142753,7.186342218715495e-05,0
miner,28,0.004046827576239341,6.467365078056813e-07,0.0009021766854501811,0.00011622523043696701,8
mineral,307,0.04437057378233849,5.248949301480364e-05,0.018123312802428012,0.00023846019336434246,3
minhas,46,0.00664835958953606,1.0127718189549974e-05,0.0034199368404339765,0.0001246736546802638,8
mini,27,0.003902298019945079,1.6854298832879321e-07,0.0037446020800852454,6.220842381320415e-05,0
miniaturization,27,0.003902298019945079,7.344912394389845e-08,0.003820273350091795,5.9498209133105316e-05,5
minimal,161,0.02326925856337621,2.4823547140493153e-05,0.013933126504731767,0.0001747949444359719,2
minimally,81,0.011706894059835236,3.777134147404875e-06,0.008583827307554227,0.00011654330877248987,4
minimise,198,0.028616852146263912,2.0696047258278206e-05,0.016670349423455764,0.0002003423652036832,5
minimize,251,0.03627691862985981,1.690372638587107e-05,0.018488689417175973,0.00020438471428045182,0
minimum,173,0.025003613238907357,1.558875402234093e-05,0.014761020678348773,0.00017184469088282026,2
minn,14,0.0020234137881196706,2.103590585331458e-08,0.0015203959008501056,4.512031694928801e-05,6
minnesota,20,0.0028905911258852437,4.685943060155106e-07,0.0020539758962234457,7.07911680775579e-05,6
minor,205,0.029628559040323747,0.00018413616573325207,0.014380609561014002,0.0002792201032526849,6
minoxidil,101,0.01459748518572048,4.877256322497505e-06,0.009982125246084134,0.0001389168757614393,5
minstlm,29,0.004191357132533603,2.470805666607801e-06,0.0028740890441961314,8.953609617926974e-05,6
minus,71,0.010261598496892614,5.94482289521412e-07,0.008251986695770085,9.129745965846411e-05,0
minute,578,0.08353808353808354,0.00043348020534544917,0.027126673360505057,0.00042618872154904375,2
minutes.425,28,0.004046827576239341,1.1626521093300815e-07,0.00386078307996668,6.678702482448308e-05,2
minutes.438,28,0.004046827576239341,2.2259472320522742e-07,0.004032744845853899,6.451815403963682e-05,2
miracle,29,0.004191357132533603,3.2721843467537815e-07,0.0037951511978912772,6.587004536005034e-05,0
miraculous,19,0.0027460615695909813,5.1219293141471965e-09,0.002887426637929283,4.836615226895293e-05,0
mirror,28,0.004046827576239341,1.4240880181267073e-07,0.0039772530315213585,5.7216604861101813e-05,4
mirroring,28,0.004046827576239341,1.7930278098004417e-07,0.0035965946258741744,7.129034424857498e-05,2
misconception,117,0.016909958086428676,7.859516705847929e-06,0.010384189793178117,0.00013078830413579292,0
misdiagnose,77,0.011128775834658187,3.3806171435773426e-06,0.008160160138225682,0.00010995894345771086,4
misdiagnosis,25,0.0036132389073565544,2.0440929544779568e-08,0.0033403484160127494,4.995459024266024e-05,5
miserable,52,0.007515536927301633,1.5328382190076595e-06,0.006016165717330659,8.339862516506367e-05,0
misinformation,27,0.003902298019945079,2.9766458194268764e-08,0.003902814146790761,5.84948503494065e-05,9
mislead,71,0.010261598496892614,2.218681960541048e-06,0.008213286116001767,0.00010977421024552842,0
misleading,47,0.0067928891458303225,2.1865318437241497e-07,0.005832373364424608,6.976936982387784e-05,3
miss,349,0.0504408151466975,7.628220059006507e-05,0.020137855992941385,0.0002571685503584023,0
mission,166,0.023991906344847522,2.6805559288624543e-05,0.012203998606227829,0.00017709770756169644,4
mistake,94,0.013585778291660645,1.2224600980155393e-05,0.008090257888539624,0.00012429176105927623,5
mistaken,22,0.003179650238473768,3.048755221055167e-08,0.002983478512094632,5.4319146021009174e-05,4
misunderstand,28,0.004046827576239341,1.1482536042507947e-07,0.003718908101698606,6.630828302004035e-05,5
misunderstanding,25,0.0036132389073565544,1.8817004415126143e-08,0.0034423712707231493,5.0908732354223226e-05,3
misunderstood,44,0.006359300476947536,7.073924395007431e-07,0.0054374294246826585,6.942219379243784e-05,4
misuse,125,0.01806619453678277,7.92071897141777e-06,0.011339225106135038,0.00014530718187685945,1
mitch,486,0.07024136435901142,0.00025397769678090995,0.023548277830679632,0.0003973708910493815,0
mitigate,155,0.02240208122561064,1.5726799195313523e-05,0.013050843028891193,0.00015819113031457656,2
mitigation,27,0.003902298019945079,7.698009792845914e-07,0.003593146175230049,6.986911450450835e-05,2
mix,121,0.017488076311605722,7.37281640330535e-06,0.010635023612138111,0.00013128880601763666,0
mixed,146,0.021101315218962278,5.8475433745814995e-06,0.012067358418788861,0.00014109104804049935,5
mixture,52,0.007515536927301633,1.766524434806341e-06,0.006145215715248678,9.449195518165122e-05,2
mizokami,27,0.003902298019945079,5.908095247905016e-07,0.0026822443541243348,8.542742595626542e-05,8
mmas,24,0.003468709351062292,5.843409670099262e-08,0.003191415430835582,5.789749553946754e-05,5
mobile,29,0.004191357132533603,7.783809091821212e-08,0.0035820285418559005,5.4115947546234136e-05,4
mobility,76,0.010984246278363925,4.8734056716613995e-06,0.007699807956170843,0.00011923745058840027,3
modality,144,0.020812256106373755,1.8038565646629378e-05,0.013091904128269516,0.00016408158273728278,2
mode,72,0.010406128053186877,4.684749241856558e-06,0.007695365174573891,0.00010618037461721804,3
model,90,0.013007660066483595,3.2116507744755795e-05,0.008689487778134672,0.0001524644758757193,4
moderate,497,0.0718311894782483,0.00018616293314697207,0.02411729670990748,0.0003471897729923115,4
moderately,50,0.007226477814713109,1.6637406631191088e-06,0.005754288689488207,8.471732749386729e-05,3
moderation,49,0.0070819482584188465,1.3101232770735932e-06,0.005765743485993224,8.428712641023272e-05,7
modern,102,0.014742014742014743,8.636520126821413e-06,0.010262918408301886,0.00014208610705092794,3
modest,97,0.014019366960543431,3.0756021277949197e-06,0.0094063367426788,0.00011022520217726105,3
modifiable,74,0.0106951871657754,5.683423983235953e-06,0.007735300358192344,0.00011634160527854624,5
modification,254,0.03671050729874259,2.6146019481312563e-05,0.017815829406550552,0.00020943879205579578,2
modify,180,0.02601532013296719,7.360562729476241e-05,0.013742187540483855,0.00021659269902343046,6
modulate,28,0.004046827576239341,8.029723893451659e-08,0.0040754608969233545,6.356893177760321e-05,3
modulator,125,0.01806619453678277,6.905173219635722e-06,0.011157587321159202,0.00014184374593935822,5
mohit,30,0.004335886688827865,2.0538716267031054e-05,0.0016799312203801269,0.00011050774483701012,6
mohr,24,0.003468709351062292,3.309534580333318e-07,0.0024384565111867716,6.723796072824047e-05,5
moisture,24,0.003468709351062292,1.6791015436250422e-07,0.00315221607497847,7.057131640047736e-05,2
moisturize,23,0.00332417979476803,5.942251595529613e-07,0.003012165524088329,6.542801944034676e-05,2
moisturizing,41,0.005925711808064749,1.4466529952737146e-06,0.0049748367476396,8.392768467135761e-05,2
mojo,24,0.003468709351062292,5.238321641465458e-08,0.0032246033801705265,5.359144826073446e-05,0
molecular,128,0.01849978320566556,7.297377448574077e-05,0.009981700894071589,0.00022322279835473055,8
molecule,24,0.003468709351062292,7.847102577842217e-08,0.003557443599434845,5.502022072521367e-05,5
moment,117,0.016909958086428676,1.7216789135409124e-05,0.011168228330706225,0.00015370398373517127,0
monday,26,0.0037577684636508164,7.073228728140647e-09,0.003772609490697158,5.106676026458035e-05,3
money,83,0.011995953172423761,2.675006713984406e-06,0.009294969783029659,0.0001164188811613481,0
monitor,730,0.10550657609481139,0.00035034180357211564,0.02981752163142415,0.00040960941295662,4
monitored,24,0.003468709351062292,5.541235208349694e-08,0.0034303132657781633,5.5666403286510136e-05,0
monitoring,515,0.07443272149154502,0.00020122770847549523,0.026629238902940767,0.0003679550399398853,4
monkeypox,24,0.003468709351062292,3.9221368677338414e-07,0.0026474515500328794,7.255410561925555e-05,1
monocyte,24,0.003468709351062292,1.1798064953359687e-06,0.0025591786251670623,6.21877489598226e-05,7
monograph,29,0.004191357132533603,1.8744233692076938e-07,0.003722574558251474,7.29842310004753e-05,2
monosaturate,23,0.00332417979476803,3.874388020822953e-08,0.0030194914432307143,5.672452750951957e-05,7
monotherapy,133,0.01922243098713687,8.574047020946022e-06,0.011961344283231774,0.00015286191819633706,5
month,1089,0.1573926868044515,0.0014037657895180583,0.037151447717062615,0.0006326915734195352,2
monthly,95,0.013730307847954907,5.208416585505261e-06,0.010067880733436526,0.00012910327138487598,4
months).5,28,0.004046827576239341,7.644888238123929e-08,0.004044130577476988,6.169613902725705e-05,2
months.447,26,0.0037577684636508164,1.1430796123907895e-08,0.004171746990047701,5.806576045296245e-05,2
months.77,27,0.003902298019945079,3.12619968500886e-08,0.003946557421575296,5.5841829469723304e-05,3
montori,27,0.003902298019945079,5.178516735606583e-08,0.0036522632683570373,5.9065402345372925e-05,8
montreal,27,0.003902298019945079,1.63687080980894e-06,0.0026429879599071423,8.075930749602496e-05,6
mood,935,0.13513513513513514,0.0009516295205380009,0.029393408504000823,0.0005272103614638081,3
moodiness,108,0.015609192079780315,6.480150168295362e-06,0.009600143833021994,0.00011591170103656706,3
morbidity,92,0.01329671917907212,4.764108747982118e-06,0.00924937484966324,0.00012156304327218448,4
morgentaler,105,0.015175603410897529,0.00015327809542029747,0.007898076402641176,0.0002108353328447934,6
morning,639,0.09235438647203353,0.00040589427255173656,0.02572215449428082,0.0004074830068483891,2
moroccan,23,0.00332417979476803,1.859330106724163e-07,0.002778666346582123,6.0195009560297136e-05,7
mortality,220,0.03179650238473768,2.9826625744673398e-05,0.014526246452428147,0.0002158827510403343,6
mortality.56,27,0.003902298019945079,9.578750706826846e-08,0.003820325199926543,6.11483761579012e-05,5
mortality.67,27,0.003902298019945079,5.919230201674755e-08,0.003755851100534736,5.6700589238609914e-05,3
moserthroughout,24,0.003468709351062292,1.260725094102563e-07,0.0031574885903610317,5.896713741826998e-05,6
mother,124,0.01792166498048851,2.231589751109137e-05,0.010629864752388429,0.0001727736423570685,5
motility,49,0.0070819482584188465,6.623653413921148e-07,0.006039868920828701,8.283111891646703e-05,7
motion,27,0.003902298019945079,5.192898386661371e-08,0.003750063461767987,5.832816850965328e-05,3
motional,29,0.004191357132533603,7.019978919651499e-08,0.004280645585484245,6.427877664918977e-05,0
motivate,54,0.007804596039890158,8.027505073500003e-07,0.006333860509124725,8.851139148128479e-05,3
motivated,74,0.0106951871657754,2.773608688805498e-06,0.007962217605721755,0.00010120537390181967,0
motivation,321,0.04639398757045816,6.577922930587098e-05,0.01923448834976244,0.00027291359557115913,3
mount,49,0.0070819482584188465,6.242885191833085e-08,0.005878072023097165,6.841604502648474e-05,5
mountain,47,0.0067928891458303225,3.1975498536253875e-06,0.004932870229962913,9.822042729789748e-05,9
moura,30,0.004335886688827865,2.1505476258438916e-06,0.0027864681620511245,9.603228160738424e-05,8
mouse,26,0.0037577684636508164,4.951160569076529e-07,0.0033220962341755905,7.24607317055348e-05,6
moustache,28,0.004046827576239341,1.1936274907009923e-07,0.0035886686027062514,6.807073649073528e-05,5
mouth,142,0.020523196993785228,4.9137703677983125e-06,0.0124542936813707,0.0001344943835945485,2
movement,26,0.0037577684636508164,2.299592413908481e-07,0.0037739038544299173,6.390015198530136e-05,0
movie,47,0.0067928891458303225,5.627605867118164e-06,0.005312663437262816,9.944000151289793e-05,0
mph,35,0.005058534470299176,3.939647309092385e-05,0.0018575900677174116,0.00012018436543232688,8
mrcgp,70,0.010117068940598353,6.382285072822697e-06,0.007351329937537087,0.0001106422658012601,6
mri,139,0.020089608324902444,1.51127453731693e-05,0.011217338429043556,0.00015967884779971675,5
mris,24,0.003468709351062292,1.171483671374437e-08,0.0034313620459337237,5.0847405913271226e-05,5
mrsb,29,0.004191357132533603,2.493426566314139e-06,0.0029892245123621414,8.810682952679125e-05,6
msacl.org,26,0.0037577684636508164,2.3457574467214912e-07,0.0024105607967241146,8.528495780314915e-05,6
msc,58,0.008382714265067205,6.992125888457957e-05,0.003599265332075793,0.00016929713124538162,8
muco,28,0.004046827576239341,1.2692763803244255e-07,0.0037114809420228136,6.890132906089124e-05,2
mucosa,51,0.007371007371007371,1.2755881001501187e-06,0.006347634210966008,9.724847722076663e-05,2
mucosal,28,0.004046827576239341,3.3187837169375186e-08,0.004341938967798559,6.18529422033416e-05,2
mucous,27,0.003902298019945079,2.3089995755538128e-08,0.004286018875121514,5.9837307736022364e-05,2
muddle,28,0.004046827576239341,3.103494388188827e-08,0.004094558102415174,5.9067162040224875e-05,3
mulhall,63,0.009105362046538517,8.102414213898324e-05,0.005449052663512742,0.0001427422850968248,8
multi,141,0.020378667437490967,6.783861490695687e-05,0.011855403650462408,0.00019444643189821275,10
multicenter,53,0.007660066483595895,1.560407912646358e-06,0.006336311807338086,9.255640751986493e-05,2
multidisciplinary,62,0.008960832490244255,2.9522347017881407e-06,0.0065396050285554995,0.00010094621775071086,4
multidose,23,0.00332417979476803,5.757826726059667e-07,0.0022313398919291978,7.794851102744298e-05,2
multifactorial,78,0.01127330539095245,5.284139717758257e-06,0.008927993265185351,0.0001183245941589519,3
multimedia,27,0.003902298019945079,5.7833405991226766e-08,0.0034832353032701233,5.597264181275797e-05,4
multimorbidity,72,0.010406128053186877,2.529439260339483e-06,0.007809520064118919,0.00010387799526774908,1
multiple,502,0.07255383725971962,0.00019776957965569875,0.026129229259462157,0.00036199627280524205,2
multisystem,27,0.003902298019945079,1.6600441002533795e-07,0.0032604920293368583,6.539507498015818e-05,5
multitude,25,0.0036132389073565544,7.276215981839478e-08,0.0033097419025725225,5.861730265818878e-05,5
multivitamin,75,0.010839716722069664,2.052567661855012e-06,0.007928143287186593,0.00010470893192916043,2
mump,144,0.020812256106373755,2.0019301767431836e-05,0.011339801181645532,0.0001677867102890009,5
mumps,68,0.009828009828009828,8.434023343893432e-07,0.007243009151657444,9.67075155844655e-05,5
muniz,30,0.004335886688827865,1.6943896437247894e-06,0.0017204524615334026,0.00011237338622240484,8
murad,28,0.004046827576239341,9.17724247519409e-07,0.0009902631402499448,0.00011535280363711123,8
muraleedharan,27,0.003902298019945079,2.0184546633254451e-07,0.00343517966545176,6.304079689681394e-05,6
"muraleedharan,233",24,0.003468709351062292,2.1386849745528193e-07,0.0031057865241449433,6.373802710423615e-05,6
muscle,1281,0.18514236161294984,0.002336354510296603,0.03119669653857332,0.0006231040467996074,3
muscular,231,0.033386327503974564,3.010725908035587e-05,0.015473315269031056,0.0002059470854613674,3
musculature,51,0.007371007371007371,1.4085140699558615e-06,0.005984501176809617,8.969940198498352e-05,3
muse,27,0.003902298019945079,1.091310539621115e-07,0.003430153194028937,7.152285781998853e-05,2
mushroom,28,0.004046827576239341,5.234185373982595e-07,0.0035475350213292926,7.154410911523657e-05,7
musi,130,0.018788842318254083,8.520477982686247e-06,0.010290951057669948,0.00014707596644618687,0
music,38,0.005492123139181963,5.209859787642649e-07,0.004062137894011656,8.122264069779293e-05,0
mutation,119,0.0171990171990172,6.1123889618970776e-06,0.009450362804391078,0.00013473619490535305,5
muthigi,212,0.03064026593438358,1.4474544996572237e-05,0.015654406611438736,0.00018599425181220944,2
mychart,62,0.008960832490244255,3.4965625215296607e-06,0.006857892456316327,0.00010954793369505724,4
myelodysplastic,25,0.0036132389073565544,5.3701714359964936e-08,0.003344757646472077,5.373979716581919e-05,5
myers,27,0.003902298019945079,9.235082308457276e-08,0.0032175752596266018,6.503759148339565e-05,3
myhealth,46,0.00664835958953606,3.3458626849735007e-06,0.00486719853590664,7.59783972316459e-05,4
myocardial,185,0.026737967914438502,2.6028978295370754e-05,0.013874906911825005,0.00021825068630893104,6
myotonic,50,0.007226477814713109,1.5057575915563878e-06,0.005149676657928155,9.876170552467572e-05,5
myriad,90,0.013007660066483595,1.1955734640912186e-06,0.008970219973988508,9.961807650620296e-05,3
myth,299,0.04321433733198439,6.715859258255498e-05,0.018905407975412607,0.0002694666842138223,0
n.l,30,0.004335886688827865,1.298083489599701e-06,0.003217866518535942,8.553522524238605e-05,8
"n=1,261",22,0.003179650238473768,7.735721844619663e-08,0.0028003034186798153,5.678309684927151e-05,6
"n=1,773",24,0.003468709351062292,9.64767746601782e-08,0.0031008385777953136,5.923198565239892e-05,6
n=13,25,0.0036132389073565544,9.653863617928445e-08,0.0032858681230935106,6.079736462796146e-05,6
n=238,24,0.003468709351062292,1.53055860164432e-07,0.003242821160857382,5.638331717690966e-05,6
n=343,24,0.003468709351062292,1.6421943145120717e-07,0.003169816054913737,5.8237316314792005e-05,6
"n=37,565",25,0.0036132389073565544,6.657228608945522e-08,0.0034081833661647495,5.8964592474697165e-05,4
n=395,26,0.0037577684636508164,1.833722742645566e-08,0.003840129359354827,5.170176341756812e-05,6
"n=55,593",26,0.0037577684636508164,1.361605898651743e-07,0.003541765732395375,6.529379287607531e-05,6
n=581,24,0.003468709351062292,1.0631723372794509e-07,0.0030562637401735132,5.8718668360718674e-05,6
nad,26,0.0037577684636508164,4.2284312517041924e-08,0.0033098561807027014,5.764568500954974e-05,5
nada,26,0.0037577684636508164,3.2881971086677507e-07,0.0032432344058652344,6.371162872377919e-05,0
nagaraju,28,0.004046827576239341,1.4608609748982733e-07,0.003887236233341498,6.21131955320093e-05,8
nagging,25,0.0036132389073565544,1.0395327658375797e-07,0.0034369073380305726,5.956561548070704e-05,0
nail,44,0.006359300476947536,2.0237438040948586e-07,0.006031734882979321,7.47137400930121e-05,0
namesake,22,0.003179650238473768,1.1885537184571127e-07,0.0028688107953653225,6.027706261781487e-05,6
namiki,28,0.004046827576239341,6.071057446874393e-07,0.0028324088183209048,8.703926067152055e-05,8
nandrolone,26,0.0037577684636508164,2.014720463324654e-07,0.004120151732819116,6.16061931117051e-05,2
nannan,29,0.004191357132533603,2.510744067283206e-08,0.003790692611140931,5.6715580917724936e-05,0
nanogram,256,0.03699956641133112,2.6706324613452442e-05,0.014637965370967808,0.0001887043184960313,2
nanomole,23,0.00332417979476803,2.0204578864721853e-08,0.0033643504323859117,5.513957824151446e-05,2
narcotic,79,0.011417834947246712,6.927922989900507e-07,0.007820488716121935,9.465960541754409e-05,5
narrow,92,0.01329671917907212,4.641808794994128e-06,0.00878449943344545,0.00012229885600664305,3
narrowing,47,0.0067928891458303225,1.3893577337416621e-06,0.005552895461435777,8.012463680057989e-05,3
nasal,331,0.04783928313340078,8.94099904093746e-05,0.020079458969461162,0.0002900733455787251,2
nasir,156,0.0225466107819049,8.890517134654807e-06,0.012405758649286298,0.0001592815931646761,3
nasopharyngitis,24,0.003468709351062292,5.160198282492125e-08,0.0036493459554355545,6.27206535314359e-05,2
natesto,176,0.025437201907790145,2.779435654040942e-05,0.014675223388369504,0.00020572265706252533,2
nation,65,0.009394421159127041,8.997368204819269e-06,0.006699465285840572,0.00010417219019038135,4
national,396,0.057233704292527825,0.0004455374922065518,0.019171877041285028,0.000375878600214012,6
nationwide,76,0.010984246278363925,4.929658489482644e-06,0.008719160212617165,0.00011809232389170516,4
native,25,0.0036132389073565544,2.5005238101330288e-08,0.003889087537010779,5.215571513982585e-05,0
natural,819,0.11836970660500072,0.000580076781970893,0.030658980084269687,0.00046530987288283276,5
naturally,682,0.0985691573926868,0.0003583133119645718,0.025066581880198648,0.00038205062046732725,5
nature,254,0.03671050729874259,8.912975381325114e-05,0.018294530255154012,0.00026435174962519207,6
naturopathic,26,0.0037577684636508164,2.1170532106966378e-07,0.0039052995849154296,6.080086144757225e-05,0
nausea,105,0.015175603410897529,1.1980273034507908e-05,0.010413927046211463,0.0001427565350009356,0
navigate,107,0.015464662523486054,2.218023838123294e-06,0.009923309040395217,0.00011461482288792726,4
navigation,40,0.005781182251770487,5.664605033522785e-07,0.004663312587119445,8.112343213821522e-05,0
navy,30,0.004335886688827865,3.984036164218931e-07,0.0019812654998167824,0.00010129975742442547,7
nayeri,53,0.007660066483595895,3.467178217039769e-07,0.006247240119221632,7.755252385036603e-05,6
naïve,24,0.003468709351062292,6.657251133417042e-08,0.0031672001066866207,6.408804517070569e-05,6
ncbi.nlm.nih.gov,78,0.01127330539095245,3.06923940244385e-05,0.005512514284278278,0.0001878692838549776,8
ncic,39,0.005636652695476225,3.171422418400215e-06,0.003948755780739696,9.353573611824687e-05,4
neapolitan,24,0.003468709351062292,6.055992619509912e-07,0.0027418916660637994,7.695031120104642e-05,0
near,275,0.0397456279809221,5.08501801687238e-05,0.01817129406025348,0.00024087616478824287,5
nearby,28,0.004046827576239341,1.2008092265749157e-07,0.0038261982628624586,6.389279950728956e-05,4
nearly,313,0.04523775112010406,0.00013431960119690686,0.017887737520851103,0.00026798661473366193,3
nebido,65,0.009394421159127041,5.326236425385939e-06,0.0070651653893127305,0.00011842440106368818,2
nebraska,28,0.004046827576239341,2.3079159354379372e-07,0.003574097192060474,7.201339705870145e-05,6
necessarily,449,0.06489377077612371,0.00018832648734613017,0.024057616841535658,0.0003411621203954015,0
necessary,596,0.08613961555138026,0.0003466251704244774,0.028328374572556082,0.00041349288335432323,4
necessitate,27,0.003902298019945079,1.362784507557055e-07,0.0036551645036539252,6.495015024318953e-05,4
necessity,21,0.0030351206821795057,6.219940345267769e-08,0.002862610067830422,6.356898432529506e-05,4
neck,71,0.010261598496892614,5.324320762581207e-06,0.007014144520942919,0.00010740334634474457,5
need,1886,0.27258274317097847,0.007013888640856665,0.04245259512602812,0.0009000466350745933,4
needle,309,0.04465963289492701,0.00012373306310076385,0.018360765648878657,0.0002872475774860254,2
needless,23,0.00332417979476803,8.479330261124715e-09,0.0037644512001218313,5.216279155296078e-05,2
negate,52,0.007515536927301633,1.2054243858867492e-06,0.00623636773770433,8.883237731938328e-05,4
negative,483,0.06980777569012864,0.00018971829362696447,0.024212313597036343,0.00035701387791139787,5
negatively,230,0.0332417979476803,1.8281625981939603e-05,0.016675758890858112,0.00018951859790647613,3
negativity,30,0.004335886688827865,1.1609222674485451e-07,0.004567915735016627,7.158134676599665e-05,4
neglect,29,0.004191357132533603,1.2092592782999293e-07,0.003964887261042115,6.524339521285292e-05,3
negotiable,46,0.00664835958953606,2.0980120285576562e-07,0.006629835277258712,7.61989105154803e-05,4
nehra,30,0.004335886688827865,4.824537985029186e-07,0.003139956588418109,7.867593482887447e-05,8
neighbor,26,0.0037577684636508164,6.288377283865681e-08,0.003949836479066974,6.30344235919884e-05,0
nejmoa2215025,25,0.0036132389073565544,3.196255715984381e-07,0.0029121474674784053,7.06230672434115e-05,8
nelson,94,0.013585778291660645,0.00027616542401866305,0.005591454942552409,0.00019620265403939724,8
neonatal,27,0.003902298019945079,2.4012482545296817e-07,0.0036642828463699694,6.522064222443343e-05,3
nerd,26,0.0037577684636508164,2.433425606867207e-08,0.003935634408336274,5.346032396403341e-05,5
nerve,79,0.011417834947246712,3.5900620916449516e-06,0.00786515515350429,9.8624480068232e-05,5
nervosa,28,0.004046827576239341,3.035222866699753e-08,0.0038415443159123246,6.219659856028673e-05,5
nervous,165,0.02384737678855326,5.2770376988584147e-05,0.01216292837502523,0.00022251029613077922,3
nestle,21,0.0030351206821795057,2.5407922244577856e-07,0.0016269818042594967,7.495129193790807e-05,6
net,74,0.0106951871657754,4.385679217179932e-06,0.006626293276415473,0.00010093212704938007,0
netflix,23,0.00332417979476803,5.8737964508984554e-08,0.003246365865325796,6.550105095250594e-05,0
network,191,0.027605145252204075,7.888263905669808e-05,0.012686577096590466,0.00025239927361340726,4
neural,50,0.007226477814713109,3.892952162675756e-06,0.0058525018738337636,8.997431731093281e-05,3
neurochemical,28,0.004046827576239341,9.639146155893768e-08,0.004013843916367349,6.296827336390142e-05,3
neuroimage,30,0.004335886688827865,1.5292478813044987e-06,0.002965956819988609,8.617226005842053e-05,8
neurological,45,0.006503830033241798,3.820979202411008e-06,0.004532848354596754,9.625895185731856e-05,5
neuropathy,24,0.003468709351062292,1.4387530046471495e-08,0.0032092793701439816,4.8868868231179653e-05,5
neuropsychiatric,25,0.0036132389073565544,1.6626271609340435e-07,0.0033521105153077706,5.9547882110282745e-05,3
neurotransmitter,172,0.024859083682613095,2.3461976800569776e-05,0.013110228999332438,0.0001937441135111868,3
neutral,67,0.009683480271715566,6.4519136056464896e-06,0.007082723182481286,0.00011853186135848399,6
neutralize,25,0.0036132389073565544,1.6111727857695088e-07,0.0036558618524073663,5.805682681320585e-05,5
neutrophil,28,0.004046827576239341,1.5470271366664361e-06,0.0029695799138870498,6.749853592918307e-05,7
never,369,0.053331406272582746,9.869193543223213e-05,0.021910284008600702,0.000290778288685815,0
new,1011,0.14611938141349906,0.002004640825241794,0.03625376223277656,0.0006725501357871688,2
newborn,54,0.007804596039890158,4.856100022748438e-06,0.004961986760918058,8.799932857158827e-05,5
newly,30,0.004335886688827865,2.3069336502471093e-07,0.004164741189043873,6.701353751525926e-05,0
newlywed,26,0.0037577684636508164,4.0971746401854264e-08,0.004130162400902851,5.9813199766071704e-05,0
news,344,0.04971816736522619,0.0002590811808343969,0.018456169302109058,0.00033954022707716533,6
newsletter,146,0.021101315218962278,4.475294669614849e-05,0.009206229434663395,0.00015366768207063992,4
newsroom,28,0.004046827576239341,2.0980519957675005e-07,0.0036534160071689,7.027319739022441e-05,4
nexus,27,0.003902298019945079,3.4462535646699846e-07,0.0029083839511650105,7.21761584107503e-05,9
nhs,331,0.04783928313340078,0.0001756214530092659,0.020248212518836285,0.00029837592892337087,4
nice,93,0.013441248735366382,5.364894260449742e-06,0.009288270682007037,0.00012272077544485965,0
niche,27,0.003902298019945079,4.964240125680097e-07,0.0035282538297971696,7.011863647774602e-05,0
nicolas,50,0.007226477814713109,7.186453461549498e-07,0.005162870050885963,8.170740856534172e-05,6
nicole,26,0.0037577684636508164,5.222728369499464e-08,0.003585582743127111,5.6505461267527906e-05,3
nicotine,26,0.0037577684636508164,7.470434737969782e-08,0.0038985062189499076,5.766976667303535e-05,2
nificant,29,0.004191357132533603,2.0679487080690592e-07,0.003911076916984702,6.867004711232862e-05,6
night,468,0.0676398323457147,0.00028780806729629426,0.02393130201555552,0.00037850431304893236,0
nighter,26,0.0037577684636508164,1.3690470359510113e-07,0.0033120335425166595,6.526314397837515e-05,0
nightly,27,0.003902298019945079,1.1504296795713889e-07,0.0038957109858289343,6.464910270794628e-05,5
nih,24,0.003468709351062292,6.826914915954146e-09,0.0035663316345942767,5.077174198555346e-05,2
nihms627664,29,0.004191357132533603,1.119564859066954e-06,0.0021172498026431406,9.588555410702839e-05,8
nihmsid,29,0.004191357132533603,1.149053449899488e-06,0.0022091715088052026,9.389865733153573e-05,8
nipple,40,0.005781182251770487,4.621303501376283e-07,0.004943571668407545,7.413106398758475e-05,5
nissen,92,0.01329671917907212,2.2339562361671513e-05,0.007437493561877413,0.00014398085601844812,8
nitrate,52,0.007515536927301633,5.381534243321874e-06,0.005830953056941722,0.00010075058733844444,2
nitric,48,0.006937418702124584,8.655117098349926e-07,0.005165788430614804,8.795471796882399e-05,7
nmol,272,0.03931203931203931,3.835621286783056e-05,0.016559111692166725,0.00022114260741640593,4
nobel,29,0.004191357132533603,5.431903612167572e-07,0.003545931029749499,6.921708959142121e-05,6
nocturia,23,0.00332417979476803,7.850570595488063e-09,0.0031818893169255585,5.516176247665516e-05,5
nocturnal,45,0.006503830033241798,6.3200672244649435e-06,0.0046697311190211565,9.444002453674613e-05,8
nodule,61,0.008816302933949994,2.6602816182749513e-06,0.006175253922644959,9.357201423675597e-05,5
nohara,30,0.004335886688827865,1.362070866658937e-06,0.0027386284408442117,9.613566217161372e-05,8
nomenclature,35,0.005058534470299176,4.392427724062376e-06,0.003938040486483105,7.345843951190181e-05,4
non,570,0.08238184708772944,0.0006610589519994719,0.02432156459023662,0.00043135737580005714,2
nonbound,25,0.0036132389073565544,1.753319398208413e-07,0.0023601286844427975,7.184979313311985e-05,5
noncancerous,40,0.005781182251770487,3.2323460855293623e-07,0.00491173601972832,7.435973700529095e-05,5
nonetheless,28,0.004046827576239341,8.750267430236368e-08,0.004000506141781028,6.242360493287962e-05,6
noninvasive,50,0.007226477814713109,7.95501854568485e-07,0.005692962114638457,8.794368117448339e-05,3
nonmedical,26,0.0037577684636508164,1.6864515337921366e-08,0.003937377498273828,5.353512655463241e-05,5
nonoral,41,0.005925711808064749,9.038174780061208e-08,0.005590790382633627,6.3612351056921e-05,2
nonprofit,26,0.0037577684636508164,6.861636255149812e-08,0.0032941856776787914,5.772073808174306e-05,4
nonsmoker,29,0.004191357132533603,4.9005037784969695e-08,0.004473084413118743,5.893853556831711e-05,3
nonspecific,44,0.006359300476947536,8.715179581211603e-08,0.005389739262517371,6.492261829263301e-05,3
noon,23,0.00332417979476803,1.1176199937349411e-08,0.0032733249544187283,4.834400070257174e-05,5
noonan,26,0.0037577684636508164,2.4043480892605727e-07,0.003132402507856893,6.676954416596601e-05,5
nope,22,0.003179650238473768,2.2875839928919134e-09,0.0039213005466433035,4.857726064321023e-05,0
norm,70,0.010117068940598353,3.0237574510366487e-06,0.008210949536215985,0.00011082775613970588,3
normal,1474,0.21303656597774245,0.0037906101416503185,0.032849900990992636,0.0007204907252927212,5
normalisation,51,0.007371007371007371,1.0736350669312807e-06,0.006207797353736524,9.510340250486684e-05,4
normalise,105,0.015175603410897529,7.145157728353919e-06,0.01089088143237806,0.00014096636048860172,8
normalising,28,0.004046827576239341,7.02352278787952e-08,0.004234547551377462,5.7589352622969825e-05,3
normalization,93,0.013441248735366382,4.382961106114167e-06,0.009911890379635772,0.0001251744454258715,3
normalize,111,0.016042780748663103,3.616442528600503e-06,0.010108061637032187,0.00011698443603727121,5
normalized,47,0.0067928891458303225,1.2112373317298668e-06,0.005845164155944798,8.928387654771766e-05,4
normally,306,0.044226044226044224,7.756443870523301e-05,0.018661276217420357,0.00027445889575703224,5
north,125,0.01806619453678277,0.00011668696285130963,0.008444751455091696,0.00024310845380983134,9
northeast,48,0.006937418702124584,1.5415347583369138e-05,0.005175328769458093,9.987649009219345e-05,0
northshore,29,0.004191357132533603,5.944922165862764e-07,0.0023390130163225232,8.893605906021503e-05,9
northwest,22,0.003179650238473768,9.05711156002929e-09,0.0029069060131133796,5.49046704489253e-05,4
northwestern,48,0.006937418702124584,1.4141428199224699e-05,0.004700910565029886,9.638594586405916e-05,6
nos,28,0.004046827576239341,3.865421598472287e-07,0.0031706394325937827,7.657471065758884e-05,6
nose,217,0.031362913715854895,4.838631374655661e-05,0.015193693001397345,0.00021730372696037882,2
nosebleed,26,0.0037577684636508164,4.079734613426445e-08,0.003905117287919469,5.7993231858304974e-05,2
nostril,122,0.017632605867899987,8.315310837947268e-06,0.010989467183918435,0.0001385215783932626,2
not,2892,0.41797947680300623,0.025718841016528042,0.04890538059280846,0.0012287712009924293,0
notable,68,0.009828009828009828,2.5531664169157092e-06,0.008015018326871612,0.00010970968540476074,2
notably,42,0.006070241364359011,1.811380934622839e-07,0.005421924649962416,6.667633939546313e-05,4
note,746,0.10781904899551958,0.0006069292387897375,0.030877276029299402,0.0005029621850021374,2
noteworthy,26,0.0037577684636508164,8.517648378348905e-08,0.0037528263714813443,6.29337825762903e-05,2
notice,636,0.09192079780315074,0.0004882617996458242,0.026238641240840157,0.000422250116895213,0
noticeable,154,0.022257551669316374,4.4310900374235546e-06,0.012184490871841888,0.00013341257905707206,3
notion,70,0.010117068940598353,3.707592931245054e-06,0.007899125590523049,0.00011154324418918772,6
nourish,30,0.004335886688827865,1.4309299528891553e-07,0.004512975496828039,6.562248293110326e-05,4
nov,40,0.005781182251770487,1.7868584267608846e-07,0.00472622927614154,6.262831112361524e-05,3
nov;165(5):675,21,0.0030351206821795057,7.832738301418811e-07,0.001690483078041499,7.290194438524421e-05,8
november,40,0.005781182251770487,5.168139724593805e-07,0.004571702637253645,6.637981880414483e-05,0
novo,24,0.003468709351062292,2.5835612328832875e-07,0.00310559541219942,6.871138872460055e-05,3
nowadays,100,0.014452955629426218,3.180802700703278e-06,0.01091442818051167,0.00012377294912943436,0
noyes,23,0.00332417979476803,4.5562449253878637e-07,0.0014207285137779345,8.821117891781874e-05,9
nuance,85,0.012285012285012284,2.5677461374232924e-06,0.009646950624469422,0.00011301237129411727,0
nuanced,87,0.012574071397600809,2.051437284530965e-06,0.009160222349137936,0.00010801556453597496,0
number,724,0.10463939875704581,0.0005170571138200799,0.030349791215385627,0.0004818776795814321,0
numerical,51,0.007371007371007371,1.6725902835186634e-06,0.005999439555009238,9.298720661917101e-05,3
numerous,152,0.02196849255672785,1.2395331064723286e-05,0.01288731619070343,0.00015835065781572187,3
nurse,90,0.013007660066483595,1.081595996076971e-05,0.008792156995061444,0.00013222162060422225,4
nursing,21,0.0030351206821795057,3.5615767323912924e-08,0.0024212980375636684,5.400655407846105e-05,5
nurture,30,0.004335886688827865,1.0283020748714151e-07,0.004574108923174528,7.146200965694635e-05,4
nut,73,0.010550657609481139,3.5270629275634984e-05,0.006631100480844211,0.00013725832365459124,7
nutrient,261,0.03772221419280243,5.125647764792745e-05,0.01840389857648181,0.00024230384413317704,7
nutrition,359,0.051886110709640124,0.00010913871796374837,0.02282640458522291,0.00031511188286569025,4
nutritional,149,0.021534903887845066,3.113369221905487e-05,0.011820521349759328,0.00018425560578908744,5
nutritionist,63,0.009105362046538517,1.633110250969717e-06,0.006997005846872855,8.988074564849031e-05,0
nutshell,29,0.004191357132533603,2.2564820986196135e-08,0.004445938390643608,5.8108147129952366e-05,0
oat,30,0.004335886688827865,6.77331809503809e-06,0.002649667809922714,8.862228719979944e-05,7
obe,27,0.003902298019945079,4.7052763833244675e-07,0.002440259646417626,8.27527418687591e-05,8
obese,272,0.03931203931203931,2.673617638321983e-05,0.016936674821769773,0.00021480273904464844,5
obesity,751,0.1085416967769909,0.001181336557476876,0.026051572721552754,0.0005030507740006435,5
obgyn,25,0.0036132389073565544,9.573868597853439e-08,0.003660374764145718,6.244932068541695e-05,0
objective,130,0.018788842318254083,1.3489716958759765e-05,0.013158116169649573,0.00016730617335064275,4
objectively,50,0.007226477814713109,2.47438308671847e-06,0.0063799592244476976,9.008977486572837e-05,0
obligate,47,0.0067928891458303225,1.3466990793911942e-06,0.00585863368245817,7.653216907584815e-05,0
obscene,28,0.004046827576239341,5.871372351222278e-08,0.003792552724126828,5.911074528161295e-05,0
observation,50,0.007226477814713109,2.0665123751819708e-06,0.006642724677674875,8.516574439001006e-05,0
observational,117,0.016909958086428676,1.4142578835477912e-05,0.010159238179119422,0.00015013021008633695,6
observe,136,0.019656019656019656,1.501275978195236e-05,0.012662662454840413,0.00016716947942850191,2
observed,54,0.007804596039890158,1.8664820920660056e-06,0.006659378743440506,8.593171576040888e-05,2
obstruction,51,0.007371007371007371,6.220708483534258e-07,0.005833499192342814,8.325258004712021e-05,5
obstructive,337,0.048706460471166356,9.691782074884972e-05,0.019216500962483143,0.0002789948813533928,5
obtain,377,0.05448764272293684,0.0001224181427663513,0.021997785330437267,0.00030413441806064704,4
obvious,106,0.01532013296719179,6.184975104029988e-06,0.009773675211077481,0.00011851262682103616,3
obviously,233,0.03367538661656309,3.34090852840537e-05,0.017155038285178045,0.00022261738153361946,0
oby.21092,29,0.004191357132533603,4.600376956570065e-06,0.002035611753703321,9.827303082321277e-05,8
occasion,130,0.018788842318254083,4.0982451771195704e-06,0.011570577902603808,0.00013701579822285269,4
occasionally,133,0.01922243098713687,4.8776252543679655e-05,0.01130115942226017,0.00016904677148542031,7
occlusive,27,0.003902298019945079,2.364718117637996e-07,0.0038631832922642185,6.861204140092623e-05,2
occult,23,0.00332417979476803,3.986004386231494e-07,0.002112973601818996,8.091529897364445e-05,10
occur,820,0.11851423616129499,0.0008937264279054294,0.029576900434194586,0.0005263166794830678,5
occurrence,98,0.014163896516837693,1.2678755190897585e-05,0.00970380499827374,0.00013787305303112262,2
ocean,29,0.004191357132533603,4.188905685555845e-08,0.004304882393486551,6.184272768927331e-05,0
ochsner,180,0.02601532013296719,3.69064861689528e-05,0.012766951713079771,0.00020296442373095357,4
oct,29,0.004191357132533603,2.826444395697477e-07,0.0029113473550629403,6.195731535846401e-05,9
october,41,0.005925711808064749,3.8296513235389235e-06,0.0035676706898335564,8.810464984959105e-05,8
odd,75,0.010839716722069664,5.277543426297076e-06,0.008251946526431915,0.00011241905468620654,6
oestradiol,396,0.057233704292527825,0.00013529364984863962,0.022942078556256403,0.00034494980654575607,5
oestrodiol,26,0.0037577684636508164,5.678879242826854e-08,0.003952946921344316,5.958786284860246e-05,5
oestrogen,458,0.06619453678277208,0.00016328559287718907,0.023763203391165503,0.00035127547566572644,5
offer,1004,0.14510767451943923,0.001123546456311531,0.03639087841457953,0.0005897536263237379,4
offering,28,0.004046827576239341,4.826909550745582e-08,0.004000827332018827,5.771489074676046e-05,0
office,397,0.05737823384882208,0.00029401334546151316,0.02269058786984159,0.0003485546290097677,0
officer,40,0.005781182251770487,1.7326209162569402e-07,0.005030956225658677,7.551474698670075e-05,0
official,76,0.010984246278363925,6.76171946786742e-07,0.008898743667284131,9.811480467296001e-05,4
officially,77,0.011128775834658187,7.107916347663898e-06,0.00784497330030694,0.0001095875991011752,6
offset,44,0.006359300476947536,2.1027505359495703e-06,0.005019981258656597,8.099974111972062e-05,0
offspre,29,0.004191357132533603,7.915275584930705e-08,0.003928023768985705,6.830847683808436e-05,3
oftentime,154,0.022257551669316374,6.898395947842416e-06,0.01439309524200834,0.00016087201381561914,0
ohio,84,0.012140482728718023,2.7086421523979876e-05,0.007514205630898445,0.00012823089238229757,0
oil,290,0.04191357132533603,0.00027803156336730044,0.017271509125873517,0.0003163903720831559,2
oily,150,0.021679433444139327,1.3589826743402868e-05,0.011783216024576038,0.00015335947596101904,5
okay,246,0.0355542708483885,8.256499492702831e-05,0.016987843426976734,0.0002393856840330247,0
oklahoma,26,0.0037577684636508164,6.199911959127354e-07,0.002641532229090848,7.891914932062739e-05,9
old,1126,0.1627402803873392,0.0017017027319968729,0.031845731668502276,0.0006352049319422108,3
"old.6,14,15",23,0.00332417979476803,4.6730466299087034e-08,0.003450843155769077,5.255574249993289e-05,3
oligospermia,62,0.008960832490244255,1.3193327735229029e-06,0.006470434928334791,9.409443467336087e-05,5
olive,73,0.010550657609481139,4.466506939618419e-05,0.006072143829292034,0.00013873789553779604,7
olympic,23,0.00332417979476803,2.0992187612309315e-08,0.003477650744708252,5.310562618245741e-05,0
omega-3,70,0.010117068940598353,4.4719682636881595e-06,0.007924029804959874,0.00010911011070246464,7
omeprazole,26,0.0037577684636508164,4.361500880293459e-07,0.0032881439363668806,6.173785625728464e-05,0
omit,26,0.0037577684636508164,8.51458272694188e-08,0.0038953285873357954,5.995846841363879e-05,2
onboarde,26,0.0037577684636508164,9.351212970240162e-08,0.0038931415405706357,5.771636492545852e-05,4
oncology,24,0.003468709351062292,1.4785812420794616e-07,0.00294029448270468,6.2317175161765e-05,5
onecare,26,0.0037577684636508164,1.0968740066155583e-06,0.00321138955621681,7.248961021453553e-05,8
ong,30,0.004335886688827865,1.1983508468348376e-05,0.0017549904380705498,0.00010755999645482198,8
ongoing,490,0.07081948258418846,0.0001638228710261962,0.02721106012984905,0.0003580477607475995,4
onion,116,0.01676542853013441,3.9297964708832356e-05,0.00890059633453649,0.0001725259920184937,7
online,927,0.13397889868478105,0.0037710349513231925,0.03321820029735488,0.000821014336071871,4
onset,396,0.057233704292527825,0.000314058724534237,0.01821967265273665,0.00032578244787927224,3
ontario,19,0.0027460615695909813,1.1261725363557359e-06,0.0018239228636794792,6.624648177313285e-05,6
ontreatment,28,0.004046827576239341,1.3866943103118533e-07,0.004127105848687064,5.9146419986570375e-05,4
oomph,26,0.0037577684636508164,1.0467920205623012e-07,0.0038112501818675024,6.438950724165239e-05,4
open,318,0.04596039890157537,0.00010681887552204516,0.019856378068725682,0.0002878367539247527,0
opening,48,0.006937418702124584,2.2000046500430837e-06,0.005419045464461017,9.228102785640426e-05,2
openly,43,0.006214770920653274,5.388175435715044e-07,0.005736308338938,7.837419394526669e-05,0
operate,106,0.01532013296719179,1.5461746651303783e-05,0.010079594285611298,0.0001472275982536142,9
operator,23,0.00332417979476803,4.292627078926893e-08,0.0031365834534768174,6.226156162067731e-05,4
ophthalmology,27,0.003902298019945079,6.904109904259723e-08,0.003722058502656027,6.651357737152531e-05,4
opiate,61,0.008816302933949994,1.0831306144040423e-06,0.006385472006438368,8.961443402730857e-05,5
opin,72,0.010406128053186877,1.8984904795202845e-05,0.005477505715408546,0.00016166186343287374,8
opinion,322,0.04653851712675242,9.403238885925468e-05,0.019448393613626772,0.0002663552178484255,0
opioid,262,0.03786674374909669,5.443696174788251e-05,0.017642865217609494,0.00025463303165576903,5
opportunity,249,0.035987859517271285,2.554456443375218e-05,0.019476820931790487,0.00021896534434001936,0
oppose,97,0.014019366960543431,3.1611917832455157e-06,0.01030072380496036,0.00012405016539912585,0
opposite,176,0.025437201907790145,3.39686361198383e-05,0.013728712338409306,0.00020356081616273162,0
opt,163,0.023558317675964734,1.7298734577123677e-05,0.013952332494433771,0.00016658792430687986,4
optimal,649,0.09379968203497616,0.00027955250777124765,0.030712210418331963,0.00042728285537433475,4
optimally,52,0.007515536927301633,1.2705363952463898e-06,0.005954640164635458,9.075514035151152e-05,4
optimisation,94,0.013585778291660645,9.76831664272093e-06,0.009098286725698783,0.0001193608011745758,4
optimise,215,0.03107385460326637,1.1098135475288825e-05,0.01746312489791799,0.0001833153972363086,4
optimistic,27,0.003902298019945079,1.9295081254221624e-08,0.003943944319246286,5.522278056163911e-05,0
optimization,139,0.020089608324902444,1.109707706556394e-05,0.012348250450685726,0.0001649778237592148,4
optimize,429,0.06200317965023847,9.13045673285602e-05,0.024762903408576765,0.00030667882063131,4
option,1322,0.1910680734210146,0.0024531045696461378,0.037841279173783555,0.0006832599632347124,2
optional,28,0.004046827576239341,1.743356060771806e-08,0.004145878347058026,5.575129417597675e-05,4
or=0.89,26,0.0037577684636508164,1.8905292417357503e-07,0.0033997486713714196,6.811491690885072e-05,6
or=1.54,24,0.003468709351062292,1.526994502911836e-07,0.0031366184355841073,6.187213100089844e-05,6
or=2.06,23,0.00332417979476803,1.624306598880484e-07,0.0032872275511700863,6.046732645861595e-05,6
oral,624,0.0901864431276196,0.000567439135885937,0.026683943021788527,0.00044852715307595414,2
orally,71,0.010261598496892614,1.0638654807620296e-06,0.008537402840171057,0.00010092784970013105,2
oraverse,27,0.003902298019945079,1.128628434578309e-07,0.004145283706812693,6.183094848733218e-05,2
orchard,21,0.0030351206821795057,7.294854762892854e-08,0.002757599631919305,5.676383070885996e-05,6
orchiectomy,69,0.009972539384304091,9.514776064587951e-06,0.00665796590188433,0.00011525892561583539,5
orchitis,67,0.009683480271715566,3.1645263631609587e-06,0.006547596670379848,0.00011257869261302077,5
order,597,0.08628414510767451,0.0003457879049521293,0.02481718912643092,0.0003730171395750565,4
ordering,66,0.009538950715421303,3.586189996743836e-07,0.007626730991957771,8.724218195576423e-05,4
oregon,27,0.003902298019945079,1.1354377014946275e-07,0.003909701794493979,6.262291535981026e-05,4
organ,398,0.05752276340511635,0.00011713559256287505,0.02036444635283833,0.00029904133164125666,5
organic,53,0.007660066483595895,4.451905795178873e-06,0.005876385770575047,9.764708087492005e-05,5
organisation,16,0.002312472900708195,9.857495077218251e-08,0.001963870523599192,5.70021579729431e-05,4
organise,84,0.012140482728718023,1.8554863958999367e-06,0.009557813804830333,0.00011366784688788543,4
organization,95,0.013730307847954907,5.0452171608565944e-05,0.007812568306264436,0.00015544611060266562,8
organize,27,0.003902298019945079,5.6155550028844085e-08,0.0036894110899397276,6.921498792896564e-05,6
orgasm,108,0.015609192079780315,1.5389894411529162e-05,0.008917349745662202,0.00013935169726790773,3
origin,54,0.007804596039890158,3.580306575396747e-07,0.0064459967236143575,8.52878163871907e-05,5
original,162,0.023413788119670473,3.055303719193271e-05,0.013169595484410268,0.00018878921882877321,0
originally,156,0.0225466107819049,1.9983835541922687e-05,0.010958518170272576,0.00015924320279168692,0
originating,24,0.003468709351062292,2.508344899390808e-07,0.0028395977269479833,6.308905943403555e-05,6
orthinne,25,0.0036132389073565544,7.163580392931653e-09,0.003426027383635504,5.0165941336950356e-05,5
orthopaedic,43,0.006214770920653274,3.2926917498500364e-06,0.004225276588099735,9.312244050174579e-05,5
orthopedic,25,0.0036132389073565544,7.4432282357427505e-09,0.004120270148045663,5.2829985489824435e-05,3
osa,49,0.0070819482584188465,4.7141097060320804e-07,0.006016948415590085,7.777366825544981e-05,5
osinubi,30,0.004335886688827865,1.1365812699970446e-06,0.0033087583086218136,7.775866062750101e-05,8
osteopenia,53,0.007660066483595895,1.527486465697193e-06,0.005692591288987233,0.00010189762406093131,5
osteoporosis,411,0.05940164763694175,0.00012370408016234067,0.0204514936377803,0.0002929368975954406,3
osterberg,24,0.003468709351062292,3.698911757598904e-08,0.0036761069277950666,5.08050338608437e-05,2
otc,30,0.004335886688827865,2.0273878656466829e-07,0.0029100106723795043,7.975013567032171e-05,1
otolaryngology,24,0.003468709351062292,5.648172203647576e-07,0.0027240473168307897,6.587864373465515e-05,5
outburst,25,0.0036132389073565544,1.2300225236849938e-08,0.0038380715220292056,5.476171665155475e-05,5
outcome,564,0.08151466974996387,0.00044047647689434723,0.028936687403765208,0.0004478117518054861,6
outer,65,0.009394421159127041,1.4331702058770149e-06,0.007573244653412049,9.8257170781631e-05,2
outlandish,24,0.003468709351062292,1.624746962020047e-08,0.0036031178485925216,5.311969774954985e-05,4
outline,129,0.01864431276195982,1.2403499808174446e-05,0.011282733060773084,0.0001456249339328945,4
outlook,72,0.010406128053186877,1.728984269695286e-06,0.007774408554400803,9.478720045249e-05,5
outnumber,29,0.004191357132533603,1.057675317752063e-07,0.004152519715813297,6.372361674994517e-05,0
outpace,27,0.003902298019945079,2.0591405762671975e-08,0.004152202657087996,5.818134604208933e-05,4
outpatient,78,0.01127330539095245,9.626382703405015e-06,0.0081269661887614,0.00012823076386113863,2
output,72,0.010406128053186877,1.2294763636038173e-06,0.007749989077318558,9.7565978586752e-05,3
outside,367,0.053042347159994216,0.00017663721098568804,0.022575328858825235,0.00031232932016633525,0
outweigh,195,0.028183263477381124,1.98987695408643e-05,0.014433119878465624,0.00018952166720732216,0
ovarian,147,0.02124584477525654,2.008073330741219e-05,0.010686918227281336,0.0001602843205615652,5
ovary,345,0.04986269692152045,9.147545831948076e-05,0.016968439746615233,0.00025293327453792516,5
overactive,26,0.0037577684636508164,2.6513650890280596e-08,0.0032861181125788145,5.0948850558795556e-05,5
overall,1160,0.16765428530134413,0.0015265910811328104,0.038058070625348425,0.0006544175503393385,4
overcome,73,0.010550657609481139,4.388647853363748e-06,0.007991800948149597,0.0001089166570390228,2
overdiagnosing,26,0.0037577684636508164,2.9084443390327655e-08,0.0036651341073862297,5.1051790777804854e-05,4
overdraw,29,0.004191357132533603,1.3462517566605937e-08,0.004520643860250229,5.551727454926333e-05,4
overeating,46,0.00664835958953606,1.2244639622891435e-07,0.005917582094362156,6.993624744800867e-05,5
overestimate,24,0.003468709351062292,2.965559407984646e-08,0.0035596644958892946,5.8428292702512364e-05,3
overlap,73,0.010550657609481139,1.148169216476384e-06,0.00810987438005372,9.747616872512381e-05,3
overlapping,25,0.0036132389073565544,1.0073069145493523e-08,0.0037910591920100596,5.390691626421356e-05,4
overload,53,0.007660066483595895,6.234216024116858e-07,0.005828500141448167,8.448178319986153e-05,5
overlook,79,0.011417834947246712,9.484217831580737e-07,0.008321722095582637,9.74596304992493e-05,3
overnight,30,0.004335886688827865,5.873393408925577e-08,0.004600313455304496,5.714506915241686e-05,3
overproduce,47,0.0067928891458303225,3.12800013655012e-07,0.005924985531428988,7.52957269348328e-05,5
overproduction,75,0.010839716722069664,1.4806916557763334e-06,0.007613729217906202,0.00010055049956281881,5
override,52,0.007515536927301633,2.4168372022839484e-07,0.006421944585676987,7.767850105902538e-05,5
oversee,26,0.0037577684636508164,9.307546319301151e-08,0.0035867540649639346,5.720699449237805e-05,4
oversight,79,0.011417834947246712,2.9133330235425e-06,0.008779777560070146,0.00011370781595921757,4
overstate,27,0.003902298019945079,5.6222052781627335e-08,0.004203019729230921,6.098171372932822e-05,0
overtax,26,0.0037577684636508164,1.8147361297507772e-07,0.003594002601502992,6.385218655411081e-05,4
overtrain,28,0.004046827576239341,8.787672714913733e-09,0.00419924143230166,5.6403683520973676e-05,7
overtraine,27,0.003902298019945079,5.33236780355449e-09,0.0036789458610659346,5.1454353111580346e-05,5
overtreat,28,0.004046827576239341,1.8258814098136115e-07,0.003793406287497345,6.014898062768808e-05,0
overuse,27,0.003902298019945079,1.2555143675278793e-08,0.004339216235116173,5.6894029147360674e-05,2
overview,221,0.03194103194103194,8.71690817983063e-05,0.01564997519670925,0.00022671976556984746,4
overweight,325,0.04697210579563521,3.372866383566643e-05,0.01879427654060931,0.0002278051629744998,5
overwhelmed,21,0.0030351206821795057,1.5163870096225564e-08,0.003272138710705352,5.1681832754371546e-05,0
overwhelming,96,0.013874837404249168,3.898260662663946e-06,0.010243992929536894,0.0001277072494755961,3
overwhelmingly,22,0.003179650238473768,5.960779860540292e-08,0.003421957677262317,5.5396508140936564e-05,4
ovid,42,0.006070241364359011,1.1447616313336845e-06,0.004856326950312265,8.170864603935409e-05,4
ovulate,23,0.00332417979476803,8.60995303730338e-09,0.003474580606135052,4.884529811605133e-05,0
ovulation,64,0.00924989160283278,9.032558854784733e-07,0.006486765026975995,9.147849835405627e-05,5
oxandrolone,28,0.004046827576239341,1.1491484832824328e-07,0.0044020409297142425,6.24617002532252e-05,2
oxf,30,0.004335886688827865,3.557558670633885e-07,0.003254889512423289,7.107730973664072e-05,5
oxford,27,0.003902298019945079,1.7925772297902482e-07,0.004030999022905096,6.320327776919886e-05,3
oxidative,45,0.006503830033241798,5.609954392738467e-07,0.005014153065820534,8.550498801848552e-05,7
oxide,48,0.006937418702124584,9.240891640912754e-07,0.005167893010998075,8.910180693476553e-05,7
oxygen,166,0.023991906344847522,2.968218002891894e-05,0.01293364520611509,0.0001844055805789006,3
oxytocin,24,0.003468709351062292,1.0102982409043439e-08,0.0036855268713181072,5.191855713887894e-05,2
oyetewa,28,0.004046827576239341,8.081884484498495e-08,0.00398461760852785,5.895158667975249e-05,4
oyster,99,0.014308426073131956,2.8709186192303016e-05,0.008516869314273898,0.00015662016218524318,7
o’leary,30,0.004335886688827865,8.100019257134402e-07,0.0024084932091015827,9.838625447786343e-05,8
p.100426,28,0.004046827576239341,1.165118274190485e-06,0.003195375392857329,7.734720852735839e-05,8
p.1184530,29,0.004191357132533603,7.915286951011769e-07,0.0019609640644960014,0.00010886858750339503,8
p.1512268,30,0.004335886688827865,1.3062155344940774e-06,0.002593690046628712,9.208377908806346e-05,8
p.8217,27,0.003902298019945079,8.219667508772736e-07,0.0029210555810524484,8.3662137008793e-05,8
p.98,29,0.004191357132533603,1.7546076803780016e-06,0.002978000732505859,8.997995654578198e-05,8
p.e0162480,27,0.003902298019945079,8.12615924883513e-07,0.0026166776476932653,8.079077166230352e-05,8
p<0.0001,24,0.003468709351062292,6.30223467808398e-08,0.0034310022932511554,5.5731863863404596e-05,6
p<0.01,33,0.0047694753577106515,2.0977962571051342e-07,0.0038283010860035516,7.143278063826814e-05,6
p=0.02,28,0.004046827576239341,1.427675863310705e-07,0.0038867335435411915,6.795081589351141e-05,6
p=0.03).220,28,0.004046827576239341,1.20399697052171e-07,0.003819986357410594,6.51576639647837e-05,6
pace,75,0.010839716722069664,5.765577786126845e-06,0.008607715429779396,0.00011403372069482355,0
pacific,21,0.0030351206821795057,4.225133637290989e-09,0.002743484912912746,5.347776568498401e-05,4
pack,78,0.01127330539095245,1.9208455632274887e-05,0.006668611355306202,0.0001388389723587345,2
package,76,0.010984246278363925,4.095007552930174e-06,0.008050989230227129,0.00011366410496930751,4
packaging,30,0.004335886688827865,1.4715929968431067e-07,0.003976704708919429,6.230832444667387e-05,3
page,116,0.01676542853013441,1.3984467527148505e-05,0.009858549894237288,0.0001337351828569741,4
pahor,83,0.011995953172423761,1.4709620477244402e-06,0.009126013506487481,0.00011215249937433472,3
pain,467,0.06749530278942044,0.00034396870764703385,0.023848593188510483,0.00039926955571085044,2
pain.431,27,0.003902298019945079,5.649480349529916e-07,0.0038416537848185335,6.504006190196916e-05,2
painful,136,0.019656019656019656,2.2186629702123585e-05,0.012027011331974806,0.00016005238161477073,2
painkiller,27,0.003902298019945079,1.3753030028631076e-08,0.0035540788741334943,5.401857395897731e-05,5
painless,30,0.004335886688827865,6.003873978950054e-07,0.004103503290900726,7.215677745471328e-05,2
pairing,28,0.004046827576239341,3.601943087857091e-07,0.003392492539455567,8.130625494189353e-05,11
paladin,52,0.007515536927301633,8.956324829719848e-06,0.0037686431640292523,0.00013511125069683695,6
palatable,23,0.00332417979476803,9.754929031103138e-09,0.0037025574526247515,5.355739084618498e-05,2
palm,28,0.004046827576239341,5.124016992196696e-07,0.0027760951058214424,8.077862500125206e-05,6
palpable,21,0.0030351206821795057,2.6900011115693384e-08,0.0028619728874887842,5.0380379599226634e-05,5
palpitation,29,0.004191357132533603,6.3872142439508e-07,0.0036759017867161905,6.33472363352323e-05,3
pan,55,0.00794912559618442,1.1214098544503803e-05,0.005241395202396184,0.0001260823749130235,7
panacea,41,0.005925711808064749,2.0159741140540417e-07,0.005280106056153655,6.63368760514168e-05,0
panchatsharam,30,0.004335886688827865,1.2041075041273223e-06,0.0028839151446902736,9.694679799324345e-05,8
pancreatic,22,0.003179650238473768,1.6896741563004916e-07,0.0027258577354584085,6.164825657350318e-05,5
pandemic,114,0.016476369417545888,8.80489797704359e-06,0.01052906438267222,0.00015336297472047248,6
panel,574,0.08295996531290649,0.0007389508595407375,0.026948824457800762,0.00043004662536009087,4
panhypopituitarism,28,0.004046827576239341,2.69599685078116e-07,0.0031245958126235093,7.08928012402323e-05,5
panic,45,0.006503830033241798,1.265631615025786e-06,0.005788602298985865,7.523357723058609e-05,5
papanikolaou,30,0.004335886688827865,1.3038738301436837e-06,0.003202106554117326,8.555808149694278e-05,8
paper,290,0.04191357132533603,0.00011478321936604722,0.01854472642453496,0.0002832201004860728,6
par,28,0.004046827576239341,1.7680261493709987e-07,0.00364603913835459,7.353835211376116e-05,7
paradi,30,0.004335886688827865,1.1705181815452248e-06,0.0027128180212567356,9.637262855240715e-05,8
paralimbic,25,0.0036132389073565544,4.3488497376215053e-07,0.003426270821030801,6.366873148484744e-05,5
parallel,66,0.009538950715421303,1.8351988365841394e-06,0.007426482531756393,9.663518519655908e-05,0
parameter,160,0.02312472900708195,1.8118064073073207e-05,0.0138151724655886,0.00016709139101362408,4
parasympathetic,78,0.01127330539095245,9.295476241255311e-06,0.008101530945117478,0.00014116758116410066,3
parathyroid,27,0.003902298019945079,4.270425127486166e-08,0.0032817242025151272,5.640304818118713e-05,5
parede,30,0.004335886688827865,9.798877371942357e-07,0.0028845079258636623,9.464729402448605e-05,8
parent,126,0.018210724093077033,1.5905483140827006e-05,0.011721300353646156,0.00016116025327590013,0
parish,29,0.004191357132533603,6.237365164065644e-07,0.002393724438753086,8.91542160082394e-05,9
park,29,0.004191357132533603,1.2773361475745535e-07,0.003807096488418679,7.592993651248419e-05,0
parking,122,0.017632605867899987,1.2289967181605531e-05,0.010458352272037959,0.00014230451937968664,0
parkview,18,0.0026015320132967193,4.21185388906398e-07,0.0023111727045869402,4.9479293896404505e-05,9
parse,28,0.004046827576239341,1.6035554722737485e-08,0.004613544503104722,5.582229119217689e-05,0
partial,51,0.007371007371007371,1.360982646044822e-06,0.005838518036427923,8.084394609826168e-05,5
partially,24,0.003468709351062292,1.197612675850423e-08,0.003950132503232964,5.6931088544366176e-05,2
participant,121,0.017488076311605722,9.552502908065336e-06,0.010616096857471188,0.00014260324655446818,3
participate,116,0.01676542853013441,9.628314493166232e-05,0.009846336025693975,0.0001749798640636179,6
particle,20,0.0028905911258852437,1.9792985032120938e-08,0.0026934875009471974,5.3673342886167985e-05,5
particular,384,0.05549934961699667,0.00020178396412652265,0.023287556451385714,0.00033693300076153735,1
particularly,559,0.08079202196849256,0.000248814930926681,0.027633975237876553,0.00038679770706446875,7
partly,50,0.007226477814713109,1.040686821619159e-06,0.005856550686878864,8.516308762276748e-05,3
partner,457,0.06605000722647782,0.00024655419359620733,0.024976348933110702,0.0003659005404161862,4
partnership,99,0.014308426073131956,3.755010933632255e-06,0.010883567712805171,0.00012635566107878417,4
party,90,0.013007660066483595,2.6426569726498696e-05,0.008587263852433318,0.00015086511969551888,4
pas,25,0.0036132389073565544,2.97724420948377e-08,0.003563542244416616,5.480209833860997e-05,4
pass,274,0.039601098424627834,8.32487760045185e-05,0.019568521988499833,0.0002668221941330238,2
passion,49,0.0070819482584188465,9.189048338197247e-07,0.005894959347895098,7.578673093737707e-05,4
passionate,28,0.004046827576239341,5.538984669121368e-07,0.0039531763993068065,6.902468345681695e-05,4
passive,28,0.004046827576239341,5.996194459481102e-08,0.004090543733018523,6.069700478370122e-05,0
past,404,0.05838994074288192,9.415207974872182e-05,0.023289137601719603,0.00029714253011261745,0
pasta,28,0.004046827576239341,2.376173583804764e-07,0.0033816066268728363,7.28546826602165e-05,7
pastry,41,0.005925711808064749,1.0056867572012555e-06,0.004421132716196321,8.893771193020909e-05,7
pastuszak,182,0.026304379245555717,1.475915023002409e-05,0.01432958825638158,0.00016827460794009287,0
pat,28,0.004046827576239341,2.6509161543032443e-07,0.0037544780591502232,6.055241510874889e-05,0
patch,572,0.08267090620031796,0.00035230241452473277,0.025122423742234657,0.00040403209827831894,2
patches.182,25,0.0036132389073565544,2.5987983351744004e-07,0.0037161183400612283,5.865101945609016e-05,2
patel,53,0.007660066483595895,4.0553199005503675e-05,0.0025634244561823583,0.0001665097507600245,6
paternal,53,0.007660066483595895,2.37003757601827e-06,0.005583513795168974,9.569690732418161e-05,3
path,134,0.019366960543431132,1.1552206536702356e-05,0.01186279523455508,0.00014690335590061734,3
pathogenesis,30,0.004335886688827865,1.155212932354456e-06,0.0024978110299062003,0.00010295630843907214,8
pathologist,28,0.004046827576239341,1.6436864887294313e-07,0.003752737548869039,7.00460625107974e-05,4
pathology,166,0.023991906344847522,5.213902275665563e-05,0.01228870751244533,0.00017577333721873907,5
pathophysiological,52,0.007515536927301633,8.207592999314153e-07,0.006670400159059165,8.38698303759065e-05,5
pathophysiology,25,0.0036132389073565544,5.534930305720707e-07,0.003122643461190256,7.259188576244563e-05,8
pathway,203,0.029339499927735224,3.843398583606866e-05,0.015270353107954625,0.00020886378796074805,3
patience,123,0.01777713542419425,1.3569322956500137e-05,0.01223889816934753,0.0001605969609136696,4
patient,2300,0.332417979476803,0.014048408094861763,0.04838690808767197,0.0011162803761919373,4
patients.181,24,0.003468709351062292,1.0772087518546374e-07,0.003713449970824769,6.293012180443422e-05,2
patrick,27,0.003902298019945079,1.722271531995056e-08,0.003925089612640006,6.3940711392675e-05,6
pattern,470,0.06792889145830322,0.0002486588915905067,0.024061093544941747,0.0003889004738695833,5
pause,50,0.007226477814713109,2.3591392566995223e-06,0.0057513997104762064,9.389730749025137e-05,3
pay,283,0.0409018644312762,7.132765005008795e-05,0.018464260908102187,0.0002610105770705872,0
pcm,26,0.0037577684636508164,9.94346030203315e-08,0.00383207494470255,5.997179623018171e-05,4
pcos,90,0.013007660066483595,1.912735856827469e-06,0.007816363627629016,0.00010224789154724415,5
pcp,92,0.01329671917907212,5.669021848522085e-06,0.008685519078498216,0.00011819292014089208,0
pcv,18,0.0026015320132967193,2.984938985817152e-08,0.002640529909813296,5.191112058414103e-05,2
pde5,145,0.020956785662668016,4.84949528390958e-05,0.011616108149718363,0.00020156862812615583,6
pdf,75,0.010839716722069664,6.927302738722489e-05,0.005752539236867088,0.00012874157315479335,8
peace,28,0.004046827576239341,3.338404384640829e-08,0.0040422330611004885,5.723131878288108e-05,3
peak,538,0.07775690128631305,0.0002832651700974818,0.026714532160542006,0.0004131636827498632,2
pearlman,88,0.012718600953895072,4.13587655411733e-06,0.008076026856673585,0.00011870142426128927,3
ped,30,0.004335886688827865,5.272736209646157e-08,0.004439380496220003,6.30614233552025e-05,3
pediatric,105,0.015175603410897529,4.166933615911124e-05,0.006965937200822179,0.00019471755403232787,8
pediatrician,28,0.004046827576239341,2.6647983939569003e-08,0.003870730878451391,5.6665504667865685e-05,3
pee,28,0.004046827576239341,2.804164858123866e-08,0.00375272294564638,5.9537313391654e-05,5
peel,26,0.0037577684636508164,6.855525698292705e-08,0.003651745166512948,5.911765014509168e-05,2
peer,40,0.005781182251770487,5.576902039788629e-07,0.0045918633784749145,7.80656619105339e-05,4
pellet,563,0.0813701401936696,0.00040269574673177354,0.02607207789575113,0.00042196394477180487,2
pelvis,25,0.0036132389073565544,2.601761154381172e-07,0.002503496889182826,7.188500494593687e-05,5
pen,22,0.003179650238473768,5.649266255290276e-08,0.003169703471411111,5.765226415315406e-05,2
pencina,54,0.007804596039890158,8.958638732936965e-06,0.0042091472336704214,0.0001258080543811139,8
penetrate,73,0.010550657609481139,3.603661705836141e-06,0.008196954211094011,0.00011775110245831494,2
penetration,70,0.010117068940598353,1.051403552905689e-05,0.007339331295911015,0.00012992511101701923,2
penile,311,0.044948692007515535,0.00023455932663019876,0.018187409150795156,0.00035477670223105787,2
penis,429,0.06200317965023847,0.00030502499143882555,0.020276161207014438,0.00036034445027487096,2
pennsylvania,87,0.012574071397600809,1.866034140942025e-05,0.007779149716385248,0.00014172400018900544,9
people,1237,0.1787830611360023,0.003062394458619218,0.03676651184937766,0.0007259501847800333,0
peptide,111,0.016042780748663103,1.0052487663692012e-05,0.009611984177286936,0.00013589576761218402,5
peptide-1,28,0.004046827576239341,3.006461411478693e-08,0.004116489741030725,6.09717720237401e-05,5
perceive,99,0.014308426073131956,1.1891903020379891e-05,0.009420980232972389,0.00014315042504376145,3
percent,460,0.0664835958953606,0.0001328713647187821,0.022180659685921342,0.0003265097015028204,3
percentage,284,0.041046393987570456,6.134612603173325e-05,0.019115250825933586,0.00024842411359396287,2
percentile,22,0.003179650238473768,5.353585324921841e-09,0.0036579237303993456,5.126400368484594e-05,4
perception,121,0.017488076311605722,1.2980260906827787e-05,0.011472936675192422,0.00015288048114184695,0
perelman,88,0.012718600953895072,1.4922212238483661e-05,0.007723464262460988,0.00013811775473143405,8
perfect,162,0.023413788119670473,1.722949462584055e-05,0.014020772069183032,0.00018387821491247324,0
perfectly,89,0.012863130510189334,3.90646072312585e-06,0.00974240747982997,0.00011485498602525031,0
perform,641,0.09264344558462205,0.00040271318583184423,0.0286799885196299,0.000430508347905568,4
performance,620,0.08960832490244255,0.0004380522799195998,0.028169117471747218,0.00045201037104716037,3
perimenopause,60,0.00867177337765573,1.0763032562146042e-06,0.006207096020709117,8.346625721074526e-05,3
period,569,0.08223731753143518,0.0003763576526355133,0.02691413714814485,0.00042553421116310743,6
periodic,127,0.018355253649371295,3.736813023073763e-06,0.011597315589748348,0.00012746330435539787,4
periodically,54,0.007804596039890158,2.795467661710332e-06,0.0068589924474156475,9.173257091602074e-05,4
peripheral,53,0.007660066483595895,1.1346826492383622e-06,0.00622139222381242,9.473613857164416e-05,6
permanent,142,0.020523196993785228,1.4082419779771306e-05,0.012558754073397405,0.0001622626600966007,5
permanently,64,0.00924989160283278,1.88434228995861e-06,0.006858360269382709,9.355428367494679e-05,0
permeator,25,0.0036132389073565544,2.2668892714543645e-08,0.00390529831000115,6.187344891798098e-05,2
permit,27,0.003902298019945079,2.2204453848957215e-07,0.0040472607805414305,6.404483765751144e-05,2
perpetual,29,0.004191357132533603,7.546761098259825e-07,0.004134015109061459,7.046892562552129e-05,4
perpetuate,29,0.004191357132533603,4.1184424730538e-07,0.003802101283842307,7.385445538810937e-05,7
perseverance,29,0.004191357132533603,2.0724045047517154e-08,0.0048164436582563775,5.608519460306255e-05,2
persist,49,0.0070819482584188465,2.8674062135995466e-07,0.005997028853521326,7.485617217148822e-05,5
persistent,205,0.029628559040323747,2.007975562438424e-05,0.016341038912178682,0.00020580185639452754,3
persistently,51,0.007371007371007371,4.914742557494775e-07,0.005862684832123272,7.964946628185782e-05,5
person,630,0.09105362046538518,0.00042964489074554104,0.028699236552830534,0.00041752404670195736,0
personal,486,0.07024136435901142,0.00039659453377742716,0.026423119102564892,0.00040103981282177485,4
personalise,84,0.012140482728718023,2.642023895713013e-06,0.009180481451104096,0.00010612128087932428,4
personalised,43,0.006214770920653274,6.808587218216624e-07,0.0057576143121460715,7.130909628643319e-05,4
personality,25,0.0036132389073565544,1.670754643035313e-08,0.003817241977734467,5.653961272338011e-05,5
personalize,198,0.028616852146263912,3.22610350515978e-05,0.014526887697258663,0.0001967399505605989,4
personalized,160,0.02312472900708195,9.811782945199804e-06,0.014431173741403205,0.00016697258641257514,4
personally,130,0.018788842318254083,7.19515932721279e-06,0.012082906597867357,0.00015320314893175446,4
perspective,227,0.03280820927879751,0.0001897207534034186,0.01602251131920205,0.00027683734391291924,7
perth,29,0.004191357132533603,1.4011007308408785e-07,0.0040333833804152555,6.354891437604594e-05,6
pertinent,29,0.004191357132533603,3.961208879896197e-08,0.004217872473596729,5.741453476639774e-05,5
pesticide,26,0.0037577684636508164,5.245492968523141e-07,0.003586900221426306,6.318480920251284e-05,5
pet,25,0.0036132389073565544,9.775813791315228e-09,0.004178847867293961,5.4299552843108874e-05,2
petar,191,0.027605145252204075,7.359744401049633e-05,0.013466480608918693,0.00022100803464977233,0
peter,78,0.01127330539095245,3.1874349839951896e-05,0.0061563921326794465,0.00015544514947757231,8
peterson,128,0.01849978320566556,1.0666985446068848e-05,0.011024523636191918,0.00015621771652998262,4
peyronie,125,0.01806619453678277,4.1901893919211546e-05,0.010167804772594028,0.00017739616639571803,2
pfizer,35,0.005058534470299176,4.961675695750689e-06,0.002598912135582288,0.00010899728694761374,6
pfs,39,0.005636652695476225,4.074016175047837e-07,0.004886386591108704,7.884146082711914e-05,5
pgc,24,0.003468709351062292,1.6532836859874495e-07,0.0036345085120505238,5.948570809045708e-05,4
ph.d,74,0.0106951871657754,1.5208860017175575e-06,0.007946494902592343,0.00010643834396929554,6
pharmaceutical,169,0.024425495013730307,2.835288949421669e-05,0.014709789150783806,0.00020268141989076,4
pharmacist,25,0.0036132389073565544,6.125208699360457e-08,0.003826516064246708,5.7205993295201684e-05,2
pharmacodynamic,94,0.013585778291660645,7.752644309047343e-06,0.009719185996820366,0.00014225181722172836,2
pharmacokinetic,284,0.041046393987570456,9.898712420201592e-05,0.020212912686950118,0.0003032752056807951,2
pharmacological,56,0.008093655152478682,4.560502449944974e-06,0.006038798108631177,0.00011068168677155706,8
pharmacology,26,0.0037577684636508164,9.428346235954489e-08,0.0041466609194844165,5.837492007216187e-05,0
pharmacother,51,0.007371007371007371,8.142027331341062e-06,0.004646036291033613,0.00012572275393130043,8
pharmacotherapy,26,0.0037577684636508164,4.001798217671305e-07,0.002715640150493652,7.633252021287778e-05,8
pharmacy,365,0.05275328804740569,0.0001559105417266799,0.02215566308818672,0.0003335649389876524,2
phase,108,0.015609192079780315,6.810006081415621e-06,0.011033252916510724,0.00012391579482700103,0
phd,178,0.025726261020378668,0.0004978824541957606,0.012292386109262213,0.0002931686489586806,8
phenomenon,96,0.013874837404249168,1.236048835575411e-05,0.009042711340085698,0.00012810054236895042,5
phenotypically,24,0.003468709351062292,8.728357024511306e-08,0.0026582974301682795,6.676211369692974e-05,5
phentolamine,28,0.004046827576239341,1.1758967175969232e-07,0.004239760639207762,6.325521056797425e-05,2
phenylpropionate,25,0.0036132389073565544,8.446905086048024e-07,0.0027128133286036006,7.214459872080024e-05,2
philadelphia,115,0.01662089897384015,3.310440972686901e-05,0.007059535148137523,0.00020572051174889614,8
philosophy,24,0.003468709351062292,9.878978190798511e-08,0.003769299083137186,5.404755120255615e-05,0
phimosis,29,0.004191357132533603,2.891316461877237e-07,0.003138803238255164,7.717420729391403e-05,1
phlebotomist,28,0.004046827576239341,4.466892334485163e-07,0.0037917466512487757,6.8772603814783e-05,2
phlebotomy,190,0.027460615695909813,3.290503013827665e-05,0.014501814575255052,0.00019520946925139656,4
phone,198,0.028616852146263912,4.583293090714734e-05,0.012876550210629816,0.00019597048393932759,4
phosphatase,26,0.0037577684636508164,1.1371325208671683e-06,0.0020168296934018415,8.567138382305285e-05,5
phosphodiesterase,66,0.009538950715421303,1.0575697774223605e-06,0.007247396252879728,9.007651877737309e-05,3
photo,59,0.008527243821361469,2.5398589756157836e-06,0.007274739017954426,0.0001062483456331169,4
photography,23,0.00332417979476803,4.754833935454668e-07,0.0022794971207665752,7.794763756473456e-05,0
phrase,48,0.006937418702124584,6.814884150665615e-07,0.006006224695128605,7.921814394740245e-05,3
physic,29,0.004191357132533603,3.055663116345623e-07,0.0035039547886219274,7.386087720253126e-05,6
physical,1203,0.1738690562219974,0.002167061246849201,0.03701996513192185,0.000676572617554424,3
physical/,29,0.004191357132533603,1.5091595568249878e-07,0.0038408164894916975,6.441164456486683e-05,3
physically,248,0.03584332996097702,3.676793532530851e-05,0.01825157508104836,0.00023372623878599333,3
physician,878,0.1268969504263622,0.0010758333813872224,0.03278159392776738,0.0005702443499334736,4
physicians,27,0.003902298019945079,6.557649270173036e-09,0.0039308471668707545,4.8822940935778675e-05,3
physiol,32,0.00462494580141639,4.749244207175195e-06,0.0015346213290140748,0.00012484907148603322,8
physiologic,153,0.022113022113022112,1.5362301181073672e-05,0.013549944865092789,0.00017580966931928863,2
physiological,522,0.07544442838560486,0.00034792447323638324,0.028193203080808676,0.0004315729767829335,8
physiologically,47,0.0067928891458303225,3.958277578495952e-07,0.005863906901603941,7.906451867923334e-05,0
physiology,397,0.05737823384882208,0.0004525078050494193,0.02283089935829356,0.0004349191804929648,8
physique,81,0.011706894059835236,2.4261192776393814e-06,0.008414016010771854,0.00011546372512411133,3
phytoestrogen,20,0.0028905911258852437,9.438410356165758e-08,0.0024720748257538003,5.278526544630386e-05,7
pick,116,0.01676542853013441,6.296485687278489e-06,0.011385235448252715,0.00013168592033776375,0
picture,339,0.04899551958375488,5.96128501436975e-05,0.020910491169904993,0.00025856111697434127,0
piece,87,0.012574071397600809,2.4148534770329945e-06,0.008819686243474536,0.00011033577126355497,4
piggyback,21,0.0030351206821795057,6.927933724975194e-07,0.0020013201763407953,7.417635957850566e-05,0
pile,26,0.0037577684636508164,5.818631371411799e-08,0.003854858619958957,6.145723450560728e-05,0
pill,552,0.07978031507443273,0.00016280787950647432,0.025512391586665177,0.0003460810392137691,2
pillar,51,0.007371007371007371,1.3419455593491953e-06,0.006401319592965224,9.19731891692311e-05,4
pilz,25,0.0036132389073565544,2.268024475268471e-07,0.0032288900969236582,6.058343995569832e-05,7
pin,24,0.003468709351062292,1.0563940592046239e-08,0.003488399853565364,5.257126832257741e-05,0
pinch,21,0.0030351206821795057,2.692594512100938e-07,0.0025497111200136835,6.32943648929427e-05,2
pine,47,0.0067928891458303225,3.398331956449143e-06,0.004447465141757321,0.00011236035284771928,8
pinpoint,61,0.008816302933949994,3.128402752496781e-07,0.00726534050394858,8.185966353582668e-05,4
pint,25,0.0036132389073565544,8.840575900911692e-09,0.004079643845684828,5.6679668105116915e-05,2
pittsburgh,45,0.006503830033241798,4.929442268243851e-06,0.004479924858439729,0.00010354209830259301,6
pituitary,843,0.12183841595606301,0.0009909839304379795,0.025047747567844336,0.0005232175014450105,5
pivotal,51,0.007371007371007371,1.2094558001476387e-06,0.005981151018596582,8.822057518459835e-05,3
pizza,24,0.003468709351062292,5.827844281503642e-07,0.002747049034983131,7.722835487473181e-05,0
pkg,27,0.003902298019945079,1.3066295773726924e-07,0.003433223641844585,6.283460893870507e-05,6
place,687,0.09929180517415812,0.0009488240118411159,0.03069539362258943,0.000534646473837018,2
placebo,398,0.05752276340511635,0.0001598432461976401,0.021543432949686532,0.0003371512608340353,6
placebo.29,24,0.003468709351062292,4.120158886681638e-08,0.003584430171245688,5.714362591362718e-05,2
placebo.53,23,0.00332417979476803,9.609725177015025e-09,0.0035607655703552834,4.8532322046502146e-05,6
placement,24,0.003468709351062292,8.042340857862445e-09,0.0039719778882890446,5.206554549820033e-05,2
placenta,46,0.00664835958953606,5.725367320879772e-07,0.005792572367747539,8.21052897770878e-05,5
plague,22,0.003179650238473768,1.6777716554173644e-07,0.0025287798012892456,6.437252447345421e-05,4
plan,786,0.11360023124729007,0.0006627297049014955,0.032019328475146096,0.0004837493255363402,4
plant,27,0.003902298019945079,4.235903482848828e-07,0.004019924537281077,5.540226696847101e-05,7
plaque,133,0.01922243098713687,2.169557600843838e-05,0.011184378012395947,0.00014962578050448197,3
plasma,163,0.023558317675964734,4.3947504669361515e-05,0.011996870636213177,0.0002051666954232111,3
plastic,77,0.011128775834658187,1.6244675983203457e-05,0.00700479218554892,0.00013839037114988845,2
plate,27,0.003902298019945079,4.083514078115424e-07,0.003317781433312899,7.062452218066127e-05,7
platelet,174,0.025148142795201618,6.223774026290034e-05,0.011966585446229283,0.00021482053452665542,3
platform,203,0.029339499927735224,2.344652664343444e-05,0.016831669282122527,0.00021579281886815294,0
platz,28,0.004046827576239341,2.941374334134444e-05,0.001500020609439671,0.00010526589175514071,8
play,689,0.09958086428674665,0.0005899623902618007,0.02727432965406161,0.0004495632287444647,3
player,60,0.00867177337765573,1.466369220358265e-06,0.006988265209977212,8.915309847240882e-05,0
playlist,23,0.00332417979476803,8.381358635482104e-08,0.0033447997926130146,6.410575499582544e-05,0
pleasant,28,0.004046827576239341,7.785369686508049e-08,0.003630526601714097,6.315546930001003e-05,5
pleasanton,38,0.005492123139181963,4.994045081813399e-06,0.0032280615369327365,6.738868225202025e-05,5
pleased,54,0.007804596039890158,1.161607399223634e-06,0.00705094109854721,8.763761075239248e-05,0
pleasure,141,0.020378667437490967,3.2540967073838236e-05,0.01145901673823778,0.00018178711464004617,0
plenty,221,0.03194103194103194,3.222531777547468e-05,0.01585306723484197,0.00020279732386423218,0
plethora,28,0.004046827576239341,3.070025320203265e-08,0.004067534889873359,5.7625568556091995e-05,0
plication,25,0.0036132389073565544,8.425134834288343e-07,0.002699174631987749,7.694160009306174e-05,2
plos,27,0.003902298019945079,7.718761127881186e-07,0.0025021997445396973,8.386995501710288e-05,8
plug,27,0.003902298019945079,4.786444091797596e-08,0.0039038034455050183,6.120114453857547e-05,0
plummet,50,0.007226477814713109,4.7271322933232937e-07,0.0061048179155273295,8.304614616403746e-05,3
plunge,20,0.0028905911258852437,5.569510676910497e-09,0.003111268665924357,4.713358435691733e-05,5
plunger,25,0.0036132389073565544,1.843601881370479e-07,0.003090109531647754,6.694031530837562e-05,2
plus,327,0.047261164908223734,6.103102361957089e-05,0.02126986413557422,0.00026280716851708705,4
pmc,67,0.009683480271715566,2.4885069810669716e-05,0.004394501402821761,0.00018016135552803206,8
pmc2645631,27,0.003902298019945079,4.042357635413953e-07,0.002671319654748388,7.299502923087506e-05,8
pmc3073592,14,0.0020234137881196706,0.0,0.0011407225782676005,5.746970335169439e-05,8
pmc3081396,28,0.004046827576239341,2.7498145968966055e-06,0.0021350326662150786,9.485710795161564e-05,8
pmc3188848,15,0.0021679433444139326,5.66364047931291e-09,0.0013173498271952188,5.760315301770277e-05,8
pmc4074000,28,0.004046827576239341,4.549458734004593e-06,0.0017968625687550055,0.00010298703392780028,8
pmc4154787,30,0.004335886688827865,1.3196627684159934e-06,0.0022829044371193647,9.661757853782337e-05,8
pmc4168024,29,0.004191357132533603,1.359145736596293e-06,0.0023098155309894054,9.244462812347782e-05,8
pmc4650468,30,0.004335886688827865,1.0618792621565132e-06,0.0023307013580266198,0.00010066455038399425,8
pmc4744737,28,0.004046827576239341,2.0725641997063345e-06,0.0020678050580968184,9.395417922299467e-05,8
pmc6571549,30,0.004335886688827865,2.0267034183181243e-06,0.0018399102364242842,0.0001039462758461309,8
pmcid,182,0.026304379245555717,0.00024612205308004626,0.0074744329056904086,0.0004022251015971488,8
pmid,127,0.018355253649371295,6.650838078820547e-05,0.007647477642123917,0.00025589961608286444,8
pmol,46,0.00664835958953606,3.7857266910061987e-07,0.005811686320385281,7.719326477038246e-05,4
pneumococcal,24,0.003468709351062292,3.8983534183382796e-07,0.002665248656691763,7.238064683651168e-05,1
pocket,132,0.019077901430842606,8.304009640192657e-06,0.012460539594757096,0.00015178458401126526,0
podcast,230,0.0332417979476803,7.120515224528948e-05,0.01412008948440326,0.0002414662156253668,0
podcaster,57,0.008238184708772944,2.000651964266903e-06,0.007047075001554393,0.00010144095209230315,0
point,698,0.100881630293395,0.0006602463416324529,0.02876729852379674,0.0004544872837128699,0
pointe,24,0.003468709351062292,1.6769405915729887e-06,0.0016226132303464218,8.729979962742462e-05,9
pointer,26,0.0037577684636508164,1.1459967845596238e-08,0.0036891665657294765,5.376268489793309e-05,5
poisoning,87,0.012574071397600809,1.772656792711082e-05,0.007896549129409156,0.00014616700727282018,0
poke,53,0.007660066483595895,2.0638954233658702e-06,0.006054947231119524,8.953876160973296e-05,2
policy,145,0.020956785662668016,4.2502304236095315e-05,0.010465784946054638,0.00016932360550454107,4
political,73,0.010550657609481139,6.092577736542241e-06,0.008104180358488507,0.00012575528878826922,9
polycthemia,25,0.0036132389073565544,3.859213163504633e-07,0.0032907810445949384,6.364377586105059e-05,2
polycystic,92,0.01329671917907212,8.414685141428154e-06,0.007826346871857825,0.00010789915439968987,5
polycythaemia,48,0.006937418702124584,7.525292394758341e-07,0.005805813156335254,8.30028082244926e-05,5
polycythemia,360,0.05203064026593438,8.61267065013453e-05,0.02076839270716443,0.00027159668068499934,2
polygenic,26,0.0037577684636508164,6.628432859404795e-08,0.00390911469915882,6.0058211149729984e-05,5
polyp,25,0.0036132389073565544,3.511414530485376e-08,0.0037498415662057796,6.069287841698334e-05,5
polypharmacy,26,0.0037577684636508164,8.40109309812834e-08,0.0035428391076854997,6.148157495872703e-05,1
pome,60,0.00867177337765573,4.849350431001682e-06,0.006746748184048441,0.00010801716288843106,2
pomegranate,64,0.00924989160283278,1.8343308728271386e-05,0.005368344654077757,0.00011962257998832655,7
pool,26,0.0037577684636508164,2.337626742982769e-08,0.0042925890959854595,6.368954449881243e-05,4
pooled,56,0.008093655152478682,2.623731711078336e-06,0.006490459840326808,0.00010758154809460747,4
poor,584,0.08440526087584911,0.0002421221422057309,0.02548993404063706,0.00037399394780802134,3
poorly,104,0.015031073854603266,1.1257992753214478e-05,0.010276488168333982,0.00013499897186748262,5
pop,26,0.0037577684636508164,1.4466760808624507e-07,0.0031827132862552662,6.237639671388985e-05,0
popeye,26,0.0037577684636508164,3.91579565173743e-07,0.003490810059707157,6.767854573826988e-05,7
popular,225,0.03251915016620899,2.0925804399977374e-05,0.017312975760149375,0.00019677867921208574,0
popularity,148,0.0213903743315508,1.2859480911975947e-05,0.013451999530793046,0.0001720535243991421,2
popularly,24,0.003468709351062292,6.980070917704965e-08,0.002749907043405172,6.283838359683214e-05,6
population,439,0.0634484752131811,0.00020695722207499236,0.0237143669472142,0.00037724974065602926,4
population‐base,22,0.003179650238473768,5.410694797356892e-07,0.0025701926521015483,6.81352884149652e-05,8
popup,30,0.004335886688827865,1.1519959758215821e-07,0.004292797018506266,7.186884265038984e-05,0
pore,54,0.007804596039890158,2.4755803364442238e-06,0.006165775965711393,9.127862410325286e-05,6
porebski,30,0.004335886688827865,1.8292487992153125e-06,0.0026965585311743896,9.779847102953936e-05,6
pornography,29,0.004191357132533603,6.687052543608775e-07,0.0036327501095949743,7.124597261286636e-05,7
portal,96,0.013874837404249168,3.0883702958639324e-06,0.010041557211687894,0.00011980434526779712,4
portion,70,0.010117068940598353,6.826108543943419e-06,0.007449568328838639,0.00011759367234088369,7
portland,49,0.0070819482584188465,9.473962154031713e-07,0.00607009996026166,8.933361129138969e-05,4
pose,88,0.012718600953895072,6.5088139104815875e-06,0.00828875507044577,0.0001145498926703823,5
positas,17,0.002457002457002457,2.8669768571141442e-08,0.0018862233294242865,5.543669890929046e-05,5
position,60,0.00867177337765573,4.11194898682467e-06,0.006125295777118187,0.00011192130084467499,2
positive,525,0.07587801705448764,0.0002618790027345411,0.026817703889327405,0.0003997331192029298,4
positively,140,0.020234137881196705,1.7389151978079436e-05,0.012404310815387742,0.0001680731535388474,3
positivity,29,0.004191357132533603,6.610936610026437e-08,0.004450296944568205,7.069940853320139e-05,4
possibility,178,0.025726261020378668,1.7634628906311188e-05,0.015007667482552538,0.00018057560214682707,2
possible,916,0.13238907356554416,0.0009182003187614593,0.033794841272494894,0.0005471544010010271,4
possibly,131,0.018933371874548344,6.522247279020674e-06,0.012085990185113877,0.00013229734552517978,0
post,177,0.025581731464084406,4.9770443825148175e-05,0.013468247896999243,0.00022677789484147804,6
postmenopausal,26,0.0037577684636508164,3.5878753071922188e-09,0.0035117964607321965,4.72172457002857e-05,3
potency,28,0.004046827576239341,3.8996079289143884e-08,0.0042718869773568785,5.915974713128363e-05,4
potent,79,0.011417834947246712,3.774724676470505e-06,0.00824712893637745,0.0001225610941503758,5
potential,1082,0.15638097991039168,0.001336733750027939,0.0362299028553057,0.0006107063321957483,4
"potential.37,38",29,0.004191357132533603,1.1265995759273357e-07,0.004257696125817183,6.365244029277322e-05,4
"potential.5,6,33,35,36",29,0.004191357132533603,1.3487892050671427e-07,0.004011926713503623,6.587428485670063e-05,5
potentially,563,0.0813701401936696,0.00023997127926581323,0.02786265080772209,0.0003877609379646536,2
potentshottm,32,0.00462494580141639,4.088823302968418e-07,0.003621700139134076,7.818574552598872e-05,2
potentwavetm,36,0.005203064026593439,6.861083440457969e-07,0.00409598832551482,8.141357036229139e-05,2
pouch,21,0.0030351206821795057,1.1171898678449887e-07,0.0027540848869881075,5.733638099035033e-05,2
poultry,28,0.004046827576239341,6.585828362027698e-06,0.0028861498377813883,7.684561309711874e-05,7
pound,214,0.030929325046972107,3.9564268425987976e-05,0.015293223007956984,0.0002158908297163807,0
pour,18,0.0026015320132967193,2.0456150816639555e-08,0.002552615155612776,5.0395794924560795e-05,0
power,244,0.035265211735799974,8.21255522457068e-05,0.016097951482887767,0.00022906252247790953,2
powerful,120,0.01734354675531146,3.773662871303956e-05,0.010574575497491625,0.00017012677547518558,11
pp.1151,30,0.004335886688827865,1.0770200297584561e-06,0.003348708539945995,7.847813603078604e-05,8
pp.15,48,0.006937418702124584,4.19466572452574e-06,0.004251664928237802,0.00011673985122778095,8
pp.180,30,0.004335886688827865,2.8283706039451866e-07,0.0037839718621184492,7.30138413369821e-05,8
pp.200,28,0.004046827576239341,1.1134753117494608e-06,0.002357053337607161,9.280580465689739e-05,8
pp.2021,27,0.003902298019945079,7.355205503063918e-07,0.003375445284998387,6.626071500412242e-05,6
pp.238,24,0.003468709351062292,4.437217813593796e-08,0.0032018316593587816,5.2432984047164706e-05,4
pp.3,29,0.004191357132533603,2.4516810036668533e-07,0.0035122708538815974,7.309665856178885e-05,5
pp.317,23,0.00332417979476803,5.076515615207726e-07,0.002782004878221295,7.041549606707199e-05,8
pp.349,30,0.004335886688827865,1.2346569617388108e-06,0.00288953605324188,9.684033224529012e-05,8
pp.42,30,0.004335886688827865,1.1551341913642716e-06,0.002778198664034282,9.583437851668458e-05,8
pp.46,26,0.0037577684636508164,4.4225491251260704e-07,0.003245907779497139,7.080825522708855e-05,8
pp.557,30,0.004335886688827865,1.0973628906148666e-06,0.002823514012789062,9.640662450542171e-05,8
pp.761,28,0.004046827576239341,3.9229420016739104e-07,0.0023174520292072857,9.698186891067106e-05,8
pp.855,30,0.004335886688827865,1.4066735296448828e-06,0.0029698673739330527,8.613262426740052e-05,8
pp.e2348692,25,0.0036132389073565544,1.4190319176857075e-07,0.003040191463862437,6.884163955009606e-05,6
pract,29,0.004191357132533603,2.8957222174565483e-06,0.0023859019312271646,9.168844425672006e-05,8
practical,130,0.018788842318254083,1.3019814603887163e-05,0.012153391858980298,0.00014710356285145237,4
practice,781,0.11287758346581876,0.0012430987870555956,0.03240021577716848,0.0006182208760036989,4
practitioner,295,0.042636219106807344,9.311892882886328e-05,0.021018063871598176,0.0002965808108731527,4
prad,25,0.0036132389073565544,3.332638497007078e-08,0.0032463338197897783,5.852984830137212e-05,5
prader,27,0.003902298019945079,4.765867819249808e-08,0.00382660465132949,5.877894304971342e-05,5
prasad,24,0.003468709351062292,2.1625971558875742e-08,0.0034199421291170153,5.212288407601895e-05,2
prasanth,29,0.004191357132533603,1.0674887342738501e-06,0.0019993364430814136,9.666686904883082e-05,8
pre,224,0.03237462060991473,4.865691003211398e-05,0.01617105258386082,0.00023664230949948094,4
precaution,55,0.00794912559618442,1.1479262076009696e-06,0.007300197065879881,8.907077456888225e-05,4
precede,50,0.007226477814713109,1.4807503926554764e-06,0.006107996693667075,8.940437232260173e-05,6
precipitously,20,0.0028905911258852437,7.092171592581473e-08,0.0025995349825025803,5.001713230806754e-05,0
precise,72,0.010406128053186877,1.091408443572193e-06,0.007423122024593385,9.072095309403077e-05,5
precision,47,0.0067928891458303225,3.3020424840973133e-06,0.0057924197858898584,9.131478706380066e-05,4
precision.10,20,0.0028905911258852437,3.6655172856288926e-07,0.0023753690190925496,6.0220570720865616e-05,4
preclude,16,0.002312472900708195,7.045526775144147e-10,0.002092434348366976,3.806069308174151e-05,5
precocious,45,0.006503830033241798,3.160681176270077e-07,0.005217363073312157,6.935988317486545e-05,5
precursor,212,0.03064026593438358,2.3496055694403028e-05,0.015392129558555108,0.00020077904108932668,5
predate,23,0.00332417979476803,2.150579617261132e-08,0.0034265746243854964,5.192733246688659e-05,6
predefine,27,0.003902298019945079,4.8891112551853506e-08,0.004171684578572057,5.622510828131825e-05,4
prediabete,77,0.011128775834658187,3.455118797521024e-06,0.00807192935775409,0.00011078859118027419,5
predict,162,0.023413788119670473,2.2277378280051882e-05,0.012634451770536365,0.0001869393468859345,3
predictability,28,0.004046827576239341,9.536524018905273e-08,0.004202756998922122,6.138162246006579e-05,2
predictable,76,0.010984246278363925,1.6699211268635281e-06,0.008706486559468861,0.00010671889220165211,2
predictive,27,0.003902298019945079,2.2532460286818022e-08,0.003824239050150286,5.24429084671743e-05,6
predictor,52,0.007515536927301633,1.8566358536088772e-06,0.0057642500407114015,9.16857344555425e-05,1
prediman,35,0.005058534470299176,2.0109732538948704e-07,0.004304682082933065,6.906197510422827e-05,6
predisposed,29,0.004191357132533603,1.6622999744420074e-07,0.0042296487789419135,6.309716535591448e-05,5
predisposition,49,0.0070819482584188465,3.839037764646563e-07,0.006104069129012524,8.067242843509257e-05,5
prednisolone,28,0.004046827576239341,4.831344379132093e-08,0.004304603265629014,5.877329183199755e-05,0
prednisone,53,0.007660066483595895,6.099493510449989e-07,0.005958130675554241,8.702619487319105e-05,5
predominant,51,0.007371007371007371,1.5120134949328792e-06,0.0056346926631773795,8.781023051678134e-05,3
predominantly,45,0.006503830033241798,2.9862855830154514e-07,0.005697193969981219,7.573982282051604e-05,0
predominately,26,0.0037577684636508164,2.4368216817600418e-08,0.0036737013548549984,5.350520841251188e-05,3
preexist,64,0.00924989160283278,4.2220541936533254e-07,0.007362724110842493,8.494501147378772e-05,6
preexposure,19,0.0027460615695909813,2.063331015034883e-07,0.0024194696296106918,5.990745471937139e-05,1
prefer,303,0.04379245555716144,3.929878089492057e-05,0.02078001294924296,0.00024504997533479725,2
preferably,75,0.010839716722069664,1.814692055737313e-06,0.008194936192283857,0.000104498237423048,4
preference,273,0.039456568868333576,4.2037441495797506e-05,0.018996989368080735,0.0002372476303534533,4
preferred,69,0.009972539384304091,9.969322120129652e-07,0.007801849307200057,9.578591194527337e-05,2
pregnancy,80,0.011562364503540975,1.0736103100455316e-05,0.007082388043648186,0.00013120903882157754,5
pregnancy.34,26,0.0037577684636508164,6.514802096600263e-08,0.0036408089384745014,6.046718813173358e-05,5
pregnant,164,0.023702847232258996,1.3740138381480691e-05,0.01309894209749064,0.00017396208428025923,5
pregnenolone,85,0.012285012285012284,3.0549155474860656e-06,0.008322510597162904,0.00011975888670474358,5
preliminary,52,0.007515536927301633,3.8362257253431246e-07,0.006794683474971753,7.960235660339467e-05,2
premal,30,0.004335886688827865,8.80413860300967e-07,0.0008650367751726533,0.00012431155642719972,6
premature,206,0.029773088596618008,5.041328161127059e-05,0.012634192518065036,0.00019505229208989454,3
prematurely,24,0.003468709351062292,7.955048474452095e-08,0.003134823818343199,5.7124950368808475e-05,4
premier,23,0.00332417979476803,4.012969153488284e-08,0.003059317664552791,5.6028631734326336e-05,4
premise,25,0.0036132389073565544,1.952522900899615e-07,0.0035714661559884445,5.6735593595037996e-05,0
premium,22,0.003179650238473768,3.4337131738339744e-08,0.003678176008502237,5.209705262046444e-05,4
prep,21,0.0030351206821795057,4.2435803183323666e-07,0.002456815721293547,6.60800817042135e-05,1
preparation,232,0.03353085706026882,6.975039828880584e-05,0.01760205654602833,0.000250542109295598,2
preparations.421,29,0.004191357132533603,6.911691738743775e-08,0.00465566633912679,6.012665736286125e-05,2
preparations.441,28,0.004046827576239341,1.3922954861208452e-07,0.004132932982112496,6.469076395127745e-05,2
prepare,210,0.030351206821795058,6.471289331594815e-05,0.014811303869894465,0.00021079103689637294,2
prepared,23,0.00332417979476803,1.4624927704163899e-08,0.0038263546149249674,4.892073147197698e-05,0
presbyterian,20,0.0028905911258852437,2.3205035682829677e-08,0.002471134223235335,6.012378483986956e-05,9
prescribe,980,0.14163896516837693,0.0010186278022686597,0.03402352498909289,0.0005728142691387592,4
prescribed,68,0.009828009828009828,3.8784168264983883e-07,0.007862670989698166,8.615537448942565e-05,2
prescriber,27,0.003902298019945079,1.5807827616620204e-07,0.0037911479049728904,5.799242588727141e-05,4
prescribing,239,0.03454256395432866,4.890118406541323e-05,0.018152643469313074,0.0002524740694943349,4
prescription,697,0.10073710073710074,0.0007214831004302745,0.030688622799441647,0.0005017216350163713,4
prescription(s,29,0.004191357132533603,8.154844830796528e-08,0.004303977268826707,6.288480300784754e-05,4
presence,213,0.030784795490677842,4.664728590869995e-05,0.015812106751750755,0.0002250221411030457,6
present,521,0.0752998988293106,0.0002737689975175951,0.025626999546807097,0.00037927933083311595,1
presentation,165,0.02384737678855326,2.8726646043596887e-05,0.013490910974944058,0.00019469560624045686,7
preservation,107,0.015464662523486054,4.593573106819943e-06,0.010211227422644258,0.00012614686071759395,5
preservative,25,0.0036132389073565544,2.6327163809672477e-07,0.003190080373804111,6.956018173735295e-05,7
preserve,307,0.04437057378233849,4.406285577933215e-05,0.020279093631353943,0.0002489465500472825,2
presidential,27,0.003902298019945079,3.740463778368594e-07,0.002931894705376443,7.712186640286268e-05,9
press,52,0.007515536927301633,2.4597398105264773e-06,0.005833296987366196,0.00010337608938894741,2
pressed,25,0.0036132389073565544,1.8382294312416767e-07,0.003097753896545716,6.692071705811779e-05,0
pressing,29,0.004191357132533603,1.3594997749926927e-07,0.004388123607209302,5.995035937866667e-05,4
pressure,734,0.10608469431998843,0.0005570977718669012,0.029131276059520678,0.00045612352045052774,5
preston,30,0.004335886688827865,3.3079669068430124e-06,0.0023506496653396027,9.163019932683741e-05,8
presumably,26,0.0037577684636508164,7.070079438160143e-08,0.0036330574561422124,5.9235794399234895e-05,7
pretend,46,0.00664835958953606,4.730295657660583e-08,0.006092047869971845,6.57405935780079e-05,0
pretty,341,0.0492845786963434,8.880151301612685e-05,0.021476428603643013,0.00030203609530609444,0
prevail,25,0.0036132389073565544,6.514218639554436e-08,0.003154245728382214,6.238597881598766e-05,6
prevalence,259,0.0374331550802139,5.384118129683858e-05,0.017606235699651578,0.00025925064456303054,4
prevalent,85,0.012285012285012284,2.963818351824905e-06,0.008625712933222071,0.00010651735382564363,3
prevent,650,0.09394421159127042,0.000382274359715873,0.02920959362507917,0.00045404067562717704,5
preventable,48,0.006937418702124584,3.460256301960113e-06,0.005287883637136651,9.28851695156156e-05,8
preventative,115,0.01662089897384015,3.2867484361083965e-05,0.010664874091228972,0.0001504604161169834,7
prevention,330,0.04769475357710652,0.00021006790269496135,0.018276065707856545,0.0003276279994365488,1
preventive,96,0.013874837404249168,1.089964419587883e-05,0.008646390061077102,0.0001290732106237974,3
preview,24,0.003468709351062292,1.12724774856268e-07,0.0037346809367906414,5.980759071076213e-05,4
previous,252,0.036421448186154066,5.6399325582263664e-05,0.015223309514965963,0.0002087103418095969,3
previously,199,0.028761381702558174,3.796429625075442e-05,0.015728862266597567,0.000200080341436577,11
priapism,83,0.011995953172423761,8.572264226469177e-06,0.008437494505967922,0.00012575614707052048,2
price,135,0.019511490099725394,4.1202666423297144e-05,0.011658057856496793,0.0001915717962495503,4
pricing,47,0.0067928891458303225,9.881985304079415e-07,0.0062305991956133015,7.976261312923927e-05,4
prick,39,0.005636652695476225,1.2667957860730107e-06,0.004403274616978125,7.418480748869961e-05,2
primarily,217,0.031362913715854895,2.852327143547753e-05,0.015544084454074451,0.00020614330181603304,5
primary,1058,0.15291227055932938,0.0014275832224351457,0.030885556089021982,0.0005579464702760103,5
prince,29,0.004191357132533603,7.106672364929636e-07,0.002163678213037674,0.0001005608966312538,8
principal,50,0.007226477814713109,6.255492162816351e-06,0.005235030660595351,9.923856760483537e-05,6
principle,124,0.01792166498048851,5.946738120902728e-06,0.012035312998711268,0.00013733901816672108,4
prior,503,0.07269836681601387,0.0002814391155348902,0.025712071780293385,0.0003816445084203921,4
priori,25,0.0036132389073565544,3.047984201764464e-08,0.00393816501959822,5.4855055643182135e-05,4
prioritise,112,0.016187310304957365,7.59943712073359e-06,0.01126941643631094,0.0001340674347411195,4
prioritize,93,0.013441248735366382,2.5706591031466237e-06,0.010217128438263817,0.00011709143411153136,7
priority,76,0.010984246278363925,5.419760552461965e-06,0.00811153995934929,0.00010543851047026476,3
privacy,63,0.009105362046538517,5.7965320949254395e-06,0.0064367703439708055,0.00011458444024644309,4
private,282,0.04075733487498193,5.2507408306510005e-05,0.018737509343232598,0.00023972033968580551,4
privately,45,0.006503830033241798,3.4663778231011077e-07,0.005340744247182075,7.195211664602725e-05,0
prize,56,0.008093655152478682,2.734166845794173e-06,0.006180903372675879,0.00010327109669091662,6
prn,29,0.004191357132533603,2.7742128178923994e-07,0.004249794506351285,6.211447178135723e-05,4
pro,323,0.04668304668304668,3.979588209367533e-05,0.020833778735078978,0.00024448512148410426,2
proactive,150,0.021679433444139327,3.6656275853871725e-06,0.01211747164954389,0.00013495699462191493,4
probably,437,0.06315941610059257,0.00014252171361012027,0.024220368429069165,0.0003396820494907922,0
probe,28,0.004046827576239341,4.1232977727018337e-08,0.00433821686682726,6.334625986562864e-05,0
problem,1187,0.1715565833212892,0.001768440683921855,0.031268120251132216,0.0005865977756846669,5
problematic,26,0.0037577684636508164,1.9555160671356716e-08,0.0036717233116386207,5.3125305902411966e-05,0
proc,27,0.003902298019945079,1.9498291282520612e-07,0.003414753297701094,7.080810225681908e-05,4
procedure,541,0.07819048995519584,0.0004532432372813916,0.0270828194048016,0.00044270920111646913,2
proceed,26,0.0037577684636508164,7.690352469427742e-08,0.0037196982511098252,6.53599291155323e-05,0
process,1080,0.15609192079780315,0.0016560932922752452,0.03751674871999896,0.0006606868982611998,4
processing,114,0.016476369417545888,3.6418989799039384e-05,0.010002425640443935,0.0001666769888249835,8
procreate,25,0.0036132389073565544,3.7180226513034024e-08,0.0037497176173760436,6.194240806393972e-05,0
proctor,24,0.003468709351062292,1.1274964909349814e-07,0.002221540566739877,7.897150460706821e-05,6
prod,21,0.0030351206821795057,4.6490558211674963e-08,0.002623055684856226,5.2425471422783135e-05,5
produce,1055,0.1524786818904466,0.0015324844787191147,0.02894926249752294,0.0006005716352794048,5
producer,61,0.008816302933949994,2.6238339927646376e-06,0.006072762963010631,9.312025843550388e-05,0
product,613,0.08859661800838271,0.00040449010588658024,0.02935999129945978,0.00045646158734801643,2
production,1301,0.18803295273883508,0.0024335734511448785,0.03380298865192716,0.0006881658327576764,5
production.17,24,0.003468709351062292,4.45183184821267e-08,0.003237552904629086,5.659897020270289e-05,5
productivity,53,0.007660066483595895,1.3831760409521314e-06,0.006559815491188796,9.506007505181876e-05,3
productsprp,25,0.0036132389073565544,4.088698973158743e-08,0.0032681866223256625,5.760009551877302e-05,3
prof,23,0.00332417979476803,3.4088031907759405e-07,0.0025992672795976325,6.317149111977455e-05,6
professional,638,0.09220985691573927,0.0003135699908097691,0.028434324406201025,0.0004222139716707793,4
professionalism,27,0.003902298019945079,6.122258796692701e-08,0.0038340917938900305,6.310251964985813e-05,4
professionally,26,0.0037577684636508164,6.093055076081475e-08,0.003501750677353929,5.8464633537769095e-05,4
professor,314,0.04538228067639832,0.00011748397063932858,0.018274214879372842,0.00032024089836927254,6
profile,441,0.06373753432576962,0.0001621630097496767,0.024610320788152503,0.0003258073716586802,2
profilesexplore,26,0.0037577684636508164,1.955396283675541e-07,0.0036451477819811843,6.645716753165443e-05,4
profit,89,0.012863130510189334,1.5272058104811188e-06,0.007235542386883396,9.344714237518288e-05,0
profound,75,0.010839716722069664,2.0030704718991967e-06,0.007908719541629266,0.00011049877139745463,4
profoundly,28,0.004046827576239341,1.2013987173900464e-07,0.003987184361255024,6.236182469222515e-05,4
progesterone,162,0.023413788119670473,1.4794097754236274e-05,0.012450601251127827,0.00016982407106289432,5
prognosis,25,0.0036132389073565544,5.32472688752109e-09,0.0035704255899958815,5.135209329188231e-05,5
program,464,0.06706171412053764,0.00023003321676727024,0.025535275288576242,0.00037731905297674537,4
progress,274,0.039601098424627834,4.586132097428703e-05,0.018889581113556944,0.0002338614246686404,4
progression,97,0.014019366960543431,1.054161348545297e-05,0.008635703763577198,0.0001483993480175785,5
progressive,143,0.02066772655007949,1.7999514620626615e-05,0.012602274352686101,0.00016554618502186226,3
progressively,23,0.00332417979476803,5.92728270571713e-08,0.003041644856895445,4.9340670470639754e-05,5
prohibit,47,0.0067928891458303225,1.1865698541861754e-05,0.004424349053017529,0.00011543384225524675,4
prohibitively,46,0.00664835958953606,3.7215458045475997e-07,0.006045646319498576,7.217227088516287e-05,2
prohylaxis,20,0.0028905911258852437,3.664822621821761e-07,0.0024367377251170858,6.345265123861378e-05,1
project,88,0.012718600953895072,1.7014886075746992e-05,0.008502254011978844,0.00014175447122554224,6
prolactin,383,0.055354820060702414,0.00010649832938326647,0.01925642477697137,0.00029501554512822347,5
prolactinoma,63,0.009105362046538517,1.1280389675539848e-06,0.006609682216316861,9.296761256014317e-05,5
prolactinoma.6,27,0.003902298019945079,1.1908572493850158e-07,0.00346534405314946,6.036075077140197e-05,5
proliferate,26,0.0037577684636508164,1.242120641573505e-07,0.0036142625034729764,5.889999633989167e-05,3
prolong,78,0.01127330539095245,2.7714822037796997e-06,0.007903963574583917,0.00010543853408100468,3
prolonged,44,0.006359300476947536,1.6635218885446505e-07,0.005920211828201883,6.902135302340253e-05,5
prolotherapie,23,0.00332417979476803,2.585596797549791e-07,0.0030099368386853863,6.117047294646713e-05,3
prolozone,22,0.003179650238473768,1.160368196097305e-07,0.002761774144834159,6.113959287028838e-05,3
prominent,49,0.0070819482584188465,4.0907206737445387e-07,0.00618936879415436,7.55610042328033e-05,3
promise,113,0.016331839861251626,5.123859048838462e-06,0.011268433229785003,0.00013181878840301224,0
promising,57,0.008238184708772944,1.1576132866820424e-06,0.006211774209019838,8.362163961128518e-05,3
promote,543,0.07847954906778436,0.00032168251974733095,0.027811873108640063,0.00042578866785025077,7
promotional,24,0.003468709351062292,3.3919172755138327e-07,0.0035591904469747552,6.550268072083606e-05,4
prompt,74,0.0106951871657754,1.8453973317480187e-06,0.0076788185271718145,9.71503998575299e-05,5
promptly,76,0.010984246278363925,5.869527932018116e-06,0.008125319013145851,0.00012011275597524903,4
prone,129,0.01864431276195982,1.2036403141260037e-05,0.011207565051257067,0.0001515973949946928,5
pronounce,50,0.007226477814713109,1.2744161847887643e-07,0.00586083001977808,7.203054579673012e-05,3
pronounced,23,0.00332417979476803,4.241534385723057e-09,0.00320251604639594,4.8030993975852736e-05,3
propecia,82,0.011851423616129498,5.760003872343913e-06,0.00827415838886992,0.0001208594811012143,5
propel,29,0.004191357132533603,5.573548251349138e-08,0.0041872958291509195,6.491681075638773e-05,4
propensity,33,0.0047694753577106515,1.399754620826335e-07,0.004377889957894087,7.325960488434327e-05,6
proper,334,0.04827287180228357,4.662194274895938e-05,0.02008308199526908,0.00025041072950772756,4
properly,329,0.04755022402081226,6.803620611028543e-05,0.019660683986346742,0.00025899651124418885,5
property,65,0.009394421159127041,2.8217214374063706e-06,0.006521959832270279,0.00010548000426372459,7
prophylactic,28,0.004046827576239341,8.3459605180566e-08,0.003816181307274137,6.614280660365093e-05,4
propionate,126,0.018210724093077033,1.8607393456768576e-05,0.010762283898114474,0.00015119488123002824,2
proportion,97,0.014019366960543431,9.709806191776192e-06,0.009001924866400359,0.00013108724747440588,5
proportional,28,0.004046827576239341,2.4649804219990193e-07,0.0037828542112639126,6.30971172608398e-05,7
proportionally,25,0.0036132389073565544,4.27205947051025e-08,0.0036875925827255427,6.11938593354545e-05,3
proposal,27,0.003902298019945079,9.653919885137471e-08,0.004068086764177882,6.439617321838156e-05,4
propose,26,0.0037577684636508164,2.2842640093361703e-07,0.0038219061732438792,6.852753766335846e-05,4
proprietary,45,0.006503830033241798,7.386914575589422e-06,0.0045556811604667465,0.00010427101887008985,2
prospective,23,0.00332417979476803,7.739953612146414e-08,0.003521296031620609,5.69829399727231e-05,6
prostaglandin,24,0.003468709351062292,3.395598172007045e-08,0.0034509768674114063,5.8168723309229503e-05,5
prostate,1096,0.15840439369851134,0.0021340578482303683,0.029565018789913782,0.0006020471724552909,5
prostatectomy,28,0.004046827576239341,2.722217443313638e-07,0.0036638729260758014,6.462911345176549e-05,5
prostatespecific,23,0.00332417979476803,1.876365246226143e-07,0.0031470171717859355,5.2065597573032334e-05,5
prostatic,164,0.023702847232258996,2.985199302640225e-05,0.011906804916638548,0.00017470708613431926,5
prostatitis,26,0.0037577684636508164,1.1679958388035292e-08,0.003572658850086603,5.1040926425845366e-05,5
prosthetic,51,0.007371007371007371,7.885665022703457e-07,0.006597269647077432,8.67455822188393e-05,2
protect,261,0.03772221419280243,5.722878398719669e-05,0.01678169458888804,0.00024017611352546736,7
protective,71,0.010261598496892614,3.759148405968125e-05,0.006663970692819889,0.0001270371814460979,8
protein,366,0.05289781760369996,0.00018156423087054498,0.01780901553660122,0.00026895809155072834,7
protocol,758,0.10955340367105074,0.00045165536921081386,0.03241665006047959,0.00046907520810448796,4
proudly,28,0.004046827576239341,1.25214054105775e-07,0.0036922996141202464,6.742410015346421e-05,4
prove,367,0.053042347159994216,8.398742595740858e-05,0.021865170774728934,0.0002837591693996175,0
proven,24,0.003468709351062292,5.82856441202546e-09,0.0037172971895830303,5.2546370570713744e-05,0
provide,1308,0.18904465963289493,0.0031070254835454275,0.04145170902620922,0.0007802679599811399,4
provider,1190,0.171990171990172,0.0021068100168947592,0.03440056997526285,0.0006244565945877376,4
provisional,27,0.003902298019945079,9.801509146213187e-08,0.004070552698058872,6.517341519880482e-05,4
proxy,22,0.003179650238473768,1.4944694788963714e-08,0.0032012706752468176,4.532731475209496e-05,4
prp,84,0.012140482728718023,3.7830260036305534e-06,0.00853966719278429,0.0001220474845145542,3
prudent,26,0.0037577684636508164,1.9091038833748266e-07,0.0034161999360350975,6.139036189645313e-05,4
pruritus,50,0.007226477814713109,1.6837030815168133e-06,0.006260929834181696,9.197488468107357e-05,2
przemyslaw,30,0.004335886688827865,9.361926354441117e-07,0.0027261632902625885,9.889405706200752e-05,6
psa,371,0.05362046538517127,9.041418459030362e-05,0.018870918846345452,0.0002775175392613312,5
pshot,22,0.003179650238473768,1.7905983117337585e-07,0.0025271080920169523,6.409296108538715e-05,2
psychiatric,28,0.004046827576239341,1.9975084160430343e-07,0.003724778381865383,6.62346163406912e-05,6
psychiatrist,79,0.011417834947246712,1.8753565933948769e-06,0.008942863086564496,0.0001072417230677082,4
psychiatry,44,0.006359300476947536,1.25548830881189e-06,0.005203578435498827,8.038542545338271e-05,4
psychoactive,30,0.004335886688827865,1.8695514944883686e-07,0.004057837736493694,7.156569390891507e-05,5
psychological,505,0.0729874259286024,0.0002668684296281118,0.025111126272886017,0.00037977162211895254,3
psychologist,71,0.010261598496892614,1.7995491551931957e-06,0.007625287917405401,9.658994892225621e-05,4
psychology,24,0.003468709351062292,5.8396253065536633e-08,0.0038106408351669474,5.8321366523618435e-05,4
psychosis,15,0.0021679433444139326,5.6383209228472294e-08,0.0019669131168037067,5.192541845004261e-05,7
pubertal,70,0.010117068940598353,9.481104693551876e-06,0.0063701819988064845,0.00010946612155729954,5
puberty,556,0.08035843329960977,0.0004706701340566397,0.021737670034047186,0.0004012984283098816,5
pubescent,25,0.0036132389073565544,1.0058957466297422e-08,0.003455929923549465,5.32142592230723e-05,5
pubic,186,0.026882497470732764,1.6186347247371744e-05,0.012940130278479067,0.00017316720283181103,5
public,248,0.03584332996097702,0.00012565257675005258,0.018401956129551554,0.0002931527133135194,4
publication,131,0.018933371874548344,2.3675433515336987e-05,0.011800157414268141,0.00018266294305286518,6
publish,703,0.10160427807486631,0.002135232611188732,0.028868038509618242,0.0006483933675500936,8
publishing,81,0.011706894059835236,2.343874700317797e-05,0.007055127344219198,0.00013361092829831177,8
pubme,52,0.007515536927301633,5.570620683767531e-06,0.0056257345884857465,0.00011703167207252942,8
pubmed,25,0.0036132389073565544,2.881323250539878e-07,0.00330979003816924,6.117950649462644e-05,4
pubmed.ncbi.nlm.nih.gov/25279570/.,29,0.004191357132533603,1.1201451947325233e-06,0.0033337086245793126,7.977095331101924e-05,8
pubmed.ncbi.nlm.nih.gov/27313122/.,26,0.0037577684636508164,1.0925596465153583e-07,0.003368146659641903,6.66696176771785e-05,4
pubmed.ncbi.nlm.nih.gov/29562364/.,30,0.004335886688827865,8.218987335843963e-07,0.002538617733415449,8.350555499476615e-05,8
puget,22,0.003179650238473768,6.632547597384255e-07,0.0021894690453497932,7.436327819668618e-05,6
pull,114,0.016476369417545888,1.1897848587567006e-05,0.01082886454174697,0.000163903238140466,0
pulmonary,163,0.023558317675964734,3.356685354167484e-05,0.012979534369792595,0.0002072762280129024,5
pulsatile,22,0.003179650238473768,2.7054815212410618e-08,0.002633806020648247,5.6561668700860895e-05,5
"pulsatility.18,19",25,0.0036132389073565544,1.6147703123687865e-08,0.003685160713463318,5.641389371946298e-05,5
pump,224,0.03237462060991473,4.76275874000131e-05,0.015108482137029242,0.00021426689618993778,2
punching,27,0.003902298019945079,6.573469095753953e-08,0.004033477322550448,5.905054619315548e-05,0
purchase,164,0.023702847232258996,3.0805740568856456e-05,0.013818092279510537,0.0002099347287744432,4
pure,25,0.0036132389073565544,3.2512893907330454e-08,0.003791724537893546,4.9999560283783304e-05,5
purgatorio,22,0.003179650238473768,8.535668366316325e-08,0.0025531972824966234,7.257884304575022e-05,0
purgatory,23,0.00332417979476803,1.1782897091503151e-07,0.0027763722365133385,7.22181835096093e-05,0
purine,28,0.004046827576239341,3.036713876299817e-07,0.003523474807199545,7.542497679360855e-05,7
purity,28,0.004046827576239341,3.601929908904841e-08,0.004312096108450239,5.955153564718905e-05,4
purpose,337,0.048706460471166356,0.0001339140849500429,0.021582976623392827,0.0003025727769860574,4
pursue,184,0.02659343835814424,2.9585585833382794e-05,0.014780482355175501,0.0001893572071352699,5
push,106,0.01532013296719179,4.315588674617008e-06,0.010614052504644705,0.00012398844203584654,0
puttylike,23,0.00332417979476803,6.641444458831784e-08,0.003215415879798266,5.9352775333878585e-05,2
puzzle,85,0.012285012285012284,3.166026466765536e-06,0.00873122222904088,0.00011183092535928111,4
pélégrini,30,0.004335886688827865,2.0075418395317513e-06,0.0027108034453106424,9.621601303646808e-05,8
q&a,77,0.011128775834658187,4.105398991787549e-06,0.008397336658751297,0.0001266995778074038,4
qaseem,34,0.004914004914004914,1.367580224425954e-07,0.004391286846291501,6.677666432389698e-05,4
qol,92,0.01329671917907212,1.6818200982447487e-06,0.009349815585691158,0.00010710262222294505,3
quadmix,28,0.004046827576239341,1.653487710672149e-07,0.0038652610205206035,6.869539227489364e-05,3
qualified,134,0.019366960543431132,7.440997017857192e-06,0.012448956619658424,0.00014970002335972513,4
qualify,186,0.026882497470732764,2.102695595036404e-05,0.015244765839957281,0.00018355178211197705,4
qualitative,123,0.01777713542419425,5.783827380036183e-06,0.011506921619812198,0.00014234325165205837,5
qualitatively,28,0.004046827576239341,4.2513568076758676e-08,0.004027075136728534,5.637271846259849e-05,8
quality,1103,0.1594161005925712,0.0014544349837650149,0.037357385419299435,0.000648522539064565,4
quantify,76,0.010984246278363925,3.7594938486693312e-06,0.00772099838214199,0.00011580170855550142,4
quantitative,117,0.016909958086428676,3.862827241229551e-06,0.010752568041310338,0.00012785306904852524,4
quantitatively,29,0.004191357132533603,6.177564634469553e-08,0.004288048761175196,5.834850330539133e-05,8
quantity,201,0.029050440815146697,1.7258152733062305e-05,0.015555311854605588,0.00017614474265031062,5
quarter,25,0.0036132389073565544,3.727084901715768e-08,0.0034053427391323187,5.6653066061198044e-05,0
quercetin,46,0.00664835958953606,5.891056453373578e-07,0.0046966428066201405,8.351969029075499e-05,7
query,25,0.0036132389073565544,2.58965391067278e-08,0.0035881172063542952,5.0847111501001645e-05,3
quest,27,0.003902298019945079,2.067798003697578e-08,0.004259885577333784,5.9814876550067414e-05,4
question,971,0.14033819916172857,0.0016062270826339394,0.03244021218341814,0.0005937562068345051,4
questionable,86,0.012429541841306548,3.793474669582437e-06,0.009117593367132039,0.00011791609342116197,4
questionnaire,239,0.03454256395432866,3.355988004187354e-05,0.015779750700887486,0.00020081613405731075,3
questionnairetestosterone,27,0.003902298019945079,1.4555490434414619e-08,0.003974832026036236,5.3042461106987524e-05,4
quick,385,0.05564387917329094,0.00015237359379017217,0.02238618395206031,0.00031276007749671985,0
quickly,305,0.044081514669749966,6.38771266157674e-05,0.020024916341993552,0.000253442895530473,2
quiet,72,0.010406128053186877,2.239827089582717e-06,0.008064098969343942,0.00010479240374029845,0
quinton,30,0.004335886688827865,1.8245325608067477e-06,0.0027531783030894314,9.390899315275145e-05,8
quit,163,0.023558317675964734,4.716923750220413e-06,0.01374343410626795,0.0001488127126679099,5
quiz,192,0.027749674808498336,1.4671391453779882e-05,0.014042954169961444,0.00017540859798469195,4
quizby,16,0.002312472900708195,0.0,0.0024353615878325917,4.6327130930907696e-05,4
quizdefy,28,0.004046827576239341,2.4385238346726044e-08,0.004337309792434512,5.51073227661616e-05,4
quizget,21,0.0030351206821795057,1.496290518658907e-08,0.002954697984529316,4.6969105274457436e-05,3
quiztestosterone,46,0.00664835958953606,3.867996616627021e-07,0.005156759880065132,7.162339994960662e-05,4
r.a,28,0.004046827576239341,2.5467844319269745e-06,0.002210078815703126,9.569128381932113e-05,8
r.d,28,0.004046827576239341,2.3462701354983814e-07,0.0038980092691087488,6.96818443693847e-05,4
r01,25,0.0036132389073565544,4.598189749527784e-07,0.002677978533562069,7.471276217511691e-05,6
r951,29,0.004191357132533603,1.2949854374811419e-05,0.0015750059200953853,0.00011134489837498024,8
r958,29,0.004191357132533603,1.2738008199957566e-05,0.0015843382387603002,0.00011132571637693211,8
rabbit,26,0.0037577684636508164,5.279225863758627e-07,0.0032929299990209784,7.240500513280753e-05,6
race,123,0.01777713542419425,1.8080741969264704e-05,0.010483372811686582,0.00016134340630470843,3
rachel,33,0.0047694753577106515,3.60659899580133e-07,0.003942725692643713,7.670892625245458e-05,6
racing,21,0.0030351206821795057,6.186553532807441e-07,0.0024735301071922293,6.667253473865608e-05,0
radial,87,0.012574071397600809,2.265973313620564e-06,0.009560796409518195,0.00011475270315188053,0
radiation,378,0.0546321722792311,0.00013492282121138025,0.019419760585442356,0.0003093307175607213,5
radical,53,0.007660066483595895,1.654370141609973e-06,0.005714216524223351,9.54276513051303e-05,5
radio,159,0.022980199450787685,4.2156872121517596e-05,0.01256515574578281,0.00017990811799097953,0
radiology,24,0.003468709351062292,1.7901169012507185e-07,0.002577153944519427,6.847913685710484e-05,5
radiotherapy,28,0.004046827576239341,1.2828247559141328e-08,0.004139113856658725,5.491083338016506e-05,5
rage,46,0.00664835958953606,1.793347033776187e-06,0.0054141358071666465,8.95650971329358e-05,0
raise,693,0.10015898251192369,0.00044804932391561396,0.029603163243026642,0.00044197975148648215,5
raisin,55,0.00794912559618442,2.815213799391592e-06,0.006642373269517871,8.439334753921315e-05,0
raison,26,0.0037577684636508164,4.604130751113043e-07,0.003408437952666963,6.973161618470112e-05,0
rajfer,30,0.004335886688827865,1.2833618979936243e-06,0.0029737374956846094,8.608932969991564e-05,8
raloxifene,28,0.004046827576239341,6.713143211848809e-08,0.004298843738595226,6.385741820683716e-05,5
ramanathan,28,0.004046827576239341,3.3432838273192236e-05,0.0021442917210833996,9.626466316549249e-05,8
ramification,26,0.0037577684636508164,7.547856404512619e-08,0.003516198413754738,6.442283665461865e-05,4
randeva,29,0.004191357132533603,1.5382621949321733e-06,0.002870993928771504,8.792119982635056e-05,8
random,46,0.00664835958953606,6.922751829419683e-07,0.006149994209850312,8.275508674490853e-05,4
randomization,53,0.007660066483595895,3.751943479862662e-07,0.006508799435553447,7.87545618948471e-05,2
randomize,148,0.0213903743315508,2.1206970301537942e-05,0.012215071176005522,0.00018121450018755163,6
randomized,85,0.012285012285012284,8.099265379973698e-06,0.008528847110413865,0.00013738763103770624,6
randomly,50,0.007226477814713109,2.840403465703284e-07,0.006417959066679269,7.731395475483853e-05,7
range,1153,0.1666425784072843,0.001631354879769645,0.03427417841379736,0.0006004394511003568,2
ranges.13,25,0.0036132389073565544,7.815772357772752e-08,0.003764466028832812,5.6758646376185257e-05,4
rank,83,0.011995953172423761,1.6711716654453188e-05,0.007777365451565607,0.0001406976404198237,9
rapid,195,0.028183263477381124,5.0644824612697155e-05,0.015554916409293044,0.00022758217394377458,2
rapidly,174,0.025148142795201618,1.0091372939898871e-05,0.0150859662372609,0.00017824064188837237,2
rapport,23,0.00332417979476803,2.4634197430704786e-08,0.0036180690847733496,5.3067155325475706e-05,0
rare,382,0.05521029050440815,0.00014385704084359763,0.02196782157812117,0.00031700378899611524,5
rarely,149,0.021534903887845066,9.496640568547104e-06,0.012965839541185787,0.00015163024197428467,4
rarity,27,0.003902298019945079,4.80417146635328e-08,0.004073673788655146,5.4147692574651446e-05,0
rash,99,0.014308426073131956,8.842203063145308e-06,0.01002946329911154,0.00012890755531203162,2
rastrelli,27,0.003902298019945079,2.997729025189433e-07,0.003600474610696389,7.261382310560843e-05,8
rat,55,0.00794912559618442,1.7431269925876233e-05,0.004515093185406933,0.00014362880140386252,8
rate,575,0.08310449486920075,0.0005321030169327561,0.02654245286322122,0.0004536966058531806,2
rating,24,0.003468709351062292,2.4459788211326267e-08,0.003754700522682264,5.53605751925806e-05,4
ratio,280,0.04046827576239341,6.470955917759338e-05,0.019924718353513386,0.0002669657055652349,5
rationale,61,0.008816302933949994,1.1974255628078083e-06,0.006874788731219787,9.390078510870258e-05,4
rationalize,28,0.004046827576239341,3.030417137080081e-07,0.003768398904509397,6.967924823670979e-05,4
raw,67,0.009683480271715566,4.469306530959054e-06,0.007402173476224016,0.00010563170803863748,2
ray,46,0.00664835958953606,4.081233562926061e-06,0.004987569155377826,0.00010058107099478253,11
raymond,17,0.002457002457002457,1.9320917191284934e-07,0.0020939655796003115,5.63227735617716e-05,7
rbc,47,0.0067928891458303225,1.4782677310100888e-07,0.00559267386635131,6.884114969764569e-05,5
rct,228,0.032952738835091776,5.469881462415537e-05,0.01699162134011275,0.00024509171405164487,6
rcts).181,24,0.003468709351062292,9.112203082282826e-09,0.003906503720309897,5.562227698114393e-05,2
rda,28,0.004046827576239341,5.034967937530334e-08,0.004119945359371034,6.635776429733332e-05,7
reach,545,0.07876860818037289,0.0002222597905590984,0.026157937704291426,0.0003679601518762322,3
react,26,0.0037577684636508164,2.8132311371891596e-08,0.003682313146444406,6.01744486216846e-05,5
reaction,205,0.029628559040323747,5.127794451697803e-05,0.015557556961450076,0.00021758856348856785,2
read,487,0.07038589391530568,0.00023261960169869224,0.022748889761384988,0.00036878567079550156,4
reader,106,0.01532013296719179,6.153541643162288e-06,0.011434015736162513,0.00015077784855675193,4
readily,102,0.014742014742014743,1.0149988324246807e-05,0.009977945323872271,0.00014220711326994726,4
reading,136,0.019656019656019656,1.9408244798589858e-05,0.011912601999583914,0.00017189720958299943,4
readjust,25,0.0036132389073565544,1.2824675604424268e-08,0.003547939943495467,5.1663264831606125e-05,5
ready,350,0.05058534470299176,0.00013387284029921616,0.019962155696308388,0.00031243388867916886,4
real,441,0.06373753432576962,0.00023976993272462012,0.02310245716754442,0.00037539525815264227,0
realistic,98,0.014163896516837693,3.720394255685354e-06,0.010209810627971199,0.00012028498609055498,4
realistically,29,0.004191357132533603,6.341378272534425e-08,0.00401540282993711,6.08977997056786e-05,0
reality,196,0.028327793033675386,3.3487163716204384e-05,0.01593244061052686,0.00021578405288712296,0
realize,239,0.03454256395432866,2.2618677907820478e-05,0.01775718142753579,0.00021244387508707869,0
reap,26,0.0037577684636508164,1.0958487637094714e-08,0.004253112803346254,5.176867041542124e-05,0
reappraisal,29,0.004191357132533603,3.0742708688538836e-07,0.002860670832694811,8.306986162909202e-05,8
rear,27,0.003902298019945079,2.0122473221608788e-08,0.004244564273309365,5.7499694108947497e-05,0
reason,682,0.0985691573926868,0.0004024699868353389,0.028556409736563607,0.00044018367684589007,0
reasonable,267,0.038589391530568,4.570104350174913e-05,0.019410142445468955,0.0002452660832163504,0
reasonably,26,0.0037577684636508164,3.4481486672837506e-07,0.003840008586786521,6.1007519387934836e-05,4
reassessment,26,0.0037577684636508164,2.0218377025782486e-07,0.0033331081411732896,5.835134332729328e-05,5
reassurance,25,0.0036132389073565544,3.9625188501970925e-09,0.0043285515335245986,5.4259715184748524e-05,0
reassure,112,0.016187310304957365,7.882044226371724e-06,0.010971199493975355,0.00013109980764295338,0
rebalance,27,0.003902298019945079,6.016456989276571e-09,0.003926390295632641,4.753267900523671e-05,4
rebalancing,23,0.00332417979476803,2.049521010046709e-09,0.003853205880686505,4.629266486874029e-05,4
rebecca,30,0.004335886688827865,1.528533695547463e-06,0.0018808336217074357,0.00010992609752965569,8
rebound,26,0.0037577684636508164,1.0206275155953177e-07,0.004037586434110169,5.7020900568704834e-05,0
rebuild,26,0.0037577684636508164,1.6772302846582832e-08,0.0039221029931817055,5.16212116975518e-05,0
recalibrate,54,0.007804596039890158,9.424895752643857e-07,0.007069846881221213,8.472973378452887e-05,3
recall,44,0.006359300476947536,1.720298756940883e-07,0.005355870581080401,6.773567275949743e-05,5
recede,26,0.0037577684636508164,8.811738965925121e-08,0.003494269610446534,6.206963109974505e-05,5
receipt,25,0.0036132389073565544,2.6043537633103353e-07,0.0030592526234972583,6.601779065518794e-05,9
receive,828,0.11967047261164908,0.0014591170776450423,0.031648312842953844,0.0005678971869636187,6
recent,468,0.0676398323457147,0.0002586823492726261,0.02460619522218614,0.0003564834862594458,4
recently,290,0.04191357132533603,7.981027971543149e-05,0.019294715347216773,0.0002811284106188597,4
receptor,416,0.06012429541841306,0.00012590252646528605,0.022121411728088153,0.0003177988823231724,5
recheck,22,0.003179650238473768,9.36775849794116e-08,0.0034199692384368607,5.3110639505496475e-05,0
rechecke,48,0.006937418702124584,4.1867517123866185e-07,0.00622109290626143,7.708466355049017e-05,0
reckelhoff,29,0.004191357132533603,1.8090432783436093e-06,0.0013833476599281443,0.0001182598298497376,8
reclaim,98,0.014163896516837693,9.773284468874649e-06,0.009531668809401077,0.0001451677297269921,4
recognise,192,0.027749674808498336,2.287062594789426e-05,0.015016791110489393,0.0001869335808225009,4
recognition,30,0.004335886688827865,2.5447252887203144e-08,0.0043533363813787135,5.4179243995613926e-05,4
recognize,339,0.04899551958375488,0.00011698925562072165,0.02083020649206302,0.0002910390332170225,4
recombinant,28,0.004046827576239341,2.5205351720475137e-08,0.003830237988863787,5.851479691018319e-05,5
recommend,1086,0.15695909813556871,0.0017097705560613129,0.03497178259756264,0.0006538982366065868,2
recommendation,677,0.0978465096112155,0.0006779402000680971,0.02690793917244581,0.00047505220207736754,4
recommendation).5,26,0.0037577684636508164,6.754758524022612e-08,0.0033660767258443533,5.5917429831271094e-05,5
"recommendation).5,39",24,0.003468709351062292,5.479181666180315e-08,0.003569103012401775,5.5566382656385314e-05,4
"recommendation).5,6",27,0.003902298019945079,2.7320098903696898e-08,0.0041556115384094455,5.91650621446606e-05,2
recommendation).75,23,0.00332417979476803,1.759078944409656e-07,0.0034633598609500015,5.6841073474097676e-05,4
recommended5,28,0.004046827576239341,3.659863027901181e-07,0.003836798004829765,6.533219594910238e-05,4
reconfirm,25,0.0036132389073565544,1.3482697402260996e-08,0.003753112378070639,5.3905317643376926e-05,7
reconstruction,28,0.004046827576239341,3.9784060120439183e-07,0.003728822453627093,6.739137261248247e-05,0
record,131,0.018933371874548344,1.7310803606140025e-05,0.012315457013882551,0.0001719341039185784,4
recording,28,0.004046827576239341,8.120621641764166e-07,0.004075764112941233,6.217877801170969e-05,0
recover,164,0.023702847232258996,1.4400863940277765e-05,0.01337886509482285,0.0001551780760117654,0
recovery,272,0.03931203931203931,3.6675705217031605e-05,0.019406639602981043,0.00023234423014559496,4
recreational,51,0.007371007371007371,1.2562556145140912e-07,0.006626283386709034,7.39387501308505e-05,5
recruit,27,0.003902298019945079,1.275463052526701e-07,0.003325042104085514,6.767658413860598e-05,6
rectal,189,0.02731608613961555,2.3634488733113903e-05,0.01416356878431403,0.00018784997347552157,5
recur,44,0.006359300476947536,1.0788243101163725e-07,0.005694103561412653,6.683823976122025e-05,0
recurrence,27,0.003902298019945079,8.794333973763467e-08,0.0038882452769427606,6.491532938441448e-05,6
red,738,0.10666281254516549,0.0007631628741661771,0.02545280446172476,0.0004535702487758981,5
redistribution,70,0.010117068940598353,4.093004253800967e-07,0.007271746876962987,9.10357621845451e-05,3
redmon,30,0.004335886688827865,4.175493163990829e-06,0.0016593575992563169,0.00011027833345534328,8
redness,54,0.007804596039890158,2.9041263901075313e-06,0.006337995556532148,9.482382332433861e-05,2
reduce,1236,0.17863853157970805,0.0021939437886483145,0.03534408472065201,0.0006680543020110538,3
reduced,171,0.024714554126318834,1.0011511763541176e-05,0.013335112934541959,0.00016988018518586688,3
reductase,156,0.0225466107819049,1.9997163430829012e-05,0.012751348551295208,0.00018016571798948455,5
reduction,376,0.05434311316664258,7.295151343881605e-05,0.02097770972453416,0.00027595215837277766,5
redundant,28,0.004046827576239341,1.2900273151049827e-07,0.004089134077517369,5.8858854098803575e-05,5
reevaluate,28,0.004046827576239341,3.018096337043159e-08,0.004391543003408346,5.78942850501086e-05,0
refer,665,0.09611215493568434,0.0004644459979038653,0.02794827348995803,0.0004406516740580007,4
reference,588,0.08498337910102616,0.0006474783341101009,0.027137166291254997,0.0005109792408520769,4
referral,150,0.021679433444139327,9.387753933272997e-06,0.013102393510707156,0.0001567806129371522,4
refine,28,0.004046827576239341,1.2473642713485416e-07,0.0037988765154265635,6.410720214473615e-05,7
refined,81,0.011706894059835236,5.690107948725725e-06,0.007907083130327766,0.0001215343181033852,7
reflect,251,0.03627691862985981,7.671772929755875e-05,0.01751107816808978,0.0002690757222851695,9
reflection,70,0.010117068940598353,2.711519133663622e-06,0.007809653211489844,0.00010284272903315187,0
reflective,45,0.006503830033241798,1.255881985207773e-06,0.005494694430811955,8.331419345042542e-05,4
reformulate,24,0.003468709351062292,7.363891622326698e-08,0.003426232662283883,6.403035312461422e-05,2
reframe,26,0.0037577684636508164,1.5975577339164335e-07,0.0037653213097744585,6.352928866459766e-05,7
refrigerate,29,0.004191357132533603,1.1554348267640268e-07,0.003946431782739694,7.044125215472737e-05,2
refute,26,0.0037577684636508164,2.0083107757184668e-07,0.003665151262452204,6.190510484355719e-05,0
regain,209,0.030206677265500796,1.3746796702414532e-05,0.01579414151507692,0.00018664614540268563,4
regard,143,0.02066772655007949,1.1505627372226678e-05,0.012767375723175878,0.00014768653417805645,0
regardless,150,0.021679433444139327,1.3916857775841996e-05,0.012893235349146652,0.00015642759521192133,3
regenerate,64,0.00924989160283278,2.562093542744675e-06,0.007000212867994466,9.706094992656567e-05,3
regeneration,62,0.008960832490244255,6.642567698687632e-07,0.006847158547020341,8.393034234641496e-05,5
regenerative,130,0.018788842318254083,1.7304525629512113e-05,0.011041132082923389,0.00016498168108666233,4
regiman,92,0.01329671917907212,6.754275016468316e-06,0.010183358010983285,0.00012399030548435907,7
regime,74,0.0106951871657754,2.0302223703443063e-06,0.008544715862526923,0.0001033038862481063,5
regimen,234,0.03381991617285735,2.6533945165058275e-05,0.018715942867532177,0.00022292149911197048,4
region,235,0.03396444572915161,9.482788342584911e-05,0.01685723577201037,0.0002657246777091946,3
regional,49,0.0070819482584188465,3.831999236559415e-06,0.005452894457006569,0.00010514384406960317,9
regionally,29,0.004191357132533603,2.6412909565072332e-08,0.004195257554586133,5.6801368906900674e-05,3
register,207,0.02991761815291227,6.315945498496012e-05,0.013964566346848496,0.00022173643794546838,4
registered,27,0.003902298019945079,2.1230524152709622e-08,0.003551258662390603,5.131233301974276e-05,3
registration,49,0.0070819482584188465,3.295836999637331e-07,0.006804943326877405,8.019006164516555e-05,4
registry,28,0.004046827576239341,5.883581269911127e-07,0.00320685000518953,7.087377191210644e-05,5
regret,28,0.004046827576239341,8.992126492685065e-08,0.004123054478868958,6.232696963770125e-05,4
regul,29,0.004191357132533603,2.714704838631094e-06,0.001410371799202413,0.00011808147737005925,8
regular,774,0.11186587657175892,0.000556428283537542,0.03163629742111043,0.0004659605416840985,4
regularly,355,0.05130799248446307,5.3011520849695355e-05,0.0214276462193721,0.00024578073093620644,4
regulate,554,0.08006937418702124,0.0002497695372181124,0.02426360975815506,0.00038397315916268733,5
regulated,64,0.00924989160283278,1.5336280744311394e-06,0.007185823669819287,9.313331604518212e-05,5
regulation,287,0.041479982656453245,0.00011121916992179519,0.019004515132037637,0.0002643535255442692,8
regulatory,20,0.0028905911258852437,4.658512588304464e-09,0.0034984925392666727,4.8659332342683704e-05,4
rehab,26,0.0037577684636508164,5.042206749103998e-08,0.003710052140983729,5.760609600945873e-05,5
rehabilitation,108,0.015609192079780315,2.3547361591432242e-05,0.008890472116303824,0.00015807844339935797,6
reignite,29,0.004191357132533603,3.902611712498929e-07,0.0039196387213391495,7.265288333328149e-05,9
reimbursement,43,0.006214770920653274,2.0224043419000994e-06,0.005133995832397993,8.781970252747232e-05,4
reinforce,79,0.011417834947246712,3.0031833837077755e-06,0.00846545054329308,0.00011397895282536674,3
reintroduction,28,0.004046827576239341,4.4045409828110764e-08,0.0037636764486287935,5.946048749401311e-05,0
rekindling,27,0.003902298019945079,2.7477267288536107e-08,0.0041262287175971414,5.6744047886537574e-05,3
relate,1087,0.15710362769186298,0.0019445834253537192,0.03376834848797491,0.0006408935521650898,9
related,164,0.023702847232258996,1.4292552119798458e-05,0.012774675112437088,0.00016358948474091617,3
relation,52,0.007515536927301633,1.0549490684344902e-06,0.006490908365642195,8.153927348962379e-05,3
relationship,546,0.07891313773666715,0.0004924460289730914,0.026250256509906904,0.0004480397438232818,3
relative,225,0.03251915016620899,3.73114912001631e-05,0.016962906814340428,0.0002253697870369948,4
relatively,228,0.032952738835091776,3.383374452773072e-05,0.017829633439524935,0.0002189128001993105,2
relax,96,0.013874837404249168,7.412427785727744e-06,0.009348786904082083,0.00013610564671511424,7
relaxation,154,0.022257551669316374,1.5221865517220957e-05,0.013022510285054422,0.0001648827487761391,4
relaxed,20,0.0028905911258852437,5.358852824102721e-09,0.002890503544871154,5.2773615847875684e-05,4
relaxing,22,0.003179650238473768,9.283149182818525e-09,0.0033890917507185237,5.351353619183293e-05,4
release,640,0.0924989160283278,0.0004725660608340662,0.02543795290642792,0.00044048907822056817,5
relevance,46,0.00664835958953606,6.827923934399558e-07,0.006128153458964885,9.107389589171806e-05,6
relevant,129,0.01864431276195982,2.8543795811537505e-05,0.011211527823295767,0.00017125259356551704,4
reliability,77,0.011128775834658187,2.9801506078776578e-06,0.008611416496101766,0.0001165767411148558,6
reliable,280,0.04046827576239341,0.00010543576944336034,0.019760320019338716,0.00027814377191347954,4
reliance,28,0.004046827576239341,8.385876003156063e-08,0.003988313202550343,5.586618935955547e-05,3
relie,26,0.0037577684636508164,3.763785307990736e-08,0.00359565988278752,6.122809714700373e-05,4
relief,288,0.04162451221274751,3.7713402728367856e-05,0.01955867791108876,0.00023271090102833637,0
relieve,216,0.03121838415956063,3.026219097506407e-05,0.014792516472204139,0.00018178834353876143,4
reliever,25,0.0036132389073565544,9.059731077049419e-09,0.0036281100297805035,5.0888236103565184e-05,5
religion,29,0.004191357132533603,1.2719701443405594e-07,0.004233932307572312,6.779152969158357e-05,3
reluctance,30,0.004335886688827865,2.1126447757251488e-07,0.004486035421700488,6.569539596089625e-05,4
rely,163,0.023558317675964734,1.9945569839565206e-05,0.014130049683062992,0.00017586771036921087,0
remain,444,0.06417112299465241,0.0002814101813510603,0.02514173305910323,0.0003929237901290685,6
remained,27,0.003902298019945079,8.365823799029072e-08,0.003614459798151979,5.918595547212153e-05,6
remains,30,0.004335886688827865,1.2078994157787852e-07,0.004210648928619613,6.348108145316752e-05,4
remarkable,29,0.004191357132533603,1.55349665562031e-07,0.004059129740172874,6.19962271468597e-05,0
remedy,51,0.007371007371007371,3.1957394235054575e-07,0.006044562395999709,7.29136235294251e-05,3
remember,453,0.06547188900130077,0.00018575998773698578,0.025205213051054217,0.0003521765646294687,7
remind,51,0.007371007371007371,4.852132425067469e-07,0.006090979811537252,7.849862671502877e-05,0
reminder,28,0.004046827576239341,3.425762704362726e-08,0.003945011935042077,6.087898247443591e-05,0
remote,28,0.004046827576239341,1.0430951006926598e-07,0.004083877837202741,6.44127848502847e-05,4
remotely,49,0.0070819482584188465,4.503300151586993e-07,0.006705140593646285,8.292896248726199e-05,4
removal,119,0.0171990171990172,1.5248106570480028e-05,0.010905329199627615,0.00016510102797089027,2
remove,264,0.03815580286168521,0.00014595221762228562,0.01604446774076889,0.000258137631059788,2
remuneration,25,0.0036132389073565544,5.6652261120311114e-08,0.004110556542443212,5.792543711288544e-05,4
renal,49,0.0070819482584188465,8.123483591080587e-07,0.0054857531546162,8.718279997388982e-05,5
render,35,0.005058534470299176,6.069026823906254e-07,0.003540790632556451,6.804718435849937e-05,9
renew,289,0.04176904176904177,9.609042240049485e-05,0.019249661204942717,0.00028657860777059026,4
renewal,28,0.004046827576239341,2.5832651165645933e-07,0.0037431073336287547,7.324169962701065e-05,3
renowne,28,0.004046827576239341,3.646826406946767e-07,0.003259805708635686,7.246891662974251e-05,9
renowned,28,0.004046827576239341,5.611670714007645e-07,0.0029058220879291915,8.24327430402798e-05,6
repair,160,0.02312472900708195,1.7065487488958445e-05,0.013083174012761208,0.00017581447057937087,5
repeat,309,0.04465963289492701,9.386516023904437e-05,0.01962333431152397,0.00027074904962980627,4
repeatedly,26,0.0037577684636508164,2.230415653390772e-07,0.0035484942639313105,5.586761594653317e-05,5
reperfusion,30,0.004335886688827865,5.7308014643084145e-06,0.001959811675865387,0.00010622625775169818,8
replace,332,0.047983812689695045,4.4675324067923824e-05,0.019130652773541576,0.0002332624277672917,2
replacement,1684,0.2433877727995375,0.004927387114949298,0.03565614943341567,0.0008261646103452613,4
replenish,117,0.016909958086428676,2.144111226065587e-06,0.010385993006762871,0.00011555752101436249,3
replicate,52,0.007515536927301633,6.696107614601142e-07,0.006763970502085584,8.743190913508289e-05,4
report,734,0.10608469431998843,0.0008250347423814111,0.03139817205195278,0.0005338260115615901,2
reporting,79,0.011417834947246712,5.633065789847132e-06,0.008410869734955213,0.000126780955611662,6
represent,224,0.03237462060991473,7.492831730474824e-05,0.01743970070953721,0.000256820922359153,4
representation,79,0.011417834947246712,1.2936117647493543e-05,0.007466456295874897,0.000131172808951089,2
representative,43,0.006214770920653274,9.355688911783857e-07,0.005237306762763463,7.92697224517748e-05,4
reproduce,32,0.00462494580141639,1.5957291924018047e-08,0.004522081188166829,5.520163860539353e-05,3
reproduction,124,0.01792166498048851,1.1249854798967412e-05,0.010130107627029147,0.000142247655383913,5
reproductive,504,0.07284289637230813,0.00021561177799894594,0.022018043702422378,0.00034286607906262845,5
republican,75,0.010839716722069664,8.692171580518793e-06,0.00714031677288259,0.00014567508870931182,9
reputable,71,0.010261598496892614,1.7935217526943872e-06,0.008099807792204516,0.0001000830923952259,4
reputation,22,0.003179650238473768,3.148859630055332e-08,0.002776048728641341,5.1209993142808285e-05,3
request,235,0.03396444572915161,3.430674797145469e-05,0.01606521045492786,0.00020649862537842792,4
require,1109,0.16028327793033675,0.0014573679725451345,0.03916223183744393,0.0006606001600218471,4
required,46,0.00664835958953606,1.9106029633055975e-07,0.00555225408526058,6.831890603992874e-05,4
requirement,194,0.028038733921086863,1.672669110494816e-05,0.016302009887722207,0.00019116061592556745,2
research,1090,0.15753721636074577,0.003424936092047485,0.036052610792569745,0.0007913250108166207,6
researcher,565,0.08165919930625813,0.0005233293156140665,0.025569968945737834,0.0004266825653319234,6
resection,25,0.0036132389073565544,1.0968341088368205e-08,0.003966417187367804,5.281320757950946e-05,4
resemblance,26,0.0037577684636508164,1.0735791636153539e-08,0.003666075155449482,4.9347039152656954e-05,0
resemble,27,0.003902298019945079,2.983721511017026e-08,0.0036024602734558145,5.533376702515607e-05,3
reserve,53,0.007660066483595895,4.7128367834778535e-07,0.005915336598245414,7.975269651364871e-05,3
reset,28,0.004046827576239341,8.646870128383834e-08,0.0041013303136421325,6.404005606439281e-05,5
residency,55,0.00794912559618442,3.2689768322315756e-06,0.005815772887158164,0.00010714741629367848,0
resident,53,0.007660066483595895,1.5684233664185323e-06,0.006460739680221059,9.269262100634541e-05,9
resilience,48,0.006937418702124584,1.1278083940340969e-06,0.006011412084264794,9.213438366892645e-05,4
resilient,51,0.007371007371007371,1.3145186386766702e-06,0.006405847253646864,9.66125509374162e-05,4
resistance,352,0.05087440381558029,0.00010670765510205498,0.020199025517164453,0.0002850979131116257,5
resolution,72,0.010406128053186877,5.487915457744777e-06,0.007594804205021047,0.0001175625020627803,4
resolve,241,0.034831623066917186,5.0078811450924775e-05,0.01699552755720897,0.00022900608966092972,5
resonance,30,0.004335886688827865,2.6550105698279287e-06,0.002697984001305952,9.113735187867441e-05,8
resonate,29,0.004191357132533603,1.468975464677149e-07,0.00410043127963443,6.574540207521118e-05,3
resort,83,0.011995953172423761,1.182262259208729e-06,0.010045819871861934,0.00010616362352579636,4
resource,218,0.03150744327214915,4.7723461633069346e-05,0.016928280952454054,0.00022891879267387057,4
respect,95,0.013730307847954907,8.83509612080543e-06,0.009941105147067062,0.00014107143216284188,6
respectful,16,0.002312472900708195,1.0409684095513953e-08,0.001700229078099118,5.037954774973827e-05,4
respectively,93,0.013441248735366382,5.135217078993733e-06,0.009503749040898008,0.00013338639905982375,2
respiratory,45,0.006503830033241798,3.0692140192892998e-06,0.004434827912542197,9.505728809539716e-05,5
respond,492,0.071108541696777,0.0001963072497174586,0.02675619175561688,0.00037078563920125046,4
response,688,0.09943633473045238,0.0004676862909958335,0.02997200490882373,0.00045846216255495867,3
responsibility,108,0.015609192079780315,1.9799797785128237e-05,0.01051866929834031,0.00015312210525140896,4
responsible,419,0.06055788408729585,0.0001415037121764861,0.02103672484340063,0.0003240661074215783,5
responsive,39,0.005636652695476225,2.167404054415354e-06,0.004003250483844007,7.825879483359745e-05,7
rest,387,0.05593293828587946,0.00016203565701189787,0.0233612904151256,0.00034288690600825663,0
restart,169,0.024425495013730307,6.196924601600287e-06,0.012835165752862069,0.0001443712702932419,5
restaurant,22,0.003179650238473768,9.25188406354228e-08,0.0024304707744819804,7.457595562517275e-05,0
restful,97,0.014019366960543431,3.611536151605668e-06,0.009163487875723271,0.00010721495316415846,0
restlessness,28,0.004046827576239341,5.431806160670414e-08,0.003942281625695448,6.349774531749997e-05,3
restoration,118,0.017054487642722937,2.0139851500826976e-05,0.010822319427638442,0.00014331735021021324,3
restorative,149,0.021534903887845066,1.1488587529381944e-05,0.012731278911220558,0.0001578723388758825,7
restore,560,0.08093655152478682,0.0001812954799538653,0.025417346795210485,0.0003565224384694726,4
restrict,85,0.012285012285012284,3.3009007729063713e-06,0.008877706262264586,0.00011604469307956515,2
restriction,96,0.013874837404249168,2.218057209813058e-05,0.008851851501494977,0.00013211938844818856,4
restrictive,50,0.007226477814713109,6.828757523925488e-07,0.006587106778202961,8.344124096835308e-05,4
resubmit,39,0.005636652695476225,7.832833800770127e-08,0.005144157709659249,6.780772587686366e-05,4
result,1810,0.26159849689261455,0.006275390439813495,0.04064649273699532,0.0008911578915862592,6
resultant,38,0.005492123139181963,2.8041930655988644e-07,0.0047786708107660815,6.049931235971636e-05,3
resume,30,0.004335886688827865,5.212383749722896e-08,0.004312641065494781,6.157586908919133e-05,4
resurface,22,0.003179650238473768,2.1629183865851253e-08,0.00311530418380979,5.2666273296321284e-05,4
retain,69,0.009972539384304091,1.0221213260220364e-06,0.007899294326401435,9.811327061446102e-05,2
retention,225,0.03251915016620899,2.5393101537511915e-05,0.01566812997126778,0.00020166145554249544,5
reteste,24,0.003468709351062292,2.7327520589621797e-09,0.0035045024590289442,4.641413142916236e-05,3
rethink,28,0.004046827576239341,5.151868109377676e-07,0.0035124551611103332,7.124745141922382e-05,7
retina,25,0.0036132389073565544,2.3036641207327457e-07,0.0037165327421140627,5.681727974333597e-05,5
retired,28,0.004046827576239341,5.244835245264675e-07,0.003550531807689401,7.182736911482824e-05,7
retrograde,42,0.006070241364359011,4.2782866625828403e-07,0.004947726710669909,7.652993184814418e-05,5
retrospect,51,0.007371007371007371,3.632534895939887e-07,0.006737323454467976,8.208177618328552e-05,0
retrospective,126,0.018210724093077033,1.7589658549419648e-05,0.011088220504120026,0.00017757522241472777,6
retrospectively,25,0.0036132389073565544,1.70807140112251e-07,0.0037812904268329736,5.9838240195473014e-05,0
retry,19,0.0027460615695909813,4.001243677027549e-08,0.002356122690247061,4.719165057889561e-05,0
return,362,0.052319699378522905,7.698088035753999e-05,0.02209523170950793,0.00027226698605912244,2
reuptake,24,0.003468709351062292,2.555483249474505e-07,0.002941354821307536,6.0215197023724326e-05,3
reuse,26,0.0037577684636508164,2.0810063968863853e-08,0.0037546475998929975,5.7478304812084015e-05,2
reveal,169,0.024425495013730307,2.5315237107810735e-05,0.013394850377116274,0.0001798799224455602,6
reversal,86,0.012429541841306548,4.343015090323073e-06,0.008534642751841216,0.00010993232893086528,0
reverse,287,0.041479982656453245,2.962386962723339e-05,0.017854667472172746,0.00022092584880684045,4
reversible,238,0.0343980343980344,3.822007609747666e-05,0.01676042160288514,0.0002231120929006158,4
revert,27,0.003902298019945079,2.5754018197665687e-07,0.003116810715591603,6.898159971501885e-05,5
review,989,0.1429397311750253,0.002296010174775948,0.034655834665815566,0.0007472027855707853,4
reviewer,36,0.005203064026593439,6.284981475919087e-06,0.0032849071175156393,9.724268565533564e-05,7
revise,30,0.004335886688827865,4.261313028358363e-08,0.0044687488837849105,6.620636492555808e-05,6
revitalize,30,0.004335886688827865,5.221414283959578e-07,0.003650119529653657,7.275593328657905e-05,4
revolutionary,29,0.004191357132533603,4.208006211288432e-08,0.00440801141900163,6.502433205291429e-05,4
reward,213,0.030784795490677842,3.118473063749246e-05,0.017672437020790032,0.00021521888930002052,4
rewarding,29,0.004191357132533603,5.292856694158047e-08,0.004362340244851079,6.372274026605322e-05,5
rheumatic,26,0.0037577684636508164,3.945355805631492e-07,0.0031601726920782404,6.401129491879725e-05,5
rhinorrhea,25,0.0036132389073565544,7.237584745432858e-08,0.003791286871304389,6.349414753149491e-05,2
rhode,24,0.003468709351062292,1.6185383508566468e-07,0.0026821354956991926,7.229388911432414e-05,9
rhythm,145,0.020956785662668016,1.3528898283933089e-05,0.012843038231593627,0.00015928215520027902,2
rhythm.181,25,0.0036132389073565544,6.703391657776618e-08,0.0035997824345260906,6.196276658317443e-05,2
rhythmical,52,0.007515536927301633,1.810208278348711e-06,0.006703008572960202,9.49969913978446e-05,3
rice,72,0.010406128053186877,2.187742325938952e-05,0.006529146269928555,0.0001330469358989053,7
rich,250,0.03613238907356554,9.58259014845276e-05,0.016924009452460916,0.0002614095574242509,3
richard,30,0.004335886688827865,1.3654481336005649e-06,0.0009617958027914269,0.00012210869107457116,6
ride,22,0.003179650238473768,1.0000652634035122e-08,0.003159993373070481,4.94704617587497e-05,0
right,1066,0.15406850700968347,0.0019168556225527419,0.035206929628487545,0.0006681243248592651,0
rigorous,54,0.007804596039890158,1.186097970678942e-05,0.005491185400831767,0.00010885458335286551,8
rigorously,24,0.003468709351062292,9.486506678900948e-09,0.003429358866356383,5.458569349532571e-05,4
ring,55,0.00794912559618442,2.086816314719735e-06,0.0058839413450436215,9.257424992813763e-05,2
rip,24,0.003468709351062292,6.834418215740723e-08,0.0035296043821620624,5.514492123887327e-05,0
rise,541,0.07819048995519584,0.0002534844417775053,0.027927376802508178,0.00041462077066057944,3
risk,1945,0.2811099869923399,0.009503960900414755,0.03967248842967236,0.0009989681361480954,6
"risk,233",25,0.0036132389073565544,8.217732834695935e-07,0.003126365811130158,6.621418349749038e-05,6
risk.373,23,0.00332417979476803,1.6350851577969248e-07,0.0029475453384651667,6.609082914118424e-05,6
risky,58,0.008382714265067205,3.3429736650892985e-06,0.006662331742109683,0.0001070286511147666,3
rita,30,0.004335886688827865,3.7223903399019443e-06,0.003144598424120033,8.26181551972218e-05,7
ritual,28,0.004046827576239341,1.8820396117327134e-07,0.003969622788625245,6.967858402369321e-05,7
river,53,0.007660066483595895,6.241111331892314e-06,0.004832535844000064,0.00012173359032538992,9
roaccutane,26,0.0037577684636508164,5.520352906432821e-08,0.0037078313730175842,6.123690371551854e-05,2
road,172,0.024859083682613095,9.771772469889593e-05,0.012957329502347018,0.0001991728494576737,9
robert,106,0.01532013296719179,0.0002285537401094907,0.0076982880275021995,0.00020522659529546709,8
robertson,54,0.007804596039890158,9.792375924760022e-06,0.004648210037461627,0.0001011282422138867,8
robotic,52,0.007515536927301633,9.444217732546007e-07,0.006422931167609369,8.989358592446189e-05,4
robust,176,0.025437201907790145,1.8629472226794947e-05,0.015207259128973187,0.0001835398944746069,3
robyn,14,0.0020234137881196706,3.952435597801029e-07,0.0016646464451344851,5.704569732534011e-05,7
rochester,132,0.019077901430842606,0.00011531519638399964,0.009132508928111559,0.000211829706770441,9
rock,29,0.004191357132533603,2.2603014627501934e-08,0.004314946595949586,5.479398993657319e-05,7
rod,29,0.004191357132533603,4.2241075825713944e-07,0.00394772036919402,6.847890330147675e-05,2
rodrigo,29,0.004191357132533603,1.080584839126267e-05,0.0011403525219211936,0.00011820648202828189,8
rodriguez,27,0.003902298019945079,6.268858603151723e-07,0.0020417020593500954,9.578103905497042e-05,8
rogers,121,0.017488076311605722,5.629926001640154e-06,0.010296052418324333,0.000128053382693874,0
role,737,0.10651828298887123,0.0007462005784947701,0.02773151346084562,0.0004596884675205744,3
roller,24,0.003468709351062292,1.5508006186119298e-08,0.0035347665195062284,5.458731256470987e-05,2
rollercoaster,29,0.004191357132533603,5.914876502898885e-08,0.004139302297173976,5.959926565213321e-05,5
roman,29,0.004191357132533603,4.028627372859034e-07,0.0045757867818531335,6.380558344051143e-05,0
ronald,82,0.011851423616129498,0.00010124265464011998,0.004495505343648877,0.0002162340396108682,8
ronde,28,0.004046827576239341,2.898841252339737e-07,0.003706543063884569,6.560115654170015e-05,8
roof,51,0.007371007371007371,1.6171662557436954e-06,0.006151819943879609,8.70001479553734e-05,0
room,168,0.024280965457436045,3.5715500074407386e-05,0.014069607360411126,0.00021011870073230746,0
roosevelt,65,0.009394421159127041,9.416935795369648e-07,0.007276698737140921,8.992681129145766e-05,0
root,136,0.019656019656019656,9.066394021309421e-06,0.011733268508021808,0.00013582062413629493,4
rosen,49,0.0070819482584188465,6.211196263625143e-06,0.003762293144370502,0.00010912053480399524,8
rotate,48,0.006937418702124584,1.247377518360403e-07,0.006264937965532606,7.689985041730859e-05,2
rouge,29,0.004191357132533603,6.307165080713134e-07,0.002411086336792278,8.996773458261715e-05,9
rough,45,0.006503830033241798,5.235234909472097e-07,0.005729195960234464,6.497473451991378e-05,3
roughly,107,0.015464662523486054,5.086241812387305e-06,0.010786807648733441,0.00013026824785319455,2
rounded,29,0.004191357132533603,2.3648829260941612e-08,0.004244947955482049,5.485179333346624e-05,6
route,199,0.028761381702558174,2.6789187278027457e-05,0.016007848443003528,0.0001956398407970227,2
routine,444,0.06417112299465241,0.00011850154177648596,0.024450392939418832,0.0003146816857291209,4
routinely,194,0.028038733921086863,2.172004268006222e-05,0.015242598869636463,0.0001893576255583921,4
rrr,37,0.0053475935828877,5.115662278338257e-07,0.0045987414311952236,7.206442616549635e-05,6
rtcs,23,0.00332417979476803,3.514169396361042e-08,0.003446535215630227,5.5688110507105324e-05,2
rub,147,0.02124584477525654,1.1669905228844415e-05,0.012542403402727418,0.00016359846512787026,2
rubber,43,0.006214770920653274,6.207818149861507e-07,0.005359657344076425,7.708335920116429e-05,2
ruisheng,29,0.004191357132533603,1.4916335971499446e-06,0.001335192201179253,0.00011968235891772194,8
ruiz,29,0.004191357132533603,1.0717240945137009e-05,0.0011667130100824167,0.00011679122442262081,8
rule,318,0.04596039890157537,4.38424975889928e-05,0.018145100334769643,0.00023182087786439634,5
run,405,0.05853447029917618,0.00018403366342647625,0.023272991107264846,0.00034889487119085495,0
running,29,0.004191357132533603,8.170649532314622e-08,0.004001106220067796,6.573010744431581e-05,3
runz,13,0.0018788842318254082,9.67516849812479e-10,0.001702119778285564,4.213510127636478e-05,5
rural,29,0.004191357132533603,2.427877702955386e-07,0.0038320366022084316,7.224581859270879e-05,9
rush,45,0.006503830033241798,4.435275455911657e-07,0.005729786870087296,7.769875043066397e-05,2
ryan,57,0.008238184708772944,0.0001696276723787018,0.004470484553653849,0.00014058037032000858,6
s.e,30,0.004335886688827865,3.2523250536282917e-06,0.002292940652449746,9.25908778626977e-05,8
s.l,30,0.004335886688827865,1.3874513550442726e-06,0.0025746896709065614,9.809946062255426e-05,8
saad,28,0.004046827576239341,1.6228697012037998e-07,0.00344643766422871,7.027661773478587e-05,8
saalu,30,0.004335886688827865,1.0824781323825994e-06,0.0033542350140310395,7.778798623719675e-05,8
sabotage,26,0.0037577684636508164,9.699824477342359e-08,0.0036471421845647367,5.930604399920565e-05,7
sabrina,13,0.0018788842318254082,4.707087576117103e-09,0.001513749801481065,4.975734377520091e-05,7
sachet,50,0.007226477814713109,8.302191423617232e-06,0.004660645767389897,0.00010937263247354264,2
sacrifice,25,0.0036132389073565544,1.5805710100568843e-07,0.0037555484423584477,6.321893592127747e-05,7
sad,66,0.009538950715421303,2.0853088732943034e-06,0.007314946296038232,9.631790153382865e-05,3
sadness,87,0.012574071397600809,2.4565871446892246e-06,0.008894478182003855,0.00011374342098604934,3
safe,852,0.12313918196271137,0.0007511035711136066,0.03288875062541904,0.0005334955915949329,0
safely,320,0.0462494580141639,0.00010554582175042348,0.02057179142098385,0.0002795108581910036,4
safety,639,0.09235438647203353,0.0005112194532182514,0.02971385617536144,0.00048501884254073644,4
safety.30,28,0.004046827576239341,3.663464038495484e-08,0.004702739452194816,5.973263746222907e-05,2
saint,39,0.005636652695476225,3.268842777806638e-06,0.003915247476262577,8.27029830347403e-05,6
salad,70,0.010117068940598353,1.9805079808739886e-05,0.006910062752290154,0.00012004499955049662,7
sale,51,0.007371007371007371,1.134080530244146e-06,0.006080077608210523,8.533769607120701e-05,4
saliva,26,0.0037577684636508164,5.318817951611698e-08,0.0037317549272530177,5.6566651424876484e-05,2
salivary,25,0.0036132389073565544,9.082030241760229e-08,0.0035205411623769186,5.7676151620491615e-05,7
salmon,52,0.007515536927301633,1.0758250171799991e-05,0.004562337418156476,0.00012595204265325729,7
salonia,46,0.00664835958953606,2.3443471547327414e-06,0.004746807450961859,9.863515289975973e-05,5
salt,83,0.011995953172423761,2.4837876686170192e-05,0.007375520669025132,0.00014205207870909362,0
samplaski,105,0.015175603410897529,4.560468679213333e-06,0.01051039629416575,0.00013733387564572003,0
sample,417,0.06026882497470733,0.00024669173679486617,0.02134116632275014,0.00034840811291196437,4
san,62,0.008960832490244255,1.3278082225378232e-05,0.005546209867938339,0.00013431656940103754,6
sandeep,68,0.009828009828009828,1.86725988696599e-05,0.006116523112233525,0.00012264968441275586,6
sandya,29,0.004191357132533603,1.751605700360857e-06,0.002541192450511405,9.633197130539158e-05,6
sara,24,0.003468709351062292,1.260725094102563e-07,0.00315719335371074,5.893310992713131e-05,6
sarcoidosis,87,0.012574071397600809,5.201203251106162e-06,0.008068461348746283,0.00012366491748382467,5
sarcopenia,54,0.007804596039890158,2.167741962242745e-06,0.0058584966442961775,9.254716696749835e-05,3
sardine,62,0.008960832490244255,5.746232970691574e-06,0.006206963814981584,0.00011241207115101259,7
sather,28,0.004046827576239341,3.2900320545732286e-06,0.002902828247453748,7.98480146164945e-05,7
satisfaction,124,0.01792166498048851,9.380681938024985e-06,0.011404051271490115,0.00013516407717993636,2
satisfactory,62,0.008960832490244255,1.0200077552319416e-06,0.007452287571129583,8.796918895547651e-05,3
satisfied,25,0.0036132389073565544,3.717864075713278e-07,0.0036808443640248475,5.874710723471609e-05,4
satisfy,54,0.007804596039890158,7.938243806971719e-07,0.006989667705067735,8.467626737460336e-05,4
saturate,114,0.016476369417545888,1.2180408302498625e-05,0.010657988500307386,0.00015674754823783994,7
sauna,23,0.00332417979476803,3.2902157002126566e-07,0.0028943895569717147,5.768400395974178e-05,5
saunder,29,0.004191357132533603,3.7402028630678653e-07,0.002728264856637252,8.511144777732716e-05,8
sauté,59,0.008527243821361469,1.5062625102297101e-05,0.005163166231430439,0.00011966461224089231,7
save,108,0.015609192079780315,5.764323566701919e-06,0.010446648098533868,0.00013158738556942961,4
sawgrass,23,0.00332417979476803,4.092108231628542e-07,0.002592846753164557,7.115539666015579e-05,9
saya,26,0.0037577684636508164,9.062439449669085e-09,0.003924904913708993,5.291508650036037e-05,4
scale,123,0.01777713542419425,1.049470196147994e-05,0.01101584374410684,0.00014692234470837752,4
scalp,126,0.018210724093077033,8.37144817816255e-06,0.010979990059977147,0.00014370832170891828,5
scan,169,0.024425495013730307,1.4462609299380742e-05,0.01329005027719944,0.00016803174621224013,5
scanner,43,0.006214770920653274,7.304621544298079e-07,0.005853839401173904,8.411457861553869e-05,4
scanning,29,0.004191357132533603,5.216436441740903e-07,0.003993638559084237,6.99743878563566e-05,5
scar,107,0.015464662523486054,2.7378427206033635e-05,0.009950417046359168,0.00015325748691479964,2
scarring,28,0.004046827576239341,7.631871718357961e-08,0.003679826919971943,6.009683048851326e-05,5
scd,28,0.004046827576239341,3.225121280463295e-05,0.0016431511931682024,0.00010264332406666102,8
scenario,105,0.015175603410897529,4.400233908122362e-06,0.011455626758369919,0.00012932333063627458,4
scentless,26,0.0037577684636508164,3.6445300837662173e-07,0.0034915813558960684,7.026670384932067e-05,2
schedule,412,0.059546177193236016,0.00016773928754367634,0.022115984614335234,0.00032575205305801025,4
scheduling,18,0.0026015320132967193,2.1035499441547563e-07,0.001626870253329238,6.217455507936458e-05,4
scheme,26,0.0037577684636508164,1.6824645263559463e-07,0.0033207774966982086,6.672888831643765e-05,5
schizophrenia,17,0.002457002457002457,9.137637987986099e-08,0.0021933146711376715,5.509221502870156e-05,7
scholarship,28,0.004046827576239341,5.613689774038977e-07,0.0025520283680034663,9.16525267887258e-05,6
school,322,0.04653851712675242,0.00033544379274704026,0.01782096288107577,0.0003776007201393888,6
schwarzenegger,25,0.0036132389073565544,1.8726408628807746e-08,0.004048492458934458,5.607521857375425e-05,0
scialli,30,0.004335886688827865,5.411155812333643e-07,0.0024841618470275964,9.406657469053567e-05,8
science,379,0.05477670183552537,0.0005233723219647801,0.020017300883688065,0.0004257522122345832,6
sciences,63,0.009105362046538517,2.8934788686910666e-06,0.006781334434242839,9.652477908020402e-05,0
scientific,298,0.04306980777569013,0.00037869168196904483,0.01608025469328522,0.0003779688909154499,6
scientifically,45,0.006503830033241798,6.491778262791244e-07,0.0057017771981847706,7.503507378647148e-05,0
scientist,137,0.019800549212313917,1.2438477505992602e-05,0.011067722040962154,0.00015115010302869713,0
sciex,27,0.003902298019945079,1.796172881915641e-07,0.002345316461817368,8.961905356189282e-05,6
scope,103,0.014886544298309004,1.559941282421205e-05,0.008555057118447191,0.00012847538595589451,0
scopus,24,0.003468709351062292,6.715941941946738e-08,0.003064181321445831,6.63560615688046e-05,4
score,154,0.022257551669316374,1.991688487271329e-05,0.011865596287776668,0.0001819938732373308,3
"score.13,20",29,0.004191357132533603,5.58912160002981e-08,0.0040049578325333625,6.533802207001501e-05,3
scot,651,0.09408874114756467,0.0005344135905508206,0.02688910801901208,0.0004836649196886832,0
scott,503,0.07269836681601387,0.0006287808257353509,0.022435527877682097,0.0004354261455094819,0
screen,486,0.07024136435901142,0.00038247963082047487,0.022998444076730684,0.00039353219738724857,8
screened,23,0.00332417979476803,2.7894963034577196e-08,0.003200509537780058,5.360542631695038e-05,0
screening,518,0.0748663101604278,0.00037459099911837744,0.024686295018537623,0.00041480519402675665,1
scripps.org,23,0.00332417979476803,9.149374691217403e-09,0.00350757001591531,4.932428526744925e-05,5
script,82,0.011851423616129498,5.253855226839012e-06,0.008579321205048913,0.00011775007830793436,3
scrotal,25,0.0036132389073565544,8.770576355010221e-07,0.0027222141404085708,7.478906517145544e-05,2
scrotum,204,0.029484029484029485,6.090131526836363e-05,0.015040110362475543,0.00021628016149347764,5
sculpt,28,0.004046827576239341,5.6918747410344605e-08,0.003983866908156274,6.166518806083493e-05,3
sdna,25,0.0036132389073565544,1.6050966539729238e-06,0.0021158052639433486,8.558223918183845e-05,10
seafood,49,0.0070819482584188465,1.612165222314469e-05,0.005025026808483602,0.00010513921884389748,7
seamless,73,0.010550657609481139,3.001442852734367e-06,0.008760998215747778,0.00010570828856368967,4
search,483,0.06980777569012864,0.000443926093250781,0.024766886630635556,0.00045675505347194116,4
seared,27,0.003902298019945079,4.008822023789034e-07,0.0022622914688416374,8.545138963761746e-05,7
sears,40,0.005781182251770487,7.096137500605338e-07,0.0042886002674235105,8.289916347319965e-05,0
seattle,124,0.01792166498048851,2.9532657877026548e-05,0.011483599863327415,0.00018095800576247074,0
sebaceous,72,0.010406128053186877,6.435037463605122e-06,0.007670429320347923,0.00011836521637513029,7
sebum,89,0.012863130510189334,3.7265477584909975e-06,0.009009568389902833,0.00012095780927276335,2
second,52,0.007515536927301633,2.0607936815546046e-06,0.006289064774222079,0.00010198494916308308,2
secondary,547,0.07905766729296142,0.0003187828129917385,0.022381422229320005,0.0003685801547850532,5
secondly,25,0.0036132389073565544,1.4138949910602838e-08,0.0037080334794327495,4.845198483567291e-05,0
secret,28,0.004046827576239341,1.397718986329964e-08,0.0046735791535990915,5.79271260559595e-05,0
secrete,150,0.021679433444139327,8.062331225873123e-06,0.011469279277208642,0.00014714480281539921,5
secretion,146,0.021101315218962278,1.0461756510439877e-05,0.011775966931300851,0.00015750112960003472,5
section,158,0.022835669894493423,1.521974095085648e-05,0.01371734805446203,0.00018369731183337347,1
sectional,30,0.004335886688827865,2.981069572717355e-06,0.00261366231287989,8.622257469999347e-05,8
secure,53,0.007660066483595895,1.4742044829380945e-06,0.0065306589572359745,9.254774404866325e-05,4
securely,20,0.0028905911258852437,2.7354259090521856e-09,0.0030109891157505293,5.232078757123033e-05,4
sedative,26,0.0037577684636508164,3.555738101347355e-08,0.0037422247039204802,6.081341766249041e-05,5
sedentary,96,0.013874837404249168,1.151190494128977e-06,0.009485613249079329,0.00010432492672910727,0
seed,72,0.010406128053186877,3.5251261963000796e-05,0.006186094430550429,0.000133006350774543,7
seek,680,0.09828009828009827,0.00037660716160159446,0.030928965272133863,0.0004729158751374078,0
seesaw,24,0.003468709351062292,7.571909580208535e-08,0.0029221006468006447,6.419628950582465e-05,3
segue,24,0.003468709351062292,4.008591314766221e-08,0.0032521047338219004,5.388923422184321e-05,0
seldom,24,0.003468709351062292,1.078524298817745e-07,0.0035253836655512348,5.4750707783980164e-05,4
select,379,0.05477670183552537,0.00012768823210685185,0.02285859849982696,0.00030472926896411335,4
selection,49,0.0070819482584188465,8.145713389068646e-07,0.006169809119066853,8.436368926248753e-05,0
selective,163,0.023558317675964734,1.7534899313146154e-05,0.01289085830740419,0.00017476541219861146,5
selenium,55,0.00794912559618442,2.8413669251539463e-07,0.006516962584112635,7.967399889797148e-05,7
self,584,0.08440526087584911,0.0003089970916671947,0.027240131649429088,0.0004028847852784637,2
sell,184,0.02659343835814424,1.8680452173841807e-05,0.016180907301659192,0.00020061690573969226,0
semaglutide,63,0.009105362046538517,1.162336634847726e-06,0.006844943354869062,9.223625566523128e-05,5
semen,200,0.028905911258852435,1.9939720245085283e-05,0.014485902145915604,0.0001817513061640474,5
semi,20,0.0028905911258852437,4.6325239887120985e-07,0.001990833802272606,7.061572349546344e-05,0
semirigid,22,0.003179650238473768,1.4068378268306002e-07,0.003192882881439865,6.110143384534772e-05,2
send,279,0.040323746206099145,4.282276205846303e-05,0.01737949187153848,0.0002308191239449433,5
seneca,22,0.003179650238473768,9.16686733917991e-08,0.0019091269720523992,7.739962795476707e-05,9
senior,110,0.01589825119236884,1.0197242689643844e-05,0.010210573049707797,0.00014159657997597636,6
sensation,49,0.0070819482584188465,1.2693743710206707e-06,0.005751922338707234,8.41716008378624e-05,3
sense,530,0.07660066483595895,0.00029615113158417664,0.025630928509895824,0.00039127227769337087,0
sensible,27,0.003902298019945079,2.0640515723040043e-08,0.004296817067477214,5.8920804257054494e-05,5
sensitise,28,0.004046827576239341,7.323781349177808e-08,0.004178544490217228,6.31395115622978e-05,5
sensitive,212,0.03064026593438358,7.884228226324173e-05,0.015831417170833802,0.00022391844709446392,5
sensitivity,332,0.047983812689695045,9.303175476729773e-05,0.020065399907714516,0.0002715864578774081,5
sep,49,0.0070819482584188465,4.906365437980716e-06,0.004387427710873842,9.540293648263527e-05,8
separate,232,0.03353085706026882,3.474816721863803e-05,0.016108900212779328,0.00020311624487853372,2
september,118,0.017054487642722937,5.246525645291826e-05,0.010162293683060823,0.0001765019410698118,0
sera,30,0.004335886688827865,3.453469900119766e-07,0.0036684004758632577,7.651831652735888e-05,4
serge,30,0.004335886688827865,2.2569489796438183e-05,0.0018766537834380656,0.00010466744523264718,6
series,155,0.02240208122561064,3.515896414472279e-05,0.013541529017116371,0.0001983320594483525,4
seriously,92,0.01329671917907212,2.7358911003041228e-06,0.009275688358584732,0.00011643934794012207,0
serm,141,0.020378667437490967,1.074446410220257e-05,0.012364547214695718,0.00015966654774969704,5
sermorelin,47,0.0067928891458303225,1.7075261287371042e-06,0.005557489427466618,9.491600643323147e-05,4
serotonergic,28,0.004046827576239341,2.7214179568586084e-07,0.003718532874433677,6.70573655377789e-05,3
serotonin,117,0.016909958086428676,6.324320484040349e-06,0.00987490657163249,0.0001315178981475966,3
sertoli,22,0.003179650238473768,1.1799053389014425e-08,0.0029146368177670706,5.1707328535067205e-05,5
serum,670,0.09683480271715565,0.0006243817630314002,0.028302329682858847,0.0005016972224648917,4
serve,285,0.04119092354386472,0.000142171517536377,0.019312850968120472,0.0003057606358023643,4
service,483,0.06980777569012864,0.0005737571049878286,0.023550076446157694,0.0003975858883810418,4
serving,28,0.004046827576239341,2.0347833136872456e-07,0.0033737010679451337,7.371572335504482e-05,7
session,138,0.019945078768608182,2.2501371859404594e-05,0.012280987228303808,0.00015927323856907165,7
set,382,0.05521029050440815,0.00022979441370189318,0.022871101111862555,0.00032363197172260565,0
sethi,25,0.0036132389073565544,8.624941002681479e-08,0.0034917213065330387,5.9157365664896924e-05,4
setting,163,0.023558317675964734,1.7273839829379175e-05,0.014546684629208155,0.00016722064350811609,4
settle,55,0.00794912559618442,3.0237726914669526e-06,0.0068033422457499495,0.00010012523019018074,0
severe,563,0.0813701401936696,0.0003320055624707118,0.025388092912710724,0.00040494196508869556,0
severely,82,0.011851423616129498,1.174582119458048e-05,0.007657227922014548,0.0001294780782737812,0
severity,167,0.024136435901141784,1.7810757871839383e-05,0.014365873204339602,0.0001693567040302649,4
sex,1312,0.18962277785807197,0.0028001795100902316,0.029411052982383452,0.0006524327298673,3
sexual,1514,0.21881774822951294,0.004979817741522502,0.035814070714066566,0.0008413088530274299,3
sexuality,52,0.007515536927301633,1.3056751779182043e-05,0.004805449103794849,0.00012912561584018764,8
sexually,205,0.029628559040323747,6.844976102193031e-05,0.015446246194533574,0.0002318967055249101,5
sexy,29,0.004191357132533603,6.022103513701017e-08,0.004171490714885391,6.4339564940162e-05,5
shabalin,28,0.004046827576239341,2.5082307427176913e-06,0.002129214956212443,9.847435329723869e-05,6
shade,25,0.0036132389073565544,5.092315823949352e-08,0.0036962078947014756,6.13517565975171e-05,1
shadow,27,0.003902298019945079,1.2927824806822383e-08,0.0039555531430086706,5.12650078362715e-05,3
shady,25,0.0036132389073565544,2.104640346492629e-08,0.003704429498072943,6.21063949066241e-05,4
shadyside,19,0.0027460615695909813,8.863620587634913e-09,0.0022842681565197536,5.883077973366055e-05,9
shah,65,0.009394421159127041,1.1055429160305439e-06,0.006719279075254517,9.050304532593819e-05,6
shalender,26,0.0037577684636508164,4.8767741414432885e-06,0.0020683774585486445,8.136982668148184e-05,8
shall,26,0.0037577684636508164,2.6491444546748096e-07,0.003415410784416388,6.45517912768271e-05,0
shallow,65,0.009394421159127041,1.146397192383612e-06,0.007965828387959947,9.222071563418092e-05,2
shallower,23,0.00332417979476803,6.687989490594255e-08,0.003237797679370741,6.167113337773267e-05,2
shame,90,0.013007660066483595,2.1746223062081792e-06,0.010303941210532594,0.00011952311105716128,0
shampoo,50,0.007226477814713109,9.123152915619187e-07,0.005895564121422945,9.414056609062893e-05,5
shannon,30,0.004335886688827865,5.758268586303131e-06,0.0021326982895003444,0.00010110446630997216,8
shape,158,0.022835669894493423,4.7211251303300454e-05,0.012685264063245367,0.0001866485239897903,11
shaped,23,0.00332417979476803,7.721909970534199e-07,0.0029329745974226327,6.287369196111709e-05,5
share,348,0.050296285590403236,0.00014646759384602176,0.019924357575176223,0.0003058533850634673,4
sharp,171,0.024714554126318834,2.3214933307554577e-05,0.014592893033230874,0.0001991341148992098,0
sharpen,54,0.007804596039890158,1.939021073375815e-06,0.006232220632572801,8.776399322886175e-05,3
sharpness,54,0.007804596039890158,8.601622101000845e-07,0.006450306418176401,9.624529868412837e-05,3
shave,87,0.012574071397600809,6.03592464552433e-06,0.00829320903447728,0.00012439027760089555,0
shbg,406,0.05867899985547045,0.00012159197101744154,0.02033675947541714,0.0003045261638699838,5
sheep,29,0.004191357132533603,1.812434209552468e-07,0.004069732251656855,7.152955453239995e-05,0
sheet,44,0.006359300476947536,1.2810505293762663e-06,0.004918103194050906,9.033311642901108e-05,8
sheffield,27,0.003902298019945079,1.0644661150024525e-06,0.003431232708418856,7.444854444497148e-05,6
shelf,27,0.003902298019945079,1.804939379283505e-08,0.004079554817948031,5.375368768507169e-05,0
shen,30,0.004335886688827865,2.3805931095755027e-07,0.0036235417405036255,6.881935012545819e-05,4
shgb,45,0.006503830033241798,8.905255816032456e-07,0.005410206440157001,7.859721243880177e-05,5
shift,153,0.022113022113022112,6.482232502512522e-06,0.013914147349934469,0.0001566065151771496,7
shigehara,30,0.004335886688827865,1.1689928356030043e-06,0.003084678184053087,9.150379619161093e-05,8
shingle,24,0.003468709351062292,4.3249917395931246e-07,0.0026426010251774275,7.231741648835095e-05,1
shiny,27,0.003902298019945079,4.840566794366602e-07,0.0032017884659935217,7.494745001097331e-05,0
ship,52,0.007515536927301633,1.375844200930777e-06,0.006751995408371136,9.533153153916163e-05,4
shivakumar,28,0.004046827576239341,1.6857828978913028e-07,0.003942469399316519,6.16254094963721e-05,8
shock,51,0.007371007371007371,4.21700806866934e-07,0.006129070225556389,7.523942407383188e-05,0
shockwave,133,0.01922243098713687,4.695380067351928e-06,0.012638237672876706,0.00014904040368354747,0
shoot,23,0.00332417979476803,2.8334472146450153e-08,0.0033175464577774936,5.515705581608323e-05,2
shop,27,0.003902298019945079,1.2953214343182118e-08,0.00429590746963042,5.7457256509750874e-05,0
shore,31,0.0044804162451221275,5.105407077022204e-07,0.0037947044809491653,6.786024230580272e-05,6
short,690,0.0997253938430409,0.0006424370936537301,0.03046549754650599,0.000503642759864065,2
short-,67,0.009683480271715566,1.8822152429939648e-06,0.007686741585616095,0.00010005871663723276,2
shortage,58,0.008382714265067205,4.836747241098132e-07,0.006851666568947689,8.227385134468613e-05,5
shorten,27,0.003902298019945079,9.74406278125877e-08,0.004149503658832354,5.8382450098433186e-05,5
shorter,57,0.008238184708772944,1.820556745856739e-06,0.0073549217877961984,9.869415353873887e-05,2
shortness,85,0.012285012285012284,4.698235017108135e-06,0.008352197908520688,0.00012024141430522927,3
shot,221,0.03194103194103194,2.299702554309917e-05,0.016145766210205865,0.0001900079048380223,2
shottm,22,0.003179650238473768,8.872899243296935e-08,0.0026953452977767274,6.47213582172587e-05,2
shoulder,170,0.02457002457002457,3.071312178413366e-05,0.01276976718101893,0.00018448870080912385,2
shower,124,0.01792166498048851,2.092648597388514e-05,0.011268242016026699,0.0001600711178333823,2
shrink,307,0.04437057378233849,5.658483696340247e-05,0.018190955073234188,0.00024540602854023624,5
shrinkage,298,0.04306980777569013,5.439570159106507e-05,0.01803116461090219,0.00023771300193174965,0
shrivel,47,0.0067928891458303225,1.5043468626553563e-07,0.0058477032087568635,7.093695064002772e-05,5
shrug,26,0.0037577684636508164,1.4537881554356124e-08,0.0036685787552000653,5.451554573978392e-05,3
shrunken,27,0.003902298019945079,6.414530080272149e-09,0.003987308786130136,4.8308698469892125e-05,5
shumaker,25,0.0036132389073565544,4.1471266446021737e-07,0.0029365732142426658,6.892309672281566e-05,8
shut,183,0.02644890880184998,1.7373491414508205e-05,0.014276691610442113,0.00018360604382963453,0
shutdown,28,0.004046827576239341,1.4819083030298885e-07,0.0037603689248622268,6.784586424960729e-05,5
shy,94,0.013585778291660645,4.453335057576046e-06,0.009699742613625835,0.00012084224697067592,0
sick,24,0.003468709351062292,1.6218715834829505e-08,0.003056257703511949,5.1523367654033846e-05,5
sicker,25,0.0036132389073565544,8.113630694380424e-08,0.00318832636390691,5.811425297554995e-05,6
sickle,57,0.008238184708772944,8.031731170573798e-07,0.005968579968705447,8.520004497076374e-05,5
sideburn,27,0.003902298019945079,9.789150357719539e-08,0.003482021828530656,6.659554996146486e-05,5
sig-,28,0.004046827576239341,1.0970962463963471e-07,0.003824907481347216,6.52466019271181e-05,6
sigh,54,0.007804596039890158,1.9095627458119448e-06,0.0067553198940399,0.00010206256048773472,2
sight,22,0.003179650238473768,8.140251014133168e-08,0.002928544015368742,5.822420559835631e-05,0
sigmoidoscopy,26,0.0037577684636508164,1.5129023227442778e-06,0.002696067342405403,7.935653244482638e-05,10
sign,994,0.1436623789564966,0.0013423709287053729,0.03083304579847066,0.0005657148837992051,3
signal,435,0.06287035698800404,0.00012306095332550917,0.02175906766726781,0.00032681112770594856,5
significance,95,0.013730307847954907,5.676446488654086e-06,0.00938759476930323,0.0001298009297658919,5
significant,798,0.11533458592282121,0.0006199716754406951,0.03215320026705154,0.0005152294336315155,6
significantly,463,0.06691718456424339,0.00011671253855054505,0.023590536849441946,0.00031431795458401106,5
signify,44,0.006359300476947536,4.686677395250793e-07,0.005405099331600047,7.394795023040242e-05,5
signs.(moderate,24,0.003468709351062292,3.2030563584279273e-09,0.003448571513550715,4.852270183789716e-05,4
sildenafil,126,0.018210724093077033,1.199869056360178e-05,0.011410514909943749,0.00014907914262948265,2
silence,56,0.008093655152478682,1.2658712789162203e-06,0.006228696441788938,8.895379007458825e-05,0
silent,63,0.009105362046538517,6.11032287858833e-06,0.007088177738199781,0.00010596283443674232,3
silently,25,0.0036132389073565544,2.2070175214105118e-08,0.0036676912325002854,5.2105329852185743e-05,2
silicone,46,0.00664835958953606,3.549773653120962e-06,0.005613304267177399,9.066409408121933e-05,2
silva,30,0.004335886688827865,1.7985710257490971e-06,0.003170550791959044,8.477317305561328e-05,8
silver,66,0.009538950715421303,4.643390479174183e-05,0.005778939209626861,0.00014266787290102847,8
similar,626,0.09047550224020812,0.0003063015402679294,0.02769013967976275,0.00039637580865480623,3
similarity,25,0.0036132389073565544,2.62116436132319e-08,0.003555335080829793,5.5965604451318964e-05,5
similarly,89,0.012863130510189334,2.6223666320111746e-06,0.008809664916505689,0.0001109576332108244,5
simple,461,0.06662812545165486,0.00019818870005687328,0.02496443868086943,0.0003672001892295989,0
simplification,29,0.004191357132533603,8.606852105693884e-08,0.004316414941070429,5.9910849459955583e-05,4
simplify,47,0.0067928891458303225,3.693293615570948e-07,0.0060891165680599085,7.443978145436375e-05,4
simply,574,0.08295996531290649,0.0003807042604489713,0.028713624606140374,0.0004501240545416772,4
simply:-,26,0.0037577684636508164,2.9600443161009445e-08,0.00397051488642226,6.0944607095602744e-05,2
simultaneously,45,0.006503830033241798,4.558841126565909e-07,0.005816342541687456,7.586057039984453e-05,3
sinai,178,0.025726261020378668,0.00013732265883918416,0.010945697122534173,0.0002043346649275058,6
single,326,0.04711663535192947,7.436053523449904e-05,0.021173538721258177,0.0002842241633751943,0
singlecare,28,0.004046827576239341,6.350524404060719e-08,0.004005180410162209,6.278104117330104e-05,0
singpiel,37,0.0053475935828877,1.3178542576155019e-06,0.0035779194200614398,8.405033094159495e-05,0
sinus,27,0.003902298019945079,4.784916721361104e-08,0.003975060893736528,5.81128154525695e-05,9
siri,20,0.0028905911258852437,5.757645712691989e-08,0.002889720328983542,4.848610090952477e-05,0
sit,177,0.025581731464084406,3.25208533521338e-05,0.014482983110324987,0.00018463407468553457,0
site,516,0.07457725104783929,0.0004420744428579439,0.025918156916372427,0.000442476803114268,2
situate,25,0.0036132389073565544,3.203129016698707e-08,0.0034103608315642388,5.2033325468155134e-05,5
situation,256,0.03699956641133112,6.448488524179817e-05,0.018475160722721883,0.00023609113350540922,0
size,720,0.10406128053186876,0.0005363580610899121,0.0291726647477092,0.0004542735597969148,5
sizeable,27,0.003902298019945079,4.948826521752406e-08,0.004027710314669973,5.8792214745760225e-05,4
sized,64,0.00924989160283278,2.3506493220983947e-06,0.007130257892114849,9.583020158243397e-05,4
skeletal,46,0.00664835958953606,1.3154935817701406e-06,0.005149381066139041,8.160772874596903e-05,5
skew,26,0.0037577684636508164,1.4258245960431303e-07,0.0036254885436072496,6.209384151655616e-05,4
skewed,68,0.009828009828009828,5.277079388848232e-06,0.00727881989115992,0.00010795102863697106,0
ski,19,0.0027460615695909813,1.7812493385288847e-07,0.001955649242765902,6.75499916538979e-05,0
skill,24,0.003468709351062292,2.416057894309592e-08,0.0034041121591355766,5.292275037006809e-05,0
skilled,25,0.0036132389073565544,8.22249395147973e-09,0.0036366021734186744,4.9965610922682356e-05,4
skillful,30,0.004335886688827865,5.452301816694625e-08,0.004392491133579954,5.82071456144707e-05,4
skimp,26,0.0037577684636508164,1.226986690126128e-07,0.0036880277395507305,5.342093441280692e-05,3
skin,859,0.12415088885677121,0.0014106647358139877,0.030004804376179604,0.0005741109423834381,2
skin.449,23,0.00332417979476803,3.6231488148429436e-07,0.0033308144758170195,6.129912229347985e-05,2
skincare,29,0.004191357132533603,3.321167917849482e-07,0.0034432005944124108,7.89389608940618e-05,7
skinless,28,0.004046827576239341,6.715253296911156e-06,0.002824876582626348,7.755391193981389e-05,7
skip,66,0.009538950715421303,1.5114393180375203e-06,0.007467458928599249,8.572751651065274e-05,2
skull,25,0.0036132389073565544,1.958773395186681e-08,0.0035303711392875602,5.654599877867043e-05,5
slang,26,0.0037577684636508164,4.38314685417617e-08,0.003306147085781215,5.7342113521620145e-05,5
sle,30,0.004335886688827865,7.287650445255558e-07,0.0036694806978727107,7.586230439170931e-05,7
sleep,1172,0.16938863997687528,0.0020044857377511404,0.033342464594551785,0.0006140024708858805,5
sleepiness,37,0.0053475935828877,3.3729691172999196e-08,0.004828509167420315,6.343743558158978e-05,3
sleeping,53,0.007660066483595895,4.613510473523535e-07,0.006583893394996034,8.105885067979142e-05,0
sleeplessness,24,0.003468709351062292,2.1183721369730586e-08,0.0034929973549849523,4.970915803554088e-05,3
sleeve,28,0.004046827576239341,2.0641569775608345e-07,0.0037435467462186363,6.0292750324715565e-05,2
sleuthing,30,0.004335886688827865,5.19004013165208e-07,0.003980803665302749,7.603247332308852e-05,4
slew,28,0.004046827576239341,1.569013717167089e-07,0.004274622217174958,5.948031944872609e-05,0
slide,23,0.00332417979476803,4.6974359164471405e-08,0.003349442601709215,5.182591568802884e-05,0
slidell,28,0.004046827576239341,4.944924990396359e-07,0.002211137494583393,8.815266631450028e-05,9
slight,140,0.020234137881196705,1.3105662876946551e-05,0.010820870974023388,0.00014911799198390337,2
slightly,201,0.029050440815146697,5.094612495269923e-05,0.014876894106482593,0.00019023607640645572,2
slim,47,0.0067928891458303225,2.189003368235404e-07,0.005930802970282698,7.361055166351776e-05,0
slip,47,0.0067928891458303225,2.6019167289326745e-06,0.005446184035212365,8.66035050130776e-05,2
slow,509,0.07356554415377944,0.00024029995577818964,0.025581199921638317,0.0003746403468585864,2
slowing,27,0.003902298019945079,1.094363499353096e-08,0.0036619540304037843,5.327293229375081e-05,3
slowly,275,0.0397456279809221,6.836774170759937e-05,0.01765152213379372,0.00024391663641295044,2
sluggish,48,0.006937418702124584,8.5199150545226e-07,0.0054598061784925786,6.75967703879304e-05,0
smack,29,0.004191357132533603,1.8630656863401718e-07,0.004236604861823106,6.719412834036509e-05,0
small,778,0.11244399479693597,0.000691108727026445,0.031631711718286035,0.0004911337867315165,2
smart,73,0.010550657609481139,4.989275608316268e-07,0.008252302254250188,8.895514489834201e-05,0
smartwatch,29,0.004191357132533603,4.022290022815496e-08,0.004076264339338668,6.239030645833011e-05,0
smell,83,0.011995953172423761,3.96201933062765e-06,0.007812939955655508,0.00011004524991946747,5
smith,831,0.12010406128053187,0.0011425000257565805,0.0302603266530218,0.0005829456987527101,0
smoke,86,0.012429541841306548,1.1933119365736005e-06,0.00897072604783726,0.00010141869686843474,5
smoker,52,0.007515536927301633,7.081605514071206e-07,0.006708513536420018,8.009682567188905e-05,3
smoking,328,0.04740569446451799,3.781216856051743e-05,0.019968248598741113,0.0002369291018454896,5
smooth,95,0.013730307847954907,1.4271630640436202e-05,0.00977507575712144,0.00014351720744098544,2
smoother,47,0.0067928891458303225,2.0897800132589813e-06,0.005698438001266241,7.938350352669401e-05,0
smoothly,47,0.0067928891458303225,1.4945659866015676e-07,0.006109340981069803,7.234814443666424e-05,0
smsna,54,0.007804596039890158,1.469865571186671e-05,0.004722238482929517,0.00011920298225634693,6
snack,27,0.003902298019945079,2.4242347363804146e-07,0.002999256443203364,7.591081334548849e-05,7
snapshot,30,0.004335886688827865,2.128687251533034e-08,0.0041668474695828565,5.413262099010563e-05,5
snore,109,0.015753721636074577,1.2254083720048289e-05,0.00985035038075255,0.00013569812751843723,0
snoring,52,0.007515536927301633,3.85295062599717e-06,0.005834030505173363,9.965498074255313e-05,3
snort,26,0.0037577684636508164,2.4355516841751465e-07,0.0032743949344602387,7.171200699252133e-05,3
snowie,28,0.004046827576239341,1.4493450765043664e-08,0.004497947402589998,5.5071358483142736e-05,4
snyder,124,0.01792166498048851,6.584424544081526e-05,0.008708729906242581,0.0002019747899890334,8
soak,30,0.004335886688827865,2.4758757179555816e-07,0.003870621763694471,6.979137311425802e-05,2
soap,29,0.004191357132533603,1.962344340320569e-07,0.003314772967448863,7.914313812606629e-05,7
social,285,0.04119092354386472,0.000197370593101721,0.01838431852950116,0.00033256584949287253,8
socialization,26,0.0037577684636508164,8.763576002916609e-08,0.0040130109330135805,6.039116132645438e-05,0
socialize,27,0.003902298019945079,1.1454213018855008e-07,0.003848624250001814,6.0919070219908844e-05,0
societal,57,0.008238184708772944,3.336412050649236e-06,0.007090309665118165,0.00010397484001216323,3
society,464,0.06706171412053764,0.000682497861600167,0.021293516281157963,0.00048364641356064424,8
sodium,54,0.007804596039890158,1.0823996882939867e-05,0.004685742296764945,0.00011960101979559562,5
soft,131,0.018933371874548344,2.270138742182172e-05,0.010984298810407463,0.00017166858712017047,7
soften,39,0.005636652695476225,1.64132359166919e-06,0.004929125568813831,7.9028823460208e-05,2
software,20,0.0028905911258852437,3.088412103989945e-08,0.0021960353902412536,6.913759739586044e-05,4
sole,30,0.004335886688827865,3.168267409018142e-08,0.0047905923140388355,5.8365599252094955e-05,4
solely,223,0.032230091053620465,4.163443426402235e-05,0.017936317091949525,0.00021979257399718313,4
solicit,28,0.004046827576239341,1.6578872262686002e-07,0.003929635451639392,6.713796235614824e-05,4
solid,50,0.007226477814713109,6.990249934473494e-07,0.006404729219203614,8.13926236157814e-05,3
soljancic,30,0.004335886688827865,1.0803783249466505e-05,0.0013425944188002062,0.00011674042605508639,8
solubility,30,0.004335886688827865,3.143628404560758e-07,0.004270283571467089,7.277045910861347e-05,2
solubilize,26,0.0037577684636508164,1.3881031360491907e-08,0.004283210182064269,5.857946551395874e-05,2
solution,428,0.061858650093944215,0.00016604833171804788,0.024192931240480643,0.0003268726079388436,2
solvay,19,0.0027460615695909813,1.1363123800765575e-07,0.002296635665769688,5.757941103947173e-05,6
solve,146,0.021101315218962278,9.595297551119166e-06,0.012412816570917725,0.00015610709100606767,0
somatosensory,25,0.0036132389073565544,1.060479628510209e-07,0.003457708489982448,6.921598809375873e-05,3
somebody,249,0.035987859517271285,1.9708437622731698e-05,0.01846346785949538,0.00021457226951183438,0
somewhat,48,0.006937418702124584,2.3034971572132817e-07,0.0058494667055975546,6.942038962449748e-05,3
song,24,0.003468709351062292,1.1886080582078459e-07,0.0034735874561740805,6.529347432828208e-05,0
sonogram,27,0.003902298019945079,6.753577262299375e-08,0.003464805856572893,6.0698097068463694e-05,5
soon,397,0.05737823384882208,0.00024252039768689763,0.023036813528848506,0.0003440236713922756,0
sooriakumaran,27,0.003902298019945079,2.6794141383540136e-06,0.0019853539484516397,9.3236092992335e-05,8
sore,80,0.011562364503540975,5.07053229549432e-06,0.007782301734369229,0.00011511412528284387,2
soreness,28,0.004046827576239341,3.843454576963471e-07,0.004207265676961955,6.302445596147894e-05,2
sorry,78,0.01127330539095245,7.591563647399242e-06,0.006523073886441205,0.00011089070600964391,0
sort,200,0.028905911258852435,2.4293443489293533e-05,0.01439257842888081,0.00018341483237791227,0
sound,354,0.05116346292816881,0.0001609712787287573,0.020510967008025696,0.0002983741678862933,0
source,408,0.05896805896805897,0.0001567126894440473,0.02228239824829078,0.0003251257921386132,7
south,111,0.016042780748663103,0.0001186916738919324,0.007019483743464563,0.00020335253001555593,9
southwestern,26,0.0037577684636508164,1.5470962773994254e-08,0.0038089919406189983,5.2286441310444724e-05,3
space,314,0.04538228067639832,8.163162184565611e-05,0.02130501636986005,0.00028332165641362843,0
span,69,0.009972539384304091,1.124534129592518e-05,0.006316333826130674,0.00012309353525729854,8
spark,81,0.011706894059835236,2.5705890205170056e-06,0.00894951080438183,0.00011745895691996368,4
spatial,68,0.009828009828009828,1.4709586824515094e-05,0.00631849142528466,0.00013481083728019417,8
spaziani,27,0.003902298019945079,3.105245175158028e-07,0.0022997966985331074,9.34799110849295e-05,8
speak,435,0.06287035698800404,0.00030080315966385846,0.023117727294353685,0.0003777800198872841,0
speaker,117,0.016909958086428676,8.553332646464779e-05,0.008366887992283575,0.00021881686097964756,6
spearhead,23,0.00332417979476803,2.8124620716194246e-08,0.0031692033644460647,5.2942079092720446e-05,3
special,171,0.024714554126318834,3.4753808821138094e-05,0.013830653195067124,0.00018582704085657497,2
specialise,88,0.012718600953895072,4.226940889612345e-06,0.008747770349821112,0.0001145243444884717,4
specialised,28,0.004046827576239341,1.1004910629717571e-06,0.0031486090410735726,7.86640130959788e-05,8
specialist,659,0.09524497759791878,0.0004108491864932746,0.02726709856306136,0.0004312056651224342,4
specialize,263,0.038011273305390954,4.2020302810847144e-05,0.017690282866363878,0.00023296871603939524,4
specialized,232,0.03353085706026882,3.4287985113558604e-05,0.017863253724120513,0.00021415989209856785,4
specialties,25,0.0036132389073565544,4.481497462992594e-08,0.0036728249191022,6.229949543003345e-05,4
specialty,157,0.02269114033819916,3.669644945920927e-05,0.012040502813830421,0.0001842090214448995,4
specific,981,0.1417834947246712,0.0010341547557179418,0.03373443393548882,0.0005550685924699655,4
specifically,296,0.0427807486631016,5.677400018645846e-05,0.019336234772716114,0.0002549103325322023,4
specificity,56,0.008093655152478682,3.2994199367431084e-06,0.0065861088813303,0.00010315376365618719,3
specify,49,0.0070819482584188465,7.806216553250186e-07,0.0062785364285909955,7.668155935953389e-05,2
specimen,46,0.00664835958953606,6.899593253128692e-07,0.005970339567353158,7.836247692629114e-05,4
spectacular,30,0.004335886688827865,2.702819908644262e-07,0.004161976211248845,6.388996296913175e-05,0
spectrometry,27,0.003902298019945079,1.3892785949210875e-07,0.0034389960370033116,6.771794709475831e-05,4
spectrometry.26,28,0.004046827576239341,1.9232962242814906e-07,0.0034397203458358277,7.134838042773843e-05,4
spectrum,96,0.013874837404249168,1.8364117959778422e-05,0.009044550640275446,0.00014751335348539267,9
speculate,24,0.003468709351062292,7.572161631921791e-08,0.0033161715335021853,5.746750092058184e-05,6
speculation,25,0.0036132389073565544,1.1670994138384795e-07,0.0028086950729822985,7.192345697897896e-05,9
speculative,29,0.004191357132533603,2.1959728971160685e-07,0.003378907116175592,7.490653910076126e-05,9
speech,49,0.0070819482584188465,1.444757097698529e-06,0.0056641934955775665,8.936162444710405e-05,3
speed,88,0.012718600953895072,2.5955380573208915e-06,0.008315949010347804,0.00010844133430522698,3
spend,229,0.03309726839138604,2.8710327508941636e-05,0.018941711691988432,0.00022914267849588558,0
sperate,27,0.003902298019945079,2.3345106670999e-08,0.003745101852051755,5.5781791589097493e-05,4
sperm,909,0.1313773666714843,0.000783903690044695,0.028765791212170266,0.0004994533588446003,5
spermatogenesis,202,0.02919497037144096,1.7079723128034486e-05,0.015327242644969822,0.00018715126489150439,5
spike,285,0.04119092354386472,5.109158282493162e-05,0.01916384620969311,0.0002552515881375367,2
spinach,116,0.01676542853013441,3.68297341671289e-05,0.009851244321357732,0.0001773132972438158,7
spine,69,0.009972539384304091,6.971993480766205e-06,0.006768280578141502,0.00010832131292382824,5
spiral,73,0.010550657609481139,1.643763317155357e-06,0.007815071711768878,0.00010437533412729953,3
spirit,27,0.003902298019945079,8.660920733716162e-08,0.0041287331797186045,7.057353290201561e-05,4
spironolactone,69,0.009972539384304091,2.7197137076682538e-06,0.007417004338353334,0.00011225738531717639,5
spit,25,0.0036132389073565544,4.747720512467499e-08,0.003600561598489485,5.578645920847493e-05,2
split,49,0.0070819482584188465,1.6340672712543012e-06,0.006235024411979818,8.900658713880044e-05,0
spoiler,25,0.0036132389073565544,5.269758532757428e-08,0.003351272798373631,5.390439968349395e-05,0
sponge,28,0.004046827576239341,2.381550808853055e-07,0.0037192581043496106,6.187176541893908e-05,3
sponsoring,28,0.004046827576239341,4.110973528786258e-06,0.0021111178245849806,9.21000238293122e-05,8
spontaneous,70,0.010117068940598353,6.716754584060406e-07,0.007209902130783146,8.573169251058197e-05,3
spoon,28,0.004046827576239341,3.914362917770234e-07,0.003550083326167901,6.767108366207733e-05,2
sport,134,0.019366960543431132,6.920977073502452e-05,0.01045184664891132,0.000180227971929176,3
spot,179,0.02587079057667293,3.550045198764254e-05,0.013984238001486144,0.00019147011220875063,5
spotify,53,0.007660066483595895,8.223602721837755e-07,0.005228445141822911,8.887981039240024e-05,0
spouse,96,0.013874837404249168,4.96237940038299e-06,0.01032197853740284,0.00012722819594456822,0
spray,178,0.025726261020378668,1.133634542378458e-05,0.014366216483730859,0.00017173891284162645,2
spread,103,0.014886544298309004,2.4300781122873577e-06,0.010191066803592651,0.00011500568324268643,2
spring,30,0.004335886688827865,1.1121959855803076e-05,0.001794505518552811,0.00010683623015570848,8
springfield,33,0.0047694753577106515,1.2244272082466127e-06,0.0032641337510433744,8.627443156339448e-05,8
spritzer,30,0.004335886688827865,5.857498460310345e-06,0.0018921256488040371,0.00010388911353046993,8
spur,20,0.0028905911258852437,1.3680476097539112e-08,0.002742176755502344,4.606949839441522e-05,5
spurt,39,0.005636652695476225,4.505065342334782e-08,0.004828572977361608,6.324197207397321e-05,5
squat,29,0.004191357132533603,2.0748892593713193e-07,0.0038474083180207925,6.51069608884068e-05,5
ssris,23,0.00332417979476803,1.1239086253437545e-07,0.002969234775803063,6.040798120582829e-05,3
stabilise,149,0.021534903887845066,6.535531682364364e-06,0.014235805648456711,0.00016029266755241106,2
stability,129,0.01864431276195982,8.422917435894097e-06,0.012359413019545991,0.00015618342850716089,4
stabilization,67,0.009683480271715566,1.2346668306702122e-06,0.007381387947237094,8.779508282874563e-05,5
stabilize,72,0.010406128053186877,2.707382464831023e-06,0.007388727320882003,9.833167787705994e-05,6
stabilizer,28,0.004046827576239341,9.090397565033052e-08,0.003801327667558843,6.606941413612948e-05,6
stable,414,0.05983523630582454,8.694590737159251e-05,0.02556566063135003,0.00032182928914945913,2
staff,141,0.020378667437490967,2.444216646717271e-05,0.012217008873562538,0.00018180473526437698,0
stage,348,0.050296285590403236,8.852259732556895e-05,0.021529492126486683,0.0002855302329625562,5
stagnant,29,0.004191357132533603,9.204994596476451e-08,0.003968283810021623,6.480243352112424e-05,4
stake,50,0.007226477814713109,1.2667861357591176e-06,0.00591558123248866,9.035305462353929e-05,4
stall,27,0.003902298019945079,1.0773957454510305e-08,0.004072858566121588,5.228536265884862e-05,0
stamina,171,0.024714554126318834,9.727605815294735e-06,0.013912531644181549,0.00016995087986663003,3
stamp,27,0.003902298019945079,1.7872551267404212e-07,0.003903519392246306,6.403598847010348e-05,4
stand,160,0.02312472900708195,7.277925679911645e-06,0.013538844899664728,0.0001532088589699358,0
standalone,85,0.012285012285012284,3.5803331936764776e-06,0.00919533016632909,0.0001176007016021572,0
standard,449,0.06489377077612371,0.00017892116781091397,0.025424722658452616,0.0003610427291820297,4
standardization,132,0.019077901430842606,1.570435551573226e-05,0.012225599577303722,0.00017156300882372215,4
standardized,28,0.004046827576239341,1.5354024165372617e-07,0.004203782651981921,6.75392987638149e-05,4
standpoint,92,0.01329671917907212,4.368240316876244e-06,0.00966669294555819,0.00011061629465976382,0
stanford,26,0.0037577684636508164,7.745239877947823e-08,0.0033916396320586486,6.358273944735768e-05,3
stanfordhealthcare.org,20,0.0028905911258852437,1.8177896060451976e-08,0.0029080830120700118,5.5316455328580636e-05,4
stanozolol,26,0.0037577684636508164,1.3780603040284901e-07,0.004328450002773709,5.859901537007095e-05,2
stanton.honig@yale.edu,25,0.0036132389073565544,1.0830732583163134e-07,0.0033782325639506406,6.362614113054791e-05,6
staple,23,0.00332417979476803,7.147416079130423e-08,0.0032374354925607577,5.8133378968568895e-05,7
star,71,0.010261598496892614,2.6634143601175275e-05,0.007050171317215088,0.00012228491322188365,0
starch,26,0.0037577684636508164,9.508431959902137e-08,0.003226120605847233,7.084955042959155e-05,7
start,1369,0.19786096256684493,0.0029353649550761533,0.03717368731674727,0.0007050180182616065,0
startedinjectable,27,0.003902298019945079,1.1837675348260212e-08,0.00425563632655145,5.2185331917911785e-05,2
startedpatient,29,0.004191357132533603,3.0441122956386595e-08,0.004378966318824534,5.687334444125534e-05,4
startedsource,28,0.004046827576239341,1.7898705721295635e-07,0.003513155268211006,6.956800648328693e-05,8
startedtestosterone,21,0.0030351206821795057,1.810113809987617e-08,0.002929813149309395,5.93440533685209e-05,4
starter,39,0.005636652695476225,9.872154483532678e-08,0.004915135673653033,6.338672039599354e-05,4
starting,113,0.016331839861251626,4.098486453750926e-06,0.011891194762490221,0.00012801520988720184,2
stat,22,0.003179650238473768,4.8928029975832975e-08,0.0036338489589134706,5.519484552569506e-05,0
state,609,0.08801849978320567,0.00046474679544747594,0.029359138027282617,0.0004731554167296514,9
state.434,26,0.0037577684636508164,6.313354142627303e-08,0.0041437629665909805,5.4844820261273555e-05,2
statement,450,0.06503830033241798,0.00017387715886044942,0.022006483959410777,0.0003288799395094165,4
states,186,0.026882497470732764,8.70627589418945e-05,0.013453208059670192,0.00020581255818930022,2
states).440,24,0.003468709351062292,4.179836381496526e-08,0.0036893675123266206,5.7510317478363216e-05,2
statin,73,0.010550657609481139,1.1880419799292963e-05,0.007314727521549811,0.000122668765562132,1
statistic,93,0.013441248735366382,9.247800265712646e-06,0.009126258660177798,0.00013442478452311134,4
statistical,84,0.012140482728718023,3.711994321048184e-06,0.009286651768338556,0.00013095238196466082,6
statistically,74,0.0106951871657754,3.3702746319676506e-06,0.0075721305084135325,0.00011192633797144629,6
stature,29,0.004191357132533603,4.504445168677371e-07,0.0035302951634245696,6.285609022563149e-05,3
status,120,0.01734354675531146,4.054650121562404e-05,0.009821434505334441,0.0001673401323700744,5
stay,676,0.09770198005492123,0.0005815535093263159,0.03054513524895024,0.000472556087387203,0
ste,34,0.004914004914004914,4.506868153828253e-06,0.002863204425235298,6.447472113740394e-05,5
steadily,49,0.0070819482584188465,3.404179525201215e-07,0.0063733258201659855,8.312002972287663e-05,2
steady,331,0.04783928313340078,6.217540100222935e-05,0.02166582911894112,0.0002702886865209645,2
steele,378,0.0546321722792311,0.00038355627888133866,0.01982525125586622,0.00037127155188619186,0
steep,24,0.003468709351062292,1.2544449446838197e-07,0.0033802289947273295,5.344944588753612e-05,3
steer,26,0.0037577684636508164,1.298926395617439e-07,0.004187513499310035,6.0824814039500154e-05,0
stem,83,0.011995953172423761,1.924956562531298e-06,0.008606604949758885,0.00010742090769728319,0
stendra,21,0.0030351206821795057,2.3650047740047576e-08,0.0029778643624484534,5.788691706766106e-05,2
step,698,0.100881630293395,0.0005320639452109185,0.029939920670818947,0.0004417542061244528,4
stereotype,27,0.003902298019945079,1.7506166119389378e-07,0.0037763039954508124,6.812769964668578e-05,3
sterile,59,0.008527243821361469,9.974881025932596e-07,0.006826821402004281,8.554589437491031e-05,0
sterility,47,0.0067928891458303225,2.0035700917496022e-07,0.006146263410076237,7.148149646665297e-05,0
sterilization,26,0.0037577684636508164,1.0232049051209386e-08,0.004112230933469159,5.051672887239151e-05,0
sterilize,26,0.0037577684636508164,2.7509345448925003e-07,0.003437763474219506,6.890796113072488e-05,7
steroid,428,0.061858650093944215,0.00014535263098305626,0.02193589858731124,0.00032767124957119447,5
steroidal,25,0.0036132389073565544,2.8154567051114776e-08,0.0034364431893987284,5.5487141221667436e-05,0
"steroids.42,43",26,0.0037577684636508164,3.5197695785283764e-07,0.0037674396883279814,6.344953951529959e-05,2
steve,66,0.009538950715421303,1.0516131997689161e-06,0.006697312760927886,9.252623107355106e-05,0
steven,70,0.010117068940598353,4.188753728533071e-06,0.006754602221561999,0.00010832227958608804,0
stevens,76,0.010984246278363925,1.610872720014087e-05,0.0075430412445888955,0.00013692896821914876,8
stew,29,0.004191357132533603,7.071264775398245e-07,0.0024497563109213928,8.895849781341489e-05,7
sti,27,0.003902298019945079,3.010325367333448e-07,0.0029632781082309895,6.997695430074639e-05,1
stick,208,0.03006214770920653,3.313518544996976e-05,0.015903281286986676,0.00019869663324838203,2
stickler,23,0.00332417979476803,4.981636340629305e-08,0.003449544822364008,5.048848663420725e-05,0
sticky,109,0.015753721636074577,1.2769085319527194e-05,0.010480666542102949,0.00014007557628653062,2
stiffness,27,0.003902298019945079,1.0819253360736007e-07,0.003318377853973123,6.058228531231785e-05,3
stigma,52,0.007515536927301633,7.280902384240203e-07,0.0066444467449384694,8.477861661973468e-05,0
stimulant,30,0.004335886688827865,1.864949933781396e-07,0.0028721013164417068,8.099014458558387e-05,1
stimulate,759,0.10969793322734499,0.0006686848694804013,0.025361126164656744,0.00044937390016427817,5
stimulating,21,0.0030351206821795057,8.246393026901415e-09,0.0028559758647535064,4.695706450136023e-05,5
stimulation,134,0.019366960543431132,1.2852105864560695e-05,0.01110895428667573,0.00015684229758388624,5
stimulus,59,0.008527243821361469,9.932512045409177e-06,0.005664310409275563,0.00012519083456441802,8
sting,61,0.008816302933949994,3.918059912154959e-06,0.005941120560251119,0.00010053537589055779,2
stitch,22,0.003179650238473768,5.369325548914948e-07,0.0025374666674727914,6.989869217816823e-05,2
stock,166,0.023991906344847522,1.318297613415027e-05,0.013878838866281395,0.0001676050559806778,5
stoléru,30,0.004335886688827865,2.1856916782281134e-06,0.002688295126695997,9.779083770639908e-05,8
stone,88,0.012718600953895072,8.2878642849855e-06,0.008580336613443531,0.00012983794978771912,4
stool,23,0.00332417979476803,8.203322238692316e-07,0.0019453428654451993,8.340019208672384e-05,10
stop,753,0.10883075588957943,0.0006123628607575566,0.0291114777647698,0.0004685108395163794,0
storage,39,0.005636652695476225,8.178750985345387e-09,0.004996960533204589,5.46494412833844e-05,3
store,170,0.02457002457002457,2.045151095704191e-05,0.0139218458101468,0.00018479954786654125,2
storm,24,0.003468709351062292,1.0007125484844382e-07,0.00332449811962115,5.733859571562719e-05,0
story,332,0.047983812689695045,0.00015944976550014877,0.020085559156247237,0.00028953852478726566,0
straight,48,0.006937418702124584,2.548313564945344e-06,0.005780642399096206,9.572228812900026e-05,0
straighten,40,0.005781182251770487,3.560797287386401e-06,0.004520586022437328,9.304001698962506e-05,2
straightforward,132,0.019077901430842606,8.334294500525097e-06,0.01259930967844517,0.0001499167043714136,4
strain,51,0.007371007371007371,7.912954721663017e-07,0.006471134575529703,8.203226027788245e-05,2
strained,27,0.003902298019945079,3.7819977518945535e-08,0.0036937168937806746,5.643271545718661e-05,3
strait,23,0.00332417979476803,6.477350025933919e-07,0.002740642565556101,7.07790954722656e-05,4
strange,26,0.0037577684636508164,1.7247263383144193e-07,0.003913730826126011,6.0918011111533164e-05,0
strapline,24,0.003468709351062292,1.8042930607897183e-07,0.003109485841983072,5.849806863387622e-05,0
strategic,51,0.007371007371007371,2.3283213916788646e-07,0.006571766723356556,7.427609713305678e-05,4
strategy,341,0.0492845786963434,0.0001463121068856989,0.02081031130469252,0.00029498814027263524,2
strategy.420,24,0.003468709351062292,7.282972115693793e-08,0.0034751331161332354,5.669285408249465e-05,2
stratification,25,0.0036132389073565544,2.036203502501931e-07,0.0032357842425009384,6.180483345681747e-05,6
stratify,25,0.0036132389073565544,1.374084509599982e-07,0.0031100424308295994,6.1146682987561e-05,6
stream,77,0.011128775834658187,1.3486735914266218e-05,0.008203950999788164,0.00012370692197080988,11
streamlined,26,0.0037577684636508164,3.4945058121010864e-08,0.0041916824333780205,5.334543642009498e-05,4
street,77,0.011128775834658187,5.8593576361424664e-05,0.00552623091693173,0.00015031482018077914,9
strength,853,0.12328371151900563,0.000934364519106708,0.02904319273067977,0.0005152568592606921,3
strengthen,45,0.006503830033241798,1.731161104962678e-07,0.005637268147042444,6.873703398737516e-05,3
strengthening,27,0.003902298019945079,6.25309262966399e-08,0.003901897494492968,6.61661627149939e-05,7
strenuous,27,0.003902298019945079,7.381697222956816e-09,0.003713147688282771,5.5168888783608896e-05,3
stress,823,0.11894782483017777,0.000644439803650305,0.030419613573803787,0.0004861802587042522,5
stressful,48,0.006937418702124584,2.905420220068257e-07,0.006048430903703597,7.115798666326376e-05,3
stressor,101,0.01459748518572048,4.808124420480965e-06,0.010390205139855786,0.00012879536360370472,3
stretch,51,0.007371007371007371,5.7021924082149064e-06,0.005674347795098219,0.00010282957416881274,2
striant,29,0.004191357132533603,6.806526002956327e-08,0.0045513654385549865,6.079163239739832e-05,2
striatum,28,0.004046827576239341,1.507562994929677e-07,0.0035629214016945627,6.830924169990854e-05,3
strict,113,0.016331839861251626,7.266290578385909e-06,0.011215508734739225,0.0001366007344816807,4
strictly,47,0.0067928891458303225,5.238765897238502e-06,0.004857757179394846,9.64573796762007e-05,6
strike,47,0.0067928891458303225,1.051116621237227e-05,0.0049162101087169025,0.00010279478033156855,0
striking,21,0.0030351206821795057,2.5283697071898502e-08,0.0028577853702676007,5.5470306976621934e-05,6
stringent,26,0.0037577684636508164,6.596920433435706e-08,0.0035881007936987533,5.8111627882116715e-05,4
strive,143,0.02066772655007949,1.6341754514673435e-05,0.012662471082284195,0.00016228338108670897,4
stroke,504,0.07284289637230813,0.0002468634649348772,0.024198276976114184,0.00037890515464896856,5
strong,718,0.10377222141928025,0.0011520398333307194,0.027880887520431365,0.0005236455164280419,9
strongly,148,0.0213903743315508,2.0152043170502146e-05,0.011754463009986414,0.00016353455864567067,3
structural,98,0.014163896516837693,8.834929899716391e-06,0.009701812081241632,0.0001340473969371713,3
structural/,27,0.003902298019945079,9.037372590370371e-08,0.0039067792245197925,5.9683530303631375e-05,4
structure,247,0.035698800404682755,7.560271975276985e-05,0.017528969384840914,0.00024911439761102666,6
structured,79,0.011417834947246712,1.2416073675988074e-06,0.009493501723134692,0.0001102044116148306,4
struggle,361,0.05217516982222865,0.0001284850664851814,0.02208413169461136,0.00031025495156991893,0
student,63,0.009105362046538517,3.6210605843749113e-06,0.006886877290285642,0.00011473769263978084,6
studies.438,24,0.003468709351062292,7.35829008820315e-08,0.003835215475104981,5.877472495002318e-05,2
study,1635,0.23630582454111865,0.00817632506984349,0.04249783385539226,0.0010565465255504885,6
study.29,25,0.0036132389073565544,9.539950303664751e-09,0.003872011195292538,5.558715213448503e-05,6
stuff,202,0.02919497037144096,2.51947626614931e-05,0.015580471531166764,0.00020378790050528956,0
style,101,0.01459748518572048,1.2289841657171452e-05,0.009529523335257157,0.00013052800182711624,4
suarez,28,0.004046827576239341,3.7682118137560565e-07,0.003115412424249156,7.290574764859998e-05,6
sub,82,0.011851423616129498,2.8637739763226074e-06,0.009510400338103703,0.00011695561756170268,2
subclinical,41,0.005925711808064749,4.875552608693948e-07,0.004459001170239794,7.244449513921801e-05,5
subcutaneous,296,0.0427807486631016,7.361655261642214e-05,0.01881778918025544,0.0002575175353358636,2
subcutaneously,94,0.013585778291660645,5.2288425470071075e-06,0.010392179888695558,0.00012856068901326357,2
subfertile,24,0.003468709351062292,3.119711506066936e-08,0.00329319355650074,5.1252199446741325e-05,5
subfertility,27,0.003902298019945079,1.1090807910980926e-07,0.003595614765159738,5.825634152124171e-05,0
subject,170,0.02457002457002457,2.8442490360148902e-05,0.012734956525199466,0.00018094257311010152,6
subjective,76,0.010984246278363925,4.705891463725697e-06,0.008132887033179268,0.00011397580299716983,6
subjectively,29,0.004191357132533603,1.6437277221449325e-08,0.004686780724411215,5.949758569804519e-05,4
sublingual,26,0.0037577684636508164,1.8994624593498272e-07,0.0036567300943106686,6.45757590441774e-05,2
submission,25,0.0036132389073565544,1.3572500696295962e-07,0.00354326062785394,6.873467991413409e-05,4
submit,67,0.009683480271715566,1.8970294971563118e-06,0.007234264176760267,9.27525541318591e-05,4
suboptimal,92,0.01329671917907212,5.7002093311593965e-06,0.009083338161118762,0.00010957420554187267,3
subpar,50,0.007226477814713109,6.669516531092997e-07,0.006284710050886626,8.24139923950015e-05,0
subscribe,250,0.03613238907356554,9.628885512476567e-05,0.013712494119907102,0.00024373698140084634,0
subscription,37,0.0053475935828877,3.185339507788117e-07,0.005017647721006662,7.109190896129523e-05,4
subsequent,127,0.018355253649371295,8.65116553166243e-06,0.012110298027094532,0.0001477465314637814,6
subsequently,48,0.006937418702124584,2.3692209016230444e-06,0.006022487196507128,9.26522954615028e-05,3
subset,27,0.003902298019945079,1.52387591236049e-07,0.0042568032408213455,6.178667715933831e-05,0
subside,26,0.0037577684636508164,8.995617370978924e-08,0.0035629627940398775,6.120362126295263e-05,0
substance,280,0.04046827576239341,9.649317058083758e-05,0.019148861934171667,0.00027177787907988425,8
substandard,29,0.004191357132533603,9.466721351293356e-08,0.004196751432059833,6.145656811248482e-05,2
substantial,113,0.016331839861251626,1.4223927788164886e-05,0.010411984316073404,0.0001507717342217646,0
substantially,25,0.0036132389073565544,1.0770791466005232e-07,0.0037927977854827284,5.7831463883007184e-05,5
substitute,90,0.013007660066483595,1.044010012157915e-05,0.008859151018261752,0.0001306272418119898,4
substitution,50,0.007226477814713109,6.421145183439981e-06,0.005260713516781417,0.00010367451836522415,8
subtle,43,0.006214770920653274,6.161740099499486e-08,0.005660205786387617,6.555756003530183e-05,3
subtler,25,0.0036132389073565544,8.216068964919494e-08,0.003002790342203195,5.797623745076482e-05,6
suburban,29,0.004191357132533603,1.8499892368768163e-07,0.003952185129932156,7.062556650882928e-05,9
success,324,0.046827576239340946,8.775555067859847e-05,0.02133928016758348,0.0002826537601465365,4
successful,301,0.04350339644457291,6.304988844317775e-05,0.02070296169208912,0.00026232030921561283,4
successfully,120,0.01734354675531146,2.1609429446237878e-05,0.010328229721178996,0.00015806832155640583,3
suck,44,0.006359300476947536,3.135244036940445e-06,0.005116863432039357,9.79140677969823e-05,2
sudden,232,0.03353085706026882,3.939233898538256e-05,0.016125103734802276,0.00022662784046824749,3
suddenly,93,0.013441248735366382,1.0805883674111704e-05,0.009471463072342281,0.00013002445236657236,0
sue,21,0.0030351206821795057,5.4603555856042166e-08,0.002572982043731856,6.114065913887707e-05,0
suffer,592,0.0855614973262032,0.0003391178682251111,0.02465574681536495,0.0004072101575368217,3
suffering,46,0.00664835958953606,1.0112271699000957e-07,0.005768584071180746,6.744612634002442e-05,3
sufficiency,25,0.0036132389073565544,1.526227117570131e-08,0.003939041936504557,5.5988983428734165e-05,0
sufficient,325,0.04697210579563521,9.74517123199244e-05,0.021310628444298613,0.00027864518631918084,7
sufficiently,26,0.0037577684636508164,1.2583600519428772e-08,0.0037396639584451534,5.058390076855275e-05,6
sugar,373,0.05390952449775979,9.400485270289669e-05,0.02059542914475006,0.00029106180649036945,7
suggest,783,0.11316664257840728,0.0006065546550932262,0.030608870674298613,0.00048179210797215784,3
suggestive,97,0.014019366960543431,2.8064593028612137e-06,0.009279314082195842,0.00011120815223506548,3
suh,29,0.004191357132533603,2.5134183609978375e-06,0.0025962657439122143,9.487404462925504e-05,6
suicide,141,0.020378667437490967,1.0305627665325875e-05,0.012858107385040646,0.0001605184910905678,0
suit,158,0.022835669894493423,3.5031386996976585e-06,0.013886523481622188,0.00014167780385924302,2
suitability,27,0.003902298019945079,1.5976414449537504e-08,0.004265835880151666,5.6866536569852996e-05,2
suitable,272,0.03931203931203931,2.409764891771533e-05,0.019280151852408677,0.00021611673481005306,2
suite,109,0.015753721636074577,0.00011196933341057328,0.0074261462509933015,0.00019899077444053665,9
sulfate,101,0.01459748518572048,1.7747923077769804e-05,0.00866671793861107,0.00014272818755635663,5
sulphate,29,0.004191357132533603,4.759677786589848e-08,0.0039876790636867495,5.820009566711418e-05,5
sum,28,0.004046827576239341,1.0952775409005036e-08,0.0038900641063190234,4.9613975180635754e-05,3
summarise,29,0.004191357132533603,2.832891967906443e-07,0.004301620423421746,6.218128510570764e-05,4
summarize,39,0.005636652695476225,2.0487111564640968e-07,0.005355311888307537,6.787856076079467e-05,2
summary,247,0.035698800404682755,0.0001756437068738007,0.016885703386279982,0.00025178884335754707,8
summative,28,0.004046827576239341,4.098632315863184e-07,0.0036644778684186375,6.690536143176449e-05,4
summer,33,0.0047694753577106515,2.035198034256246e-06,0.003883018788043376,7.309742003797141e-05,0
sun,69,0.009972539384304091,4.308611454832719e-06,0.006260024647778613,9.40149617101844e-05,9
sunlight,27,0.003902298019945079,1.3113151218344975e-07,0.0036551794342138413,6.225560624907803e-05,2
super,248,0.03584332996097702,7.421157913850206e-05,0.018232108400623347,0.00024744416693718894,0
superficial,23,0.00332417979476803,2.254416569037607e-07,0.0031719815639619816,6.509314696869115e-05,2
superfood,28,0.004046827576239341,1.728609262181143e-07,0.003695581162375392,7.41633086010575e-05,7
superior,28,0.004046827576239341,1.5596383279740405e-07,0.003806199681993599,6.359148823637807e-05,4
superman,47,0.0067928891458303225,8.044170607180256e-07,0.0056131602207697045,7.941058550511019e-05,0
supervise,158,0.022835669894493423,2.678400459162441e-05,0.012885388087649646,0.00017455480624810148,4
supervision,189,0.02731608613961555,1.3343593719724005e-05,0.015591116424693362,0.00017778604960370155,4
supplement,770,0.11128775834658187,0.0007657711723810923,0.030461470626812225,0.0005149876484834599,0
supplemental,153,0.022113022113022112,1.6516217932228022e-05,0.012808957229322338,0.00014850423850393816,2
supplementation,357,0.051597051597051594,8.328945377766628e-05,0.02142400541170206,0.0002871368210144885,2
supply,251,0.03627691862985981,6.054901595092035e-05,0.01747313922076361,0.0002292864837933081,2
support,1197,0.17300187888423182,0.0036001124135286804,0.03837489507699012,0.0007446197438778603,4
supportive,98,0.014163896516837693,1.877219592104916e-05,0.009508128915717605,0.00014607720881313285,4
suppose,160,0.02312472900708195,1.740769546841773e-05,0.01389549306957614,0.00018388466039908008,0
suppository,61,0.008816302933949994,2.5150330475445733e-06,0.006647735523680112,0.00010179150935340524,2
suppress,320,0.0462494580141639,4.117753356648686e-05,0.019481756072770893,0.0002430387388589059,5
suppresse,27,0.003902298019945079,3.1168735109401814e-08,0.004074053301837287,5.649545549579251e-05,5
suppression,161,0.02326925856337621,2.1561031857066334e-05,0.013391384288576376,0.00018713131791641424,5
supra,51,0.007371007371007371,7.61926448195227e-07,0.006722167090657651,9.019121323442391e-05,2
supraphysiological,128,0.01849978320566556,9.540877272470952e-06,0.01170981082187166,0.00016089034034336535,5
supraspinal,26,0.0037577684636508164,1.4219642937099085e-07,0.0036245232669677484,7.015568977591416e-05,3
surampudi,29,0.004191357132533603,1.098853742469656e-06,0.0018936998932144206,9.875152000348022e-05,8
sure,777,0.11229946524064172,0.0006317105286702742,0.0303920504468894,0.0004877682072269152,0
surface,165,0.02384737678855326,4.749164671127024e-05,0.014210717886058152,0.0002181654248606063,2
surge,131,0.018933371874548344,1.0102325662828609e-05,0.011638645862565916,0.00014917432237857047,3
surgeon,55,0.00794912559618442,2.7019286221285095e-06,0.006731723475713562,0.00010326596686874091,0
surgery,594,0.08585055643879173,0.0010630380311600802,0.023806565752159028,0.0004886478145174695,5
surgical,277,0.04003468709351062,0.00012218229465330412,0.01711896782933825,0.0002790065020812966,5
surgically,92,0.01329671917907212,5.560208045617883e-06,0.00897820164736972,0.00011568874917011197,5
surprise,51,0.007371007371007371,1.0723291091162836e-05,0.0053313943126410395,0.0001028490518501324,4
surprised,70,0.010117068940598353,4.402145545903825e-06,0.007393582130978704,0.00010549016239464899,0
surprising,84,0.012140482728718023,1.7070557108678655e-06,0.008270329966082875,0.00010376181604692849,3
surprisingly,25,0.0036132389073565544,8.209971231124361e-08,0.003335454195091825,6.346334334260069e-05,0
surround,242,0.034976152623211444,7.290824912870128e-05,0.017762687350981975,0.00024849637070482704,4
surrounding,25,0.0036132389073565544,3.618617224737108e-08,0.003954167109108124,5.8816534828877204e-05,3
surveillance,69,0.009972539384304091,2.651373100083952e-06,0.0077042087857530734,0.00010733473212858486,5
survey,85,0.012285012285012284,8.654627253706972e-06,0.008800236019524135,0.0001329754447564212,4
survival,134,0.019366960543431132,1.9124858929065807e-05,0.011340402191483034,0.00017673939946092197,3
survivor,51,0.007371007371007371,4.226679378722874e-06,0.005923346783846523,8.779052805213514e-05,6
survivorship,28,0.004046827576239341,4.2292043392565297e-07,0.003602422941813004,6.962477897164128e-05,2
susceptible,51,0.007371007371007371,1.925640900659809e-06,0.00583542634000827,9.183224884486592e-05,5
suspect,279,0.040323746206099145,5.465403508561007e-05,0.017146571230834233,0.00024071165180747077,5
suspend,24,0.003468709351062292,2.6325433448686737e-07,0.003103928061031585,6.394627315061205e-05,2
suspicion,74,0.0106951871657754,2.0665139666961007e-06,0.008057147319539508,0.00010520789889934797,5
sustain,102,0.014742014742014743,7.842900926522223e-06,0.010458718271812453,0.0001258341946900401,2
sustainable,97,0.014019366960543431,3.218991772533913e-06,0.010713164805065211,0.00012624707803891893,4
sustainably,24,0.003468709351062292,1.561544417575713e-07,0.003550330662817951,5.7846234506850314e-05,7
sustained,93,0.013441248735366382,2.239443602177952e-06,0.009687871463583268,0.00010950334022309615,2
sustanon,69,0.009972539384304091,7.837002981347318e-06,0.0071339947391067604,0.00011113034122893828,2
swallow,52,0.007515536927301633,6.63641138275502e-07,0.006327355941584614,8.81884853263994e-05,2
swap,29,0.004191357132533603,1.975431100805906e-07,0.0038525203557468256,6.576609051599792e-05,7
sweat,161,0.02326925856337621,4.728151290357392e-05,0.012469702714175806,0.00019747552982482463,3
sweaty,23,0.00332417979476803,7.570245852692147e-08,0.0028948434336995353,4.966549709213729e-05,3
sweet,44,0.006359300476947536,6.328652032970776e-06,0.005266952720565577,8.940985035270494e-05,0
sweeten,27,0.003902298019945079,3.3113734089446173e-07,0.003234524206909063,6.623159686578969e-05,7
swell,158,0.022835669894493423,1.9752714682401872e-05,0.013057189098692861,0.00017810808297502625,5
swelling,89,0.012863130510189334,1.4763145865466093e-06,0.008732977067989256,0.00010601825887813367,5
swerdloff,136,0.019656019656019656,8.214789607681523e-05,0.007374205676927533,0.00025985255729869827,8
swimming,48,0.006937418702124584,4.1086852836101913e-07,0.006496198168078082,8.107725967833058e-05,2
swing,404,0.05838994074288192,0.0001134927776805563,0.02147359363443647,0.0002986501869399657,3
switch,187,0.02702702702702703,2.7111530761693492e-05,0.015353424040839675,0.00017794988096246736,0
swj,29,0.004191357132533603,7.322147542454429e-07,0.002530474179021056,8.390562653443804e-05,8
swollen,129,0.01864431276195982,4.92810519014307e-06,0.008872868447933668,0.00011568164119011305,3
sydell,36,0.005203064026593439,1.523422064178441e-07,0.003968590737580139,7.480048655920936e-05,0
symbol,23,0.00332417979476803,4.039074704146677e-08,0.00297164714325137,5.569000099593999e-05,7
sympathetic,49,0.0070819482584188465,2.19137636757986e-06,0.005628789536753233,0.00010418789861034957,3
symptom,2045,0.29556294262176613,0.008535743706242258,0.03561809693982569,0.0008204123279019063,3
symptomatic,364,0.052608758491111435,0.00012101940480971998,0.021685445583790205,0.00032416057908831337,4
symptomatically,69,0.009972539384304091,1.5032044747831573e-06,0.008138240731301446,0.00010436750653017899,4
symptomology,27,0.003902298019945079,3.6923199803501006e-08,0.004170879679199148,5.3764291492421437e-05,4
synder,25,0.0036132389073565544,2.0062106549480902e-07,0.0030087142868504536,6.506384945422918e-05,4
syndrome,648,0.09365515247868189,0.0007233838423487186,0.024311523913151244,0.0004894420169773132,5
synergistically,27,0.003902298019945079,2.2031582281755428e-07,0.00403666437155814,6.290047496202447e-05,3
synthesis,95,0.013730307847954907,5.236176759136677e-06,0.008193727868148029,0.00012542619749664476,5
synthesise,26,0.0037577684636508164,8.078490116635541e-08,0.003365604641662984,5.633240344366258e-05,5
synthesize,28,0.004046827576239341,3.838673571795494e-07,0.003528650729738167,6.653477150050188e-05,6
synthetic,176,0.025437201907790145,1.0801476993646716e-05,0.01340863079371101,0.00016398597270730962,5
syphilis,29,0.004191357132533603,4.894963129169675e-07,0.0025950256527474697,7.815572148483729e-05,1
syringe,27,0.003902298019945079,1.17799739303575e-06,0.0038150012396834885,6.232430130472566e-05,2
syrinx,32,0.00462494580141639,3.714359752492253e-07,0.003955334397226734,7.383139872396088e-05,2
system,847,0.12241653418124006,0.0017167998871606455,0.030886429285621728,0.0006095230873192983,2
system(s,28,0.004046827576239341,1.7177707141535993e-07,0.004033420779809079,6.236023253205601e-05,4
systematic,143,0.02066772655007949,3.420393105169727e-05,0.011746328593411447,0.00021175146352381437,4
systematically,23,0.00332417979476803,3.6066697580827175e-08,0.003688139304717909,5.817227033240129e-05,4
systemic,54,0.007804596039890158,3.954609326356074e-06,0.00618235980536937,9.892199426910701e-05,2
t.g,30,0.004335886688827865,1.432102198645516e-06,0.0023204847973643055,9.754029603092451e-05,8
t.h,19,0.0027460615695909813,9.504896924715846e-08,0.002095467718110149,6.002806629605709e-05,6
t.m,28,0.004046827576239341,8.64556625566955e-07,0.0024261283944017257,9.184425174291994e-05,8
tab,27,0.003902298019945079,3.398388684398574e-08,0.004233834314784623,5.234115575861638e-05,4
table,336,0.04856193091487209,0.00025561347034816875,0.019785343871898873,0.0003097945041009341,4
tablet,271,0.03916750975574505,8.064610292069246e-05,0.018081721041818398,0.0002681674057152253,2
tackle,108,0.015609192079780315,3.759415574649027e-05,0.009570653210787488,0.00012520482233390127,4
tact,30,0.004335886688827865,4.6873191352109575e-08,0.004565368510615284,6.211638563786797e-05,0
tactic,25,0.0036132389073565544,2.9866821430544165e-08,0.0036161953405399057,6.288272101948945e-05,4
tadalafil,109,0.015753721636074577,9.96385486325322e-06,0.010208881676062058,0.0001382599230592784,2
tag,39,0.005636652695476225,1.7193607558843075e-06,0.0035376259322383754,9.205652893209313e-05,6
tailor,317,0.04581586934528111,5.313464032251199e-05,0.022136287966788577,0.0002685998709021131,4
tailored,52,0.007515536927301633,5.733342960467662e-07,0.006533510076781292,8.857675827810188e-05,4
takeaway,114,0.016476369417545888,2.277853190783082e-05,0.010544602812073188,0.00014982884497935996,7
taker,27,0.003902298019945079,2.7560715729097114e-07,0.003693770074715336,6.667607263476471e-05,0
tale,130,0.018788842318254083,8.948617377638304e-06,0.011162673677428276,0.00015957540226896983,0
talent,23,0.00332417979476803,2.0168214852687045e-06,0.002528685541711119,7.246047792502447e-05,0
talk,1063,0.1536349183408007,0.001388504869008827,0.033897734993128606,0.0006062506859225369,0
tall,19,0.0027460615695909813,1.2258145866860098e-07,0.002157740102048829,6.077621942200707e-05,0
tammany,28,0.004046827576239341,4.1505699466792694e-07,0.0022763331764384595,8.858012707616705e-05,9
tamoxifen,102,0.014742014742014743,6.6053893686564724e-06,0.010359308443479888,0.00014102405712943246,5
tampa,89,0.012863130510189334,2.9409662993909545e-06,0.00911766815353285,0.0001152796466836335,4
tandem,27,0.003902298019945079,1.4523538514940733e-07,0.00384624446403022,6.619992729657746e-05,4
tank,26,0.0037577684636508164,4.7522507484070634e-08,0.0037113434300237885,6.411989346396504e-05,0
tans,26,0.0037577684636508164,5.661823719821838e-08,0.0037973571314135635,6.31941505311145e-05,2
taper,84,0.012140482728718023,1.7937574397773344e-06,0.009039643699627807,0.00010713981012695362,2
tapering,28,0.004046827576239341,2.3654159554632332e-08,0.003938273444898011,5.750148550094353e-05,2
tarantino,26,0.0037577684636508164,4.0711548603261505e-07,0.002260103942233205,9.013863274451298e-05,8
target,303,0.04379245555716144,6.933448998054145e-05,0.019960595119321026,0.0002671992052071626,4
targeted,23,0.00332417979476803,4.1031858106274267e-07,0.0018355925669498695,8.66128821206444e-05,10
task,146,0.021101315218962278,3.396120579924793e-05,0.013028848306686961,0.00017592409417533872,11
tasked,26,0.0037577684636508164,7.894876085993457e-08,0.0041892455433106875,6.378413303955654e-05,4
taste,25,0.0036132389073565544,6.694881026223351e-08,0.003934488040053753,5.969963025200834e-05,7
taylor,21,0.0030351206821795057,1.6866698467754518e-07,0.002641775008552483,5.424370773771131e-05,6
td.5,29,0.004191357132533603,2.5734279239440646e-07,0.0042922672940022295,6.354076547658394e-05,3
"td.5,6",27,0.003902298019945079,1.3770302185872449e-07,0.003538234837913242,6.236375180574235e-05,4
"td.6,9,25",28,0.004046827576239341,6.740155129991307e-08,0.0042976148377564345,6.837534217806267e-05,4
"td.76,77",26,0.0037577684636508164,5.057225653457342e-08,0.0038880289740413614,5.614950736528551e-05,3
td5,25,0.0036132389073565544,2.0980958583339435e-08,0.0037348274903213114,5.642377509679362e-05,5
"td5,7",29,0.004191357132533603,5.4476177614260674e-08,0.004315331423388523,6.0692326486985756e-05,3
tds,27,0.003902298019945079,1.155494131020526e-07,0.00403329859931877,6.144972854983496e-05,2
tea,49,0.0070819482584188465,1.6330053791300835e-05,0.004366031531894906,0.0001066474464918483,7
teach,74,0.0106951871657754,3.689160720201582e-06,0.00834238671962909,0.0001083871215752887,0
teaching,21,0.0030351206821795057,1.2227743413683395e-07,0.0028283409999509492,5.4287053512790286e-05,6
team,757,0.10940887411475647,0.0010521141903156038,0.0291697692142049,0.000525313926861718,4
tease,50,0.007226477814713109,4.783337873965996e-07,0.006008940006255485,8.029219471943065e-05,0
technical,23,0.00332417979476803,1.9927713528939217e-07,0.003359785602501339,5.89480367178499e-05,4
technically,23,0.00332417979476803,8.043956585813994e-08,0.0032430530791499076,5.2621831523160125e-05,3
technique,287,0.041479982656453245,9.87942359167718e-05,0.01971107997222062,0.0002759631663252096,4
technology,223,0.032230091053620465,0.00010430073831293993,0.016555701297547826,0.0002493041447372032,4
teen,101,0.01459748518572048,9.976195974218064e-06,0.00934809912420729,0.00011560631365737189,5
teenage,51,0.007371007371007371,1.7485650793274823e-06,0.005746139129807146,9.365685840235451e-05,5
teenager,45,0.006503830033241798,8.794883222787512e-07,0.0050679385095536034,8.257943514172931e-05,5
telehealth,119,0.0171990171990172,7.614735278352936e-06,0.012344007019079872,0.00015510231807301162,4
telemedicine,202,0.02919497037144096,2.009976752628822e-05,0.015695075688508253,0.00019751130038424516,4
telephone,96,0.013874837404249168,3.1561680541138327e-06,0.010302066209992562,0.00012663973045771434,4
television,131,0.018933371874548344,1.709871831510452e-05,0.012170347535862722,0.00014925965849061563,0
tell,751,0.1085416967769909,0.0008674677132128634,0.03024880431537667,0.0005034121440321578,0
telling,25,0.0036132389073565544,3.278428409219617e-07,0.003016183617797608,6.37629604994077e-05,0
temperature,71,0.010261598496892614,4.922261762134551e-06,0.00704309535801325,0.00010826984144876803,5
temple,26,0.0037577684636508164,1.865167303128215e-08,0.003474959724220696,5.503327169461506e-05,5
temporarily,49,0.0070819482584188465,1.069865907377485e-06,0.005850082850620578,8.929076459906313e-05,5
temporary,231,0.033386327503974564,2.960380725132059e-05,0.017202626650696533,0.00022079278370511538,5
tend,663,0.09582309582309582,0.00038717993431454975,0.028339446692681815,0.00043618255637778224,0
tender,81,0.011706894059835236,6.541739344461362e-07,0.008127176762548377,9.13304867115899e-05,3
tenderness,191,0.027605145252204075,2.5960144028056014e-05,0.014351533370729325,0.000189274167084195,5
tennessee,27,0.003902298019945079,4.577787591203514e-07,0.0029253917501590103,7.954864095140114e-05,9
tension,91,0.013152189622777859,1.1705446182199949e-05,0.008473122106720583,0.00013697665326164367,2
term,1228,0.17748229512935396,0.0017155186935188128,0.0379019063486125,0.0006615609299530688,3
terminally,26,0.0037577684636508164,3.208141615516719e-07,0.0027509333925050607,7.256353521183574e-05,5
terms—“secret,25,0.0036132389073565544,1.1458587743518685e-07,0.0028254189151293916,6.84293569408722e-05,9
terrible,41,0.005925711808064749,1.1773711553896206e-06,0.004976652818415806,8.291651563694277e-05,0
terrific,26,0.0037577684636508164,1.1180553420870384e-07,0.003802020985848594,5.696142257212708e-05,0
terrifying,19,0.0027460615695909813,9.514642216809306e-09,0.0029755895114872604,5.058435133153819e-05,0
tertiary,27,0.003902298019945079,1.4905398792044817e-08,0.004245930642821092,5.738696501736517e-05,4
tertile,45,0.006503830033241798,4.1362290398974526e-07,0.005457718826725593,7.239061152118006e-05,4
test,1387,0.20046249458014165,0.004016778590381847,0.02917294007242047,0.0006499625932408084,4
testable,24,0.003468709351062292,3.847227267922208e-08,0.003261166296430681,5.723031977298968e-05,3
testament,28,0.004046827576239341,1.32995921684634e-07,0.0037602166405567754,6.0816352421094527e-05,4
testes,193,0.0278942043647926,1.961747472860363e-05,0.01430863433603997,0.00018382654036090516,5
testicle,877,0.12675242087006794,0.0009901955801088352,0.026590061061768474,0.000501033440229511,5
testicular,778,0.11244399479693597,0.0007162844618111921,0.028418922967445262,0.0004949148247608517,5
testim,126,0.018210724093077033,2.7274089212695496e-05,0.011126734081268134,0.0001827422918771181,2
testimonial,77,0.011128775834658187,2.5521038902904243e-06,0.00904371062200338,0.00011151372288407003,0
testing,804,0.11620176326058679,0.0012300393989306702,0.030492118812888405,0.0005096100970964048,4
testing.com,26,0.0037577684636508164,1.1360213508034581e-06,0.0031861918492148995,7.344016386504043e-05,8
testis,736,0.10637375343257696,0.0007251063013163988,0.02455113954680818,0.00046705879565133845,5
testogel,23,0.00332417979476803,6.141739159787536e-07,0.0020719050568059703,7.873155784968314e-05,2
testolactone,30,0.004335886688827865,7.782256624318636e-08,0.0039241936284682985,6.9488127083209e-05,5
testopel,46,0.00664835958953606,9.385541246267797e-08,0.0060062561770488,6.700954435203739e-05,2
testosterone,4508,0.6515392397745339,0.10995522689491119,0.04310701216271427,0.0012004585526824458,2
testosterone.27,29,0.004191357132533603,2.1873699483710012e-07,0.0036793126599117165,7.030088608703097e-05,4
testosterone.5,28,0.004046827576239341,6.364494458308439e-08,0.003999420216120484,5.8713450166163533e-05,3
"testosterone.54,55",26,0.0037577684636508164,1.1781925994102388e-07,0.00353242485317992,6.34917258007349e-05,5
testosterone.9,21,0.0030351206821795057,1.2080322622794128e-07,0.002399472288561885,5.987893125149661e-05,5
testosterone.you,24,0.003468709351062292,2.6223222437527177e-08,0.0033805515277571118,5.508021650888124e-05,3
testosteroneto,28,0.004046827576239341,1.2999861450540148e-07,0.004194263647629556,5.90445755357146e-05,4
tetanus,27,0.003902298019945079,8.304006286078967e-07,0.0026148728934692854,8.40798982593334e-05,1
text,103,0.014886544298309004,7.05511005238873e-06,0.010070353169609086,0.0001403765776770379,0
textbook,82,0.011851423616129498,1.2917389028883043e-05,0.005754745983140367,0.00016211989953343007,8
textual,27,0.003902298019945079,8.183426698685779e-08,0.003252762217608542,6.75842066163016e-05,0
texture,25,0.0036132389073565544,2.4122120665411055e-08,0.004034901579367003,5.6132961765311553e-05,2
tgrp,26,0.0037577684636508164,2.2198069111485838e-07,0.0032369025341182273,7.042886392286226e-05,8
thalamus,29,0.004191357132533603,1.7574462014017036e-07,0.0036665011371995655,6.908059032411566e-05,3
thalassemia,40,0.005781182251770487,6.334474495793276e-08,0.004867634063331593,6.352645583736262e-05,5
thank,326,0.04711663535192947,0.00016325033956530376,0.01798718714042957,0.00031422043421392164,0
thankfully,26,0.0037577684636508164,4.071463426850164e-08,0.0033508626760687756,5.539819391582165e-05,0
theirs,27,0.003902298019945079,2.0862447930487575e-08,0.0036359468406682157,5.26388944791413e-05,5
theme,26,0.0037577684636508164,2.2602882286250414e-07,0.0038727441908252645,6.825517548900388e-05,4
theoretically,51,0.007371007371007371,6.201628478941924e-07,0.006220551146453449,8.161926642849353e-05,3
theory,46,0.00664835958953606,2.1449628955643988e-06,0.005176569166930661,9.46112199048813e-05,8
therapeutic,501,0.07240930770342535,0.00035513108695174855,0.027130393086278026,0.00041201696449755346,2
therapeutic.446,27,0.003902298019945079,7.973214849784198e-08,0.004087677957865383,6.328717420841484e-05,2
therapie,25,0.0036132389073565544,2.88309174943697e-07,0.0031388117163203793,6.794407484344204e-05,3
therapies.417,27,0.003902298019945079,5.792677258768393e-07,0.0038707142654713323,6.698440905570692e-05,2
therapist,73,0.010550657609481139,1.863083572156383e-06,0.008151058186999816,0.00010031595398767989,0
therapy,2639,0.3814134990605579,0.020440427143531534,0.04339453526818756,0.001133568223736385,6
"therapy.28,29",26,0.0037577684636508164,5.3681249072247867e-08,0.0037155545191184846,5.452301150307695e-05,3
therapy.5,26,0.0037577684636508164,1.114514884418184e-07,0.003681289445529179,5.913974221101352e-05,4
therapy.75,24,0.003468709351062292,5.734331352094231e-08,0.0033825846813026078,5.6171964205228045e-05,3
therapy6,25,0.0036132389073565544,7.589041089893913e-08,0.003646741548472757,5.6242022367654435e-05,4
therapyis,23,0.00332417979476803,1.8166556763609487e-08,0.003658427365414866,5.0357413602570425e-05,2
thereafter.438,26,0.0037577684636508164,1.7410448419223835e-07,0.003986090297925564,5.8474793940651486e-05,2
thereof,28,0.004046827576239341,3.532270917025465e-08,0.0038510370929593835,5.954535464554081e-05,5
thermostat,51,0.007371007371007371,1.6575545100345828e-06,0.0050365376124546285,8.901218128224028e-05,5
thescoperadio.com,62,0.008960832490244255,2.5027347446314843e-06,0.005927943440439454,9.464065998731467e-05,0
thewissen,29,0.004191357132533603,3.3424330136055267e-06,0.0030450494373124265,8.716500627193634e-05,8
thick,28,0.004046827576239341,2.1045617816500085e-08,0.004318074907270787,6.104499924461662e-05,3
thicken,65,0.009394421159127041,7.202698354148907e-07,0.007695340154776467,8.472957019195671e-05,5
thickening,24,0.003468709351062292,3.927246311981609e-09,0.003641365806820986,4.820808423790249e-05,5
thickness,26,0.0037577684636508164,1.576502418361915e-07,0.0028017062701558557,7.690644515592736e-05,3
thigh,219,0.03165197282844342,3.6710348429557104e-05,0.016286586238807785,0.00021737111103645854,2
thin,170,0.02457002457002457,2.591285196333914e-05,0.012967713307584132,0.00017997210632070797,2
thing,1235,0.17849400202341378,0.0024011057778050753,0.035492025238119396,0.0006997833792000912,0
think,1281,0.18514236161294984,0.0028889144722760757,0.03775414693977203,0.0007745608343932524,0
thinking,137,0.019800549212313917,1.1955972400456736e-05,0.011755591179564874,0.00016301876759130336,3
thinning,160,0.02312472900708195,1.373119246422377e-05,0.012615659452851473,0.0001550175434553311,3
thirty,45,0.006503830033241798,3.749442488594102e-07,0.00504994097716272,7.185378045738865e-05,5
thirumavalavan,151,0.02182396300043359,4.225346394601601e-06,0.012764502015502737,0.00014393756934914646,0
thomas,114,0.016476369417545888,1.2998164537660587e-05,0.010159274679365931,0.00015927516607524658,0
thoracic,87,0.012574071397600809,4.090090437034108e-06,0.008051977006757582,0.00011965144578619557,0
thorough,381,0.05506576094811389,0.00016906090807789718,0.022091696008163266,0.0003039431606635874,4
thoroughly,169,0.024425495013730307,5.2664510545033925e-06,0.01494196050150261,0.00015937016064068436,4
thought,316,0.045671339788986846,9.342659594186263e-05,0.020049858401542824,0.00028081908184534915,0
thoughtful,52,0.007515536927301633,1.4875379523560249e-06,0.006225142070555803,9.373918029545651e-05,4
thoughtfully,30,0.004335886688827865,4.422562970245679e-08,0.0048777298512173205,6.08470533269458e-05,4
thousand,200,0.028905911258852435,2.0292599973664095e-05,0.014831540286178667,0.00019502615875134898,4
threat,27,0.003902298019945079,1.0018120985105362e-08,0.0036753756646855824,5.4961823673071065e-05,5
threaten,75,0.010839716722069664,6.869897782086228e-06,0.007988838205152168,0.00010720315289230636,5
three-,28,0.004046827576239341,8.300662089952e-08,0.0038752167662765165,5.958300046248818e-05,2
threshold,228,0.032952738835091776,2.74174372190984e-05,0.01625047840623939,0.00021615202096189883,4
thrilled,27,0.003902298019945079,2.0471696527840956e-07,0.003800423555343835,6.818126323101618e-05,6
thrive,50,0.007226477814713109,7.877708982899703e-07,0.005712619653293682,8.762310472786909e-05,3
throat,27,0.003902298019945079,1.4692003839823236e-07,0.003322264283312976,6.766901141495167e-05,5
throb,25,0.0036132389073565544,1.199384587983684e-07,0.0032346043413751455,5.385646154438163e-05,2
thromboembolic,74,0.0106951871657754,2.3046604802306673e-06,0.007749315533850208,0.00010595519135140282,6
thromboembolism,69,0.009972539384304091,2.123676114001427e-06,0.007814840427105502,9.86755581027122e-05,6
thrombophilia,65,0.009394421159127041,3.399716990440494e-07,0.0072956724243149074,8.790582333361665e-05,5
thrombosis,46,0.00664835958953606,8.088528325755462e-07,0.005338896521749223,8.451102356262374e-05,6
throttle,53,0.007660066483595895,6.826849019710369e-07,0.005902440687014739,8.359151645449464e-05,7
throw,89,0.012863130510189334,4.578967581432748e-06,0.00912018618068846,0.00011040810831803274,0
thyroid,532,0.07688972394854748,0.00040572049966706883,0.020357887372540212,0.0003684108323150783,5
thyroiditis,26,0.0037577684636508164,3.308499992963942e-07,0.003169442461617238,6.190154934419622e-05,5
thyrotropin,24,0.003468709351062292,4.5790228806214365e-08,0.002922210377451397,5.9057833417926374e-05,5
thyroxine,60,0.00867177337765573,1.097141580163713e-05,0.005229036336267806,0.00011300600454798128,5
tidbit,27,0.003902298019945079,1.582669167012139e-08,0.003982047898159553,6.378399629081768e-05,0
tie,203,0.029339499927735224,1.317452612258855e-05,0.015119577604033072,0.00018126775867727962,3
tightly,85,0.012285012285012284,5.665396895212783e-06,0.007321360254573877,0.00011317730128475243,5
time,1890,0.27316086139615553,0.0077349809126515965,0.04627100590524289,0.000994523527282364,0
timed,40,0.005781182251770487,2.8027737862000354e-07,0.004808696881814762,7.256070712854328e-05,2
timeline,118,0.017054487642722937,4.789421975675337e-06,0.010983181809279197,0.00011939378725452248,3
timely,50,0.007226477814713109,3.2717469920487105e-07,0.0059852239388642516,7.806631675503332e-05,4
timer,29,0.004191357132533603,1.2259936701898334e-07,0.004181926206040713,6.405452382403336e-05,2
timing,138,0.019945078768608182,4.907603182526867e-06,0.013050413070953636,0.00014468127222945438,2
timothy,28,0.004046827576239341,3.799900639717762e-08,0.0040121682029843125,6.566426143300292e-05,0
tinker,54,0.007804596039890158,1.75688349179706e-06,0.006533278762431559,8.956662997203046e-05,0
tinkering,26,0.0037577684636508164,1.947881817588894e-07,0.0038682403076993744,6.317159579357831e-05,0
tiny,151,0.02182396300043359,2.691610530910898e-05,0.013086568223468573,0.0001888112089245817,2
tip,274,0.039601098424627834,5.572647199013683e-05,0.017082277649688896,0.00022648817569953145,4
tired,346,0.05000722647781471,8.278729933889127e-05,0.01948539260701231,0.0002842486751417053,0
tiredness,180,0.02601532013296719,1.4473366651284072e-05,0.013963626314383854,0.00017817160128534706,3
tirzepatide,42,0.006070241364359011,4.7181691522778625e-07,0.005186232696349617,7.305909607839965e-05,5
tissue,723,0.10449486920075156,0.000644920421487085,0.030266627869193957,0.0004942967587967362,5
"tissue.44,45",26,0.0037577684636508164,1.5829499347877947e-07,0.003421771389715211,6.335363445113338e-05,5
tit,24,0.003468709351062292,3.035807690075446e-08,0.0033051842306846537,5.760623299243611e-05,3
title,52,0.007515536927301633,2.2110747558697473e-06,0.005791567478338156,0.00010123969248130331,1
titrate,51,0.007371007371007371,5.782523242097263e-07,0.006643753545062826,8.367398276046178e-05,5
titration,105,0.015175603410897529,5.419209838059092e-06,0.011224056636780347,0.0001362619859230514,2
tlando,22,0.003179650238473768,2.263506526501611e-09,0.0031570591869888674,5.4474097857137345e-05,2
tmt,21,0.0030351206821795057,5.3860789338420285e-08,0.0029311269137352416,5.210776918448388e-05,3
to-1,22,0.003179650238473768,6.898206209867128e-08,0.0031089228502713586,5.446191839542006e-05,5
tobacco,115,0.01662089897384015,6.0581004328788055e-06,0.010603218235496781,0.00013573983534456865,1
today,589,0.08512790865732042,0.0003390666554577963,0.028553669259735015,0.0004370807243423852,0
toledo,30,0.004335886688827865,4.2454341888259306e-07,0.0037919558472054807,7.422093825397335e-05,0
tolerability,27,0.003902298019945079,2.1207820779803806e-08,0.004182595293040187,5.806273729767101e-05,4
tolerable,50,0.007226477814713109,9.365405531198719e-07,0.006460110985786838,8.676523219796433e-05,7
tolerance,139,0.020089608324902444,1.1614595601216388e-05,0.012339481182607208,0.0001516227560696751,2
tolerate,53,0.007660066483595895,3.5491431829509435e-07,0.006985525235536992,8.516993493373343e-05,2
toll,28,0.004046827576239341,1.9342440331597612e-07,0.0037353562420075668,6.445572064450977e-05,4
tom,165,0.02384737678855326,9.650842124147296e-06,0.012981033434553604,0.00015887379689338502,0
tomlinson,28,0.004046827576239341,2.7319027735518287e-06,0.0018800498997232297,9.994503369009553e-05,8
ton,90,0.013007660066483595,2.879963700811176e-06,0.009601416569286817,0.00011370949687697044,0
tone,83,0.011995953172423761,7.124718451031756e-06,0.007152679214409212,0.00012038737554980422,0
tongkat,57,0.008238184708772944,3.0923992743908205e-06,0.005651440855095207,0.00010456641061419312,6
tongue,54,0.007804596039890158,1.6234456051344867e-06,0.006663948251423044,9.376630095956925e-05,2
tonsil,26,0.0037577684636508164,7.259848321367768e-08,0.003632514819522622,5.7899819868837896e-05,5
tool,323,0.04668304668304668,8.779299738072226e-05,0.022016137502050215,0.0002928588182924806,4
tooth,121,0.017488076311605722,2.1940823591349728e-05,0.010603632196317898,0.00016318722023721225,2
topi,37,0.0053475935828877,6.630667424115467e-07,0.004572123563124198,7.620654773809541e-05,2
topic,492,0.071108541696777,0.00025902300313742114,0.025750095661347394,0.0003804117472924357,0
topical,719,0.1039167509755745,0.0006827872395834853,0.02934275826965146,0.0004953335428003982,2
topically,85,0.012285012285012284,3.4353452642012112e-06,0.009340612741696173,0.00012492427456311083,2
toronto,33,0.0047694753577106515,2.6073356381574595e-06,0.0028413399513964105,8.840183851989654e-05,6
torre,24,0.003468709351062292,6.788135982091906e-07,0.0028914290870404743,7.227643596764146e-05,4
torso,26,0.0037577684636508164,3.3699986034977747e-07,0.0036698912808402137,6.151180971963162e-05,2
tosterone,29,0.004191357132533603,6.428617312283649e-07,0.003526322222154368,6.693504114529436e-05,3
tostran,22,0.003179650238473768,4.2090411412949616e-07,0.0018475476298141513,8.035342539748308e-05,2
total,873,0.12617430264489088,0.0013848710407592143,0.02705974514004471,0.0005501823282087376,5
totally,24,0.003468709351062292,2.0458115766158116e-07,0.0036743962022934154,5.993724408749874e-05,0
touch,191,0.027605145252204075,2.605425692904867e-05,0.014839812660991557,0.00018779300516968622,2
tough,49,0.0070819482584188465,1.141256325355946e-06,0.006094596514808789,8.551608836731368e-05,0
touliatos,81,0.011706894059835236,1.733333899019847e-06,0.006903686472561969,9.826646833995079e-05,4
tour,28,0.004046827576239341,4.579329394003826e-07,0.0029485853780791397,5.673739428864443e-05,3
town,63,0.009105362046538517,2.1673396395935603e-06,0.007646516376918337,9.68287319915836e-05,0
toxic,36,0.005203064026593439,7.22909828463735e-07,0.004389158562568885,7.602199302314185e-05,5
toxicity,112,0.016187310304957365,2.518802739055605e-06,0.011205885196185986,0.00012225823910289746,2
toxin,140,0.020234137881196705,8.551402637812243e-06,0.01241196240254409,0.00015968719925011442,5
toyota,20,0.0028905911258852437,4.5082887613915345e-07,0.0018997961219785163,7.098976784929694e-05,0
trace,56,0.008093655152478682,7.152266440199268e-07,0.006778780447189276,8.751280545285442e-05,2
track,270,0.03902298019945079,8.707443632023333e-05,0.01860232783320106,0.0002459541650807607,4
tracker,28,0.004046827576239341,6.809680492692927e-08,0.003749752853707764,5.8909016579812245e-05,0
tract,204,0.029484029484029485,2.756390789357966e-05,0.013981405931365744,0.00019625762513130797,5
traction,63,0.009105362046538517,6.656306537934708e-06,0.006494980266378464,0.00011473433618413339,2
trade,79,0.011417834947246712,5.343271902727497e-06,0.008294617783414773,0.00011813203687505746,2
tradeoff,27,0.003902298019945079,1.007619659221941e-07,0.0038744525542795645,6.611830264947076e-05,7
traditional,333,0.0481283422459893,8.279887172544842e-05,0.021799000278840325,0.0002858955503830377,2
traditionally,120,0.01734354675531146,3.210706662428505e-06,0.011817731747041104,0.00013536537141310522,5
trail,30,0.004335886688827865,3.131093513029297e-08,0.004127834015070623,6.145746135054477e-05,2
train,266,0.03844486197427374,4.451347567636796e-05,0.01889819530488526,0.00024753627616038104,4
trainer,28,0.004046827576239341,1.6571640537201395e-07,0.003927299679104756,7.104176779924085e-05,4
training,378,0.0546321722792311,0.00015062173307644114,0.02194506433949471,0.0003098917926385181,0
traish,80,0.011562364503540975,2.0973566023653777e-05,0.005776225216187627,0.00017194226963832904,8
trait,175,0.02529267235149588,1.2158554941505581e-05,0.013587510833693472,0.00015979397852973216,3
trajectory,49,0.0070819482584188465,2.7040593463434935e-07,0.005882416621112676,7.44382318058528e-05,4
trans,23,0.00332417979476803,1.4885725466359943e-08,0.003503186089529576,5.348249903632492e-05,2
transcript,87,0.012574071397600809,6.684046599118136e-06,0.006978437754265076,0.00012989380951480947,0
transcription,27,0.003902298019945079,2.0713380034755662e-07,0.0031242844039773144,7.006966541846724e-05,0
transdermal,404,0.05838994074288192,0.0001576655884639987,0.022847983463323097,0.00034107130014271973,2
transfer,268,0.038733921086862265,5.983881575186483e-05,0.01878820831959951,0.00026192108524230554,2
transference,206,0.029773088596618008,3.391289617218245e-05,0.016375879957445823,0.00021675267116530152,2
transform,98,0.014163896516837693,2.3333323889031454e-06,0.009157269540798938,0.00011248183836645544,5
transformation,52,0.007515536927301633,1.4687424079571134e-06,0.006075335960944087,8.528949778101891e-05,0
transformative,51,0.007371007371007371,1.6857037526425601e-06,0.005742267214049065,8.606981382485799e-05,9
transgender,35,0.005058534470299176,4.85480500635486e-07,0.0033948170816359433,8.479443094097557e-05,1
transient,27,0.003902298019945079,3.002518123249123e-08,0.003958363708523378,5.168874589992108e-05,5
transition,85,0.012285012285012284,2.0358260735737285e-06,0.009002234892163317,0.00010934300575479261,5
transitory,28,0.004046827576239341,7.157123811940675e-08,0.004421227107114577,6.15783936929641e-05,5
translate,98,0.014163896516837693,2.9424022241683377e-05,0.008840266967852027,0.00014747401980251196,0
translational,46,0.00664835958953606,3.180085569101556e-06,0.004986815693826103,9.852137128007747e-05,6
transmission,48,0.006937418702124584,8.813423063518988e-07,0.006229177835543376,8.365639661378695e-05,2
transmit,95,0.013730307847954907,1.6942004088243505e-05,0.008964601862363935,0.00013896204746121604,5
transmittable,34,0.004914004914004914,6.790587836200641e-07,0.003998347522222385,7.666732997689843e-05,5
transparency,55,0.00794912559618442,2.820659757072397e-06,0.00629489955911853,0.00010363462900992251,4
transparent,29,0.004191357132533603,9.405391412663607e-08,0.004589927680281913,5.68923476085696e-05,4
transplantation,27,0.003902298019945079,1.8384097057637488e-07,0.0035379057250970168,6.700287839562745e-05,5
transport,123,0.01777713542419425,1.2186176152413565e-05,0.010483872733103378,0.00014803622642742153,5
trauma,226,0.03266367972250325,4.420940142464394e-05,0.015215075739294572,0.0002234916992527948,5
traumatic,70,0.010117068940598353,7.458481674990324e-06,0.0065639169668806185,0.00012130920788882054,5
travel,146,0.021101315218962278,5.728642195917626e-05,0.0106688059601961,0.0001881546401930496,5
traverse,142,0.020523196993785228,1.0458028224463615e-05,0.011864603601576363,0.00016846375283824464,0
travison,30,0.004335886688827865,1.4156622708269803e-06,0.002418229899036143,9.479805788149252e-05,8
treadmill,28,0.004046827576239341,7.802671171297296e-07,0.003915229422084951,6.122562049233241e-05,0
treat,1268,0.18326347738112445,0.0022191662112420966,0.034975955036861864,0.0006703200946514814,4
treatable,171,0.024714554126318834,1.1979537044568985e-05,0.012929191823811154,0.00015272648815631626,5
treating,27,0.003902298019945079,4.871829947000834e-08,0.0036162963349211587,5.601868676282778e-05,3
treatment,2563,0.37042925278219396,0.018295067168388912,0.045073598707111175,0.0010761225396250808,4
treatment.2,20,0.0028905911258852437,6.62620368831656e-08,0.0027931119997117978,5.0124701275412974e-05,2
"treatment.7,27,31",28,0.004046827576239341,3.337113080031644e-07,0.003761136350603737,6.752620531340281e-05,4
treatments.regenerative,23,0.00332417979476803,2.2202447458726692e-07,0.002918695525017086,6.402953556225696e-05,3
tremendous,93,0.013441248735366382,2.222210586258694e-05,0.00908251666957386,0.00013755837696100253,11
tremendously,27,0.003902298019945079,2.7715274834869913e-08,0.004185273377478857,5.686792321754779e-05,2
tremor,28,0.004046827576239341,1.7964868224888423e-07,0.0031379508086435462,6.29804738663494e-05,3
trend,187,0.02702702702702703,2.2370470849683598e-05,0.015189082896994189,0.00021059940127137966,4
trh,29,0.004191357132533603,1.977792803033202e-07,0.0034187754069370554,6.073471497272575e-05,5
tri,25,0.0036132389073565544,6.809268100181622e-07,0.002217462039629399,7.713430713752088e-05,5
trial,788,0.11388929035987859,0.0011506735148580343,0.029820917631092365,0.0005950071482672824,6
triale,22,0.003179650238473768,1.2353984394439569e-08,0.0033827898132279986,5.054799174167961e-05,0
trick,73,0.010550657609481139,3.356954186865793e-06,0.008032161451588013,0.00010456575416882441,5
trickle,27,0.003902298019945079,8.931611246691554e-08,0.003932441801944386,6.092163302178562e-05,2
tricky,104,0.015031073854603266,2.872490311673019e-06,0.009878395985372157,0.00011665899737394407,0
trigger,345,0.04986269692152045,0.00010787234824235688,0.01990658920435782,0.0002863921297265588,5
triglyceride,62,0.008960832490244255,3.841313947384205e-06,0.006261566470063256,9.0230996485311e-05,5
triiodothyronine,38,0.005492123139181963,4.049474636157622e-07,0.004352279813163897,7.473302828400398e-05,5
trim,28,0.004046827576239341,4.0795717000014594e-08,0.003649578742589418,6.499924426698596e-05,3
trimix,148,0.0213903743315508,3.1148437412036354e-05,0.012720081086849916,0.00018861077994904288,2
trip,45,0.006503830033241798,7.336651484379574e-08,0.006228809900116821,6.805706637493165e-05,4
triple,84,0.012140482728718023,2.223899033625826e-05,0.008052807303315984,0.00012501905700685543,8
triptorelin,29,0.004191357132533603,2.1242590219871312e-07,0.003852828388207346,6.886181314878182e-05,5
trivialise,29,0.004191357132533603,1.8346457247899694e-07,0.004086319376333528,6.293197952344234e-05,4
troche,28,0.004046827576239341,2.1099347991091448e-07,0.003968151035709787,6.931827109514169e-05,2
trost,65,0.009394421159127041,0.00011706287747847069,0.005384069019040269,0.0001501329525948009,8
trouble,355,0.05130799248446307,5.815837488846152e-05,0.019294183615768658,0.00024562408315173724,3
troublesome,74,0.0106951871657754,2.5419735321510477e-06,0.0076201296637133115,0.00010680001381976745,5
troubling,64,0.00924989160283278,4.6777866365708066e-07,0.007066514622258781,7.93195483176555e-05,5
trough,184,0.02659343835814424,2.9842905061814166e-05,0.01488551943289835,0.00020867997928742554,2
troy,444,0.06417112299465241,0.0002303972445980892,0.022541474700706242,0.00039707624651465917,0
trt,1902,0.27489521607168665,0.006995761167319062,0.04030256322535296,0.0008090408384231238,4
trt.â,29,0.004191357132533603,4.175587883346475e-08,0.0038741331627151136,5.526876209172584e-05,2
trucker,21,0.0030351206821795057,1.655106635075097e-08,0.003275455172794231,5.0909494399723916e-05,0
true,448,0.06474924121982946,0.0001703623792100444,0.024752222564557842,0.0003551145147311621,0
truly,159,0.022980199450787685,1.3890867111061111e-05,0.013524321244651371,0.00017360950795594057,0
trunk,26,0.0037577684636508164,6.801543829538539e-09,0.0038600185052997766,5.521636314271519e-05,5
trust,123,0.01777713542419425,5.679321969316605e-06,0.011943244791439801,0.00013860451502046867,4
trusted,56,0.008093655152478682,2.036726936105906e-06,0.0063768059022429515,9.498148228643501e-05,9
trustworthy,30,0.004335886688827865,7.490568284392244e-08,0.0041463955333413075,6.30090957763434e-05,0
truth,45,0.006503830033241798,1.6409961245979262e-06,0.005287595470915119,8.413516252786433e-05,0
truven,26,0.0037577684636508164,1.8840146083299366e-07,0.0034612222568059323,6.363992757703091e-05,6
try,906,0.13094377800260154,0.0008280011237706425,0.033744898686288105,0.0005439162509705095,0
tsh,150,0.021679433444139327,1.0737151726222895e-05,0.010698681348601054,0.00014773689642665592,5
ttrial,108,0.015609192079780315,2.8830761797222025e-05,0.009183054886348558,0.00014144428470481716,6
tub,27,0.003902298019945079,4.940400354564721e-07,0.0032580755930566832,6.0616790962156995e-05,5
tube,116,0.01676542853013441,4.3451521564739946e-05,0.00880702695291224,0.0001814063096224184,2
tuberculosis,69,0.009972539384304091,4.7619925231579e-06,0.0060681068474180075,0.0001174496636056684,1
tuft,30,0.004335886688827865,5.813281839394727e-08,0.003914404402485194,6.407670676798535e-05,3
tumor,290,0.04191357132533603,6.564163669510174e-05,0.015203871290009647,0.0002392671724091682,5
tumour,104,0.015031073854603266,1.0898091863346877e-05,0.009184176748699886,0.00012777933097144644,5
tune,110,0.01589825119236884,3.3508737939227735e-06,0.011465312134565324,0.00012428910276495188,0
tuning,28,0.004046827576239341,4.7818940572344504e-08,0.0041072195190058345,6.0764265189391486e-05,2
turley,16,0.002312472900708195,1.409701955940878e-07,0.0019474689116416686,5.538627123997909e-05,7
turn,441,0.06373753432576962,0.0001517356903403018,0.023536809042017864,0.0003155436179632826,0
turner,44,0.006359300476947536,4.0474399116907935e-07,0.0047305167812277315,7.403785581639477e-05,5
tweak,27,0.003902298019945079,2.6328719993357334e-06,0.0033242485409281652,6.659267635549867e-05,7
twice,371,0.05362046538517127,0.0001109080532723433,0.021770682706453524,0.000296831619743917,2
twist,25,0.0036132389073565544,8.370826828099704e-08,0.003146175276303125,6.333743293092518e-05,2
twitter,23,0.00332417979476803,1.8302740155696727e-07,0.0023293599170607234,6.793536484948688e-05,6
tyler,30,0.004335886688827865,5.297513575933497e-06,0.0021807739194864917,0.00010039169149188747,8
type,1117,0.16143951438069085,0.001686055238452056,0.033979443837387414,0.0006339485985359285,5
type-2,52,0.007515536927301633,1.0923669647525246e-07,0.006096656989285382,7.013647105804841e-05,5
typical,332,0.047983812689695045,4.252324965633475e-05,0.02044344920779378,0.0002380813682434669,3
typically,986,0.14250614250614252,0.0010675981322096294,0.03500205680181315,0.0005688987232539718,2
tügertimur,30,0.004335886688827865,5.984975008429621e-07,0.002478233374464385,9.4171229178496e-05,8
u.s,296,0.0427807486631016,0.00013132238689503008,0.01862082188980283,0.0002881921016984784,4
u01,19,0.0027460615695909813,2.5998248111190393e-07,0.0023209967196420305,6.0172559082350395e-05,6
uab,45,0.006503830033241798,3.185644053853017e-07,0.0055972250134078225,7.18738905972505e-05,4
ucf,19,0.0027460615695909813,1.6708141398381e-07,0.002062913894198322,6.343393527508596e-05,4
uchicago,26,0.0037577684636508164,1.0600640775669009e-07,0.0036990592360267166,6.227646264402233e-05,4
ucla,89,0.012863130510189334,2.173311978005194e-05,0.008562425095352788,0.00012737826450562873,6
ucsf,18,0.0026015320132967193,3.770660776862706e-08,0.0024632747016960165,4.903308315750404e-05,6
uhealth,23,0.00332417979476803,7.007017356076246e-08,0.0030515703837876197,5.5078874043820654e-05,4
ukas,29,0.004191357132533603,3.5768577210798313e-07,0.004183151094224375,7.018477948314032e-05,4
ultimate,94,0.013585778291660645,2.617319181665228e-05,0.00939832166221519,0.0001439188588741554,4
ultimately,306,0.044226044226044224,7.99913078445916e-05,0.021500394943283135,0.00027083050762715516,0
ultrasound,92,0.01329671917907212,2.8977685587530158e-06,0.00974431240732841,0.00011926167664969164,5
umiami,24,0.003468709351062292,3.088737927367335e-08,0.0027554712402104863,6.167369803067397e-05,3
unable,203,0.029339499927735224,2.94728570715286e-05,0.01395020647508681,0.00019058335745711713,5
unabridged,24,0.003468709351062292,3.2825674404715337e-06,0.002663864042929747,7.131401923277824e-05,8
unachievable,25,0.0036132389073565544,9.332736052351641e-08,0.0031226668872184563,6.328071664704007e-05,4
unaddresse,28,0.004046827576239341,9.154785908999403e-08,0.0034895886177767955,6.449992182948328e-05,5
unattached,50,0.007226477814713109,7.768285278909381e-07,0.004925111560776269,7.552073725131635e-05,5
unavailable,73,0.010550657609481139,2.0361605643937896e-06,0.008162426322146973,0.00010767577707961264,2
unavoidable,28,0.004046827576239341,1.196948965624626e-07,0.0036881678797247275,5.995494533918306e-05,0
unaware,54,0.007804596039890158,7.450348412501555e-07,0.006546373615725204,8.297339895644827e-05,4
unbelievable,29,0.004191357132533603,1.3487700660835108e-06,0.003650528792880786,7.763648144300553e-05,11
unbelievably,27,0.003902298019945079,1.4934783686009187e-06,0.003600502886246553,6.721163662883803e-05,3
unbiased,53,0.007660066483595895,9.311647781138293e-07,0.006145050940867159,8.40148279478593e-05,4
unblinde,41,0.005925711808064749,5.80208132171056e-07,0.005461988324111311,7.327809127583396e-05,6
unblock,27,0.003902298019945079,6.04740806519424e-08,0.00369820089833892,6.398547574296014e-05,3
unbound,110,0.01589825119236884,2.809734497456487e-06,0.01011980616729248,0.00012076313576483951,5
unc,24,0.003468709351062292,1.8706562102416208e-07,0.003026713432365073,5.962747708323685e-05,0
uncertain,27,0.003902298019945079,9.928556935693348e-09,0.004302671516473367,5.724795652957002e-05,6
uncertainty,51,0.007371007371007371,1.415709031250874e-06,0.006621091116227214,8.981366563404639e-05,4
unchecked,45,0.006503830033241798,1.545333002836735e-07,0.005324349931342375,7.099819318904938e-05,5
unclear,184,0.02659343835814424,1.7889507644804713e-05,0.013186722383132706,0.00016701489034965812,6
uncomfortable,200,0.028905911258852435,3.948626676927361e-05,0.015124210643164614,0.00020687105769348068,4
uncommon,83,0.011995953172423761,2.0706493084274813e-06,0.008533798423790158,0.00010158618927857555,3
uncompromised,28,0.004046827576239341,1.932884273040511e-08,0.004305811916585257,5.727354860851862e-05,4
unconscious,28,0.004046827576239341,1.4893380009159377e-07,0.004279530909188026,6.373207958524884e-05,3
uncontrolle,93,0.013441248735366382,3.3289377690907995e-06,0.008915151492458109,0.00012078892472885544,5
uncontrolled,77,0.011128775834658187,1.1603783891582645e-06,0.008544136662146167,0.00010177817644121566,5
uncover,24,0.003468709351062292,3.37284717519218e-09,0.003318826740986155,4.525807724827838e-05,0
undecanoate,292,0.042202630437924556,8.251427720531708e-05,0.01958310662616649,0.00027131264499847906,2
undeconate,44,0.006359300476947536,5.568358025813641e-07,0.005617522188779421,7.478471920611039e-05,2
undenaconate,22,0.003179650238473768,2.0248966994066032e-08,0.0033451455027523414,5.5181626586736095e-05,2
underactive,50,0.007226477814713109,2.4451727661482833e-07,0.00599708899290567,7.271308728183983e-05,3
underarm,117,0.016909958086428676,4.136780386590183e-06,0.010921846556251204,0.00012774621454418128,2
underdeveloped,18,0.0026015320132967193,1.9729644777402938e-07,0.0022325673564561493,4.952916012321806e-05,5
underdevelopment,24,0.003468709351062292,1.830475362169886e-07,0.0028626166740698764,6.309517551561221e-05,5
underestimate,50,0.007226477814713109,1.2160030017523167e-06,0.006116757455033698,8.549644642837813e-05,3
undergo,445,0.06431565255094666,0.00012096506314341852,0.02424475141431578,0.00031373792893009785,5
undergrad,30,0.004335886688827865,2.2849473023501504e-07,0.0038005090246214734,7.517934984491297e-05,0
undergraduate,38,0.005492123139181963,5.354627751751803e-07,0.004853595882002652,8.339156609945594e-05,6
underlie,360,0.05203064026593438,3.786793466484813e-05,0.021277606761470145,0.00024912868725857014,5
underlying,353,0.05101893337187455,4.9384430609475594e-05,0.02011819672879674,0.0002556316485058729,5
undermine,30,0.004335886688827865,4.195870157204783e-07,0.004147270691735325,7.431371755851432e-05,4
underproducing,24,0.003468709351062292,1.7631979755099292e-08,0.0033098212445545013,4.973820353105299e-05,5
underproduction,74,0.0106951871657754,5.268019167742424e-07,0.00806875590767238,9.074030103045186e-05,3
underscore,29,0.004191357132533603,2.823946077171049e-07,0.0038487517535589775,6.755567317106079e-05,4
understand,899,0.12993207110854169,0.0007793778105907945,0.032243248522474864,0.0005099546736392904,4
understandably,26,0.0037577684636508164,1.5190692793247653e-08,0.003933767198256926,6.168730129490306e-05,5
understanding,354,0.05116346292816881,7.597447341969899e-05,0.021796649514071276,0.00027762105518734653,4
understate,28,0.004046827576239341,1.7505374312310157e-07,0.0035275474940546668,6.778397496520271e-05,0
undert,30,0.004335886688827865,2.2049532679496774e-08,0.0041635734270455155,5.796452713890245e-05,4
undertake,92,0.01329671917907212,5.4938131067190705e-06,0.009233971542183314,0.00012483781252556805,4
underutilise,26,0.0037577684636508164,2.0747014472291604e-08,0.0034557512239424713,5.1071312882312675e-05,3
underwater,23,0.00332417979476803,1.0003577490466011e-06,0.002285957564053492,7.738225095553023e-05,0
undescende,51,0.007371007371007371,4.949283297340596e-07,0.005543173809416869,8.166660145298742e-05,5
undescended,123,0.01777713542419425,1.543119578692003e-05,0.009867877549079912,0.0001465561960345598,5
undesirable,80,0.011562364503540975,1.1222768495931712e-05,0.007819038240875388,0.00011108005281320295,3
undiagnose,29,0.004191357132533603,1.1381459027867199e-07,0.004063860682446157,6.584714855610247e-05,4
undiagnosed,24,0.003468709351062292,8.854790020187782e-08,0.0034131988034059703,5.9880595860816135e-05,0
uneasy,24,0.003468709351062292,1.9774333694015614e-08,0.003605018927195528,5.249367664132042e-05,6
unequivocally,93,0.013441248735366382,3.827932332033752e-06,0.008315007767957728,0.00011686659226001423,4
unevaluated,43,0.006214770920653274,7.003214184044211e-08,0.005431942672069055,6.670586289571829e-05,5
unexpected,55,0.00794912559618442,6.298746673887971e-06,0.0063595619325074485,9.188438218228098e-05,11
unexplained,148,0.0213903743315508,9.658124323872787e-06,0.011661182441392528,0.00015291460553336494,3
unfamiliar,50,0.007226477814713109,2.810054472288232e-07,0.006932840637233436,7.339302384786833e-05,4
unfavorable,45,0.006503830033241798,2.7862160979695504e-07,0.005308998098274686,6.986388949044898e-05,3
unfavourable,28,0.004046827576239341,2.2081664771011228e-08,0.004159134994880633,5.7990785808617035e-05,5
unfortunately,323,0.04668304668304668,6.799200279939542e-05,0.02163021981125423,0.0002775934373549547,0
ungrade,23,0.00332417979476803,5.480712580130268e-08,0.0035671438671218544,5.4829988995918594e-05,4
unhealthy,138,0.019945078768608182,1.9713895938260568e-05,0.011551093726007567,0.00016556369732561918,1
unhelpful,28,0.004046827576239341,2.059448469962502e-08,0.003975818613922783,5.8131617870911325e-05,3
uniformly,19,0.0027460615695909813,1.3548593942997087e-08,0.0025935342333676887,4.712063914779804e-05,0
unintended,27,0.003902298019945079,7.38561298753795e-08,0.003495720409422899,6.198464390591731e-05,5
unintentional,24,0.003468709351062292,6.017165722015911e-08,0.0032993109117518157,5.9825532980812226e-05,0
unique,482,0.06966324613383437,0.00020593689413191265,0.026822805959904,0.0003758790014665302,4
unit,23,0.00332417979476803,4.26749294108773e-08,0.0030449435800077606,5.1035655766289715e-05,5
united,190,0.027460615695909813,7.459120671424345e-05,0.013723355361551164,0.00020523613079100983,2
universal,62,0.008960832490244255,4.88089412674613e-06,0.005485620223744892,9.202853263271238e-05,9
universally,24,0.003468709351062292,1.5393887512598925e-08,0.003315428555908104,5.451742979289696e-05,3
university,602,0.08700679288914583,0.00127887808227832,0.022178576610847156,0.0005685555831821268,6
unknown,135,0.019511490099725394,4.762196987945806e-06,0.011864822533528562,0.0001413052412079841,4
unlike,234,0.03381991617285735,3.2364847987719944e-05,0.016645206227830014,0.00020929541928289095,5
unlikely,197,0.028472322589969647,1.1653377865269131e-05,0.015336020154914263,0.00017448475006911563,5
unlimited,26,0.0037577684636508164,2.867089888702647e-07,0.003510771708532838,6.06219147571116e-05,4
unlock,71,0.010261598496892614,2.6518850791616674e-06,0.007414611720554146,0.00010558213964627286,4
unmask,28,0.004046827576239341,3.208183426234585e-07,0.0039422740426182015,5.9603122367912425e-05,5
unmatched,29,0.004191357132533603,3.3612386120609555e-07,0.004140436929460538,6.438484270226202e-05,4
unnecessary,42,0.006070241364359011,2.0199328062248127e-07,0.00502394892320191,6.735012014881696e-05,5
unnoticed,20,0.0028905911258852437,2.6449725755975182e-08,0.002645884619985577,4.350797719882503e-05,3
unpleasant,163,0.023558317675964734,2.0263744963543614e-05,0.013403449774212688,0.00016207038646764757,3
unprocessed,27,0.003902298019945079,6.412261296768423e-08,0.00400221524939643,6.509165619867328e-05,7
unpublished,26,0.0037577684636508164,1.7726960710605136e-07,0.0034159694082627813,6.989723884881213e-05,6
unrealistic,30,0.004335886688827865,1.4905055420730695e-07,0.004134625248907574,6.712723196106878e-05,4
unreasonable,25,0.0036132389073565544,5.8009745719427086e-08,0.003645906540337227,5.828774867427784e-05,5
unregulated,68,0.009828009828009828,2.381008182268486e-06,0.007774330904621699,0.00010361693230033835,4
unrelated,47,0.0067928891458303225,3.0531869667174246e-07,0.005869313384793314,7.302965781428966e-05,3
unresolved,26,0.0037577684636508164,2.2087512000263092e-08,0.003738826435246267,5.0839899877065305e-05,5
unsafe,143,0.02066772655007949,3.2890606886930776e-06,0.012220142554327858,0.00013350734079125266,5
unsatisfactory,27,0.003902298019945079,1.2295600662521236e-07,0.0036587032924539887,5.701810528501126e-05,5
unsettling,28,0.004046827576239341,1.0083392239698682e-08,0.00394568436298005,5.6324175099646233e-05,3
unstable,21,0.0030351206821795057,1.235057660016813e-08,0.0032961782828372058,4.846562012420064e-05,5
unsubscribe,25,0.0036132389073565544,4.12393339738133e-08,0.0036428086691937477,5.8727682807291524e-05,4
unsure,50,0.007226477814713109,6.979635740480344e-07,0.006263897589047628,8.056866465040382e-05,4
unsustainable,23,0.00332417979476803,7.067310383156271e-08,0.003183949418682578,5.767144079223313e-05,5
untested,26,0.0037577684636508164,2.0044588735745998e-07,0.0031286882489175837,6.822183834295191e-05,0
untreated,249,0.035987859517271285,1.3476042390762014e-05,0.016301089655596897,0.00018818299250452608,5
untrue,25,0.0036132389073565544,6.886429546182425e-08,0.003748602528381601,6.108257632857542e-05,0
unused,28,0.004046827576239341,4.5653581618882726e-08,0.004249870423216208,6.094043101097308e-05,2
unusual,129,0.01864431276195982,1.137346160828014e-05,0.011106174946333385,0.0001537800121481669,5
unusually,21,0.0030351206821795057,1.2304513125231694e-09,0.0030467384639080073,4.582856744158555e-05,6
unveil,26,0.0037577684636508164,2.371444550799021e-07,0.003886848945325643,6.283468477432847e-05,6
unverified,29,0.004191357132533603,2.1617888964084685e-07,0.0034046340770502656,7.410932582899962e-05,9
unwanted,200,0.028905911258852435,1.5728303024347066e-05,0.015165677858688949,0.0001828917528800505,5
unwashe,29,0.004191357132533603,3.852918435128951e-08,0.00420510128434928,6.176653001437877e-05,2
unwaveringly,22,0.003179650238473768,4.422414564056946e-08,0.003539862939033456,5.446463888153662e-05,3
update,326,0.04711663535192947,0.00021873765258172736,0.018308276959433274,0.000308213426780694,4
update.11,26,0.0037577684636508164,3.1485902645479145e-08,0.00424679134651345,6.365968773641638e-05,4
upload,22,0.003179650238473768,1.9402622761436922e-07,0.002337762443364491,7.538044569490177e-05,4
upmc,113,0.016331839861251626,2.8123937984071485e-05,0.008219744541815564,0.0001521071532086094,9
upper,382,0.05521029050440815,0.00015336613227140788,0.022093892169984364,0.00033186048116714596,2
upset,28,0.004046827576239341,2.1139703818458113e-08,0.003772666557660724,5.4295329086073666e-05,5
upside,75,0.010839716722069664,1.2579494479241711e-06,0.008158784620074976,9.87676981805813e-05,3
uptake,64,0.00924989160283278,5.093730304911872e-06,0.0069429164678694805,0.00010664569284284707,2
uptick,28,0.004046827576239341,3.19296383960284e-07,0.003418713035418828,7.483786852923299e-05,9
upward,24,0.003468709351062292,6.838015240298091e-07,0.002937764714802848,6.644941126732606e-05,2
upwards,27,0.003902298019945079,4.052048978891172e-08,0.00383230857053459,5.4913915178480966e-05,3
urea,82,0.011851423616129498,2.076617072052425e-05,0.006703819380117457,0.0001356156811907739,5
urethra,61,0.008816302933949994,5.596247530883268e-06,0.006150108871404716,0.00010042780999637243,2
urethral,53,0.007660066483595895,2.7015573662540843e-06,0.006010850015867405,0.00010133358101057524,2
urge,164,0.023702847232258996,1.4583647588308276e-05,0.014039607795155087,0.00016723810273237808,0
urgency,47,0.0067928891458303225,1.3640500135203891e-06,0.005293349634900324,9.052705940585228e-05,5
urgent,126,0.018210724093077033,2.1315791397125582e-05,0.010814926664176782,0.00016856947207454791,0
urinary,385,0.05564387917329094,0.00015592707843972147,0.020689571879134453,0.00031987565408863895,5
urinate,41,0.005925711808064749,1.325051481805615e-06,0.004564905944483248,8.223983945687985e-05,5
urinating,87,0.012574071397600809,5.427452960547622e-06,0.008074108355424874,0.00010962514335781386,5
urination,68,0.009828009828009828,2.9438549767507423e-06,0.007270298067756256,0.00010544690449397275,5
urine,64,0.00924989160283278,4.2905414658784805e-06,0.006815983023681255,0.00010270360180003555,2
urmc,104,0.015031073854603266,1.1817081990374544e-05,0.009843362336414562,0.00015945642469999998,4
urol,92,0.01329671917907212,1.9737603303607857e-05,0.007496994499231041,0.00017035445102663252,8
urologia,20,0.0028905911258852437,2.5694362837976235e-07,0.002050348944201372,7.06050339444676e-05,8
urologic,190,0.027460615695909813,2.105247485586602e-05,0.01410223758974302,0.00018569986104219747,4
urological,313,0.04523775112010406,0.00023156429830449227,0.01850148501916846,0.0002870308420205202,4
urologist,824,0.11909235438647203,0.0007715018723257822,0.030579933621051266,0.0005303565082566497,0
urology,722,0.1043503396444573,0.0019407319028217314,0.025363102859132673,0.0005972919106592822,4
urotronic,24,0.003468709351062292,1.1274964909349814e-07,0.002222786321594653,7.897151571146088e-05,6
usa,54,0.007804596039890158,1.5310468024344395e-05,0.005361412892746147,0.0001264072947380496,6
usable,20,0.0028905911258852437,1.2896736746727373e-08,0.002920218970883908,4.578950290545101e-05,5
usage,138,0.019945078768608182,1.7289024384914186e-05,0.013336865590336543,0.00016607062301047425,4
usc,57,0.008238184708772944,7.92732475922694e-07,0.0061564688472613245,8.564766231737628e-05,0
use,1587,0.22936840583899407,0.004964964202721692,0.041623782214689785,0.0008554684673760496,5
useful,273,0.039456568868333576,5.801855890970581e-05,0.019708667733119307,0.00025427007693623285,2
user,166,0.023991906344847522,1.5446598874041982e-05,0.014524634011338692,0.0001651421804682101,4
uss,29,0.004191357132533603,3.553615521503341e-07,0.004022597929067054,5.817323187939653e-05,4
usual,116,0.01676542853013441,1.2292942121251417e-05,0.010402772528095615,0.00013261506293031983,5
usually,831,0.12010406128053187,0.0006624035006139063,0.03096269244979892,0.0004833359767205579,2
utah,245,0.03540974129209423,9.613009281123126e-05,0.014498186338978692,0.00024449195896116634,0
utero,41,0.005925711808064749,1.303698045961655e-07,0.00473212642147076,6.57226448086429e-05,5
uterus,49,0.0070819482584188465,1.7149202861299132e-06,0.00525977597636874,8.351558789481874e-05,5
uti,29,0.004191357132533603,4.648526000464467e-07,0.003564545260849595,7.041771074188111e-05,5
utilisation,29,0.004191357132533603,7.233376287236274e-08,0.004095633041024822,6.323533799413012e-05,3
utilise,71,0.010261598496892614,8.594362260149773e-07,0.00796106339670974,9.635881851232822e-05,4
utilization,23,0.00332417979476803,6.889897304019359e-08,0.0033310985659418917,5.091367734920017e-05,5
utilize,269,0.03887845064315652,8.658848216382965e-05,0.018746234494686806,0.0002362530072818969,2
utlized,25,0.0036132389073565544,1.9991073800145055e-08,0.0032936501583914,4.908125711814238e-05,5
uva,169,0.024425495013730307,4.903986166576926e-05,0.01362288567557817,0.00020572959460595514,6
vaccine,49,0.0070819482584188465,9.700100111819261e-06,0.004752423565661834,0.00011016143878719808,1
vacuum,79,0.011417834947246712,6.203007579809639e-06,0.007480759296597145,0.00012242812386430643,2
vaginal,45,0.006503830033241798,1.0408874493118507e-07,0.005269486057653562,6.930917367518046e-05,5
vague,27,0.003902298019945079,1.708633926514852e-07,0.0037045086405210477,5.638746653413454e-05,0
valenti,29,0.004191357132533603,2.5029866878984873e-06,0.0018270317466085343,9.835829722759881e-05,8
valet,30,0.004335886688827865,3.217658709734724e-07,0.003859155854918911,7.299075603389149e-05,0
valid,141,0.020378667437490967,2.7204630432609212e-05,0.012103456354975223,0.00016870474867071412,4
validate,186,0.026882497470732764,1.6972124233206038e-05,0.013574728134830346,0.00017311816977758873,4
validated,45,0.006503830033241798,1.2013723673581617e-07,0.005775780276067038,7.358052516473636e-05,4
validity,24,0.003468709351062292,6.207673178864296e-07,0.0029422363146641285,6.891493853684431e-05,4
valuable,97,0.014019366960543431,5.501800180123091e-06,0.009870136902507282,0.00012276877730449794,4
value,432,0.06243676831912126,0.0001986661323070638,0.024029977719811878,0.0003536975926193557,2
values.428,25,0.0036132389073565544,1.592236145889869e-07,0.0035011802861074737,6.0085626480313527e-05,2
van,104,0.015031073854603266,2.6807447089204515e-05,0.009119110096038722,0.00016308284686123708,8
vancouver,30,0.004335886688827865,4.137176012695249e-06,0.0028580787686680433,8.268056105094397e-05,6
vanity,27,0.003902298019945079,5.896183951063872e-08,0.004150580907770646,5.6342135535060385e-05,0
vardenafil,81,0.011706894059835236,7.3628624817364105e-06,0.008243389533908949,0.00011777128845057001,2
variability,256,0.03699956641133112,5.244409385687061e-05,0.01945335084536621,0.0002507890655641755,2
variable,232,0.03353085706026882,4.93642442820205e-05,0.01874770403731958,0.0002475771453211732,2
variably,50,0.007226477814713109,2.515799173916889e-06,0.006042424300856406,9.050030372799886e-05,2
variance,25,0.0036132389073565544,3.383192484336804e-08,0.0034998973458266074,5.840459640303302e-05,4
variant,23,0.00332417979476803,5.487522090827729e-07,0.003080890364374879,5.68295237348885e-05,5
variation,213,0.030784795490677842,4.331567432250517e-05,0.016360034077455746,0.0002204509025226173,4
varie,147,0.02124584477525654,8.030516917121931e-06,0.013007694128039104,0.0001518800989588023,4
varied,73,0.010550657609481139,2.3675003204310827e-06,0.008238477525223172,0.00011059677576851947,2
variety,488,0.07053042347159995,0.0001884370558701347,0.024927711921147094,0.000338936750067138,4
vary,699,0.10102615984968927,0.00036384526365055463,0.028769749228502582,0.0004222569426312607,2
varying,26,0.0037577684636508164,1.2513562487708404e-07,0.003140719116551851,6.235504987867828e-05,6
vascular,190,0.027460615695909813,2.8029804425111536e-05,0.013552431345268897,0.0001858989084060379,0
vascularity,24,0.003468709351062292,4.160701422316138e-08,0.0037854306168416726,5.391607510978561e-05,2
vasectomy,55,0.00794912559618442,2.5122895455441705e-06,0.005935451600889393,9.828162512746766e-05,0
vast,98,0.014163896516837693,6.132864886596736e-06,0.00973314847257935,0.00012961105142428168,0
vastly,28,0.004046827576239341,8.300069541403255e-08,0.004100228274889649,6.350324217149143e-05,0
vattikuti,17,0.002457002457002457,4.900548523606304e-10,0.0022246666260158595,4.7801300658019415e-05,4
veciana,28,0.004046827576239341,2.932313049587571e-07,0.003256860238869521,7.071689933446316e-05,6
vegetable,186,0.026882497470732764,0.00010574182173154837,0.0132900138233519,0.0002442696259152085,7
vegetarian,26,0.0037577684636508164,4.9136605227560254e-08,0.003552583539409364,5.874028109542299e-05,9
vein,116,0.01676542853013441,1.4688938338994305e-05,0.009714553649393744,0.00012964685714511023,2
vendor,55,0.00794912559618442,3.4752513195148954e-06,0.006072894934873577,0.00010763660502287406,4
venesection,28,0.004046827576239341,1.3212295300112561e-07,0.004099412017003342,5.8969082790012785e-05,5
venkataramany,55,0.00794912559618442,1.2627237024008328e-05,0.005134411602647419,0.00013464275816511525,6
venothrombolic,28,0.004046827576239341,1.2243492551866791e-08,0.00402301088097151,5.5065527994727694e-05,4
venous,91,0.013152189622777859,4.789037657099539e-06,0.009277136859064717,0.0001250051463480656,6
ventilator,24,0.003468709351062292,7.946449701324568e-09,0.003389249059197796,4.9062932723178355e-05,0
ventura,30,0.004335886688827865,1.2335445374411595e-06,0.0027666578524133596,9.753658015253328e-05,8
verbal,42,0.006070241364359011,1.6226566205324187e-07,0.0057702081238257645,7.400668706831648e-05,3
verboon,30,0.004335886688827865,1.6822282078779957e-06,0.0030690264992843178,9.387027663349798e-05,8
verify,86,0.012429541841306548,2.255020873929119e-06,0.008703605544746432,0.00010739992121492217,4
versa,28,0.004046827576239341,3.113001962462746e-08,0.003909225895278998,5.825536701615529e-05,0
versabase,37,0.0053475935828877,1.2677451790497473e-06,0.004789765208562161,7.978933768253008e-05,2
versatile,49,0.0070819482584188465,6.50532839690104e-06,0.005334422371776815,9.918039480216994e-05,7
version,177,0.025581731464084406,7.440741606494981e-05,0.014213230013667894,0.00020552460172515853,0
versus,260,0.037577684636508166,4.257942158742113e-05,0.0179906132599914,0.00021714129231257019,2
vesicle,26,0.0037577684636508164,5.457376037417887e-07,0.003763333305973586,6.289163520250788e-05,2
vessel,266,0.03844486197427374,5.0606411303991885e-05,0.01761564115029902,0.0002439344176262817,7
veteran,27,0.003902298019945079,7.381518501051852e-08,0.003545342649469092,5.3908717592693125e-05,6
viable,71,0.010261598496892614,1.6360845739664997e-06,0.008035242663879184,9.41833843369979e-05,2
viagra,92,0.01329671917907212,6.185489560436774e-06,0.009121207535665948,0.00012434976992475383,2
vial,68,0.009828009828009828,1.0257503461822947e-05,0.006685965978020186,0.00012216879234620175,2
vibrant,44,0.006359300476947536,5.191677819257449e-07,0.005747638960059098,7.715390863101235e-05,3
vibrator,26,0.0037577684636508164,5.8368874536467044e-08,0.004047373857101839,5.9576101662990106e-05,0
vice,28,0.004046827576239341,2.7422603983601832e-08,0.0040255099537541035,5.912504037430713e-05,0
vicious,25,0.0036132389073565544,1.3920351329676694e-08,0.0040048719761341936,5.3288592885934976e-05,3
victoria,26,0.0037577684636508164,1.5980462845191764e-07,0.0034104435669626014,6.113872383156857e-05,4
video,175,0.02529267235149588,3.582143291331628e-05,0.014080991469715044,0.0002083497894142339,4
view,312,0.0450932215638098,0.00012442957728411017,0.018847764938482416,0.00028299601959751863,4
viewing,29,0.004191357132533603,6.755449435014661e-07,0.0035945009825924493,7.056316603305386e-05,7
vigen,23,0.00332417979476803,2.737523653606802e-08,0.0035113547780057,5.080857583513396e-05,6
vigilant,30,0.004335886688827865,1.1554419242278803e-07,0.004277308241871398,5.858105132610156e-05,4
vignera,28,0.004046827576239341,1.3778631449458416e-06,0.002415824136639493,8.716156214335173e-05,8
vigor,65,0.009394421159127041,8.278679857855255e-07,0.006884617019239853,9.041663590258942e-05,3
vigorous,91,0.013152189622777859,3.825465808577935e-06,0.009768808848103784,0.00010719321368811481,7
vigorously,24,0.003468709351062292,3.8417477255994785e-09,0.0036734031132998825,4.9303393324542775e-05,3
vincenzi,25,0.0036132389073565544,3.9215983667099724e-07,0.0021489523409068995,8.849443263175332e-05,8
vinci,26,0.0037577684636508164,8.099395036264712e-08,0.003830168267353653,6.375520306912704e-05,4
violence,21,0.0030351206821795057,4.8950848867973114e-08,0.002179543765551868,6.777006369718058e-05,4
viral,50,0.007226477814713109,1.5325195919684883e-06,0.005546128655519304,8.185126218677813e-05,5
virgin,22,0.003179650238473768,8.258891786663442e-08,0.0028056197898386555,5.593112849734997e-05,7
virginia,55,0.00794912559618442,5.685725607733419e-06,0.005648714435274482,0.00012173082706601893,9
virility,50,0.007226477814713109,3.4277669300257017e-06,0.00555742449656681,9.17573125494665e-05,7
virormone,23,0.00332417979476803,1.5296005298383575e-07,0.0030227853245144674,6.413087449415126e-05,2
virtual,116,0.01676542853013441,4.324019419587245e-05,0.010600252663011268,0.00016515366192955871,10
virtually,19,0.0027460615695909813,6.027875372684285e-09,0.0022381719809155772,5.771900567688376e-05,6
virulence,27,0.003902298019945079,7.329767617312475e-08,0.003958882089691445,5.5946597044279476e-05,3
virus,84,0.012140482728718023,7.366049888049207e-06,0.007507594660854318,0.00013830678301243222,1
visceral,146,0.021101315218962278,2.9464242962412614e-05,0.011396868193424545,0.00017816568697907108,3
viscosity,69,0.009972539384304091,3.1395628444705377e-06,0.008186994527670384,0.00011262335159754743,2
viscous,26,0.0037577684636508164,1.4023151789919884e-08,0.0038963348175092257,5.2373951580519766e-05,5
visible,69,0.009972539384304091,2.5679119519395817e-06,0.007705198953106468,0.00010462252539536186,5
visibly,26,0.0037577684636508164,2.080530205360402e-08,0.004072433688496478,5.805841820612605e-05,0
vision,101,0.01459748518572048,8.419140072260748e-06,0.009677533327262702,0.0001337627864307921,4
visit,492,0.071108541696777,0.0003433196489330251,0.024949905152390924,0.0003913903576283581,4
visitor,65,0.009394421159127041,7.185487182084218e-06,0.00618159153145585,0.00011953635297349152,4
visual,132,0.019077901430842606,3.868185706608285e-05,0.010956231591266886,0.000183543895700478,8
visuospatial,28,0.004046827576239341,8.623815593168901e-08,0.004026518658316393,6.639876854902051e-05,3
vitaility,25,0.0036132389073565544,1.8068248552328936e-08,0.003992743528469014,5.884289526399124e-05,4
vital,270,0.03902298019945079,2.6065961126405245e-05,0.018424589409299287,0.00021987674500773886,4
vitality,505,0.0729874259286024,0.0002467645138130526,0.025093878054932604,0.00038003563026628483,4
vitamin,495,0.07154213036565978,0.0004433069135975102,0.022753684238333478,0.00041331553465021856,7
vlcfa,27,0.003902298019945079,6.694479512296169e-08,0.003140134163931566,6.230018064852841e-05,5
vocabulary,25,0.0036132389073565544,1.0422507894976554e-07,0.003220077949722745,6.787842964397392e-05,4
vocal,25,0.0036132389073565544,6.760608849199533e-08,0.003399846422849955,5.870860386087109e-05,5
vogelxo,25,0.0036132389073565544,1.3033804824919289e-07,0.0033727234897022113,6.319217562915323e-05,2
voice,332,0.047983812689695045,8.06059873062744e-05,0.017435448029084984,0.00025740831492583,5
void,27,0.003902298019945079,1.0894401554003214e-07,0.0036542011538274214,6.469816241083158e-05,3
voiding,73,0.010550657609481139,1.362308697067193e-05,0.007002252893288039,0.00012173510395555362,8
vol,30,0.004335886688827865,1.5183993100009717e-06,0.0030121901064618477,9.429484333849809e-05,8
volume,382,0.05521029050440815,0.00020027935867288876,0.02144720281945783,0.00035310791187670535,3
volume.61,25,0.0036132389073565544,1.149806119957849e-07,0.0036002617045678706,6.004011811220905e-05,2
vomit,27,0.003902298019945079,2.825471615175387e-07,0.0034246622199741563,7.257930789426913e-05,0
vomiting,23,0.00332417979476803,1.4424368592414818e-07,0.003049266463329118,6.20695895220497e-05,3
vote,42,0.006070241364359011,1.7904939162759744e-06,0.0042911948222044615,0.00010358041353574407,9
voter,53,0.007660066483595895,3.6553843433874564e-06,0.0060748614026238925,0.00011052896229581037,9
vs.,65,0.009394421159127041,1.212874402504772e-06,0.00696210057018313,9.487151776980844e-05,5
vte,44,0.006359300476947536,3.383643452039222e-07,0.005635275160589465,7.4174203944218e-05,6
vulnerable,84,0.012140482728718023,4.788951242797915e-06,0.008281171515967889,0.00012097814640017632,0
waist,186,0.026882497470732764,1.5599606651229943e-05,0.013219653081883803,0.0001818776172877952,3
waistline,28,0.004046827576239341,4.725660997587639e-08,0.0036454568780792244,6.501334865059916e-05,3
wait,224,0.03237462060991473,5.783402824160396e-05,0.01675924103547201,0.00022725675241382968,0
waiting,114,0.016476369417545888,1.2273997552490049e-05,0.011593986303877488,0.00015510781635920816,0
wake,171,0.024714554126318834,1.7900616536005918e-05,0.014879869086767354,0.00018523016339420888,0
walk,185,0.026737967914438502,7.47357108365845e-05,0.013774905956735875,0.0002061534434550016,0
walking,29,0.004191357132533603,5.243763845277318e-08,0.0036029544959799644,5.651910540549396e-05,3
wall,51,0.007371007371007371,8.552296234253018e-06,0.00527105008112177,0.00010629770141057292,3
walloping,28,0.004046827576239341,3.6201260523713246e-07,0.0038740643524022094,6.999918021469845e-05,0
walsh,28,0.004046827576239341,1.2493999559557508e-07,0.004029724581537268,6.435826872384634e-05,6
wane,55,0.00794912559618442,1.4779535675297728e-06,0.0064299337550599595,9.244998809512002e-05,2
wang,68,0.009828009828009828,1.3315629018626505e-05,0.004115498000530424,0.0001613347525758215,8
want,1038,0.15002167943344413,0.001592462852091568,0.036123278787405066,0.0006293413640440915,0
war,20,0.0028905911258852437,3.5844484605761606e-07,0.0018836835050823487,7.086126980629394e-05,0
warm,28,0.004046827576239341,2.0602441695181e-07,0.0031413848197654323,6.168786864626403e-05,3
warn,135,0.019511490099725394,1.1559696510723194e-05,0.012021559004706556,0.00015781111126144117,6
warning,258,0.03728862552391964,5.7668356073135465e-05,0.0174850408680607,0.00024527915393790457,6
warrant,159,0.022980199450787685,1.252154771361172e-05,0.011641336456712548,0.00015682618195660215,3
warren,15,0.0021679433444139326,3.7102223519939313e-10,0.00222803032159991,4.2975212457129934e-05,4
wary,79,0.011417834947246712,4.567754123256652e-06,0.008227861984508398,0.00011758236526472462,7
wash,109,0.015753721636074577,8.184706271227315e-06,0.010705468431982687,0.00013874472905395344,2
washing,29,0.004191357132533603,3.194171726143744e-07,0.003960949376476746,7.402607973690654e-05,2
washington,223,0.032230091053620465,9.553930495436832e-05,0.015190613466949155,0.00025794569338686896,6
waste,108,0.015609192079780315,8.387630890109024e-06,0.010387680724349958,0.00014956616924615053,3
wasting,28,0.004046827576239341,1.298995180998384e-07,0.003704123574555364,6.0224987233281545e-05,3
watch,242,0.034976152623211444,0.00011797921612091365,0.016949412901169112,0.00023993336298742054,0
water,332,0.047983812689695045,0.00023756327335424767,0.020977857491357835,0.00031011570979515415,2
wave,147,0.02124584477525654,7.912125275851182e-06,0.013154077677686086,0.00015727586459763843,0
wavetm,22,0.003179650238473768,1.0549103390228666e-07,0.002628470062679429,6.661058890734304e-05,2
wax,30,0.004335886688827865,1.6697024935170605e-07,0.0044737882942934865,6.684855595307131e-05,2
way,1206,0.17430264489088018,0.001553192946914016,0.03714824675914221,0.0006236907257243906,0
weak,451,0.06518282988871224,0.0001285224607547513,0.02371852539831502,0.00032759751070537117,3
weaken,46,0.00664835958953606,2.934494373350334e-07,0.005732849485880776,7.50183579364747e-05,5
weakened,47,0.0067928891458303225,5.660041832480461e-07,0.0055166383806766915,7.649130270356478e-05,3
weakening,62,0.008960832490244255,8.519439166238139e-07,0.006471906617619281,8.438313013625508e-05,3
weakness,196,0.028327793033675386,2.3270502252858917e-05,0.01435205301694021,0.0001903661059959716,3
wear,110,0.01589825119236884,3.779820891430372e-06,0.01091776744716986,0.00012458661407471557,0
wearer,24,0.003468709351062292,3.219578680391966e-08,0.0036887719384413693,5.466020033956408e-05,2
webinar,26,0.0037577684636508164,1.2262470082329614e-07,0.004168279821169852,5.9897884448353734e-05,0
webmaster,25,0.0036132389073565544,6.190037571406034e-07,0.002429571167729203,7.742185335521747e-05,4
website,329,0.04755022402081226,0.00021504266504420894,0.020080420463222632,0.00033956375642377114,0
website.11,18,0.0026015320132967193,6.290349023555929e-09,0.002720149566986446,4.9354664221928736e-05,4
week,970,0.1401936696054343,0.001219134145840687,0.03374678200639205,0.0005696871573600004,2
weekend,49,0.0070819482584188465,1.9602851211771974e-06,0.0060533538182878,9.597044164775544e-05,0
weekly,259,0.0374331550802139,6.887239175619327e-05,0.01859754385361316,0.0002502338043550421,2
wei,30,0.004335886688827865,2.158623725116999e-06,0.00340059663615138,7.288656021766301e-05,8
weickert,28,0.004046827576239341,6.234847319769367e-07,0.0028248231392545156,8.8850656890838e-05,8
weigh,163,0.023558317675964734,1.1775679658546008e-05,0.013908529846646119,0.000162934767540041,4
weight,1050,0.15175603410897529,0.001558820967875708,0.03177209923540391,0.0005810965335260932,3
weighting,33,0.0047694753577106515,2.2899392529399604e-07,0.0043251522315540395,7.422653916969456e-05,6
weird,48,0.006937418702124584,5.021990940996755e-07,0.00637382880499082,8.007935478434409e-05,0
welcome,192,0.027749674808498336,4.1773918084455743e-05,0.013635560648007057,0.00021865198907398031,0
wellbee,92,0.01329671917907212,5.423410161130402e-06,0.009156035340405402,0.00012140880329234767,3
wellbeing,368,0.05318687671628848,9.895173523838067e-05,0.022119524492707498,0.0002982067525975388,4
wellness,456,0.06590547767018355,0.0001746053927499381,0.024470174597543446,0.0003495959659015076,4
wellsville,22,0.003179650238473768,9.654632489057446e-08,0.001885473962890777,7.719402680175056e-05,9
west,140,0.020234137881196705,0.00010519402011501225,0.009439330249092352,0.0002490865467928443,9
western,95,0.013730307847954907,4.7382577621637154e-05,0.007681954680809244,0.0001378923503858849,7
wet,22,0.003179650238473768,1.0755022664932275e-08,0.0035035668603205458,4.9183010936514925e-05,2
whack,28,0.004046827576239341,1.9289987127467052e-07,0.0036129804959017246,6.227224631368821e-05,5
wham,23,0.00332417979476803,8.120760201062009e-08,0.0035142068185321437,5.8017360138762965e-05,0
whatnot,52,0.007515536927301633,9.630608406650644e-07,0.006399543326509581,9.217877684095762e-05,0
wheat,30,0.004335886688827865,4.129073515878295e-06,0.002685280964318097,8.82515166972654e-05,7
whichever,48,0.006937418702124584,1.5879936324387334e-07,0.006411926614067346,7.176800787347135e-05,2
whilst,309,0.04465963289492701,6.875413841407796e-05,0.020005284152447705,0.0002683241042466952,5
whirlpool,24,0.003468709351062292,5.841355993140236e-07,0.0029144752229522328,6.0714264379164694e-05,5
white,187,0.02702702702702703,6.760424807432696e-05,0.013773599839645597,0.00023524957311070902,7
whocaresmenshealth.com,29,0.004191357132533603,9.836572630817148e-07,0.0029962930976210763,5.907967292746453e-05,0
wide,305,0.044081514669749966,5.068564357445026e-05,0.019594490117558802,0.00023775158600664186,4
widely,151,0.02182396300043359,1.0724628127775747e-05,0.013197423401825321,0.00016125096792274815,4
widen,23,0.00332417979476803,2.119768405184336e-07,0.0031198033645330626,6.0334759357373e-05,5
widespread,56,0.008093655152478682,7.510297855114522e-07,0.006765365672606188,8.77951358638534e-05,4
wierman,29,0.004191357132533603,3.703934428616851e-07,0.003018915718281693,7.557396599843813e-05,8
wife,79,0.011417834947246712,3.6086962846316887e-06,0.008317599348828371,9.920653247303245e-05,0
wildly,24,0.003468709351062292,2.2251552510117295e-07,0.0030109760006665296,6.814070438659686e-05,5
wilke,26,0.0037577684636508164,2.5990058544800545e-06,0.0021049947504875742,8.685415405922103e-05,8
willi,47,0.0067928891458303225,9.20782080239738e-07,0.005327255544813316,8.595576319444227e-05,5
williams,68,0.009828009828009828,1.1953923757278258e-05,0.005170375663786688,0.00013760317182408575,8
willing,96,0.013874837404249168,3.5586481276240883e-06,0.010217514282968668,0.00011619521568419905,0
willingness,26,0.0037577684636508164,2.2049878512339918e-07,0.003948740675923777,5.2978380664384515e-05,4
window,69,0.009972539384304091,2.5387307399918702e-06,0.007856056011147916,9.767541568639952e-05,2
wine,24,0.003468709351062292,1.602560551859639e-07,0.0030660224938611398,5.570820107092071e-05,7
wink,21,0.0030351206821795057,5.016621268110993e-07,0.002598109459304475,5.38544725970111e-05,0
winnipeg,18,0.0026015320132967193,6.240371852468648e-07,0.0017741263282258874,6.56140153990587e-05,6
winter,44,0.006359300476947536,5.503407327409587e-06,0.004668447566998876,9.399492511808965e-05,0
wipe,27,0.003902298019945079,6.441276724597688e-07,0.0031948230551244305,7.514516463837799e-05,0
wire,28,0.004046827576239341,9.397108012590789e-08,0.00401527101659272,5.93729666668643e-05,4
wisdom,26,0.0037577684636508164,5.611056824280994e-07,0.001920481621600718,9.438838698378333e-05,8
wise,79,0.011417834947246712,7.617992038463037e-07,0.00893277212726727,9.750297037533044e-05,0
wish,148,0.0213903743315508,7.891168461696554e-06,0.01396076006558823,0.00016169473946066454,4
withdrawal,25,0.0036132389073565544,1.4198868584747e-07,0.003764497224417798,5.578427222474995e-05,5
withnosymptom,26,0.0037577684636508164,1.8328803871808777e-07,0.003557349542064959,5.6655250965833895e-05,2
without,953,0.13773666714843186,0.0011316554741595804,0.03491645442674407,0.000603937410693085,2
witness,27,0.003902298019945079,5.321354585143702e-07,0.003433102738882542,7.117274548980176e-05,0
wittert,29,0.004191357132533603,6.132078037359183e-07,0.002590732902291545,9.134132446558787e-05,8
wladek,42,0.006070241364359011,3.7057289106135936e-06,0.00446114766457129,9.821693538092736e-05,6
wolf,22,0.003179650238473768,7.99149685786284e-09,0.003394431055360408,5.363166447642674e-05,0
wolff,21,0.0030351206821795057,1.8597552017633348e-08,0.002375233517372872,5.811633740390237e-05,4
woman,1142,0.16505275328804742,0.003621263041404109,0.03099027672350475,0.0007373278273421581,5
womb,47,0.0067928891458303225,1.7728893033847366e-07,0.005343450596642561,6.929612545013259e-05,5
womenshealth.gov,27,0.003902298019945079,5.752443967449043e-07,0.0033518025820212884,7.413138165620746e-05,8
wonder,243,0.03512068217950571,2.53844618229435e-05,0.016885927641459846,0.00020055794756747126,0
wonderful,28,0.004046827576239341,3.763914237699628e-07,0.003820164250549732,6.453021777375439e-05,6
wood,23,0.00332417979476803,3.20563289978919e-08,0.0031922439451577125,5.373193406879385e-05,3
woolfork,29,0.004191357132533603,2.5002870774106196e-06,0.0024337661070086376,9.703939091067909e-05,6
word,261,0.03772221419280243,5.1640686221643305e-05,0.01736473858721159,0.00023801840177292677,0
work,1505,0.21751698222286459,0.004620776167941511,0.041787014825325215,0.000819129630670002,0
worker,21,0.0030351206821795057,3.802941009276208e-08,0.0030873166680772794,5.0560278172165793e-05,0
working,28,0.004046827576239341,2.8316761020351134e-07,0.0036974155142543387,6.877397599942046e-05,4
workington,26,0.0037577684636508164,3.566576664670138e-07,0.002907671181257514,7.703609298622888e-05,4
workout,126,0.018210724093077033,9.352390585771657e-06,0.011818448429219423,0.00014033899108459988,0
workup,116,0.01676542853013441,1.608831884379842e-06,0.01068578187884722,0.0001115073809006895,0
world,228,0.032952738835091776,0.00010265666510233218,0.016369061704605822,0.0002737809640538592,0
worldwide,51,0.007371007371007371,2.768131341713217e-06,0.005662919097885089,8.801366381249062e-05,7
worried,155,0.02240208122561064,2.791534496844482e-05,0.013164234103284734,0.00017517076882871967,0
worry,259,0.0374331550802139,5.099172942053338e-05,0.016349478792886472,0.0002249970899663278,0
worsen,420,0.060702413643590115,0.00010946057879438954,0.021896479819271418,0.0002959237880831696,5
worsening,29,0.004191357132533603,4.2100368803508726e-08,0.0036878396804502014,5.9880217904988245e-05,3
worsens,26,0.0037577684636508164,4.594273613256455e-08,0.0038708937252511896,5.523758378761184e-05,3
worth,312,0.0450932215638098,5.4426935965474284e-05,0.019861037660465347,0.0002469765525421006,0
worthwhile,68,0.009828009828009828,8.40637076222779e-07,0.008032035323228087,8.859325172206043e-05,0
wow,104,0.015031073854603266,4.707737001172016e-06,0.010449822628325427,0.00013365922860485052,0
wrap,66,0.009538950715421303,1.122779588793534e-06,0.006610144120382464,8.949081808905938e-05,0
wreak,28,0.004046827576239341,2.3590054483253715e-07,0.003724494507249092,6.442859797909372e-05,4
wrecked,24,0.003468709351062292,1.3065856362168093e-07,0.0034496846163033527,6.58522184575079e-05,0
wrinkle,28,0.004046827576239341,2.0034534080954324e-07,0.0032273471343485798,7.527718707283413e-05,3
write,203,0.029339499927735224,6.703363890666096e-05,0.01461255257501066,0.0002258562255753784,4
writer,25,0.0036132389073565544,3.85327190658312e-08,0.002918135413568703,6.289622791255343e-05,3
wrong,222,0.03208556149732621,4.8247465155295135e-05,0.0166163267999359,0.00022165381040974933,0
www.fda.gov/drugs/drug-safety-and-availability/fda-drug-safety-communication-fda-cautions-about-using-testosterone-products-low-testosterone-due,28,0.004046827576239341,8.559260701864281e-07,0.003892335870350075,6.267103179541261e-05,4
www.fda.gov/drugs/drugsafety/ucm436259.htm,19,0.0027460615695909813,4.7322289334838534e-09,0.0027414336165023723,4.49618401688383e-05,4
wyatt,27,0.003902298019945079,9.235082308457276e-08,0.003224844022560102,6.527679506887902e-05,3
wyoming,28,0.004046827576239341,8.23855904082068e-07,0.0027596507080752176,8.318534801817345e-05,9
xxy,77,0.011128775834658187,1.0169035053989239e-05,0.007091757020657221,0.00011851669383510203,5
xyosted,22,0.003179650238473768,2.4925135137137767e-08,0.003395899104510747,5.2324826502900146e-05,2
yale,79,0.011417834947246712,1.974369238358958e-05,0.007548092821382544,0.0001200552218983768,6
yang,29,0.004191357132533603,1.0916487917470474e-07,0.004172234362842798,6.412929500449583e-05,3
yassin,29,0.004191357132533603,2.902466379654787e-07,0.0035607412276958384,7.344979705819323e-05,5
yeah,646,0.09336609336609336,0.0006490625805930797,0.0285292384544972,0.0004929115246344305,0
year,1399,0.20219684925567277,0.004343118437659709,0.036393552389835465,0.0008364634499323653,0
yearlong,27,0.003902298019945079,5.683306933950887e-08,0.004046433982377102,6.54480156838048e-05,0
yearly,43,0.006214770920653274,3.795725199843718e-07,0.005428694963286118,7.075637869856217e-05,4
years.13,23,0.00332417979476803,4.66336868018109e-08,0.003103931526495669,5.6109580349219406e-05,4
yep,51,0.007371007371007371,7.897120646043746e-07,0.006278312672843002,8.442840039809748e-05,0
yes,309,0.04465963289492701,4.9390647589212296e-05,0.018897166938664174,0.00023775805163560486,0
yialamas,28,0.004046827576239341,4.035843431385289e-06,0.0019539887416555298,9.357321373570717e-05,8
yield,57,0.008238184708772944,2.6098151060393776e-06,0.006959607841160882,9.615665869262065e-05,4
yin,29,0.004191357132533603,2.622991347087634e-07,0.00404217113465314,6.586960395176394e-05,3
yoav,30,0.004335886688827865,1.0258266548200296e-05,0.0014437224187367863,0.00011377004528018523,8
yoga,104,0.015031073854603266,9.775054687000251e-06,0.010292142496861759,0.00014063318153208681,4
yolk,26,0.0037577684636508164,5.5425646558395706e-08,0.0034727624586290283,5.994593728264291e-05,7
yonah,30,0.004335886688827865,5.459431110523905e-05,0.0018967782050848352,0.00010152301600766291,6
york,73,0.010550657609481139,1.1225888209218248e-05,0.007123202421786052,0.0001412359831673723,9
young,673,0.09726839138603845,0.00040485225562044547,0.02694761208419586,0.0004381689814907275,3
youth,141,0.020378667437490967,1.2262421234791487e-05,0.011550213215273183,0.000161339707693201,4
youthful,95,0.013730307847954907,3.871544413060527e-06,0.00936418250065377,0.00012038949771961571,4
youtube,26,0.0037577684636508164,3.320629896853673e-08,0.004253866563331742,6.06872240746862e-05,0
zafalon,29,0.004191357132533603,4.006792226977394e-07,0.003285531959382891,7.694065273818745e-05,8
zercher,13,0.0018788842318254082,7.836491968018707e-08,0.0015108726738191469,5.615487590079695e-05,7
zhang,29,0.004191357132533603,3.209457803618892e-08,0.0037589867592206947,6.456292619240925e-05,4
zinc,262,0.03786674374909669,6.129255602935744e-05,0.017265535191425332,0.00025106868296143525,7
zip,26,0.0037577684636508164,3.2637795531506394e-07,0.0032102363050854595,6.418143909258086e-05,0
zit,45,0.006503830033241798,2.1870821732313605e-06,0.0054301697619884215,8.320424045865619e-05,2
zito,30,0.004335886688827865,1.2317005395128396e-06,0.002832965877001046,9.812818248460292e-05,8
zitti,27,0.003902298019945079,7.885772336001832e-08,0.0037633895557723012,6.446663742127118e-05,0
zitzmann,83,0.011995953172423761,1.6227626224661267e-05,0.006536368171269467,0.00016857363999328297,8
zone,71,0.010261598496892614,1.9495468005772043e-06,0.008283032454009577,0.00010426471620830703,0
|ꚛooo,36,0.005203064026593439,2.3568708450106499e-07,0.004678880065103223,6.478393094092098e-05,4
|ꚛꚛoo,119,0.0171990171990172,5.856854153804956e-06,0.009915594807565082,0.00013216099091991024,3
|ꚛꚛꚛo,54,0.007804596039890158,4.5749563383220294e-07,0.006031123332619372,8.14439743472072e-05,5
